{"traffic light": 7.261970951390067, "kite": 5.907173304206455, "cake": 3.343542722026715, "airplane": 2.985847514321449, "vase": 2.360522930100265, "donut": 2.3092296357127142, "apple": 2.221524055293609, "elephant": 1.9727573990915013, "sports ball": 1.9262373834566084, "clock": 1.870974704781559, "frisbee": 1.7030938321423987, "bear": 1.6371358643506013, "cell phone": 1.5476452935995404, "tv": 1.5056818887368584, "bench": 1.4619317753255106, "cat": 0.7388791119866608, "person": 0.3088763961851808}