{"elephant": 40.17330888121934, "bottle": 4.487464978069163, "potted plant": 3.5768979818300477, "donut": 3.350851954644151, "truck": 2.6857167126437735, "chair": 2.5837778886157112, "bench": 1.9248172648747461, "bicycle": 1.8289169404678705, "motorcycle": 0.8133015713707286, "car": 0.5690194969589597, "person": 0.3360447197867669}