{"car": 4.172809644365704, "fire hydrant": 2.5016254533505418, "backpack": 2.336797054004104, "bus": 1.5841793198458307, "truck": 1.3428583563218868, "airplane": 1.3110366137219898, "chair": 1.2918889443078556, "tv": 0.8349006831741904, "motorcycle": 0.8133015713707286, "person": 0.519341839670458}