{"motorcycle": 3.2532062854829142, "train": 3.1869202578406073, "fire hydrant": 2.5016254533505418, "potted plant": 1.7884489909150239, "suitcase": 1.446327021751692, "truck": 1.007143767241415, "cell phone": 0.7817532136358026, "car": 0.6638560797854529, "person": 0.15274759990307588}