{"bottle": 5.929623672271166, "train": 5.238769128033107, "dining table": 4.148965718956173, "cup": 3.6401969700194443, "potted plant": 3.285919501600831, "chair": 2.9892072794240883, "suitcase": 2.6659045796514467, "couch": 2.644339665900704, "book": 2.5179818626576407, "tie": 2.313100251548658, "umbrella": 1.9376660792802312, "tv": 1.7445849146202974, "clock": 1.5792684820300527, "frisbee": 1.4477471403335542, "cell phone": 1.256079721121362, "bowl": 0.943988683790656, "bird": 0.7687845947655653, "person": 0.5588879930199558}