{"cat": 10.231947937967341, "sink": 2.378222507199666, "clock": 1.5792684820300527, "bear": 1.4337608983588144, "teddy bear": 1.250282603437036, "bird": 0.7687845947655653, "person": 0.024299477957389383}