{"cat": 10.047661063270208, "toilet": 3.805199431718559, "dining table": 2.4729722918689445, "dog": 2.1800954025400596, "vase": 2.093299938322509, "tie": 1.7173700907468132, "clock": 1.6058195152368187, "bird": 1.5415193122551119, "cell phone": 1.4307077331881792, "cake": 1.3651433480959108, "teddy bear": 1.261734276551596, "tv": 1.045283736141154, "person": 0.22283601102916006}