{"broccoli": 3.399734323610395, "cat": 2.511915265817552, "stop sign": 1.6361457313490362, "clock": 0.8029097576184093}