{"bird": 7.356213844361739, "airplane": 7.145335901584302, "cow": 6.953897156677142, "banana": 5.319414398028327, "horse": 5.21848369264032, "boat": 4.826609775016416, "fork": 3.8772722869463165, "sheep": 3.862004814815528, "car": 3.6543460911904253, "dog": 3.5727166882084873, "surfboard": 2.685683541820102, "refrigerator": 2.4458574905459565, "kite": 2.211017899468555, "truck": 2.179541767366538, "cake": 2.141307632240448, "tie": 2.0890299858009262, "frisbee": 1.6749326089433267, "cell phone": 1.6346236851249434, "bed": 1.5563940009049453, "umbrella": 1.503440454079581, "teddy bear": 1.3423552165836548, "book": 1.234923676246985, "clock": 1.1046835647065352, "bottle": 0.9649216223313766, "chair": 0.7552462880680333, "tv": 0.6834208486682098, "person": 0.5784915780661438}