{"teddy bear": 12.634035224291189, "cake": 6.1766639924237055, "clock": 2.5187045832115738, "tv": 2.0020291625894853, "vase": 1.7410607051790632, "stop sign": 1.639095778522375, "bird": 1.407822101124915, "person": 0.1104790667006616}