{"vase": 2.1763246671486196, "tie": 1.841708922873119, "umbrella": 1.655163034051967, "frisbee": 1.583260945145657, "bowl": 1.5643030314010429, "bed": 1.5072750381677351, "teddy bear": 1.4470417802594981, "dining table": 1.3458653711242459, "cake": 1.174611120969973, "potted plant": 1.1204602281939795, "tv": 0.8624030365031015, "cell phone": 0.2611861767600603, "person": 0.20009936460990188}