{"bear": 4.917544871030244, "motorcycle": 3.0121260833296675, "car": 2.749953072374458, "train": 2.52471290018842, "stop sign": 2.1380357059458888, "sports ball": 2.0713443314472166, "handbag": 1.777231368665145, "tv": 1.740681050088321, "potted plant": 1.6989364712575066, "tie": 1.5417780284802647, "chair": 0.9183253205719426, "dining table": 0.8852727374505208, "bowl": 0.8334377179013632, "cake": 0.7726480296453119, "cup": 0.5831632231584375, "cell phone": 0.4638437783533423, "person": 0.32855363906732377}