{"tie": 2.9246419801212973, "tv": 2.562828182505787, "remote": 2.1965876346395263, "toothbrush": 1.9648848299296466, "train": 1.8450836301170261, "skateboard": 1.8094362913867883, "frisbee": 1.6749326089433267, "cup": 1.662571440236008, "couch": 1.6187194641027742, "clock": 1.1046835647065352, "chair": 0.7552462880680333, "person": 0.39442607595418894}