{"teddy bear": 23.83974763852019, "cake": 10.044424385389055, "bench": 7.880744727041874, "cup": 5.248469008425937, "bus": 4.001254139156089, "bottle": 3.785387178099051, "mouse": 3.4512078022368167, "bowl": 3.333750871605453, "airplane": 3.0457426941286525, "banana": 2.6618885320734513, "dining table": 2.6558182123515626, "potted plant": 2.54840470688626, "sports ball": 2.0713443314472166, "refrigerator": 1.9908054689632042, "wine glass": 1.9643722118950486, "chair": 1.8366506411438852, "orange": 1.6766901394432678, "apple": 1.5521665871730415, "clock": 1.1905136509519312, "vase": 1.1785533754889597, "donut": 1.0626802794420462, "tie": 0.7708890142401323, "person": 0.5544342659261089, "tv": 0.43517026252208024}