{"tie": 4.293425226867033, "hot dog": 3.8318676788007204, "orange": 3.670024653350307, "apple": 2.5338139511251896, "cat": 2.511915265817552, "dining table": 2.4729722918689445, "banana": 1.848074211843106, "bottle": 1.8241979628519758, "train": 1.7592058241062636, "stop sign": 1.6361457313490362, "bird": 1.5415193122551119, "cell phone": 1.4307077331881792, "chair": 1.2805239733949625, "clock": 0.8029097576184093, "person": 0.5411731696422458, "tv": 0.17421395602352566}