{"bench": 3.993198538739642, "parking meter": 3.9648151759394326, "baseball bat": 3.6705757029414925, "sandwich": 3.5248638917600985, "oven": 3.0072814855312284, "orange": 2.875013516953478, "toothbrush": 2.4039043043999926, "skateboard": 2.3929151828243973, "chair": 2.1842859902853373, "train": 1.9604942647277046, "cake": 1.7274706048137878, "potted plant": 1.2585209015394874, "cup": 0.9783361078659246, "car": 0.9547129621024888, "book": 0.8236164379806412, "clock": 0.7758561121092244, "person": 0.49636069297223917, "cell phone": 0.32515360903433443, "tv": 0.21593048683592422}