{"car": 9.192409347991655, "baseball glove": 3.6379109932520617, "sports ball": 2.9625596257621916, "kite": 2.352187538907433, "cup": 2.2986941051041483, "wine glass": 2.2122772175721384, "tv": 2.1796051412001365, "scissors": 2.168728972326403, "boat": 2.089560772797799, "tie": 1.8932875699244673, "bottle": 1.7198711415993104, "cell phone": 1.5901578807158292, "bowl": 1.2627181710719977, "clock": 1.1706488074437702, "person": 0.322413898437837}