{"umbrella": 6.812493586045694, "potted plant": 3.397872942515013, "backpack": 3.080528810214068, "tv": 3.0461918376545616, "cell phone": 2.783062670120054, "clock": 1.1905136509519312, "donut": 1.0626802794420462, "chair": 0.9183253205719426, "book": 0.8744936031956937, "person": 0.616038073251232}