{"train": 1.7592058241062636, "clock": 1.6058195152368187, "tv": 0.6968558240941026, "person": 0.19100229516785147}