{"cat": 2.2122772175721384, "wine glass": 2.2122772175721384, "potted plant": 1.9853995961248494, "chair": 1.97507486572302, "vase": 1.6727862792521229, "dining table": 1.1758981633299137, "bottle": 0.8599355707996552, "cell phone": 0.7950789403579146, "cup": 0.7662313683680494, "person": 0.21744193150458774}