{"car": 8.356735770901505, "truck": 6.078020964968303, "bus": 3.180329884004883, "carrot": 2.7093501687860924, "backpack": 2.365933459812068, "suitcase": 2.3624792249439808, "motorcycle": 2.302260364950926, "scissors": 2.168728972326403, "apple": 2.0064941740991857, "train": 2.001674887663237, "frisbee": 1.6370985498090511, "bench": 1.6287859499896855, "bottle": 0.8599355707996552, "cell phone": 0.7950789403579146, "tv": 0.21796051412001363, "person": 0.20244593622840928}