{"mouse": 16.120501245025032, "tie": 6.101852645304337, "teddy bear": 3.4805297779526834, "kite": 3.10104015624778, "fire hydrant": 2.5016254533505418, "backpack": 2.336797054004104, "bus": 1.5841793198458307, "cell phone": 1.5635064272716053, "bottle": 1.4958216593563876, "car": 0.7586926626119462, "person": 0.32076995979645934}