{"stop sign": 1.6361457313490362, "clock": 0.8029097576184093, "tv": 0.3484279120470513, "person": 0.03183371586130858}