{"keyboard": 2.9647820275128898, "teddy bear": 2.8940835605189963, "tv": 2.094407374364675, "donut": 1.7161090442690472, "banana": 1.6654990433826293, "tie": 0.5262025493923197, "cell phone": 0.2611861767600603, "person": 0.20699934269989848}