{"tv": 2.9045386068398917, "pizza": 2.2959173432550415, "toothbrush": 1.9648848299296466, "donut": 1.752710309986011, "sports ball": 1.432920573324734, "tie": 1.2534179914805559, "person": 0.3812785400890493}