{"cell phone": 3.7107502268267383, "tv": 3.481362100176642, "keyboard": 2.8381033293504077, "remote": 2.0843315269740277, "laptop": 1.7256977185499625, "tie": 1.5417780284802647, "chair": 0.9183253205719426, "cake": 0.7726480296453119, "person": 0.5955034708095244}