{"umbrella": 2.6079584128780704, "suitcase": 2.1394806833858695, "traffic light": 2.0744758530768737, "train": 1.7592058241062636, "kite": 1.643692936984419, "bench": 1.5949027728149872, "book": 1.4241923769487104, "clock": 0.8029097576184093, "tv": 0.17421395602352566, "person": 0.03183371586130858}