{"microwave": 3.021724853828245, "hot dog": 2.7044839791349196, "bottle": 2.5798067123989656, "orange": 2.5311019373797734, "wine glass": 2.2122772175721384, "scissors": 2.168728972326403, "cake": 2.058589378276077, "banana": 1.6693320443840354, "frisbee": 1.6370985498090511, "donut": 1.5507830186480693, "cup": 1.5324627367360988, "teddy bear": 1.4927741923068307, "dining table": 1.1758981633299137, "book": 1.0989371221937856, "cell phone": 0.7950789403579146, "person": 0.16495594803796312}