{"cell phone": 2.860591448968651, "pizza": 2.2959173432550415, "toothbrush": 1.9648848299296466, "skateboard": 1.8094362913867883, "banana": 1.7731381326761089, "frisbee": 1.6749326089433267, "laptop": 1.6203284749084748, "bottle": 0.9649216223313766, "tie": 0.4178059971601853, "person": 0.23665564557251337}