{"bed": 15.27427456254511, "sink": 12.534536043963582, "broccoli": 2.4047390342338635, "teddy bear": 1.4927741923068307, "person": 0.21744193150458774}