{"traffic light": 4.148951706153747, "potted plant": 3.8386533418400512, "bench": 3.1898055456299743, "umbrella": 2.6079584128780704, "clock": 0.8029097576184093}