{"bench": 3.4991427896939435, "bicycle": 2.742823167857255, "tie": 2.5847649622203557, "car": 2.4435924255344155, "horse": 2.3633335461523512, "cell phone": 2.0631411805108493, "scissors": 1.968450547374724, "donut": 1.6188930712048555, "bird": 1.407822101124915, "person": 0.9206588891721801, "tv": 0.25025364532368566}