{"sports ball": 4.443839438643288, "baseball glove": 3.6379109932520617, "frisbee": 3.2741970996181022, "surfboard": 2.6478650851354115, "tennis racket": 2.6162597457200802, "kite": 2.352187538907433, "chair": 1.97507486572302, "laptop": 1.5834707537776431, "clock": 1.1706488074437702, "tv": 0.8718420564800545, "cell phone": 0.7950789403579146, "person": 0.224939929142677}