{"sports ball": 6.21403299434165, "toothbrush": 4.1882950836495345, "tv": 3.0461918376545616, "sink": 2.1041341542702074, "laptop": 1.7256977185499625, "couch": 1.6176012230732615, "scissors": 1.611472501131888, "vase": 1.1785533754889597, "person": 1.1704723391773408, "cell phone": 0.9276875567066846, "chair": 0.9183253205719426, "cup": 0.5831632231584375}