{"tie": 3.1017179546644265, "bird": 2.81564420224983, "knife": 2.806336573579581, "keyboard": 2.79817326294042, "cell phone": 2.0631411805108493, "book": 1.9331357703303307, "tv": 1.7517755172657996, "potted plant": 1.387781350241469, "car": 1.2217962127672077, "chair": 0.9678708169455813, "person": 0.9574852447390673, "clock": 0.8395681944038579}