{"bed": 3.0145500763354702, "bird": 1.875739189860931, "umbrella": 1.655163034051967, "dining table": 1.3458653711242459, "cake": 1.174611120969973, "book": 1.0981212501117172, "cup": 0.6862944860979048, "chair": 0.594093347216777, "tie": 0.26310127469615985, "cell phone": 0.2611861767600603, "tv": 0.12320043378615736, "person": 0.05519982471997293}