{"keyboard": 2.2638149825294747, "laptop": 2.0222505921726595, "scissors": 1.929356845279963, "banana": 1.848074211843106, "train": 1.7592058241062636, "tie": 1.7173700907468132, "tv": 0.6968558240941026, "person": 0.4138383061970115}