{"car": 4.178367885450752, "fire hydrant": 3.5325504775942353, "keyboard": 3.069515517664593, "sink": 2.5069072087927164, "airplane": 2.4755320862249626, "bicycle": 2.3556063456562186, "kite": 2.352187538907433, "motorcycle": 2.302260364950926, "truck": 2.026006988322768, "train": 2.001674887663237, "skateboard": 1.8946330938382663, "bird": 1.8669422936930804, "bottle": 1.7198711415993104, "laptop": 1.5834707537776431, "cell phone": 1.192618410536872, "book": 1.0989371221937856, "potted plant": 0.9926997980624247, "tv": 0.8718420564800545, "cup": 0.7662313683680494, "chair": 0.65835828857434, "person": 0.10497196693324926}