{"truck": 6.6079259263979795, "baseball glove": 3.2749369558167296, "sports ball": 2.9534099441661144, "baseball bat": 2.7667121137507964, "horse": 2.7283932494486596, "tennis racket": 2.5561473446434464, "skateboard": 1.9050095721610443, "chair": 1.7822800416503308, "dog": 1.655163034051967, "dining table": 1.3458653711242459, "potted plant": 1.1204602281939795, "car": 0.8152371200620754, "tie": 0.7893038240884795, "cell phone": 0.7835585302801809, "bottle": 0.7835577915231118, "cup": 0.6862944860979048, "tv": 0.3696013013584721, "person": 0.13799956179993234}