{"knife": 5.518721178721507, "parking meter": 4.854306317576555, "toilet": 3.51057157087546, "donut": 3.1015660372961387, "orange": 2.5311019373797734, "cat": 2.2122772175721384, "cake": 2.058589378276077, "bird": 1.8669422936930804, "frisbee": 1.6370985498090511, "laptop": 1.5834707537776431, "teddy bear": 1.4927741923068307, "bed": 1.388570414776828, "tv": 0.21796051412001363, "person": 0.10497196693324926}