{"scissors": 3.3509506193908147, "traffic light": 2.355377263505332, "apple": 2.1952295642056994, "stop sign": 2.0650670686472816, "tie": 0.8618819760595949, "tv": 0.6477914605077727, "person": 0.14477186878356976}