{"clock": 5.099178043794222, "truck": 4.02857506896566, "cup": 1.7799863169962902, "motorcycle": 1.6266031427414571, "bus": 1.5841793198458307, "suitcase": 1.446327021751692, "airplane": 1.3110366137219898, "chair": 1.2918889443078556, "tie": 1.2203705290608675, "car": 0.7586926626119462, "person": 0.19857187987399863}