{"keyboard": 6.021052297413896, "book": 5.735741580116515, "suitcase": 4.3389810652550755, "knife": 3.6118657800137703, "bowl": 2.7496422694098914, "bench": 1.9248172648747461, "cell phone": 1.5635064272716053, "truck": 1.3428583563218868, "clock": 1.2747945109485554, "car": 0.3793463313059731, "person": 0.21384663986430621}