{"airplane": 10.488292909775918, "tie": 8.542593703426073, "motorcycle": 4.066507856853643, "boat": 3.651942860476227, "car": 3.034770650447785, "truck": 2.6857167126437735, "bird": 2.371713319110332, "backpack": 2.336797054004104, "stop sign": 1.636323833352086, "suitcase": 1.446327021751692, "tv": 0.8349006831741904, "cell phone": 0.7817532136358026, "person": 0.5040670796801504}