{"cat": 22.166373359599824, "person": 4.01539315040735, "bed": 3.7595308843902018, "backpack": 3.2049010803841336, "bowl": 1.1408840090299295}