{"mouse": 3.224100249005007, "keyboard": 3.010526148706948, "book": 1.9119138600388383, "chair": 1.2918889443078556, "clock": 1.2747945109485554, "car": 1.1380389939179194, "truck": 1.007143767241415, "person": 0.1374728399127683}