{"dog": 12.019036632435895, "bear": 5.7350435934352575, "horse": 4.51720319395171, "tie": 3.4696503773229868, "sandwich": 2.985847514321449, "bicycle": 2.7529159566410764, "couch": 2.644339665900704, "giraffe": 2.334547443697004, "car": 1.900784241651726, "sheep": 1.658642069571565, "bench": 1.261910641432155, "cell phone": 1.256079721121362, "teddy bear": 1.250282603437036, "cow": 1.2106173470446047, "cat": 1.0770471513649833, "person": 0.8990806844234072, "tv": 0.43614622865507435}