{"tie": 7.10270195172315, "bus": 5.965510709243444, "boat": 4.826609775016416, "car": 4.567932613988032, "horse": 2.60924184632016, "bicycle": 2.562721830685267, "backpack": 2.427642050654615, "truck": 2.179541767366538, "cake": 2.141307632240448, "chair": 1.5104925761360666, "sports ball": 1.432920573324734, "dining table": 1.4196577794463237, "potted plant": 1.1973050545869317, "cup": 0.831285720118004, "cell phone": 0.40865592128123585, "person": 0.3812785400890493, "tv": 0.17085521216705246}