{"refrigerator": 6.480727075347254, "couch": 4.2328634884810965, "fork": 3.341012265695357, "baseball bat": 3.069515517664593, "bed": 2.777140829553656, "kite": 2.352187538907433, "cake": 2.058589378276077, "pizza": 2.0459081426400627, "bird": 1.8669422936930804, "dog": 1.676252487228609, "banana": 1.6693320443840354, "frisbee": 1.6370985498090511, "bowl": 1.2627181710719977, "dining table": 1.1758981633299137, "car": 0.8356735770901504, "cup": 0.7662313683680494, "tie": 0.47332189248111683, "tv": 0.21796051412001363, "person": 0.21744193150458774}