{"traffic light": 2.714240154080284, "car": 2.507020731270451, "airplane": 2.4755320862249626, "scissors": 2.168728972326403, "dog": 1.676252487228609, "umbrella": 1.4971188769108417, "chair": 0.65835828857434, "tv": 0.21796051412001363, "person": 0.07497997638089232}