{"cell phone": 5.202457744549351, "tv": 4.966401197226257, "laptop": 2.6610538479934114, "book": 2.4708493139419234, "stop sign": 2.0650670686472816, "car": 1.9094259242049776, "microwave": 1.8853736342595966, "tie": 1.7237639521191899, "scissors": 1.6754753096954074, "dining table": 1.5765353618405038, "clock": 1.551712224218449, "remote": 1.3601780702106532, "person": 1.0754481681065182}