{"bus": 11.749742962956258, "truck": 3.760365460503047, "microwave": 3.4915418728635177, "clock": 3.2116390304736373, "surfboard": 3.1186529351899663, "pizza": 2.6891954003385803, "suitcase": 2.1394806833858695, "scissors": 1.929356845279963, "airplane": 1.7208358128332952, "bird": 1.5415193122551119, "tie": 0.8586850453734066, "cell phone": 0.7153538665940896, "person": 0.09550114758392574}