{"car": 17.52634210862296, "truck": 11.28109638150914, "train": 3.518411648212527, "bus": 2.9374357407390645, "bicycle": 2.8784373999771087, "backpack": 2.7242867201498506, "airplane": 1.7208358128332952, "stop sign": 1.6361457313490362, "bird": 1.5415193122551119, "cake": 1.3651433480959108, "person": 0.06366743172261716}