{"airplane": 2.4755320862249626, "motorcycle": 2.302260364950926, "remote": 1.9593156138240955, "stop sign": 1.9547179045754661, "banana": 1.6693320443840354, "laptop": 1.5834707537776431, "tie": 1.4199656774433504, "tv": 0.43592102824002726, "person": 0.20244593622840928}