{"sheep": 4.223909766576744, "orange": 3.670024653350307, "pizza": 2.6891954003385803, "umbrella": 2.6079584128780704, "apple": 2.5338139511251896, "laptop": 2.0222505921726595, "bed": 2.013439962490504, "chair": 1.2805239733949625, "clock": 0.8029097576184093, "person": 0.22283601102916006, "tv": 0.17421395602352566}