{"book": 3.294363750335152, "kite": 2.193792360189011, "tv": 1.6016056392200457, "tie": 1.3155063734807992, "clock": 1.043666537070793, "cup": 0.6862944860979048, "chair": 0.594093347216777, "cell phone": 0.2611861767600603, "person": 0.14489953988992893}