{"clock": 12.747945109485554, "car": 1.3277121595709058, "cell phone": 0.7817532136358026, "person": 0.10692331993215311}