{"bicycle": 4.930901566345269, "backpack": 4.396414756796255, "bus": 3.2120231304061604, "traffic light": 2.7060874919343614, "bird": 1.875739189860931, "stop sign": 1.82878220677316, "car": 1.6304742401241508, "frisbee": 1.583260945145657, "sports ball": 1.4767049720830572, "bottle": 0.7835577915231118, "cup": 0.6862944860979048, "cell phone": 0.5223723535201206, "tv": 0.3696013013584721, "tie": 0.26310127469615985, "person": 0.20699934269989848}