{"teddy bear": 12.61734276551596, "sports ball": 6.188025177885485, "cake": 5.460573392383643, "bed": 4.026879924981008, "chair": 3.8415719201848875, "hot dog": 3.8318676788007204, "skis": 3.481972421847367, "kite": 3.287385873968838, "baseball glove": 2.852729043266902, "apple": 2.5338139511251896, "laptop": 2.0222505921726595, "bottle": 1.8241979628519758, "tie": 1.7173700907468132, "bench": 1.5949027728149872, "bird": 1.5415193122551119, "umbrella": 1.3039792064390352, "car": 1.095396381788935, "person": 1.0823463392844916, "clock": 0.8029097576184093, "cell phone": 0.7153538665940896, "tv": 0.6968558240941026}