{"bird": 17.639169109520378, "person": 7.4130335084443395, "spoon": 3.51320244003865, "backpack": 3.2049010803841336, "cup": 2.902548961703045, "refrigerator": 2.553426596224756, "chair": 2.494793197095802, "carrot": 2.4053734962656166, "bowl": 2.281768018059859, "apple": 2.221524055293609, "dining table": 1.6543036679729666, "book": 1.5792684820300527, "cell phone": 1.5476452935995404, "tv": 1.5056818887368584, "bench": 1.4619317753255106, "tie": 1.4512744808515226, "potted plant": 1.3378196046174795, "dog": 0.6621748597073072}