{"surfboard": 3.1186529351899663, "bird": 3.0830386245102237, "tie": 2.5760551361202197, "dog": 2.1800954025400596, "potted plant": 1.9193266709200256, "banana": 1.848074211843106, "tv": 1.3937116481882053, "person": 0.8595103282553316, "cell phone": 0.7153538665940896}