{"tv": 10.008916038007845, "skateboard": 5.111286401759557, "tennis racket": 2.9796028916241073, "clock": 2.3810273019038624, "sports ball": 2.0713443314472166, "bench": 1.9701861817604684, "bird": 1.8494919358966266, "toothbrush": 1.3960983612165114, "donut": 1.0626802794420462, "cell phone": 0.9276875567066846, "person": 0.9240571098768481, "potted plant": 0.8494682356287533, "cake": 0.7726480296453119, "cup": 0.5831632231584375}