{"car": 14.617384364761701, "book": 2.46984735249397, "truck": 2.179541767366538, "tv": 0.17085521216705246, "person": 0.10518028692111706}