{"stop sign": 2.0650670686472816, "microwave": 1.8853736342595966, "airplane": 1.7025039820833268, "book": 1.6472328759612824, "cup": 0.9783361078659246}