{"kite": 10.340485995403576, "truck": 5.7361256440252735, "airplane": 5.10751194624998, "traffic light": 2.355377263505332, "bed": 2.222503982125359, "car": 1.9094259242049776, "chair": 1.0921429951426687, "cup": 0.9783361078659246, "clock": 0.7758561121092244, "tv": 0.43186097367184845, "person": 0.08272678216203987}