{"tv": 4.351702625220803, "motorcycle": 3.0121260833296675, "tie": 2.3126670427203972, "cell phone": 1.391531335060027, "bed": 1.3480121745488738, "book": 0.8744936031956937, "person": 0.5544342659261089}