{"train": 3.6901672602340523, "keyboard": 3.068052935133617, "backpack": 2.427642050654615, "suitcase": 2.3921773410823324, "stop sign": 1.9446366690996992, "car": 1.8271730455952127, "handbag": 1.7060231960133576, "chair": 1.5104925761360666, "book": 1.234923676246985, "tie": 0.8356119943203706, "tv": 0.5125656365011574, "cell phone": 0.40865592128123585, "person": 0.3155408607633512}