{"cat": 9.637777939102431, "stop sign": 4.130134137294563, "tennis racket": 3.271667995379487, "keyboard": 2.8119144157425953, "bicycle": 2.4607377791631584, "chair": 2.1842859902853373, "tie": 1.7237639521191899, "potted plant": 1.2585209015394874, "tv": 1.0796524341796212, "cup": 0.9783361078659246, "cell phone": 0.9754608271030033, "laptop": 0.8870179493311372, "person": 0.2895437375671395}