{"stop sign": 1.6361457313490362, "bird": 1.5415193122551119, "cake": 1.3651433480959108, "chair": 1.2805239733949625, "clock": 0.8029097576184093, "cell phone": 0.7153538665940896, "tv": 0.3484279120470513, "person": 0.25466972689046863}