{"fork": 3.341012265695357, "hot dog": 2.7044839791349196, "car": 2.507020731270451, "bicycle": 2.3556063456562186, "pizza": 2.0459081426400627, "tv": 1.9616446270801227, "dog": 1.676252487228609, "laptop": 1.5834707537776431, "teddy bear": 1.4927741923068307, "dining table": 1.1758981633299137, "book": 1.0989371221937856, "cake": 1.0292946891380386, "bottle": 0.8599355707996552, "tie": 0.47332189248111683, "person": 0.21744193150458774}