{"tie": 14.47468378843399, "cell phone": 4.813996087858648, "truck": 2.0231089599125878, "frisbee": 1.8673544305033551, "umbrella": 1.6442108791891454, "car": 1.2217962127672077, "person": 1.104790667006616, "tv": 0.750760935971057}