{"donut": 5.258130929958034, "bird": 3.6781069221808695, "scissors": 2.119414369393943, "train": 1.8450836301170261, "bench": 1.653064622306746, "sports ball": 1.432920573324734, "teddy bear": 1.3423552165836548, "tie": 1.2534179914805559, "cup": 0.831285720118004, "chair": 0.7552462880680333, "tv": 0.5125656365011574, "person": 0.2760982531679323}