{"airplane": 4.7635572677228675, "skateboard": 3.6188725827735766, "vase": 3.5500321350006185, "bench": 3.306129244613492, "baseball bat": 2.881175561803802, "surfboard": 2.685683541820102, "motorcycle": 2.3118666446627194, "pizza": 2.2959173432550415, "truck": 2.179541767366538, "apple": 2.1490262234405875, "cake": 2.141307632240448, "train": 1.8450836301170261, "frisbee": 1.6749326089433267, "bed": 1.5563940009049453, "sports ball": 1.432920573324734, "book": 1.234923676246985, "potted plant": 1.1973050545869317, "car": 0.9135865227976063, "tv": 0.5125656365011574, "person": 0.3681310042239097}