{"potted plant": 4.963498990312123, "laptop": 4.750412261332929, "wine glass": 4.424554435144277, "book": 3.2968113665813568, "keyboard": 3.069515517664593, "tie": 2.366609462405584, "chair": 1.97507486572302, "bench": 1.6287859499896855, "cup": 1.5324627367360988, "tv": 1.5257235988400955, "bowl": 1.2627181710719977, "dining table": 1.1758981633299137, "clock": 1.1706488074437702, "cell phone": 0.3975394701789573, "person": 0.14995995276178464}