{"scissors": 5.788070535839889, "pizza": 2.6891954003385803, "dining table": 2.4729722918689445, "boat": 2.4090850244176933, "donut": 2.352107589675153, "cup": 1.785047055290151, "cake": 1.3651433480959108, "umbrella": 1.3039792064390352, "teddy bear": 1.261734276551596, "tv": 0.6968558240941026, "person": 0.31833715861308576}