{"potted plant": 3.5768979818300477, "car": 2.5605877363153184, "dining table": 2.456420016582495, "boat": 1.8259714302381136, "cup": 1.7799863169962902, "cell phone": 1.5635064272716053, "tie": 1.2203705290608675, "person": 0.39714375974799726}