{"motorcycle": 5.6931109995951, "orange": 3.9913554017186743, "car": 1.8967316565298655, "bicycle": 1.8289169404678705, "tie": 1.2203705290608675, "person": 0.2749456798255366}