{"cake": 11.589720444679678, "bottle": 8.201672219214611, "clock": 5.952568254759656, "bowl": 5.834064025309543, "potted plant": 5.09680941377252, "cup": 4.082142562109063, "car": 2.749953072374458, "vase": 2.3571067509779193, "dining table": 1.7705454749010416, "laptop": 1.7256977185499625, "couch": 1.6176012230732615, "apple": 1.5521665871730415, "bed": 1.3480121745488738, "cell phone": 0.4638437783533423, "person": 0.3490882415090315}