{"teddy bear": 8.832139935861171, "suitcase": 2.1394806833858695, "banana": 1.848074211843106, "tie": 1.7173700907468132, "sports ball": 1.5470062944713712, "cell phone": 1.4307077331881792, "car": 1.095396381788935, "clock": 0.8029097576184093, "tv": 0.522641868070577, "person": 0.5093394537809373}