{"vase": 7.0713202529337575, "bicycle": 2.902641850487979, "stop sign": 2.1380357059458888, "wine glass": 1.9643722118950486, "cake": 1.5452960592906237, "tv": 1.3055107875662406, "clock": 1.1905136509519312, "donut": 1.0626802794420462, "bottle": 0.6308978630165085, "person": 0.26694983174220055}