{"chair": 3.020985152272133, "tennis racket": 2.562721830685267, "tie": 2.0890299858009262, "cell phone": 2.043279606406179, "bottle": 1.9298432446627531, "handbag": 1.7060231960133576, "umbrella": 1.503440454079581, "person": 0.39442607595418894}