{"potted plant": 4.481840912775918, "chair": 3.5645600833006617, "airplane": 2.8147213329371565, "motorcycle": 2.601462540855489, "suitcase": 2.562496572322105, "apple": 2.193792360189011, "wine glass": 2.0166235567907127, "refrigerator": 1.9592601619107923, "handbag": 1.65773703804714, "bench": 1.6247809503638442, "frisbee": 1.583260945145657, "sports ball": 1.4767049720830572, "cup": 1.3725889721958096, "dining table": 1.3458653711242459, "laptop": 1.342098888328769, "tie": 1.0524050987846394, "clock": 1.043666537070793, "car": 0.8152371200620754, "cell phone": 0.2611861767600603, "person": 0.20009936460990188}