{"bowl": 16.089427403516872, "bottle": 12.122634201490925, "oven": 7.099829215532837, "knife": 5.612673147159162, "apple": 5.257273391488135, "refrigerator": 5.172954194933122, "cup": 4.15230030247532, "spoon": 3.4056649989218712, "sink": 3.099498111795987, "carrot": 2.9008274170005035, "wine glass": 2.9008274170005035, "cell phone": 2.750854907347799, "broccoli": 2.6615977279346694, "orange": 2.379249001458251, "dog": 1.9972295119247674, "bed": 1.9935865206462662, "banana": 1.7467264427147404, "dining table": 1.5772713965140361, "teddy bear": 1.40378169158791, "person": 1.0679643114397288, "chair": 0.9678708169455813, "book": 0.9665678851651653, "tv": 0.25025364532368566}