{"bottle": 5.98328663742555, "laptop": 4.625165591767019, "knife": 3.6118657800137703, "donut": 3.350851954644151, "vase": 3.236076440051723, "remote": 3.189008929193737, "frisbee": 2.9820882133864144, "suitcase": 2.892654043503384, "tv": 2.5047020495225714, "clock": 1.2747945109485554, "motorcycle": 0.8133015713707286, "cell phone": 0.7817532136358026, "car": 0.4741829141324664, "person": 0.2749456798255366}