{"vase": 5.018358837756368, "donut": 4.6523490559442084, "book": 4.395748488775142, "potted plant": 3.970799192249699, "scissors": 2.168728972326403, "train": 2.001674887663237, "tv": 1.9616446270801227, "stop sign": 1.9547179045754661, "bench": 1.6287859499896855, "cell phone": 1.5901578807158292, "laptop": 1.5834707537776431, "umbrella": 1.4971188769108417, "clock": 1.1706488074437702, "cup": 0.7662313683680494, "chair": 0.65835828857434, "person": 0.224939929142677}