{"tie": 5.1521102722404395, "sports ball": 1.5470062944713712, "umbrella": 1.3039792064390352, "person": 0.9550114758392574, "cell phone": 0.7153538665940896, "tv": 0.522641868070577}