{"chair": 2.5837778886157112, "backpack": 2.336797054004104, "dog": 2.063930067337464, "tv": 1.6698013663483808, "train": 1.5934601289203036, "airplane": 1.3110366137219898, "clock": 1.2747945109485554, "car": 1.2328755767444126, "cell phone": 0.7817532136358026, "truck": 0.3357145890804717, "person": 0.2749456798255366}