{"airplane": 14.853192517349775, "vase": 6.6911451170084915, "cow": 6.557539913636272, "truck": 6.078020964968303, "boat": 4.179121545595598, "stop sign": 3.9094358091509323, "dog": 3.352504974457218, "sports ball": 1.4812798128810958, "tv": 1.0898025706000682, "car": 0.8356735770901504, "cell phone": 0.3975394701789573, "person": 0.02999199055235693}