{"bicycle": 5.486750821403612, "motorcycle": 4.879809428224371, "bench": 3.8496345297494923, "traffic light": 3.2677873969975884, "bus": 3.1683586396916614, "dog": 2.063930067337464, "skateboard": 1.9781632455800389, "chair": 1.2918889443078556, "car": 1.043202411091426, "tv": 0.8349006831741904, "cell phone": 0.7817532136358026, "person": 0.3513194797770745}