{"knife": 3.6118657800137703, "keyboard": 3.010526148706948, "skateboard": 1.9781632455800389, "bicycle": 1.8289169404678705, "car": 1.707058490876879, "bus": 1.5841793198458307, "bottle": 1.4958216593563876, "suitcase": 1.446327021751692, "truck": 1.007143767241415, "cell phone": 0.7817532136358026, "person": 0.10692331993215311}