{"clock": 5.853244037218851, "scissors": 2.168728972326403, "tv": 0.21796051412001363}