{"couch": 10.669470331906634, "clock": 4.197840972019289, "bed": 3.9871730412925324, "chair": 3.871483267782325, "laptop": 3.3509268453864993, "cup": 3.11422522685649, "sink": 3.099498111795987, "cat": 2.2680233663480265, "bottle": 1.3469593557212138, "person": 0.8101798224715184, "tv": 0.25025364532368566}