{"microwave": 3.4915418728635177, "bench": 3.1898055456299743, "remote": 2.784074638528824, "bed": 2.013439962490504, "train": 1.7592058241062636, "book": 1.4241923769487104, "car": 1.095396381788935, "tie": 0.8586850453734066, "clock": 0.8029097576184093, "tv": 0.17421395602352566, "person": 0.15916857930654288}