{"boat": 20.895607727977993, "airplane": 4.951064172449925, "baseball glove": 3.6379109932520617, "horse": 2.7696699590196148, "clock": 1.1706488074437702, "tv": 0.43592102824002726, "person": 0.07497997638089232}