{"suitcase": 4.060494606976108, "potted plant": 3.775562704618462, "toilet": 3.1715845368225044, "book": 2.4708493139419234, "bicycle": 2.4607377791631584, "toothbrush": 2.4039043043999926, "couch": 2.2648632559645003, "cell phone": 1.9509216542060066, "chair": 1.0921429951426687, "person": 0.5584057795937691, "tv": 0.43186097367184845}