{"dining table": 9.459212171043022, "toilet": 6.343169073645009, "bowl": 5.695856583028852, "cake": 5.182411814441363, "fork": 4.4669071197366685, "spoon": 3.7105810375551918, "cup": 2.9350083235977737, "knife": 2.4491097411680394, "apple": 2.1952295642056994, "frisbee": 2.134341194530687, "banana": 2.1052331103726165, "bench": 1.996599269369821, "clock": 0.7758561121092244, "person": 0.41363391081019935}