{"dining table": 7.0821818996041666, "cake": 5.408536207517183, "knife": 5.10937018953427, "refrigerator": 3.9816109379264084, "frisbee": 3.8828971439862237, "chair": 3.6733012822877704, "bowl": 3.333750871605453, "apple": 3.104333174346083, "pizza": 3.1004980820875394, "microwave": 2.4751978356610396, "vase": 2.3571067509779193, "cup": 2.33265289263375, "tie": 2.3126670427203972, "sink": 2.1041341542702074, "oven": 2.090888927520187, "sports ball": 2.0713443314472166, "dog": 1.9789710113162013, "wine glass": 1.9643722118950486, "bird": 1.8494919358966266, "book": 1.7489872063913874, "carrot": 1.7394910406822983, "potted plant": 1.6989364712575066, "sandwich": 1.6766901394432678, "orange": 1.6766901394432678, "broccoli": 1.6094379124341003, "banana": 1.3309442660367257, "bottle": 1.261795726033017, "clock": 1.1905136509519312, "donut": 1.0626802794420462, "person": 1.0472647245270945, "cell phone": 0.4638437783533423}