{"dog": 8.608273176194993, "teddy bear": 8.602565390152886, "donut": 4.6184592714254284, "bus": 4.005678925136444, "cake": 3.343542722026715, "sandwich": 3.184698373066614, "bicycle": 3.0893881932622893, "scissors": 2.806261937346369, "pizza": 2.77923326495845, "tv": 2.2585228331052876, "apple": 2.221524055293609, "sports ball": 1.9262373834566084, "dining table": 1.6543036679729666, "book": 1.5792684820300527, "tie": 1.4512744808515226, "chair": 1.247396598547901, "person": 1.2355055847407233}