{"traffic light": 4.148951706153747, "broccoli": 3.399734323610395, "suitcase": 2.1394806833858695, "bed": 2.013439962490504, "truck": 1.8801827302515235, "cup": 1.785047055290151, "bench": 1.5949027728149872, "chair": 1.2805239733949625, "clock": 0.8029097576184093}