{"pizza": 10.851743287306387, "knife": 3.406246793022847, "sandwich": 3.3533802788865357, "donut": 3.1880408383261387, "carrot": 1.7394910406822983, "banana": 1.3309442660367257, "clock": 1.1905136509519312, "book": 0.8744936031956937, "bowl": 0.8334377179013632, "cup": 0.5831632231584375, "person": 0.08213840976683094}