{"bed": 4.026879924981008, "surfboard": 3.1186529351899663, "baseball bat": 2.7652947438772277, "tie": 2.5760551361202197, "chair": 2.561047946789925, "tv": 2.4389953843293593, "laptop": 2.0222505921726595, "banana": 1.848074211843106, "bird": 1.5415193122551119, "cell phone": 1.4307077331881792, "car": 1.095396381788935, "person": 0.9550114758392574}