{"cat": 14.540136543427275, "sandwich": 5.971695028642898, "bed": 4.094707377577421, "wine glass": 3.2680799820056654, "keyboard": 3.0713696877596113, "handbag": 2.5016015283601702, "frisbee": 1.4477471403335542, "dining table": 1.382988572985391, "couch": 1.322169832950352, "book": 1.2589909313288203, "teddy bear": 1.250282603437036, "chair": 0.9964024264746961, "bowl": 0.943988683790656, "dog": 0.8902990098100663, "tv": 0.43614622865507435, "person": 0.24299477957389382}