{"book": 7.120961884743552, "tv": 3.1358512084234618, "apple": 2.5338139511251896, "banana": 1.848074211843106, "cell phone": 1.4307077331881792, "person": 0.7321754648100973}