{"motorcycle": 7.319714142336557, "skis": 4.189181145048594, "scissors": 2.8266033105460195, "potted plant": 1.7884489909150239, "train": 1.5934601289203036, "cell phone": 1.5635064272716053, "bottle": 1.4958216593563876, "suitcase": 1.446327021751692, "car": 1.3277121595709058, "person": 0.2291213998546138}