{"baseball bat": 2.7652947438772277, "teddy bear": 2.523468553103192, "frisbee": 2.174927432381617, "cell phone": 2.1460615997822687, "suitcase": 2.1394806833858695, "cup": 1.785047055290151, "chair": 1.2805239733949625, "clock": 0.8029097576184093, "tv": 0.522641868070577, "person": 0.25466972689046863}