{"teddy bear": 1.4470417802594981, "cake": 1.174611120969973, "tv": 0.7392026027169442, "cup": 0.6862944860979048, "cell phone": 0.5223723535201206, "person": 0.12419960561993909}