{"truck": 41.364020065533516, "chair": 2.561047946789925, "train": 1.7592058241062636, "airplane": 1.7208358128332952, "kite": 1.643692936984419, "bird": 1.5415193122551119, "umbrella": 1.3039792064390352, "person": 0.19100229516785147}