{"hot dog": 3.2283309836389558, "microwave": 2.856767427206473, "truck": 2.0231089599125878, "bed": 1.9935865206462662, "donut": 1.6188930712048555, "bowl": 1.6089427403516874, "tie": 1.5508589773322132, "bird": 1.407822101124915, "bottle": 1.3469593557212138, "cake": 1.235332798484741, "car": 1.2217962127672077, "cup": 1.03807507561883, "clock": 0.8395681944038579, "person": 0.7733534669046312, "tv": 0.25025364532368566}