{"toothbrush": 1.8951572757180326, "teddy bear": 1.4470417802594981, "couch": 1.3234763762307673, "cell phone": 0.5223723535201206, "tie": 0.26310127469615985, "person": 0.14489953988992893}