{"dog": 4.965489102155901, "scissors": 4.378793497431945, "toothbrush": 3.790314551436065, "couch": 2.6469527524615346, "motorcycle": 2.601462540855489, "book": 2.1962425002234345, "apple": 2.193792360189011, "cell phone": 2.0894894140804823, "stop sign": 1.82878220677316, "banana": 1.6654990433826293, "tv": 1.4784052054338883, "cup": 1.3725889721958096, "laptop": 1.342098888328769, "cake": 1.174611120969973, "potted plant": 1.1204602281939795, "tie": 0.7893038240884795, "person": 0.40019872921980376}