{"stop sign": 8.552142823783555, "tv": 7.397894462875364, "frisbee": 1.9414485719931118, "cell phone": 1.391531335060027, "book": 0.8744936031956937, "person": 0.5749688683678166}