{"potted plant": 5.551125400965876, "tie": 5.169529924440711, "cell phone": 2.750854907347799, "clock": 2.5187045832115738, "remote": 2.4570660238150586, "train": 2.0306277923266154, "bed": 1.9935865206462662, "vase": 1.7410607051790632, "umbrella": 1.6442108791891454, "cake": 1.235332798484741, "person": 1.104790667006616, "tv": 0.25025364532368566}