{"bird": 9.334711468465402, "sheep": 7.567729811750283, "cat": 6.636831652716415, "cow": 6.557539913636272, "skateboard": 5.683899281514799, "horse": 5.5393399180392295, "motorcycle": 2.302260364950926, "truck": 2.026006988322768, "dog": 1.676252487228609, "vase": 1.6727862792521229, "bench": 1.6287859499896855, "handbag": 1.6091131843909807, "laptop": 1.5834707537776431, "umbrella": 1.4971188769108417, "teddy bear": 1.4927741923068307, "sports ball": 1.4812798128810958, "tie": 1.4199656774433504, "bed": 1.388570414776828, "clock": 1.1706488074437702, "book": 1.0989371221937856, "cake": 1.0292946891380386, "tv": 0.8718420564800545, "cell phone": 0.7950789403579146, "chair": 0.65835828857434, "person": 0.39739387481872934}