{"cake": 5.718253004503159, "carrot": 4.610394610124898, "orange": 3.9913554017186743, "truck": 3.6928604798851885, "kite": 3.10104015624778, "bowl": 2.7496422694098914, "dog": 2.063930067337464, "skateboard": 1.9781632455800389, "boat": 1.8259714302381136, "motorcycle": 1.6266031427414571, "train": 1.5934601289203036, "car": 0.18967316565298656, "person": 0.10692331993215311}