{"bus": 11.089255238920815, "traffic light": 4.901681095496382, "potted plant": 3.5768979818300477, "train": 3.1869202578406073, "handbag": 2.439981290239335, "truck": 2.3500021235633017, "bicycle": 1.8289169404678705, "airplane": 1.3110366137219898, "car": 1.2328755767444126, "tv": 0.8349006831741904, "motorcycle": 0.8133015713707286, "person": 0.2749456798255366}