{"couch": 6.470404892293046, "potted plant": 5.09680941377252, "cat": 4.5411647238157435, "book": 4.372468015978469, "wine glass": 3.9287444237900973, "cell phone": 3.246906448473396, "bottle": 3.1544893150825426, "toothbrush": 2.792196722433023, "vase": 2.3571067509779193, "donut": 2.1253605588840925, "dog": 1.9789710113162013, "bench": 1.9701861817604684, "chair": 1.8366506411438852, "handbag": 1.777231368665145, "tv": 1.740681050088321, "umbrella": 1.7031233965114234, "bowl": 1.6668754358027265, "tie": 1.5417780284802647, "bed": 1.3480121745488738, "banana": 1.3309442660367257, "clock": 1.1905136509519312, "cup": 1.166326446316875, "person": 1.1499377367356332}