{"tie": 4.1780599716018525, "cow": 3.476948578338571, "knife": 3.021221635449518, "clock": 2.2093671294130703, "donut": 1.752710309986011, "teddy bear": 1.3423552165836548, "book": 1.234923676246985, "potted plant": 1.1973050545869317, "tv": 0.6834208486682098, "cell phone": 0.40865592128123585, "person": 0.35498346835877004}