{"tie": 2.839931354886701, "scissors": 2.168728972326403, "tv": 1.9616446270801227, "handbag": 1.6091131843909807, "clock": 1.1706488074437702, "chair": 0.65835828857434, "cell phone": 0.3975394701789573, "person": 0.20244593622840928}