{"boat": 2.0769483965340343, "laptop": 0.8870179493311372, "book": 0.8236164379806412, "tv": 0.6477914605077727, "cell phone": 0.32515360903433443, "person": 0.2895437375671395}