{"refrigerator": 95.95055497113839, "bottle": 39.135516236989695, "cup": 24.26797980012963, "bowl": 21.71173972718509, "dining table": 13.82988572985391, "potted plant": 9.857758504802492, "sink": 7.134667521598997, "broccoli": 7.0036423310910125, "spoon": 6.718103520422784, "banana": 6.144158989916931, "microwave": 5.754427346637307, "pizza": 5.128243770683008, "wine glass": 3.2680799820056654, "cake": 2.9382005296082463, "book": 1.2589909313288203, "person": 1.1663749419546905}