{"cat": 9.154900786602358, "dog": 7.567541583385563, "scissors": 5.19382341632899, "tv": 3.489169829240595, "bird": 2.3063537842966957, "potted plant": 2.1906130010672205, "donut": 2.0927750725493013, "apple": 2.0468653712452234, "horse": 1.5057343979839035, "teddy bear": 1.250282603437036, "cow": 1.2106173470446047, "bed": 1.0236768443943554, "car": 0.950392120825863, "person": 0.48598955914778763}