{"scissors": 5.905351642124172, "toothbrush": 4.695334858815904, "umbrella": 1.6442108791891454, "cup": 1.03807507561883, "person": 0.5892216890701952, "tie": 0.5169529924440711}