{"giraffe": 4.362780102728017, "orange": 2.7237833880523725, "backpack": 2.427642050654615, "boat": 2.413304887508208, "truck": 2.179541767366538, "dog": 1.7863583441042437, "tie": 1.2534179914805559, "tv": 1.1959864851693673, "car": 0.9135865227976063, "cup": 0.831285720118004, "cell phone": 0.40865592128123585, "person": 0.3418359324936304}