{"cat": 25.86076891953313, "person": 14.826067016888679, "bed": 3.7595308843902018, "couch": 2.9671865442133805, "remote": 2.907066636468335, "toothbrush": 2.77923326495845, "skateboard": 2.7529159566410764, "dog": 1.9865245791219215, "banana": 1.7448632450186936, "teddy bear": 1.4337608983588144, "bottle": 1.4131416111560786, "potted plant": 1.3378196046174795, "chair": 1.247396598547901, "bowl": 1.1408840090299295}