{"oven": 9.744593401752201, "bowl": 5.499284538819783, "bottle": 4.487464978069163, "wine glass": 3.8707274139300596, "toilet": 3.6118657800137703, "knife": 3.6118657800137703, "cup": 3.5599726339925803, "sink": 3.298208221158729, "cake": 2.8591265022515797, "dining table": 2.456420016582495, "train": 1.5934601289203036, "suitcase": 1.446327021751692, "airplane": 1.3110366137219898, "tie": 1.2203705290608675, "truck": 0.3357145890804717, "person": 0.29022043981584417, "car": 0.09483658282649328}