{"cup": 7.26652552933181, "tie": 2.0678119697762845, "tv": 1.7517755172657996, "potted plant": 1.387781350241469, "bottle": 1.3469593557212138, "person": 1.104790667006616}