{"hair drier": 4.105893774199338, "cell phone": 3.901843308412013, "tie": 3.4475279042383797, "handbag": 2.8488111445594537, "bed": 2.222503982125359, "laptop": 1.7740358986622744, "remote": 1.3601780702106532, "potted plant": 1.2585209015394874, "cup": 0.9783361078659246, "car": 0.9547129621024888, "clock": 0.7758561121092244, "person": 0.3929522152696894, "tv": 0.21593048683592422}