{"bowl": 5.475540140974275, "frisbee": 4.349854864763234, "cake": 4.095430044287732, "cow": 3.356809278893361, "surfboard": 3.1186529351899663, "tie": 2.5760551361202197, "bed": 2.013439962490504, "cell phone": 1.4307077331881792, "tv": 1.045283736141154, "person": 0.9550114758392574}