{"backpack": 8.322262795090552, "bird": 6.145172982248282, "boat": 4.153896793068069, "sheep": 4.076040811049657, "cow": 3.397708716274852, "surfboard": 3.0276903571624354, "cat": 2.409444484775608, "bench": 1.996599269369821, "car": 1.9094259242049776, "book": 1.6472328759612824, "remote": 1.3601780702106532, "tv": 1.0796524341796212, "tie": 0.8618819760595949, "clock": 0.7758561121092244, "person": 0.6824959528368288, "cell phone": 0.6503072180686689}