{"surfboard": 31.531355323664577, "boat": 3.651942860476227, "couch": 3.13312847079928, "scissors": 2.8266033105460195, "cell phone": 2.345259640907408, "dog": 2.063930067337464, "potted plant": 1.7884489909150239, "bus": 1.5841793198458307, "airplane": 1.3110366137219898, "tie": 1.2203705290608675, "person": 0.44296803971892}