{"train": 5.535250890351079, "tie": 4.1780599716018525, "cell phone": 3.6779032915311225, "tv": 2.9045386068398917, "book": 1.234923676246985, "cake": 1.070653816120224, "car": 0.9135865227976063, "cup": 0.831285720118004, "person": 0.7757046160432383}