{"book": 5.246961619174162, "scissors": 3.222945002263776, "toilet": 2.963729542467817, "clock": 2.3810273019038624, "remote": 2.0843315269740277, "pizza": 1.5502490410437697, "bed": 1.3480121745488738, "donut": 1.0626802794420462, "tie": 0.7708890142401323, "cell phone": 0.4638437783533423, "person": 0.4106920488341547}