{"banana": 8.865690663380544, "bowl": 6.311075441958716, "hot dog": 2.9396717684854106, "kite": 2.211017899468555, "apple": 2.1490262234405875, "toothbrush": 1.9648848299296466, "bird": 1.8390534610904348, "dining table": 1.4196577794463237, "car": 0.9135865227976063, "tv": 0.5125656365011574, "tie": 0.4178059971601853, "person": 0.1709179662468152}