{"skateboard": 3.8100191443220885, "handbag": 3.31547407609428, "car": 3.2609484802483015, "bus": 3.2120231304061604, "motorcycle": 2.601462540855489, "vase": 2.1763246671486196, "tie": 1.841708922873119, "remote": 1.7986594473180517, "dog": 1.655163034051967, "umbrella": 1.655163034051967, "bench": 1.6247809503638442, "frisbee": 1.583260945145657, "sports ball": 1.4767049720830572, "chair": 0.594093347216777, "tv": 0.49280173514462944, "cell phone": 0.2611861767600603, "person": 0.20009936460990188}