{"cell phone": 2.782776291252701, "chair": 1.97507486572302, "skateboard": 1.8946330938382663, "toothbrush": 1.8058234786370349, "couch": 1.4109544961603655, "bed": 1.388570414776828, "car": 0.8356735770901504, "tv": 0.21796051412001363, "person": 0.21744193150458774}