{"airplane": 23.835055749166575, "boat": 4.153896793068069, "bus": 3.559350067831268, "surfboard": 3.0276903571624354, "car": 2.864138886307466, "frisbee": 2.134341194530687, "train": 1.9604942647277046, "truck": 1.912041881341758, "potted plant": 1.2585209015394874, "laptop": 0.8870179493311372, "tie": 0.8618819760595949, "cell phone": 0.32515360903433443, "person": 0.26886204202662956, "tv": 0.21593048683592422}