{"tv": 3.5879594555081016, "cup": 3.325142880472016, "handbag": 1.7060231960133576, "couch": 1.6187194641027742, "tie": 1.2534179914805559, "potted plant": 1.1973050545869317, "bottle": 0.9649216223313766, "cell phone": 0.40865592128123585, "person": 0.39442607595418894}