{"parking meter": 4.854306317576555, "microwave": 3.021724853828245, "book": 2.197874244387571, "refrigerator": 2.1602423584490844, "bench": 1.6287859499896855, "clock": 1.1706488074437702, "car": 0.8356735770901504, "tv": 0.21796051412001363, "person": 0.08247797401898156}