{"banana": 5.319414398028327, "toilet": 3.774993437825898, "dog": 3.5727166882084873, "cat": 2.4312586911248038, "tv": 2.221117758171682, "frisbee": 1.6749326089433267, "cell phone": 1.6346236851249434, "tie": 1.2534179914805559, "bottle": 0.9649216223313766, "cup": 0.831285720118004, "person": 0.3812785400890493}