{"tie": 2.366609462405584, "refrigerator": 2.1602423584490844, "vase": 1.6727862792521229, "frisbee": 1.6370985498090511, "bed": 1.388570414776828, "chair": 1.31671657714868, "clock": 1.1706488074437702, "potted plant": 0.9926997980624247, "cell phone": 0.3975394701789573, "person": 0.11996796220942772}