{"book": 3.4979744127827748, "potted plant": 2.54840470688626, "bird": 1.8494919358966266, "laptop": 1.7256977185499625, "tie": 1.5417780284802647, "bed": 1.3480121745488738, "tv": 1.3055107875662406, "bottle": 1.261795726033017, "person": 0.4517612537175702}