{"book": 6.5936227331627135, "fire hydrant": 3.5325504775942353, "frisbee": 3.2741970996181022, "chair": 2.63343315429736, "wine glass": 2.2122772175721384, "apple": 2.0064941740991857, "stop sign": 1.9547179045754661, "tv": 1.743684112960109, "car": 1.6713471541803009, "handbag": 1.6091131843909807, "umbrella": 1.4971188769108417, "teddy bear": 1.4927741923068307, "sports ball": 1.4812798128810958, "tie": 1.4199656774433504, "cell phone": 1.192618410536872, "dining table": 1.1758981633299137, "potted plant": 0.9926997980624247, "bottle": 0.8599355707996552, "cup": 0.7662313683680494, "person": 0.224939929142677}