{"surfboard": 7.858153692049661, "boat": 6.5743398001689926, "elephant": 3.586832940871369, "bird": 3.075138379062261, "umbrella": 1.9376660792802312, "frisbee": 1.4477471403335542, "bear": 1.4337608983588144, "teddy bear": 1.250282603437036, "cup": 1.2133989900064814, "dog": 0.8902990098100663, "person": 0.3644921693608407}