{"handbag": 5.6976222891189074, "remote": 5.440712280842613, "cake": 5.182411814441363, "knife": 4.898219482336079, "cell phone": 3.576689699377679, "book": 3.294465751922565, "broccoli": 3.1480540394123104, "toothbrush": 2.4039043043999926, "bed": 2.222503982125359, "donut": 2.1686793321115787, "suitcase": 2.030247303488054, "bench": 1.996599269369821, "dining table": 1.5765353618405038, "chair": 1.0921429951426687, "car": 0.9547129621024888, "laptop": 0.8870179493311372, "tv": 0.43186097367184845, "person": 0.3929522152696894}