{"book": 6.5936227331627135, "stop sign": 5.864153713726399, "clock": 5.853244037218851, "orange": 2.5311019373797734, "scissors": 2.168728972326403, "cake": 1.0292946891380386, "person": 0.02999199055235693}