{"bicycle": 21.947003285614446, "skateboard": 3.9563264911600777, "apple": 3.8262756513592255, "umbrella": 3.5939677867297224, "stop sign": 3.272647666704172, "mouse": 3.224100249005007, "frisbee": 2.9820882133864144, "dog": 2.063930067337464, "bench": 1.9248172648747461, "potted plant": 1.7884489909150239, "tie": 1.2203705290608675, "tv": 0.8349006831741904, "motorcycle": 0.8133015713707286, "car": 0.4741829141324664, "truck": 0.3357145890804717, "person": 0.29022043981584417}