{"bicycle": 5.486750821403612, "sports ball": 3.0699495691777487, "truck": 2.3500021235633017, "car": 1.707058490876879, "traffic light": 1.6338936984987942, "tv": 0.8349006831741904, "motorcycle": 0.8133015713707286, "person": 0.1374728399127683}