{"clock": 17.74233113020348, "kite": 4.387584720378022, "bird": 1.875739189860931, "bottle": 1.5671155830462236, "teddy bear": 1.4470417802594981, "tv": 0.24640086757231472, "person": 0.013799956179993232}