{"donut": 3.350851954644151, "sink": 3.298208221158729, "clock": 2.549589021897111, "bird": 2.371713319110332, "cell phone": 2.345259640907408, "umbrella": 1.7969838933648612, "tv": 1.6698013663483808, "tie": 1.2203705290608675, "car": 0.3793463313059731, "person": 0.29022043981584417}