{"bear": 3.718537320202211, "microwave": 2.856767427206473, "sports ball": 1.7814120007026304, "laptop": 1.6754634226932497, "bird": 1.407822101124915, "cake": 1.235332798484741, "tv": 0.750760935971057, "person": 0.1104790667006616}