{"cat": 14.001612967744784, "dining table": 8.297931437912347, "bowl": 4.71994341895328, "sandwich": 2.985847514321449, "pizza": 2.564121885341504, "bed": 2.0473536887887107, "cake": 1.4691002648041231, "bench": 1.261910641432155, "teddy bear": 1.250282603437036, "tie": 1.156550125774329, "chair": 0.9964024264746961, "person": 0.024299477957389383}