{"horse": 39.14909434758149, "laptop": 4.267753496469706, "keyboard": 3.0713696877596113, "frisbee": 2.8954942806671085, "zebra": 2.820055259478705, "kite": 2.77923326495845, "stop sign": 2.147961488116592, "car": 1.900784241651726, "elephant": 1.7934164704356845, "cup": 1.2133989900064814, "cow": 1.2106173470446047, "tie": 1.156550125774329, "person": 0.7046848607642922, "dog": 0.44514950490503313}