{"dining table": 14.164363799208333, "fork": 9.92016184054731, "broccoli": 8.047189562170502, "bowl": 7.500939461112269, "sandwich": 6.706760557773071, "pizza": 6.200996164175079, "carrot": 5.218473122046895, "cake": 4.6358881778718715, "knife": 3.406246793022847, "orange": 3.3533802788865357, "donut": 3.1880408383261387, "apple": 1.5521665871730415, "bottle": 0.6308978630165085, "person": 0.04106920488341547}