{"truck": 9.064293905172736, "bus": 3.1683586396916614, "handbag": 2.439981290239335, "stop sign": 1.636323833352086, "traffic light": 1.6338936984987942, "car": 1.4225487423973993, "person": 0.19857187987399863}