{"teddy bear": 16.84538029905492, "cake": 8.647329589393188, "baseball bat": 3.167706361822521, "orange": 2.379249001458251, "cup": 2.07615015123766, "bed": 1.9935865206462662, "sports ball": 1.7814120007026304, "banana": 1.7467264427147404, "person": 0.7365271113377441, "cell phone": 0.6877137268369498, "tv": 0.5005072906473713}