{"bicycle": 2.8784373999771087, "remote": 2.784074638528824, "apple": 2.5338139511251896, "dog": 2.1800954025400596, "cell phone": 2.1460615997822687, "laptop": 2.0222505921726595, "cup": 1.785047055290151, "tv": 1.5679256042117309, "bird": 1.5415193122551119, "book": 1.4241923769487104, "person": 0.9231777599779488, "tie": 0.8586850453734066}