{"potted plant": 7.64521412065878, "couch": 4.852803669219784, "bed": 4.044036523646621, "chair": 3.6733012822877704, "microwave": 2.4751978356610396, "sink": 2.1041341542702074, "remote": 2.0843315269740277, "refrigerator": 1.9908054689632042, "bird": 1.8494919358966266, "handbag": 1.777231368665145, "teddy bear": 1.5893165092346793, "book": 0.8744936031956937, "cell phone": 0.4638437783533423, "person": 0.26694983174220055}