{"tie": 3.3424479772814824, "baseball bat": 2.881175561803802, "suitcase": 2.3921773410823324, "car": 1.8271730455952127, "frisbee": 1.6749326089433267, "chair": 1.5104925761360666, "potted plant": 1.1973050545869317, "clock": 1.1046835647065352, "cake": 1.070653816120224, "bottle": 0.9649216223313766, "tv": 0.8542760608352623, "cell phone": 0.40865592128123585, "person": 0.2760982531679323}