{"vase": 15.321193881356475, "sink": 12.624804925621245, "potted plant": 11.043087063173793, "oven": 6.272666782560561, "boat": 5.453024527883891, "chair": 3.6733012822877704, "toilet": 2.963729542467817, "bed": 2.6960243490977476, "microwave": 2.4751978356610396, "bird": 1.8494919358966266, "dining table": 1.7705454749010416, "umbrella": 1.7031233965114234, "orange": 1.6766901394432678, "couch": 1.6176012230732615, "teddy bear": 1.5893165092346793, "banana": 1.3309442660367257, "bottle": 1.261795726033017, "clock": 1.1905136509519312, "bowl": 0.8334377179013632, "person": 0.0616038073251232}