{"potted plant": 5.09680941377252, "bench": 3.940372363520937, "kite": 2.9876350633213717, "truck": 2.8381033293504077, "carrot": 1.7394910406822983, "apple": 1.5521665871730415, "car": 1.374976536187229, "clock": 1.1905136509519312, "vase": 1.1785533754889597, "dining table": 0.8852727374505208, "person": 0.10267301220853868}