{"clock": 4.174666148283172, "spoon": 3.3702471356210544, "cat": 2.2342473148813244, "truck": 2.202641975465993, "refrigerator": 1.9592601619107923, "bottle": 1.5671155830462236, "tie": 0.26310127469615985, "tv": 0.12320043378615736, "person": 0.089699715169956}