{"potted plant": 4.789220218347727, "dining table": 4.258973338338971, "tie": 4.1780599716018525, "chair": 3.020985152272133, "cell phone": 2.860591448968651, "cup": 2.493857160354012, "clock": 2.2093671294130703, "banana": 1.7731381326761089, "handbag": 1.7060231960133576, "bowl": 1.577768860489679, "tv": 1.537696909503472, "cake": 1.070653816120224, "bottle": 0.9649216223313766, "car": 0.9135865227976063, "person": 0.39442607595418894}