{"parking meter": 3.0397965310070614, "car": 2.370914570662332, "cell phone": 0.7817532136358026, "truck": 0.3357145890804717, "person": 0.19857187987399863}