{"cell phone": 1.4307077331881792, "cake": 1.3651433480959108, "clock": 0.8029097576184093, "person": 0.5411731696422458, "tv": 0.17421395602352566}