{"vase": 18.839699444902582, "cake": 15.016576829055019, "orange": 14.680098613401228, "apple": 10.135255804500758, "banana": 7.392296847372424, "bowl": 5.475540140974275, "dining table": 4.945944583737889, "sports ball": 4.641018883414113, "teddy bear": 2.523468553103192, "laptop": 2.0222505921726595, "bottle": 1.8241979628519758, "bird": 1.5415193122551119, "umbrella": 1.3039792064390352}