{"stop sign": 2.1380357059458888, "teddy bear": 1.5893165092346793, "book": 0.8744936031956937, "bottle": 0.6308978630165085, "tv": 0.43517026252208024, "person": 0.20534602441707736}