{"truck": 5.035718836207075, "chair": 1.2918889443078556, "car": 1.2328755767444126, "tv": 0.8349006831741904, "motorcycle": 0.8133015713707286, "person": 0.07637379995153794}