{"car": 2.6554243191418117, "truck": 0.6714291781609434, "person": 0.04582427997092276}