{"stop sign": 51.31285694270133, "bicycle": 29.026418504879793, "train": 2.52471290018842, "person": 0.5544342659261089}