{"bench": 3.993198538739642, "chair": 3.276428985428006, "tie": 2.585645928178785, "couch": 2.2648632559645003, "frisbee": 2.134341194530687, "stop sign": 2.0650670686472816, "train": 1.9604942647277046, "bowl": 1.8986188610096173, "keyboard": 1.4059572078712976, "potted plant": 1.2585209015394874, "bottle": 1.1598611691976197, "car": 0.9547129621024888, "laptop": 0.8870179493311372, "book": 0.8236164379806412, "tv": 0.6477914605077727, "person": 0.4549973018912193}