{"remote": 2.784074638528824, "couch": 2.7377700704871377, "dog": 2.1800954025400596, "horse": 1.9517838810674073, "potted plant": 1.9193266709200256, "skateboard": 1.866836488298629, "train": 1.7592058241062636, "tie": 1.7173700907468132, "book": 1.4241923769487104, "person": 0.8595103282553316, "clock": 0.8029097576184093, "cell phone": 0.7153538665940896, "tv": 0.6968558240941026}