{"train": 4.7803803867609105, "sink": 3.298208221158729, "bus": 3.1683586396916614, "refrigerator": 2.92752922913598, "airplane": 2.6220732274439795, "tv": 2.5047020495225714, "truck": 2.01428753448283, "book": 1.9119138600388383, "potted plant": 1.7884489909150239, "suitcase": 1.446327021751692, "tie": 1.2203705290608675, "cell phone": 0.7817532136358026, "car": 0.6638560797854529, "person": 0.09164855994184552}