{"bottle": 19.717639876359534, "dining table": 14.188818256564534, "cup": 12.71836940225702, "vase": 3.6126871698008927, "bird": 3.072586491124141, "orange": 2.875013516953478, "skateboard": 2.3929151828243973, "apple": 2.1952295642056994, "banana": 2.1052331103726165, "cake": 1.7274706048137878, "person": 0.3929522152696894, "cell phone": 0.32515360903433443}