{"motorcycle": 6.415708591920625, "boat": 4.153896793068069, "toothbrush": 2.4039043043999926, "traffic light": 2.355377263505332, "stop sign": 2.0650670686472816, "bench": 1.996599269369821, "cell phone": 1.625768045171672, "remote": 1.3601780702106532, "person": 0.04136339108101993}