{"bicycle": 2.8784373999771087, "bird": 1.5415193122551119, "car": 1.095396381788935, "tv": 1.045283736141154, "cell phone": 0.7153538665940896, "person": 0.6366743172261715}