{"stop sign": 3.2722914626980724, "vase": 2.093299938322509, "train": 1.7592058241062636, "bench": 1.5949027728149872, "bird": 1.5415193122551119, "tie": 0.8586850453734066, "tv": 0.3484279120470513, "person": 0.09550114758392574}