{"carrot": 3.1688576342555828, "cat": 2.4312586911248038, "backpack": 2.427642050654615, "clock": 2.2093671294130703, "tie": 2.0890299858009262, "bottle": 1.9298432446627531, "bird": 1.8390534610904348, "handbag": 1.7060231960133576, "cup": 1.662571440236008, "laptop": 1.6203284749084748, "chair": 1.5104925761360666, "teddy bear": 1.3423552165836548, "book": 1.234923676246985, "cake": 1.070653816120224, "cell phone": 0.8173118425624717, "person": 0.3681310042239097, "tv": 0.17085521216705246}