{"tie": 3.3424479772814824, "tv": 2.9045386068398917, "pizza": 2.2959173432550415, "bottle": 1.9298432446627531, "donut": 1.752710309986011, "bed": 1.5563940009049453, "dining table": 1.4196577794463237, "teddy bear": 1.3423552165836548, "cup": 0.831285720118004, "cell phone": 0.8173118425624717, "person": 0.3812785400890493}