{"car": 1.8967316565298655, "truck": 1.3428583563218868, "person": 0.12219807992246069}