{"clock": 3.5119464223313104, "bus": 3.180329884004883, "traffic light": 2.714240154080284, "train": 2.001674887663237, "tv": 1.9616446270801227, "bottle": 1.7198711415993104, "dog": 1.676252487228609, "car": 1.6713471541803009, "cell phone": 1.5901578807158292, "donut": 1.5507830186480693, "bed": 1.388570414776828, "potted plant": 0.9926997980624247, "person": 0.1874499409522308}