{"tv": 2.6155261694401637, "donut": 1.5507830186480693, "tie": 1.4199656774433504, "cell phone": 0.7950789403579146, "person": 0.2099439338664985}