{"toothbrush": 1.8058234786370349, "tv": 1.743684112960109, "teddy bear": 1.4927741923068307, "tie": 1.4199656774433504, "cell phone": 0.7950789403579146, "chair": 0.65835828857434, "person": 0.1574579503998739}