{"tie": 14.597645771347912, "bus": 2.9374357407390645, "bowl": 2.7377700704871377, "backpack": 2.7242867201498506, "pizza": 2.6891954003385803, "scissors": 1.929356845279963, "truck": 1.8801827302515235, "umbrella": 1.3039792064390352, "person": 0.8913440441166403, "tv": 0.8710697801176283}