{"couch": 3.970429128692302, "horse": 2.7283932494486596, "clock": 2.087333074141586, "refrigerator": 1.9592601619107923, "skateboard": 1.9050095721610443, "teddy bear": 1.4470417802594981, "laptop": 1.342098888328769, "cup": 0.6862944860979048, "person": 0.12419960561993909, "tv": 0.12320043378615736}