{"refrigerator": 1.9592601619107923, "bed": 1.5072750381677351, "teddy bear": 1.4470417802594981, "tv": 1.355204771647731, "tie": 1.0524050987846394, "clock": 1.043666537070793, "bottle": 0.7835577915231118, "cell phone": 0.5223723535201206, "person": 0.1310995837099357}