{"orange": 2.5311019373797734, "kite": 2.352187538907433, "tv": 2.1796051412001365, "cake": 2.058589378276077, "skateboard": 1.8946330938382663, "tie": 1.8932875699244673, "banana": 1.6693320443840354, "laptop": 1.5834707537776431, "teddy bear": 1.4927741923068307, "sports ball": 1.4812798128810958, "cell phone": 0.3975394701789573, "person": 0.21744193150458774}