{"fork": 3.8772722869463165, "bird": 3.6781069221808695, "cake": 3.2119614483606718, "microwave": 3.1316786310138287, "dog": 1.7863583441042437, "donut": 1.752710309986011, "bed": 1.5563940009049453, "chair": 1.5104925761360666, "sports ball": 1.432920573324734, "clock": 1.1046835647065352, "car": 0.9135865227976063, "cup": 0.831285720118004, "cell phone": 0.8173118425624717, "tv": 0.5125656365011574, "tie": 0.4178059971601853, "person": 0.19721303797709447}