{"sink": 4.110581081269741, "toilet": 3.805199431718559, "cow": 3.356809278893361, "couch": 2.7377700704871377, "chair": 2.561047946789925, "train": 1.7592058241062636, "cake": 1.3651433480959108, "umbrella": 1.3039792064390352, "tie": 0.8586850453734066, "tv": 0.522641868070577, "person": 0.4138383061970115}