{"tie": 5.17129185635757, "book": 3.294465751922565, "tv": 3.023026815702939, "cup": 0.9783361078659246, "laptop": 0.8870179493311372, "clock": 0.7758561121092244, "person": 0.41363391081019935}