{"cat": 20.688615135626502, "remote": 2.907066636468335, "person": 1.8532583771110849, "book": 1.5792684820300527, "cell phone": 1.5476452935995404, "tv": 1.5056818887368584, "bottle": 1.4131416111560786, "bed": 1.2531769614634005}