{"skateboard": 7.666929602639335, "broccoli": 3.2188758248682006, "boat": 2.7265122639419457, "potted plant": 2.54840470688626, "bowl": 2.5003131537040897, "carrot": 1.7394910406822983, "orange": 1.6766901394432678, "car": 1.374976536187229, "banana": 1.3309442660367257, "cake": 0.7726480296453119, "person": 0.47229585615927794}