{"scissors": 3.858713690559926, "cake": 2.7302866961918215, "cat": 2.511915265817552, "tv": 2.090567472282308, "laptop": 2.0222505921726595, "cup": 1.785047055290151, "train": 1.7592058241062636, "book": 1.4241923769487104, "cell phone": 0.7153538665940896, "person": 0.4138383061970115}