{"teddy bear": 5.788167121037993, "stop sign": 3.65756441354632, "boat": 2.7589299733087413, "cat": 2.2342473148813244, "clock": 2.087333074141586, "bird": 1.875739189860931, "book": 1.0981212501117172, "tv": 0.7392026027169442, "tie": 0.5262025493923197, "cell phone": 0.5223723535201206, "person": 0.15179951797992555}