{"broccoli": 2.993769564386142, "sink": 2.751207927214831, "laptop": 2.684197776657538, "bicycle": 2.4654507831726344, "kite": 2.193792360189011, "pizza": 2.1893967487159727, "scissors": 2.1893967487159727, "vase": 2.1763246671486196, "refrigerator": 1.9592601619107923, "toothbrush": 1.8951572757180326, "tie": 1.3155063734807992, "potted plant": 1.1204602281939795, "book": 1.0981212501117172, "cup": 0.6862944860979048, "tv": 0.3696013013584721, "person": 0.20009936460990188}