{"car": 13.370777233442407, "truck": 10.13003494161384, "airplane": 9.90212834489985, "motorcycle": 4.604520729901852, "skateboard": 3.7892661876765326, "knife": 2.7593605893607536, "backpack": 2.365933459812068, "bird": 1.8669422936930804, "frisbee": 1.6370985498090511, "teddy bear": 1.4927741923068307, "clock": 1.1706488074437702, "chair": 0.65835828857434, "cell phone": 0.3975394701789573, "person": 0.14246195512369542}