{"bed": 4.445007964250718, "laptop": 4.435089746655686, "frisbee": 4.268682389061374, "cell phone": 3.901843308412013, "toilet": 3.1715845368225044, "car": 2.864138886307466, "remote": 2.7203561404213064, "cat": 2.409444484775608, "toothbrush": 2.4039043043999926, "dog": 2.33454317660249, "apple": 2.1952295642056994, "stop sign": 2.0650670686472816, "bench": 1.996599269369821, "umbrella": 1.9499121553971677, "truck": 1.912041881341758, "scissors": 1.6754753096954074, "keyboard": 1.4059572078712976, "person": 1.220220036890088, "bottle": 1.1598611691976197, "tv": 1.0796524341796212, "cup": 0.9783361078659246}