{"bird": 5.600826881079241, "parking meter": 4.854306317576555, "scissors": 4.337457944652806, "airplane": 2.4755320862249626, "stop sign": 1.9547179045754661, "car": 1.6713471541803009, "teddy bear": 1.4927741923068307, "cake": 1.0292946891380386, "cell phone": 0.7950789403579146, "tv": 0.6538815423600409, "tie": 0.47332189248111683, "person": 0.07497997638089232}