{"oven": 8.30013634125239, "microwave": 5.800487012750637, "dog": 4.965489102155901, "bowl": 4.692909094203129, "carrot": 3.6869167449460876, "book": 3.294363750335152, "knife": 3.1879255788271, "hot dog": 2.891354558958073, "sink": 2.751207927214831, "cup": 2.745177944391619, "suitcase": 2.562496572322105, "bottle": 2.350673374569335, "cat": 2.2342473148813244, "apple": 2.193792360189011, "vase": 2.1763246671486196, "tv": 1.9712069405785178, "refrigerator": 1.9592601619107923, "bird": 1.875739189860931, "remote": 1.7986594473180517, "donut": 1.7161090442690472, "umbrella": 1.655163034051967, "car": 1.6304742401241508, "cell phone": 1.5671170605603617, "teddy bear": 1.4470417802594981, "couch": 1.3234763762307673, "cake": 1.174611120969973, "potted plant": 1.1204602281939795, "tie": 1.0524050987846394, "chair": 0.594093347216777, "person": 0.37949879494981387}