{"carrot": 5.218473122046895, "pizza": 4.650747123131309, "cake": 4.6358881778718715, "wine glass": 3.9287444237900973, "broccoli": 3.2188758248682006, "kite": 2.9876350633213717, "bottle": 2.523591452066034, "fork": 2.4800404601368276, "tie": 2.3126670427203972, "hot dog": 2.1589423907652026, "sink": 2.1041341542702074, "sandwich": 1.6766901394432678, "donut": 1.0626802794420462, "dining table": 0.8852727374505208, "bowl": 0.8334377179013632, "cup": 0.5831632231584375, "person": 0.5749688683678166}