{"tv": 6.538815423600409, "bird": 3.733884587386161, "clock": 3.5119464223313104, "surfboard": 2.6478650851354115, "tennis racket": 2.6162597457200802, "tie": 2.366609462405584, "book": 2.197874244387571, "apple": 2.0064941740991857, "toothbrush": 1.8058234786370349, "banana": 1.6693320443840354, "donut": 1.5507830186480693, "cup": 0.7662313683680494, "chair": 0.65835828857434, "person": 0.419887867732997, "cell phone": 0.3975394701789573}