{"car": 2.507020731270451, "tie": 2.366609462405584, "potted plant": 1.9853995961248494, "cake": 1.0292946891380386, "tv": 0.43592102824002726, "cell phone": 0.3975394701789573, "person": 0.224939929142677}