{"clock": 3.103424448436898, "refrigerator": 2.4150155298250633, "tv": 1.7274438946873938, "tie": 1.7237639521191899, "cell phone": 0.6503072180686689, "person": 0.579087475134279}