{"tie": 6.720388901772925, "car": 3.665388638301623, "potted plant": 2.775562700482938, "suitcase": 2.668715195703533, "broccoli": 2.6615977279346694, "skateboard": 2.4455716443893234, "orange": 2.379249001458251, "airplane": 2.2443816032909862, "bench": 1.7495713948469718, "vase": 1.7410607051790632, "stop sign": 1.639095778522375, "donut": 1.6188930712048555, "dining table": 1.5772713965140361, "bottle": 1.3469593557212138, "chair": 0.9678708169455813, "person": 0.8470061780384056, "tv": 0.750760935971057}