{"umbrella": 5.215916825756141, "pizza": 2.6891954003385803, "teddy bear": 2.523468553103192, "dog": 2.1800954025400596, "vase": 2.093299938322509, "potted plant": 1.9193266709200256, "banana": 1.848074211843106, "sports ball": 1.5470062944713712, "cell phone": 1.4307077331881792, "tv": 1.2194976921646796, "person": 0.25466972689046863}