{"train": 3.920988529455409, "banana": 2.1052331103726165, "stop sign": 2.0650670686472816, "keyboard": 1.4059572078712976, "clock": 0.7758561121092244, "cell phone": 0.6503072180686689, "tv": 0.6477914605077727, "person": 0.1861352598645897}