{"microwave": 1.8853736342595966, "remote": 1.3601780702106532, "clock": 0.7758561121092244, "cell phone": 0.32515360903433443}