{"horse": 39.14909434758149, "cow": 6.053086735223023, "truck": 1.9609229414444984, "elephant": 1.7934164704356845, "bottle": 1.1859247344542332, "dog": 0.44514950490503313, "person": 0.12149738978694691}