{"horse": 46.75850431061481, "cow": 7.203647838374538, "truck": 2.268407641192459, "elephant": 1.9727573990915013, "person": 1.544381980925904, "bottle": 1.4131416111560786, "dog": 0.6621748597073072}