{"boat": 7.239914662524624, "bed": 3.1127880018098906, "bottle": 2.8947648669941297, "surfboard": 2.685683541820102, "refrigerator": 2.4458574905459565, "potted plant": 2.3946101091738634, "wine glass": 2.3022665709337002, "car": 1.8271730455952127, "handbag": 1.7060231960133576, "book": 1.234923676246985, "cup": 0.831285720118004, "cell phone": 0.8173118425624717, "chair": 0.7552462880680333, "person": 0.3812785400890493, "tv": 0.3417104243341049}