{"bicycle": 7.066819036968656, "tv": 1.9616446270801227, "tie": 1.4199656774433504, "bed": 1.388570414776828, "cake": 1.0292946891380386, "person": 0.17245394567605235}