{"hair drier": 4.248170514006239, "cell phone": 2.385236821073744, "wine glass": 2.2122772175721384, "boat": 2.089560772797799, "cup": 1.5324627367360988, "couch": 1.4109544961603655, "chair": 1.31671657714868, "bowl": 1.2627181710719977, "cake": 1.0292946891380386, "bottle": 0.8599355707996552, "tie": 0.47332189248111683, "person": 0.224939929142677, "tv": 0.21796051412001363}