{"remote": 2.0843315269740277, "person": 0.5955034708095244, "tv": 0.43517026252208024}