{"clock": 10.43666537070793, "teddy bear": 2.8940835605189963, "airplane": 2.8147213329371565, "motorcycle": 2.601462540855489, "vase": 2.1763246671486196, "skateboard": 1.9050095721610443, "cake": 1.174611120969973, "book": 1.0981212501117172, "person": 0.006899978089996616}