{"baseball glove": 11.410916173067609, "bear": 4.91705694713669, "surfboard": 3.1186529351899663, "keyboard": 2.2638149825294747, "dog": 2.1800954025400596, "tie": 1.7173700907468132, "car": 1.095396381788935, "tv": 0.522641868070577, "person": 0.4775057379196287}