{"bowl": 11.262599182461813, "sandwich": 9.538622458408572, "banana": 5.2401793281442215, "pizza": 5.199444648433164, "potted plant": 4.163344050724407, "spoon": 3.4056649989218712, "donut": 3.237786142409711, "dining table": 3.1545427930280723, "cake": 2.470665596969482, "orange": 2.379249001458251, "couch": 2.133894066381327, "cup": 2.07615015123766, "apple": 1.7524244638293782, "teddy bear": 1.40378169158791, "person": 0.9943116003059544, "cell phone": 0.6877137268369498, "tie": 0.5169529924440711, "tv": 0.25025364532368566}