{"car": 17.35814393315452, "giraffe": 4.362780102728017, "elephant": 3.247638512108697, "surfboard": 2.685683541820102, "airplane": 2.3817786338614337, "motorcycle": 2.3118666446627194, "truck": 2.179541767366538, "frisbee": 1.6749326089433267, "laptop": 1.6203284749084748, "sports ball": 1.432920573324734, "cell phone": 1.2259677638437076, "tie": 0.4178059971601853, "person": 0.3155408607633512}