{"truck": 22.70482663480326, "suitcase": 9.54952651861649, "bus": 4.001254139156089, "car": 2.749953072374458, "train": 2.52471290018842, "bench": 1.9701861817604684, "bed": 1.3480121745488738, "vase": 1.1785533754889597, "bottle": 0.6308978630165085}