{"potted plant": 5.956198788374548, "bed": 5.554281659107312, "train": 4.003349775326474, "remote": 3.918631227648191, "laptop": 3.1669415075552863, "sports ball": 2.9625596257621916, "couch": 2.821908992320731, "surfboard": 2.6478650851354115, "chair": 2.63343315429736, "sink": 2.5069072087927164, "truck": 2.026006988322768, "tie": 1.8932875699244673, "dog": 1.676252487228609, "cell phone": 1.5901578807158292, "cup": 1.5324627367360988, "book": 1.0989371221937856, "cake": 1.0292946891380386, "person": 0.224939929142677, "tv": 0.21796051412001363}