{"keyboard": 3.068052935133617, "banana": 1.7731381326761089, "donut": 1.752710309986011, "laptop": 1.6203284749084748, "tv": 0.8542760608352623, "cell phone": 0.8173118425624717, "tie": 0.4178059971601853, "person": 0.3681310042239097}