{"frisbee": 4.349854864763234, "refrigerator": 3.1319864660594314, "tennis racket": 2.822726792963103, "fire hydrant": 2.68489431843919, "cell phone": 2.1460615997822687, "laptop": 2.0222505921726595, "bottle": 1.8241979628519758, "cup": 1.785047055290151, "stop sign": 1.6361457313490362, "bench": 1.5949027728149872, "sports ball": 1.5470062944713712, "book": 1.4241923769487104, "tv": 1.2194976921646796, "person": 0.9550114758392574, "tie": 0.8586850453734066, "clock": 0.8029097576184093}