{"sports ball": 10.671705972653436, "kite": 10.340485995403576, "toothbrush": 7.211712913199978, "tie": 6.033173832417164, "skateboard": 4.785830365648795, "suitcase": 4.060494606976108, "baseball bat": 3.6705757029414925, "horse": 3.2079521809933795, "handbag": 2.8488111445594537, "tv": 2.807096328867015, "apple": 2.1952295642056994, "frisbee": 2.134341194530687, "banana": 2.1052331103726165, "car": 1.9094259242049776, "person": 1.240901732430598, "clock": 0.7758561121092244, "cell phone": 0.6503072180686689}