{"tv": 2.6110215751324812, "donut": 2.1253605588840925, "sports ball": 2.0713443314472166, "frisbee": 1.9414485719931118, "teddy bear": 1.5893165092346793, "apple": 1.5521665871730415, "toothbrush": 1.3960983612165114, "bottle": 1.261795726033017, "tie": 0.7708890142401323, "person": 0.4517612537175702}