{"keyboard": 2.9647820275128898, "remote": 1.7986594473180517, "banana": 1.6654990433826293, "umbrella": 1.655163034051967, "tie": 1.578607648176959, "bed": 1.5072750381677351, "chair": 1.188186694433554, "book": 1.0981212501117172, "tv": 0.7392026027169442, "cell phone": 0.2611861767600603, "person": 0.20699934269989848}