{"chair": 5.12209589357985, "dining table": 4.945944583737889, "laptop": 4.044501184345319, "cell phone": 2.1460615997822687, "potted plant": 1.9193266709200256, "tie": 1.7173700907468132, "clock": 1.6058195152368187, "bench": 1.5949027728149872, "cake": 1.3651433480959108, "teddy bear": 1.261734276551596, "person": 0.4456720220583201, "tv": 0.17421395602352566}