{"tie": 5.0136719659222235, "train": 1.8450836301170261, "bird": 1.8390534610904348, "handbag": 1.7060231960133576, "chair": 1.5104925761360666, "cell phone": 1.2259677638437076, "tv": 1.1959864851693673, "person": 0.3812785400890493}