{"refrigerator": 21.602423584490843, "frisbee": 13.096788398472409, "oven": 5.380051791919379, "laptop": 4.750412261332929, "hair drier": 4.248170514006239, "bed": 4.165711244330485, "toothbrush": 3.6116469572740697, "toilet": 3.51057157087546, "bottle": 3.439742283198621, "vase": 3.3455725585042457, "cake": 3.087884067414116, "microwave": 3.021724853828245, "chair": 2.63343315429736, "sink": 2.5069072087927164, "broccoli": 2.4047390342338635, "dining table": 2.3517963266598274, "clock": 2.3412976148875404, "cup": 2.2986941051041483, "wine glass": 2.2122772175721384, "apple": 2.0064941740991857, "potted plant": 1.9853995961248494, "stop sign": 1.9547179045754661, "skateboard": 1.8946330938382663, "dog": 1.676252487228609, "banana": 1.6693320443840354, "teddy bear": 1.4927741923068307, "tv": 1.3077630847200818, "person": 0.4423818606472647, "cell phone": 0.3975394701789573}