{"tv": 5.844304782219333, "traffic light": 4.901681095496382, "pizza": 3.665933001284046, "train": 3.1869202578406073, "chair": 2.5837778886157112, "dining table": 2.456420016582495, "handbag": 2.439981290239335, "laptop": 2.3125827958835097, "cup": 1.7799863169962902, "car": 0.8535292454384396, "person": 0.3360447197867669, "truck": 0.3357145890804717}