{"car": 2.5605877363153184, "cell phone": 0.7817532136358026, "person": 0.2291213998546138}