{"truck": 7.648167525367032, "airplane": 3.4050079641666535, "horse": 3.2079521809933795, "dining table": 3.1530707236810076, "surfboard": 3.0276903571624354, "kite": 2.585121498850894, "knife": 2.4491097411680394, "bench": 1.996599269369821, "train": 1.9604942647277046, "bowl": 1.8986188610096173, "bird": 1.5362932455620706, "potted plant": 1.2585209015394874, "chair": 1.0921429951426687, "cup": 0.9783361078659246, "car": 0.9547129621024888, "person": 0.33090712864815947}