{"cell phone": 5.722830932752717, "banana": 3.696148423686212, "scissors": 1.929356845279963, "train": 1.7592058241062636, "tie": 0.8586850453734066, "person": 0.827676612394023, "tv": 0.6968558240941026}