{"bowl": 8.839027197503984, "chair": 4.60850802002038, "dining table": 3.527694489989741, "donut": 3.1015660372961387, "knife": 2.7593605893607536, "traffic light": 2.714240154080284, "hot dog": 2.7044839791349196, "airplane": 2.4755320862249626, "cup": 2.2986941051041483, "boat": 2.089560772797799, "truck": 2.026006988322768, "skateboard": 1.8946330938382663, "dog": 1.676252487228609, "umbrella": 1.4971188769108417, "clock": 1.1706488074437702, "potted plant": 0.9926997980624247, "bottle": 0.8599355707996552, "car": 0.8356735770901504, "tv": 0.43592102824002726, "cell phone": 0.3975394701789573, "person": 0.224939929142677}