{"frisbee": 5.02479782682998, "bed": 4.669182002714836, "sports ball": 4.298761719974202, "cup": 4.1564286005900195, "bottle": 3.8596864893255063, "chair": 3.7762314403401662, "toilet": 3.774993437825898, "skateboard": 3.6188725827735766, "handbag": 3.4120463920267152, "laptop": 3.2406569498169495, "bowl": 3.155537720979358, "bus": 2.982755354621722, "dining table": 2.8393155588926473, "car": 2.7407595683928188, "teddy bear": 2.6847104331673095, "book": 2.46984735249397, "refrigerator": 2.4458574905459565, "backpack": 2.427642050654615, "wine glass": 2.3022665709337002, "pizza": 2.2959173432550415, "kite": 2.211017899468555, "cell phone": 2.043279606406179, "stop sign": 1.9446366690996992, "train": 1.8450836301170261, "bench": 1.653064622306746, "couch": 1.6187194641027742, "clock": 1.1046835647065352, "cake": 1.070653816120224, "tv": 0.8542760608352623, "person": 0.7888521519083779, "tie": 0.4178059971601853}