{"teddy bear": 15.44159860746701, "bus": 5.612673147159162, "donut": 3.237786142409711, "toothbrush": 2.347667429407952, "bed": 1.9935865206462662, "tv": 1.7517755172657996, "stop sign": 1.639095778522375, "cake": 1.235332798484741, "person": 0.36826355566887203}