{"dog": 11.91914747473153, "person": 8.0307863008147, "frisbee": 3.4061876642847975, "microwave": 3.145477659913333, "cat": 2.955516447946643, "potted plant": 2.675639209234959, "laptop": 2.396241012702344, "stop sign": 2.378222507199666, "cell phone": 1.5476452935995404, "couch": 1.4835932721066902, "car": 1.2531769614634005, "bowl": 1.1408840090299295, "tv": 0.7528409443684292}