{"elephant": 6.894785338507857, "giraffe": 4.53585258645802, "bird": 3.733884587386161, "traffic light": 2.714240154080284, "surfboard": 2.6478650851354115, "cat": 2.2122772175721384, "truck": 2.026006988322768, "apple": 2.0064941740991857, "dog": 1.676252487228609, "donut": 1.5507830186480693, "umbrella": 1.4971188769108417, "teddy bear": 1.4927741923068307, "car": 0.8356735770901504, "cup": 0.7662313683680494, "tie": 0.47332189248111683, "cell phone": 0.3975394701789573, "tv": 0.21796051412001363, "person": 0.1124699645713385}