{"cat": 8.616377210919866, "bed": 4.094707377577421, "umbrella": 3.8753321585604623, "potted plant": 3.285919501600831, "toilet": 3.2255203675868693, "chair": 1.9928048529493922, "clock": 1.5792684820300527, "book": 1.2589909313288203, "teddy bear": 1.250282603437036, "cow": 1.2106173470446047, "dog": 0.44514950490503313, "person": 0.3401926914034514}