{"person": 8.0307863008147, "chair": 7.484379591287405, "tv": 4.517045666210575, "bottle": 2.8262832223121572, "pizza": 2.77923326495845, "skateboard": 2.7529159566410764, "boat": 2.5016015283601702, "laptop": 2.396241012702344, "cake": 1.6717713610133575, "dining table": 1.6543036679729666, "cell phone": 1.5476452935995404, "bench": 1.4619317753255106}