{"cat": 17.73309868767986, "dog": 7.946098316487686, "dining table": 6.617214671891866, "bed": 6.265884807317002, "couch": 5.934373088426761, "toothbrush": 5.5584665299169, "person": 4.633145942777713, "bird": 4.150392731651854, "bowl": 3.4226520270897884, "cake": 3.343542722026715, "bear": 3.2742717287012026, "tie": 2.902548961703045, "broccoli": 2.564121885341504, "sports ball": 1.9262373834566084, "frisbee": 1.7030938321423987, "book": 1.5792684820300527, "cup": 1.4512744808515226, "bottle": 1.4131416111560786, "potted plant": 1.3378196046174795, "tv": 0.7528409443684292}