{"handbag": 7.137747004374753, "snowboard": 4.432303787964892, "cell phone": 2.750854907347799, "suitcase": 2.668715195703533, "refrigerator": 2.586477097466561, "couch": 2.133894066381327, "truck": 2.0231089599125878, "bench": 1.7495713948469718, "tie": 1.5508589773322132, "potted plant": 1.387781350241469, "car": 1.2217962127672077, "person": 1.104790667006616, "chair": 0.9678708169455813}