{"umbrella": 3.006880908159162, "wine glass": 2.3022665709337002, "pizza": 2.2959173432550415, "scissors": 2.119414369393943, "skateboard": 1.8094362913867883, "handbag": 1.7060231960133576, "frisbee": 1.6749326089433267, "teddy bear": 1.3423552165836548, "tie": 1.2534179914805559, "clock": 1.1046835647065352, "chair": 0.7552462880680333, "tv": 0.3417104243341049, "person": 0.1709179662468152}