{"dog": 10.238438612815763, "couch": 5.288679331801408, "fire hydrant": 3.2049010803841336, "apple": 2.0468653712452234, "sheep": 1.658642069571565, "cat": 1.0770471513649833, "bed": 1.0236768443943554, "tv": 0.43614622865507435, "person": 0.12149738978694691}