{"sheep": 4.189181145048594, "clock": 3.8243835328456663, "tie": 2.440741058121735, "bicycle": 1.8289169404678705, "umbrella": 1.7969838933648612, "train": 1.5934601289203036, "cell phone": 1.5635064272716053, "suitcase": 1.446327021751692, "airplane": 1.3110366137219898, "truck": 1.007143767241415, "tv": 0.8349006831741904, "car": 0.18967316565298656, "person": 0.15274759990307588}