{"keyboard": 4.217871623613893, "bottle": 3.479583507592859, "cell phone": 2.92638248130901, "laptop": 2.6610538479934114, "potted plant": 2.5170418030789747, "teddy bear": 2.437615361742304, "refrigerator": 2.4150155298250633, "tv": 2.3752353551951666, "chair": 2.1842859902853373, "train": 1.9604942647277046, "bird": 1.5362932455620706, "remote": 1.3601780702106532, "cup": 0.9783361078659246, "person": 0.5377240840532591}