{"zebra": 4.209160236650682, "bird": 2.81564420224983, "knife": 2.806336573579581, "horse": 2.3633335461523512, "scissors": 1.968450547374724, "frisbee": 1.8673544305033551, "tie": 1.0339059848881422, "person": 0.0368263555668872}