{"tv": 2.2647814283058336, "horse": 1.9517838810674073, "bottle": 1.8241979628519758, "motorcycle": 1.7991070408584495, "bird": 1.5415193122551119, "person": 0.8595103282553316}