{"tie": 4.135623939552569, "scissors": 3.936901094749448, "book": 2.899703655495496, "tv": 2.752790098560542, "airplane": 2.2443816032909862, "clock": 1.6791363888077158, "stop sign": 1.639095778522375, "cake": 1.235332798484741, "car": 1.2217962127672077, "person": 1.104790667006616}