{"microwave": 3.4915418728635177, "pizza": 2.6891954003385803, "donut": 2.352107589675153, "truck": 1.8801827302515235, "skateboard": 1.866836488298629, "tie": 1.7173700907468132, "umbrella": 1.3039792064390352, "clock": 0.8029097576184093, "person": 0.25466972689046863}