{"stop sign": 7.778546676398797, "handbag": 3.4120463920267152, "umbrella": 3.006880908159162, "bus": 2.982755354621722, "refrigerator": 2.4458574905459565, "backpack": 2.427642050654615, "potted plant": 2.3946101091738634, "bottle": 1.9298432446627531, "vase": 1.7750160675003093, "couch": 1.6187194641027742, "book": 1.234923676246985, "cell phone": 1.2259677638437076, "car": 0.9135865227976063, "tie": 0.8356119943203706, "cup": 0.831285720118004, "chair": 0.7552462880680333, "tv": 0.6834208486682098, "person": 0.3812785400890493}