{"boat": 8.276789919926223, "giraffe": 4.623010104116422, "horse": 2.7283932494486596, "backpack": 2.1982073783981275, "kite": 2.193792360189011, "wine glass": 2.0166235567907127, "train": 1.9017146762641917, "frisbee": 1.583260945145657, "bowl": 1.5643030314010429, "bed": 1.5072750381677351, "cake": 1.174611120969973, "car": 0.8152371200620754, "tie": 0.7893038240884795, "cell phone": 0.2611861767600603, "person": 0.17249945224991542}