{"teddy bear": 14.927741923068307, "dining table": 3.527694489989741, "bed": 2.777140829553656, "kite": 2.352187538907433, "stop sign": 1.9547179045754661, "dog": 1.676252487228609, "cup": 1.5324627367360988, "tv": 1.3077630847200818, "book": 1.0989371221937856, "cake": 1.0292946891380386, "chair": 0.65835828857434, "person": 0.1124699645713385}