{"tv": 3.9165323626987223, "sports ball": 2.0713443314472166, "wine glass": 1.9643722118950486, "couch": 1.6176012230732615, "teddy bear": 1.5893165092346793, "cell phone": 0.9276875567066846, "potted plant": 0.8494682356287533, "tie": 0.7708890142401323, "person": 0.5955034708095244}