{"frisbee": 11.648691431958671, "airplane": 3.0457426941286525, "tv": 2.1758513126104013, "remote": 2.0843315269740277, "wine glass": 1.9643722118950486, "chair": 1.8366506411438852, "handbag": 1.777231368665145, "cup": 1.7494896694753126, "potted plant": 1.6989364712575066, "banana": 1.3309442660367257, "bottle": 1.261795726033017, "clock": 1.1905136509519312, "donut": 1.0626802794420462, "cell phone": 0.9276875567066846, "dining table": 0.8852727374505208, "person": 0.616038073251232}