{"teddy bear": 6.961059555905367, "oven": 6.4963956011681345, "keyboard": 6.021052297413896, "clock": 5.099178043794222, "mouse": 3.224100249005007, "banana": 2.9453868465359867, "fire hydrant": 2.5016254533505418, "laptop": 2.3125827958835097, "skateboard": 1.9781632455800389, "bench": 1.9248172648747461, "book": 1.9119138600388383, "car": 1.8967316565298655, "bicycle": 1.8289169404678705, "potted plant": 1.7884489909150239, "cup": 1.7799863169962902, "tv": 1.6698013663483808, "stop sign": 1.636323833352086, "train": 1.5934601289203036, "cell phone": 1.5635064272716053, "bottle": 1.4958216593563876, "suitcase": 1.446327021751692, "truck": 1.3428583563218868, "tie": 1.2203705290608675, "person": 0.48879231968984277}