{"dog": 4.127860134674928, "toilet": 3.6118657800137703, "teddy bear": 3.4805297779526834, "scissors": 2.8266033105460195, "train": 1.5934601289203036, "cell phone": 1.5635064272716053, "bottle": 1.4958216593563876, "tie": 1.2203705290608675, "truck": 1.007143767241415, "motorcycle": 0.8133015713707286, "car": 0.7586926626119462, "person": 0.07637379995153794}