{"sports ball": 3.0699495691777487, "tv": 2.5047020495225714, "car": 1.8018950737033723, "truck": 1.3428583563218868, "person": 0.09164855994184552}