{"boat": 31.04151431404793, "dog": 4.127860134674928, "airplane": 2.6220732274439795, "chair": 1.2918889443078556, "clock": 1.2747945109485554, "tv": 0.8349006831741904, "person": 0.30549519980615175, "car": 0.28450974847947985}