{"sports ball": 5.925119251524383, "hot dog": 5.408967958269839, "tv": 5.013091824760314, "hair drier": 4.248170514006239, "bed": 4.165711244330485, "cell phone": 3.9753947017895728, "tennis racket": 2.6162597457200802, "sandwich": 2.4047390342338635, "scissors": 2.168728972326403, "cake": 2.058589378276077, "pizza": 2.0459081426400627, "skateboard": 1.8946330938382663, "toothbrush": 1.8058234786370349, "dog": 1.676252487228609, "banana": 1.6693320443840354, "frisbee": 1.6370985498090511, "bench": 1.6287859499896855, "handbag": 1.6091131843909807, "laptop": 1.5834707537776431, "teddy bear": 1.4927741923068307, "couch": 1.4109544961603655, "bowl": 1.2627181710719977, "clock": 1.1706488074437702, "book": 1.0989371221937856, "bottle": 0.8599355707996552, "car": 0.8356735770901504, "cup": 0.7662313683680494, "chair": 0.65835828857434, "person": 0.449879858285354}