{"apple": 4.298052446881175, "elephant": 3.247638512108697, "bird": 1.8390534610904348, "bench": 1.653064622306746, "bed": 1.5563940009049453, "cake": 1.070653816120224, "chair": 0.7552462880680333, "tv": 0.5125656365011574, "person": 0.05259014346055853}