{"frisbee": 8.946264640159242, "tv": 5.009404099045143, "clock": 3.8243835328456663, "potted plant": 3.5768979818300477, "cell phone": 3.1270128545432105, "cake": 2.8591265022515797, "tie": 2.440741058121735, "bus": 1.5841793198458307, "person": 0.39714375974799726, "car": 0.3793463313059731}