{"airplane": 15.710671223036904, "train": 6.091883376979846, "truck": 4.0462179198251755, "tie": 3.6186709471084977, "boat": 2.3220905876183022, "umbrella": 1.6442108791891454, "car": 1.2217962127672077, "clock": 0.8395681944038579, "person": 0.6997007557708569}