{"tv": 2.3919729703387347, "donut": 1.752710309986011, "couch": 1.6187194641027742, "chair": 1.5104925761360666, "tie": 1.2534179914805559, "cell phone": 1.2259677638437076, "bottle": 0.9649216223313766, "person": 0.39442607595418894}