{"tie": 5.849283960242595, "bottle": 1.9298432446627531, "potted plant": 1.1973050545869317, "chair": 0.7552462880680333, "tv": 0.5125656365011574, "cell phone": 0.40865592128123585, "person": 0.3681310042239097}