{"laptop": 17.740358986622745, "keyboard": 9.841700455099083, "mouse": 8.941354019203759, "potted plant": 7.551125409236924, "handbag": 2.8488111445594537, "cat": 2.409444484775608, "chair": 2.1842859902853373, "cell phone": 1.625768045171672, "dining table": 1.5765353618405038, "remote": 1.3601780702106532, "tv": 0.8637219473436969, "person": 0.14477186878356976}