{"frisbee": 8.374663044716634, "skateboard": 7.237745165547153, "car": 4.567932613988032, "baseball glove": 3.5408000503251036, "traffic light": 2.681021528714291, "tennis racket": 2.562721830685267, "backpack": 2.427642050654615, "suitcase": 2.3921773410823324, "train": 1.8450836301170261, "handbag": 1.7060231960133576, "tie": 1.6712239886407412, "bench": 1.653064622306746, "cell phone": 1.6346236851249434, "couch": 1.6187194641027742, "sports ball": 1.432920573324734, "clock": 1.1046835647065352, "person": 0.7888521519083779, "chair": 0.7552462880680333, "tv": 0.6834208486682098}