{"tie": 3.4475279042383797, "bird": 3.072586491124141, "surfboard": 3.0276903571624354, "backpack": 2.774087598363517, "cat": 2.409444484775608, "dog": 2.33454317660249, "apple": 2.1952295642056994, "cake": 1.7274706048137878, "clock": 1.551712224218449, "chair": 1.0921429951426687, "person": 0.47567899743172926, "tv": 0.21593048683592422}