{"laptop": 5.026390268079749, "umbrella": 3.288421758378291, "microwave": 2.856767427206473, "remote": 2.4570660238150586, "airplane": 2.2443816032909862, "train": 2.0306277923266154, "scissors": 1.968450547374724, "donut": 1.6188930712048555, "bird": 1.407822101124915, "tv": 0.750760935971057, "person": 0.4419162668026464}