{"boat": 3.651942860476227, "bird": 2.371713319110332, "truck": 2.3500021235633017, "airplane": 1.3110366137219898, "car": 0.8535292454384396, "motorcycle": 0.8133015713707286, "cell phone": 0.7817532136358026, "person": 0.19857187987399863}