{"tie": 6.720388901772925, "airplane": 4.4887632065819725, "cell phone": 2.750854907347799, "car": 2.4435924255344155, "clock": 1.6791363888077158, "tv": 1.2512682266184283, "person": 0.6997007557708569}