{"motorcycle": 3.0121260833296675, "clock": 2.3810273019038624, "cat": 2.2705823619078718, "tv": 1.740681050088321, "laptop": 1.7256977185499625, "person": 0.0616038073251232}