{"potted plant": 3.8386533418400512, "vase": 2.093299938322509, "skateboard": 1.866836488298629, "bottle": 1.8241979628519758, "airplane": 1.7208358128332952, "sports ball": 1.5470062944713712, "chair": 1.2805239733949625, "teddy bear": 1.261734276551596, "cell phone": 0.7153538665940896, "tv": 0.522641868070577, "person": 0.22283601102916006}