{"tv": 3.0461918376545616, "stop sign": 2.1380357059458888, "sink": 2.1041341542702074, "refrigerator": 1.9908054689632042, "car": 1.374976536187229, "banana": 1.3309442660367257, "donut": 1.0626802794420462, "cell phone": 0.9276875567066846, "book": 0.8744936031956937, "bottle": 0.6308978630165085, "person": 0.5955034708095244}