{"couch": 4.529726511929001, "truck": 3.824083762683516, "broccoli": 3.1480540394123104, "car": 2.864138886307466, "potted plant": 2.5170418030789747, "frisbee": 2.134341194530687, "bench": 1.996599269369821, "train": 1.9604942647277046, "bowl": 1.8986188610096173, "vase": 1.8063435849004463, "dining table": 1.5765353618405038, "bottle": 1.1598611691976197, "clock": 0.7758561121092244, "person": 0.41363391081019935}