{"suitcase": 4.278961366771739, "kite": 3.287385873968838, "handbag": 2.94297592111468, "boat": 2.4090850244176933, "potted plant": 1.9193266709200256, "skateboard": 1.866836488298629, "clock": 1.6058195152368187, "sports ball": 1.5470062944713712, "bird": 1.5415193122551119, "tv": 1.2194976921646796, "car": 1.095396381788935, "person": 0.5093394537809373}