{"surfboard": 7.943595255406235, "bird": 7.467769174772322, "airplane": 2.4755320862249626, "kite": 2.352187538907433, "tv": 1.743684112960109, "dog": 1.676252487228609, "vase": 1.6727862792521229, "bed": 1.388570414776828, "person": 0.09747396929516003}