{"hot dog": 2.9396717684854106, "oven": 2.9276955774386946, "bicycle": 2.562721830685267, "scissors": 2.119414369393943, "cell phone": 2.043279606406179, "toothbrush": 1.9648848299296466, "bottle": 1.9298432446627531, "car": 1.8271730455952127, "donut": 1.752710309986011, "laptop": 1.6203284749084748, "teddy bear": 1.3423552165836548, "tie": 1.2534179914805559, "potted plant": 1.1973050545869317, "tv": 1.1959864851693673, "chair": 0.7552462880680333, "person": 0.39442607595418894}