{"wine glass": 6.636831652716415, "handbag": 6.436452737563923, "car": 5.849715039631053, "bicycle": 4.711212691312437, "teddy bear": 4.478322576920492, "bed": 4.165711244330485, "potted plant": 3.970799192249699, "bowl": 3.788154513215993, "couch": 2.821908992320731, "traffic light": 2.714240154080284, "sink": 2.5069072087927164, "airplane": 2.4755320862249626, "truck": 2.026006988322768, "cell phone": 1.9876973508947864, "bottle": 1.7198711415993104, "dog": 1.676252487228609, "banana": 1.6693320443840354, "bench": 1.6287859499896855, "cup": 1.5324627367360988, "cake": 1.0292946891380386, "chair": 0.65835828857434, "tv": 0.6538815423600409, "person": 0.224939929142677}