{"dog": 11.573887127530861, "handbag": 5.0032030567203405, "banana": 3.0720794949584653, "bed": 3.071030533183066, "car": 2.851176362477589, "dining table": 2.765977145970782, "cup": 2.426797980012963, "bottle": 2.3718494689084664, "carrot": 2.198881578543849, "sports ball": 1.7448632450186936, "couch": 1.322169832950352, "tv": 1.308438685965223, "bench": 1.261910641432155, "teddy bear": 1.250282603437036, "potted plant": 1.0953065005336102, "bowl": 0.943988683790656, "person": 0.12149738978694691}