{"truck": 7.721435548850849, "train": 1.5934601289203036, "suitcase": 1.446327021751692, "cell phone": 0.7817532136358026, "person": 0.10692331993215311, "car": 0.09483658282649328}