{"zebra": 4.832783731973753, "vase": 3.5500321350006185, "microwave": 3.1316786310138287, "teddy bear": 2.6847104331673095, "bird": 1.8390534610904348, "umbrella": 1.503440454079581, "potted plant": 1.1973050545869317, "clock": 1.1046835647065352, "tv": 0.17085521216705246, "person": 0.06573767932569816}