{"boat": 4.6441811752366045, "truck": 4.0462179198251755, "apple": 3.5048489276587564, "orange": 2.379249001458251, "cat": 2.2680233663480265, "train": 2.0306277923266154, "frisbee": 1.8673544305033551, "bird": 1.407822101124915, "person": 0.36826355566887203, "tv": 0.25025364532368566}