{"suitcase": 8.557922733543478, "book": 4.272577130846131, "airplane": 3.4416716256665905, "frisbee": 2.174927432381617, "teddy bear": 1.261734276551596, "car": 1.095396381788935, "person": 0.06366743172261716}