{"teddy bear": 6.357266036938717, "sports ball": 2.0713443314472166, "broccoli": 1.6094379124341003, "apple": 1.5521665871730415, "cake": 1.5452960592906237, "tie": 1.5417780284802647, "clock": 1.1905136509519312, "vase": 1.1785533754889597, "donut": 1.0626802794420462, "tv": 0.8703405250441605, "potted plant": 0.8494682356287533, "person": 0.390157446392447}