{"toilet": 2.963729542467817, "chair": 1.8366506411438852, "tv": 1.740681050088321, "laptop": 1.7256977185499625, "toothbrush": 1.3960983612165114, "cell phone": 1.391531335060027, "clock": 1.1905136509519312, "person": 0.5544342659261089}