{"horse": 9.638390336375455, "tv": 2.1758513126104013, "sink": 2.1041341542702074, "refrigerator": 1.9908054689632042, "handbag": 1.777231368665145, "laptop": 1.7256977185499625, "tie": 1.5417780284802647, "toothbrush": 1.3960983612165114, "bed": 1.3480121745488738, "clock": 1.1905136509519312, "donut": 1.0626802794420462, "book": 0.8744936031956937, "person": 0.5133650610426934, "cell phone": 0.4638437783533423}