{"hot dog": 5.879343536970821, "hair drier": 4.338087490137646, "laptop": 3.2406569498169495, "book": 2.46984735249397, "stop sign": 1.9446366690996992, "tv": 1.8794073338375772, "train": 1.8450836301170261, "frisbee": 1.6749326089433267, "couch": 1.6187194641027742, "bowl": 1.577768860489679, "cell phone": 1.2259677638437076, "potted plant": 1.1973050545869317, "clock": 1.1046835647065352, "car": 0.9135865227976063, "tie": 0.8356119943203706, "person": 0.3812785400890493}