{"handbag": 5.331694105995435, "microwave": 4.950395671322079, "chair": 3.6733012822877704, "backpack": 3.080528810214068, "stop sign": 2.1380357059458888, "oven": 2.090888927520187, "remote": 2.0843315269740277, "wine glass": 1.9643722118950486, "bottle": 1.8926935890495256, "book": 1.7489872063913874, "potted plant": 1.6989364712575066, "orange": 1.6766901394432678, "scissors": 1.611472501131888, "cell phone": 1.391531335060027, "car": 1.374976536187229, "clock": 1.1905136509519312, "dining table": 0.8852727374505208, "person": 0.5749688683678166, "tv": 0.43517026252208024}