{"train": 3.518411648212527, "cat": 2.511915265817552, "horse": 1.9517838810674073, "motorcycle": 1.7991070408584495, "tie": 1.7173700907468132, "bird": 1.5415193122551119, "book": 1.4241923769487104, "tv": 1.2194976921646796, "cell phone": 0.7153538665940896, "person": 0.4138383061970115}