{"sports ball": 7.406399064405479, "stop sign": 3.9094358091509323, "skateboard": 3.7892661876765326, "bench": 3.257571899979371, "bus": 3.180329884004883, "surfboard": 2.6478650851354115, "tv": 2.1796051412001365, "frisbee": 1.6370985498090511, "dining table": 1.1758981633299137, "cake": 1.0292946891380386, "car": 0.8356735770901504, "tie": 0.47332189248111683, "person": 0.224939929142677}