{"bus": 8.419009720738742, "toilet": 3.4994837541395265, "baseball bat": 3.167706361822521, "teddy bear": 2.80756338317582, "sports ball": 1.7814120007026304, "umbrella": 1.6442108791891454, "stop sign": 1.639095778522375, "cake": 1.235332798484741, "cup": 1.03807507561883, "person": 0.5892216890701952, "tv": 0.5005072906473713}