{"motorcycle": 8.946317285078013, "toothbrush": 3.7428940424201746, "cup": 3.5599726339925803, "oven": 3.2481978005840673, "book": 1.9119138600388383, "suitcase": 1.446327021751692, "chair": 1.2918889443078556, "car": 0.09483658282649328, "person": 0.09164855994184552}