{"horse": 5.855351643202222, "cake": 5.460573392383643, "bird": 4.624557936765336, "sheep": 4.223909766576744, "umbrella": 3.9119376193171056, "teddy bear": 2.523468553103192, "keyboard": 2.2638149825294747, "scissors": 1.929356845279963, "skateboard": 1.866836488298629, "banana": 1.848074211843106, "bottle": 1.8241979628519758, "stop sign": 1.6361457313490362, "book": 1.4241923769487104, "clock": 0.8029097576184093, "cell phone": 0.7153538665940896, "tv": 0.522641868070577, "person": 0.2865034427517772}