{"bottle": 3.6483959257039515, "couch": 2.7377700704871377, "keyboard": 2.2638149825294747, "banana": 1.848074211843106, "bench": 1.5949027728149872, "cell phone": 1.4307077331881792, "cake": 1.3651433480959108, "chair": 1.2805239733949625, "person": 0.9550114758392574, "tv": 0.8710697801176283}