{"stop sign": 4.130134137294563, "backpack": 2.774087598363517, "laptop": 2.6610538479934114, "scissors": 1.6754753096954074, "clock": 1.551712224218449, "keyboard": 1.4059572078712976, "remote": 1.3601780702106532, "cell phone": 0.6503072180686689, "tv": 0.6477914605077727, "person": 0.5170423885127492}