{"teddy bear": 5.971096769227323, "oven": 5.380051791919379, "refrigerator": 4.320484716898169, "potted plant": 3.970799192249699, "book": 3.2968113665813568, "microwave": 3.021724853828245, "chair": 2.63343315429736, "remote": 1.9593156138240955, "vase": 1.6727862792521229, "sports ball": 1.4812798128810958, "tie": 1.4199656774433504, "couch": 1.4109544961603655, "bowl": 1.2627181710719977, "dining table": 1.1758981633299137, "tv": 1.0898025706000682, "cake": 1.0292946891380386, "bottle": 0.8599355707996552, "person": 0.2099439338664985}