{"boat": 5.453024527883891, "potted plant": 5.09680941377252, "wine glass": 3.9287444237900973, "cell phone": 3.7107502268267383, "chair": 3.6733012822877704, "couch": 3.235202446146523, "bowl": 2.5003131537040897, "vase": 2.3571067509779193, "cup": 2.33265289263375, "sink": 2.1041341542702074, "oven": 2.090888927520187, "laptop": 1.7256977185499625, "umbrella": 1.7031233965114234, "knife": 1.7031233965114234, "sandwich": 1.6766901394432678, "broccoli": 1.6094379124341003, "pizza": 1.5502490410437697, "bed": 1.3480121745488738, "bottle": 1.261795726033017, "dining table": 0.8852727374505208, "person": 0.616038073251232, "tv": 0.43517026252208024}