{"airplane": 5.216170017525241, "traffic light": 3.2255203675868693, "bear": 2.8675217967176287, "toothbrush": 2.6423740822412527, "refrigerator": 2.2845370231223425, "donut": 2.0927750725493013, "elephant": 1.7934164704356845, "tv": 1.7445849146202974, "banana": 1.5360397474792327, "dining table": 1.382988572985391, "bench": 1.261910641432155, "bottle": 1.1859247344542332, "tie": 1.156550125774329, "car": 0.950392120825863, "bird": 0.7687845947655653, "cat": 0.5385235756824917, "dog": 0.44514950490503313, "person": 0.3887916473182301}