{"train": 4.061255584653231, "horse": 2.3633335461523512, "scissors": 1.968450547374724, "teddy bear": 1.40378169158791, "cake": 1.235332798484741, "person": 0.1473054222675488}