{"tie": 3.6611115871826025, "car": 2.276077987835839, "tv": 1.6698013663483808, "bus": 1.5841793198458307, "cell phone": 0.7817532136358026, "truck": 0.6714291781609434, "person": 0.24439615984492138}