{"motorcycle": 13.012825141931657, "skateboard": 7.9126529823201555, "backpack": 7.010391162012312, "zebra": 5.709006898793008, "traffic light": 4.901681095496382, "horse": 3.4502244284573544, "kite": 3.10104015624778, "cat": 3.0699495691777487, "car": 2.9399340676212917, "train": 1.5934601289203036, "bus": 1.5841793198458307, "cell phone": 1.5635064272716053, "truck": 1.3428583563218868, "tie": 1.2203705290608675, "tv": 0.8349006831741904, "person": 0.8248370394766097}