{"tie": 2.5068359829611118, "train": 1.8450836301170261, "dog": 1.7863583441042437, "laptop": 1.6203284749084748, "tv": 1.1959864851693673, "clock": 1.1046835647065352, "cell phone": 0.40865592128123585, "person": 0.2760982531679323}