{"orange": 5.447566776104745, "bowl": 3.155537720979358, "apple": 2.1490262234405875, "banana": 1.7731381326761089, "donut": 1.752710309986011, "bottle": 0.9649216223313766, "cup": 0.831285720118004, "tv": 0.5125656365011574, "person": 0.19721303797709447}