{"pizza": 4.591834686510083, "tv": 3.5879594555081016, "frisbee": 3.3498652178866535, "bowl": 3.155537720979358, "broccoli": 2.951793129017755, "hot dog": 2.9396717684854106, "sandwich": 2.8152175940120046, "orange": 2.7237833880523725, "cell phone": 2.4519355276874153, "remote": 2.1965876346395263, "cake": 2.141307632240448, "train": 1.8450836301170261, "bench": 1.653064622306746, "teddy bear": 1.3423552165836548, "tie": 1.2534179914805559, "bottle": 0.9649216223313766, "person": 0.7888521519083779}