{"sports ball": 3.0940125889427423, "baseball glove": 2.852729043266902, "cat": 2.511915265817552, "banana": 1.848074211843106, "train": 1.7592058241062636, "tie": 1.7173700907468132, "cell phone": 1.4307077331881792, "cake": 1.3651433480959108, "car": 1.095396381788935, "tv": 0.522641868070577, "person": 0.4138383061970115}