{"traffic light": 8.297903412307495, "bench": 4.784708318444961, "keyboard": 4.527629965058949, "sheep": 4.223909766576744, "cake": 2.7302866961918215, "bed": 2.013439962490504, "truck": 1.8801827302515235, "umbrella": 1.3039792064390352, "chair": 1.2805239733949625, "tv": 0.17421395602352566, "person": 0.09550114758392574}