{"dog": 28.473518967414208, "couch": 17.803119265280284, "frisbee": 15.327844489281588, "sports ball": 11.557424300739651, "carrot": 7.21612048879685, "bowl": 6.845304054179577, "dining table": 6.617214671891866, "bed": 5.012707845853602, "person": 4.942022338962893, "cat": 4.433274671919965, "potted plant": 4.013458813852439, "banana": 3.489726490037387, "bicycle": 3.0893881932622893, "chair": 2.494793197095802, "vase": 2.360522930100265, "apple": 2.221524055293609, "cow": 1.4407295676749077, "teddy bear": 1.4337608983588144, "bird": 1.0375981829129635, "tv": 0.7528409443684292}