{"train": 38.243043094087284, "traffic light": 3.2677873969975884, "dining table": 2.456420016582495, "cup": 1.7799863169962902, "airplane": 1.3110366137219898, "car": 0.09483658282649328, "person": 0.04582427997092276}