{"laptop": 4.026296664986307, "cake": 3.5238333629099188, "knife": 3.1879255788271, "bowl": 3.1286060628020858, "sports ball": 2.9534099441661144, "oven": 2.7667121137507964, "kite": 2.193792360189011, "vase": 2.1763246671486196, "toothbrush": 1.8951572757180326, "dog": 1.655163034051967, "umbrella": 1.655163034051967, "bottle": 1.5671155830462236, "dining table": 1.3458653711242459, "clock": 1.043666537070793, "tv": 0.7392026027169442, "cell phone": 0.5223723535201206, "tie": 0.26310127469615985, "person": 0.20009936460990188}