{"couch": 9.87668147312256, "bed": 4.165711244330485, "bottle": 3.439742283198621, "surfboard": 2.6478650851354115, "chair": 2.63343315429736, "tennis racket": 2.6162597457200802, "dining table": 2.3517963266598274, "toothbrush": 1.8058234786370349, "frisbee": 1.6370985498090511, "sports ball": 1.4812798128810958, "book": 1.0989371221937856, "cup": 0.7662313683680494, "cell phone": 0.3975394701789573, "person": 0.224939929142677, "tv": 0.21796051412001363}