{"donut": 5.313401397210232, "suitcase": 2.3873816296541226, "umbrella": 1.7031233965114234, "orange": 1.6766901394432678, "apple": 1.5521665871730415, "cake": 1.5452960592906237, "tie": 1.5417780284802647, "cell phone": 0.9276875567066846, "book": 0.8744936031956937, "cup": 0.5831632231584375, "person": 0.43122665127586246}