{"tie": 4.5958659687620385, "dog": 1.7863583441042437, "laptop": 1.6203284749084748, "chair": 1.5104925761360666, "cell phone": 1.2259677638437076, "tv": 1.0251312730023148, "bottle": 0.9649216223313766, "person": 0.3023933248982115}