{"bicycle": 2.3556063456562186, "tv": 1.743684112960109, "sports ball": 1.4812798128810958, "tie": 1.4199656774433504, "chair": 1.31671657714868, "cell phone": 1.192618410536872, "bottle": 0.8599355707996552, "car": 0.8356735770901504, "person": 0.17995194331414158}