{"baseball glove": 3.5408000503251036, "clock": 3.3140506941196053, "couch": 3.2374389282055485, "microwave": 3.1316786310138287, "tv": 3.075393819006944, "horse": 2.60924184632016, "remote": 2.1965876346395263, "train": 1.8450836301170261, "bird": 1.8390534610904348, "laptop": 1.6203284749084748, "chair": 1.5104925761360666, "umbrella": 1.503440454079581, "tie": 1.2534179914805559, "cell phone": 1.2259677638437076, "car": 0.9135865227976063, "cup": 0.831285720118004, "person": 0.5390489704707249}