{"horse": 45.172031939517105, "chair": 0.9964024264746961, "car": 0.950392120825863, "person": 0.6560859048495133}