{"snowboard": 4.343480693810564, "toilet": 3.51057157087546, "sports ball": 2.9625596257621916, "surfboard": 2.6478650851354115, "sink": 2.5069072087927164, "airplane": 2.4755320862249626, "backpack": 2.365933459812068, "banana": 1.6693320443840354, "laptop": 1.5834707537776431, "tie": 1.4199656774433504, "bed": 1.388570414776828, "tv": 1.0898025706000682, "car": 0.8356735770901504, "cell phone": 0.3975394701789573, "person": 0.21744193150458774}