{"baseball glove": 3.2749369558167296, "refrigerator": 1.9592601619107923, "remote": 1.7986594473180517, "banana": 1.6654990433826293, "bottle": 1.5671155830462236, "couch": 1.3234763762307673, "car": 0.8152371200620754, "cell phone": 0.7835585302801809, "cup": 0.6862944860979048, "tv": 0.3696013013584721, "person": 0.18629940842990864}