{"bed": 5.392048698195495, "handbag": 5.331694105995435, "cell phone": 3.7107502268267383, "vase": 3.5356601264668788, "skateboard": 2.5556432008797785, "wine glass": 1.9643722118950486, "couch": 1.6176012230732615, "tv": 1.3055107875662406, "bottle": 1.261795726033017, "cup": 1.166326446316875, "tie": 0.7708890142401323, "person": 0.616038073251232}