{"couch": 5.643817984641462, "bed": 4.165711244330485, "potted plant": 3.970799192249699, "toilet": 3.51057157087546, "traffic light": 2.714240154080284, "sandwich": 2.4047390342338635, "clock": 2.3412976148875404, "cat": 2.2122772175721384, "scissors": 2.168728972326403, "toothbrush": 1.8058234786370349, "bench": 1.6287859499896855, "handbag": 1.6091131843909807, "tie": 1.4199656774433504, "chair": 1.31671657714868, "cell phone": 1.192618410536872, "book": 1.0989371221937856, "tv": 0.8718420564800545, "bottle": 0.8599355707996552, "car": 0.8356735770901504, "cup": 0.7662313683680494, "person": 0.224939929142677}