{"motorcycle": 9.759618856448743, "backpack": 4.673594108008208, "sink": 3.298208221158729, "traffic light": 3.2677873969975884, "microwave": 3.177580233370114, "bed": 2.8028867839287033, "dog": 2.063930067337464, "skateboard": 1.9781632455800389, "bench": 1.9248172648747461, "potted plant": 1.7884489909150239, "bus": 1.5841793198458307, "car": 0.9483658282649328, "cell phone": 0.7817532136358026, "truck": 0.6714291781609434, "person": 0.30549519980615175}