{"dog": 2.063930067337464, "cup": 1.7799863169962902, "motorcycle": 1.6266031427414571, "car": 1.6122219080503857, "bottle": 1.4958216593563876, "suitcase": 1.446327021751692, "truck": 1.007143767241415, "person": 0.15274759990307588}