{"mouse": 6.764685161797051, "keyboard": 2.2638149825294747, "traffic light": 2.0744758530768737, "cup": 1.785047055290151, "cell phone": 1.4307077331881792, "book": 1.4241923769487104, "clock": 0.8029097576184093, "tv": 0.6968558240941026, "person": 0.4456720220583201}