{"backpack": 7.097800379436205, "train": 4.003349775326474, "cow": 3.278769956818136, "handbag": 3.2182263687819614, "tie": 2.839931354886701, "cake": 1.0292946891380386, "bottle": 0.8599355707996552, "chair": 0.65835828857434, "tv": 0.43592102824002726, "cell phone": 0.3975394701789573, "person": 0.224939929142677}