{"refrigerator": 3.9185203238215847, "oven": 2.7667121137507964, "sink": 2.751207927214831, "backpack": 2.1982073783981275, "remote": 1.7986594473180517, "bottle": 1.5671155830462236, "bed": 1.5072750381677351, "cell phone": 1.3059308838003014, "chair": 0.594093347216777, "tv": 0.3696013013584721, "person": 0.20699934269989848}