{"book": 32.86330809561562, "stop sign": 18.030053563746126, "horse": 2.3633335461523512, "dog": 1.9972295119247674, "person": 0.1473054222675488}