{"potted plant": 4.963498990312123, "sink": 2.5069072087927164, "backpack": 2.365933459812068, "dining table": 2.3517963266598274, "chair": 1.97507486572302, "bench": 1.6287859499896855, "cup": 1.5324627367360988, "tv": 1.5257235988400955, "umbrella": 1.4971188769108417, "clock": 1.1706488074437702, "book": 1.0989371221937856, "tie": 0.9466437849622337, "bottle": 0.8599355707996552, "cell phone": 0.7950789403579146, "person": 0.20244593622840928}