{"truck": 6.078020964968303, "train": 4.003349775326474, "bed": 2.777140829553656, "cat": 2.2122772175721384, "boat": 2.089560772797799, "toothbrush": 1.8058234786370349, "bench": 1.6287859499896855, "cell phone": 1.192618410536872, "potted plant": 0.9926997980624247, "car": 0.8356735770901504, "tie": 0.47332189248111683, "person": 0.16495594803796312}