{"bird": 5.187990914564818, "stop sign": 4.756445014399332, "mouse": 4.052198940771337, "keyboard": 3.312531744576499, "cell phone": 3.095290587199081, "zebra": 3.0713696877596113, "bench": 2.923863550651021, "vase": 2.360522930100265, "bowl": 2.281768018059859, "person": 2.1621347732962657, "frisbee": 1.7030938321423987, "cake": 1.6717713610133575, "book": 1.5792684820300527, "cat": 1.4777582239733216, "tie": 1.4512744808515226, "bottle": 1.4131416111560786, "potted plant": 1.3378196046174795, "dog": 1.3243497194146143}