{"tie": 2.104810197569279, "tv": 1.9712069405785178, "toothbrush": 1.8951572757180326, "cake": 1.174611120969973, "book": 1.0981212501117172, "cup": 0.6862944860979048, "person": 0.20699934269989848}