{"sandwich": 5.030070418329803, "baseball glove": 4.311409067459929, "bowl": 4.167188589506816, "knife": 3.406246793022847, "pizza": 3.1004980820875394, "microwave": 2.4751978356610396, "cake": 2.3179440889359357, "hot dog": 2.1589423907652026, "donut": 2.1253605588840925, "oven": 2.090888927520187, "spoon": 1.9908054689632042, "chair": 1.8366506411438852, "book": 1.7489872063913874, "broccoli": 1.6094379124341003, "apple": 1.5521665871730415, "car": 1.374976536187229, "bottle": 1.261795726033017, "cup": 1.166326446316875, "potted plant": 0.8494682356287533, "person": 0.4928304586009856}