{"umbrella": 3.5939677867297224, "frisbee": 2.9820882133864144, "truck": 2.01428753448283, "skateboard": 1.9781632455800389, "bench": 1.9248172648747461, "car": 1.8967316565298655, "bicycle": 1.8289169404678705, "tv": 1.6698013663483808, "traffic light": 1.6338936984987942, "bus": 1.5841793198458307, "bottle": 1.4958216593563876, "clock": 1.2747945109485554, "person": 0.3513194797770745}