{"airplane": 5.162507438499886, "suitcase": 2.1394806833858695, "bird": 1.5415193122551119, "tie": 0.8586850453734066, "cell phone": 0.7153538665940896, "person": 0.5411731696422458, "tv": 0.17421395602352566}