{"bird": 15.375691895311306, "bench": 1.261910641432155, "cat": 0.5385235756824917, "dog": 0.44514950490503313}