{"frisbee": 4.749782835436971, "bench": 3.2495619007276884, "hot dog": 2.891354558958073, "tv": 2.833609977081619, "sandwich": 2.7904286403681122, "cup": 2.745177944391619, "suitcase": 2.562496572322105, "dog": 1.655163034051967, "umbrella": 1.655163034051967, "car": 1.6304742401241508, "sports ball": 1.4767049720830572, "teddy bear": 1.4470417802594981, "laptop": 1.342098888328769, "cell phone": 1.3059308838003014, "tie": 1.0524050987846394, "bottle": 0.7835577915231118, "chair": 0.594093347216777, "person": 0.3380989264098342}