{"teddy bear": 2.8940835605189963, "cat": 2.2342473148813244, "refrigerator": 1.9592601619107923, "banana": 1.6654990433826293, "umbrella": 1.655163034051967, "bed": 1.5072750381677351, "laptop": 1.342098888328769, "cake": 1.174611120969973, "tie": 0.7893038240884795, "chair": 0.594093347216777, "tv": 0.49280173514462944, "person": 0.0827997370799594}