{"cup": 2.9350083235977737, "bottle": 2.3197223383952394, "tv": 1.7274438946873938, "clock": 1.551712224218449, "laptop": 0.8870179493311372, "cell phone": 0.6503072180686689, "person": 0.5997691706747891}