{"stop sign": 7.31512882709264, "clock": 3.1309996112123786, "backpack": 2.1982073783981275, "train": 1.9017146762641917, "tie": 1.578607648176959, "car": 0.8152371200620754, "tv": 0.49280173514462944, "person": 0.18629940842990864}