{"donut": 4.704215179350306, "wine glass": 3.8318676788007204, "couch": 2.7377700704871377, "umbrella": 2.6079584128780704, "stop sign": 1.6361457313490362, "cell phone": 1.4307077331881792, "tv": 1.045283736141154, "tie": 0.8586850453734066, "clock": 0.8029097576184093, "person": 0.7958428965327144}