{"truck": 10.115544799562938, "cake": 6.1766639924237055, "suitcase": 5.337430391407066, "teddy bear": 2.80756338317582, "car": 2.4435924255344155, "train": 2.0306277923266154, "clock": 0.8395681944038579, "cell phone": 0.6877137268369498, "person": 0.1473054222675488}