{"giraffe": 8.556306216275267, "banana": 5.2401793281442215, "bird": 4.223466303374745, "zebra": 4.209160236650682, "truck": 4.0462179198251755, "sheep": 3.2796242780265064, "elephant": 3.167706361822521, "teddy bear": 2.80756338317582, "suitcase": 2.668715195703533, "refrigerator": 2.586477097466561, "cake": 2.470665596969482, "cat": 2.2680233663480265, "dog": 1.9972295119247674, "sports ball": 1.7814120007026304, "apple": 1.7524244638293782, "donut": 1.6188930712048555, "bowl": 1.6089427403516874, "chair": 0.9678708169455813, "book": 0.9665678851651653, "person": 0.4419162668026464}