{"dog": 16.55437149268268, "person": 6.177527923703616, "snowboard": 5.150811229439447, "frisbee": 5.109281496427196, "skis": 4.531772021033223, "backpack": 3.2049010803841336, "bicycle": 3.0893881932622893, "bench": 2.923863550651021, "bottle": 2.8262832223121572, "dining table": 1.6543036679729666, "cat": 1.4777582239733216, "cup": 1.4512744808515226, "potted plant": 1.3378196046174795, "tv": 0.7528409443684292}