{"car": 5.4815191367856375, "teddy bear": 5.369420866334619, "frisbee": 3.3498652178866535, "keyboard": 3.068052935133617, "kite": 2.211017899468555, "banana": 1.7731381326761089, "sports ball": 1.432920573324734, "cake": 1.070653816120224, "cup": 0.831285720118004, "tv": 0.5125656365011574, "person": 0.3418359324936304}