{"sink": 5.8221069068733495, "chair": 2.1842859902853373, "suitcase": 2.030247303488054, "train": 1.9604942647277046, "airplane": 1.7025039820833268, "clock": 1.551712224218449, "keyboard": 1.4059572078712976, "bottle": 1.1598611691976197, "tie": 0.8618819760595949, "tv": 0.43186097367184845, "person": 0.22749865094560964}