{"tennis racket": 2.822726792963103, "tie": 2.5760551361202197, "truck": 1.8801827302515235, "kite": 1.643692936984419, "stop sign": 1.6361457313490362, "umbrella": 1.3039792064390352, "chair": 1.2805239733949625, "car": 1.095396381788935, "tv": 0.6968558240941026, "person": 0.4775057379196287}