{"car": 6.6853886167212035, "backpack": 4.731866919624136, "truck": 4.052013976645536, "traffic light": 2.714240154080284, "oven": 2.6900258959596894, "motorcycle": 2.302260364950926, "refrigerator": 2.1602423584490844, "skateboard": 1.8946330938382663, "bench": 1.6287859499896855, "cell phone": 0.7950789403579146, "person": 0.19494793859032006}