{"tennis racket": 2.6162597457200802, "broccoli": 2.4047390342338635, "backpack": 2.365933459812068, "cat": 2.2122772175721384, "cake": 2.058589378276077, "pizza": 2.0459081426400627, "stop sign": 1.9547179045754661, "dog": 1.676252487228609, "tv": 1.5257235988400955, "tie": 1.4199656774433504, "couch": 1.4109544961603655, "potted plant": 0.9926997980624247, "cell phone": 0.7950789403579146, "person": 0.14995995276178464}