{"elephant": 6.894785338507857, "surfboard": 5.295730170270823, "bench": 4.886357849969056, "airplane": 2.4755320862249626, "motorcycle": 2.302260364950926, "cat": 2.2122772175721384, "boat": 2.089560772797799, "bird": 1.8669422936930804, "dog": 1.676252487228609, "couch": 1.4109544961603655, "bed": 1.388570414776828, "cake": 1.0292946891380386, "potted plant": 0.9926997980624247, "person": 0.17995194331414158}