{"bed": 4.165711244330485, "cake": 2.058589378276077, "frisbee": 1.6370985498090511, "chair": 1.31671657714868, "book": 1.0989371221937856, "car": 0.8356735770901504, "cup": 0.7662313683680494, "tie": 0.47332189248111683, "tv": 0.43592102824002726, "cell phone": 0.3975394701789573, "person": 0.224939929142677}