{"handbag": 5.0032030567203405, "dog": 4.006345544145298, "dining table": 2.765977145970782, "book": 2.5179818626576407, "carrot": 2.198881578543849, "cat": 2.1540943027299666, "bed": 2.0473536887887107, "sports ball": 1.7448632450186936, "tv": 1.7445849146202974, "sheep": 1.658642069571565, "frisbee": 1.4477471403335542, "couch": 1.322169832950352, "bench": 1.261910641432155, "tie": 1.156550125774329, "potted plant": 1.0953065005336102, "chair": 0.9964024264746961, "bowl": 0.943988683790656, "person": 0.3887916473182301}