{"stop sign": 4.908971500056258, "tie": 3.6611115871826025, "parking meter": 3.0397965310070614, "handbag": 2.439981290239335, "car": 2.276077987835839, "person": 0.259670919835229}