{"motorcycle": 4.879809428224371, "stop sign": 3.272647666704172, "sports ball": 3.0699495691777487, "frisbee": 2.9820882133864144, "traffic light": 1.6338936984987942, "car": 1.6122219080503857, "tie": 1.2203705290608675, "truck": 0.3357145890804717, "person": 0.061099039961230346}