{"cake": 2.3179440889359357, "donut": 2.1253605588840925, "knife": 1.7031233965114234, "clock": 1.1905136509519312, "cup": 1.166326446316875, "book": 0.8744936031956937, "potted plant": 0.8494682356287533, "tie": 0.7708890142401323, "bottle": 0.6308978630165085, "person": 0.616038073251232, "cell phone": 0.4638437783533423, "tv": 0.43517026252208024}