{"cell phone": 3.576769332970448, "tie": 3.4347401814936265, "toothbrush": 3.017938959588135, "remote": 2.784074638528824, "apple": 2.5338139511251896, "car": 2.19079276357787, "frisbee": 2.174927432381617, "bed": 2.013439962490504, "truck": 1.8801827302515235, "person": 0.8913440441166403, "tv": 0.17421395602352566}