{"fork": 4.278153108137634, "tv": 4.0040583251789705, "umbrella": 3.288421758378291, "sandwich": 3.179540819469524, "tie": 3.1017179546644265, "knife": 2.806336573579581, "cake": 1.235332798484741, "person": 1.104790667006616, "book": 0.9665678851651653}