{"mouse": 3.224100249005007, "fire hydrant": 2.5016254533505418, "bench": 1.9248172648747461, "stop sign": 1.636323833352086, "traffic light": 1.6338936984987942, "train": 1.5934601289203036, "clock": 1.2747945109485554, "motorcycle": 0.8133015713707286, "truck": 0.3357145890804717, "car": 0.28450974847947985, "person": 0.061099039961230346}