{"carrot": 6.957964162729193, "bowl": 6.667501743210906, "apple": 6.208666348692166, "pizza": 6.200996164175079, "wine glass": 5.893116635685146, "broccoli": 4.828313737302301, "dining table": 4.426363687252604, "sandwich": 3.3533802788865357, "fork": 2.4800404601368276, "cup": 1.7494896694753126, "orange": 1.6766901394432678, "bottle": 1.261795726033017, "vase": 1.1785533754889597, "donut": 1.0626802794420462, "potted plant": 0.8494682356287533, "tv": 0.43517026252208024, "person": 0.16427681953366188}