{"truck": 11.28109638150914, "car": 10.953963817889349, "kite": 8.218464684922095, "traffic light": 6.223427559230621, "potted plant": 5.757980012760077, "vase": 4.186599876645018, "bench": 3.1898055456299743, "bus": 2.9374357407390645, "bicycle": 2.8784373999771087, "backpack": 2.7242867201498506, "skateboard": 1.866836488298629, "banana": 1.848074211843106, "train": 1.7592058241062636, "stop sign": 1.6361457313490362, "umbrella": 1.3039792064390352, "teddy bear": 1.261734276551596, "clock": 0.8029097576184093, "person": 0.7640091806714059, "cell phone": 0.7153538665940896}