{"cell phone": 2.860591448968651, "toothbrush": 1.9648848299296466, "tie": 1.2534179914805559, "tv": 0.6834208486682098, "person": 0.39442607595418894}