{"suitcase": 2.3921773410823324, "truck": 2.179541767366538, "tv": 1.3668416973364197, "clock": 1.1046835647065352, "cup": 0.831285720118004, "cell phone": 0.8173118425624717, "tie": 0.4178059971601853, "person": 0.3681310042239097}