{"bus": 2.9374357407390645, "cake": 2.7302866961918215, "clock": 1.6058195152368187, "umbrella": 1.3039792064390352, "cell phone": 0.7153538665940896, "person": 0.09550114758392574}