{"backpack": 10.897146880599403, "skateboard": 5.600509464895887, "tv": 3.3100651644469874, "car": 3.286189145366805, "handbag": 2.94297592111468, "bicycle": 2.8784373999771087, "cell phone": 2.8614154663763585, "traffic light": 2.0744758530768737, "person": 1.9100229516785148, "truck": 1.8801827302515235, "airplane": 1.7208358128332952, "kite": 1.643692936984419, "clock": 1.6058195152368187, "bench": 1.5949027728149872, "sports ball": 1.5470062944713712, "book": 1.4241923769487104, "umbrella": 1.3039792064390352, "chair": 1.2805239733949625, "tie": 0.8586850453734066}