{"bowl": 11.364463539647979, "spoon": 8.419840422633897, "cake": 8.234357513104309, "bottle": 3.439742283198621, "cup": 3.0649254734721976, "potted plant": 2.978099394187274, "knife": 2.7593605893607536, "oven": 2.6900258959596894, "car": 2.507020731270451, "broccoli": 2.4047390342338635, "suitcase": 2.3624792249439808, "bicycle": 2.3556063456562186, "dining table": 2.3517963266598274, "apple": 2.0064941740991857, "train": 2.001674887663237, "stop sign": 1.9547179045754661, "vase": 1.6727862792521229, "handbag": 1.6091131843909807, "donut": 1.5507830186480693, "couch": 1.4109544961603655, "book": 1.0989371221937856, "tv": 0.8718420564800545, "cell phone": 0.3975394701789573, "person": 0.19494793859032006}