{"car": 5.728277772614932, "sink": 2.9110534534366748, "dog": 2.33454317660249, "bottle": 2.3197223383952394, "boat": 2.0769483965340343, "truck": 1.912041881341758, "microwave": 1.8853736342595966, "laptop": 1.7740358986622744, "cake": 1.7274706048137878, "dining table": 1.5765353618405038, "potted plant": 1.2585209015394874, "tv": 0.43186097367184845, "person": 0.3722705197291794}