{"keyboard": 4.527629965058949, "car": 2.19079276357787, "scissors": 1.929356845279963, "airplane": 1.7208358128332952, "cake": 1.3651433480959108, "cell phone": 0.7153538665940896, "tv": 0.3484279120470513, "person": 0.06366743172261716}