{"sandwich": 22.25678573628667, "dining table": 18.927256758168433, "bowl": 12.871541922813499, "cake": 7.4119967909084465, "carrot": 5.801654834001007, "spoon": 3.4056649989218712, "cup": 3.11422522685649, "potted plant": 2.775562700482938, "broccoli": 2.6615977279346694, "pizza": 2.599722324216582, "orange": 2.379249001458251, "apple": 1.7524244638293782, "banana": 1.7467264427147404, "donut": 1.6188930712048555, "bottle": 1.3469593557212138, "person": 0.2946108445350976}