{"hot dog": 3.2283309836389558, "handbag": 2.379249001458251, "stop sign": 1.639095778522375, "tie": 1.5508589773322132, "person": 1.104790667006616, "tv": 0.25025364532368566}