{"chair": 3.2917914428717, "tv": 2.39756565532015, "tie": 2.366609462405584, "clock": 2.3412976148875404, "wine glass": 2.2122772175721384, "potted plant": 1.9853995961248494, "stop sign": 1.9547179045754661, "couch": 1.4109544961603655, "cell phone": 1.192618410536872, "book": 1.0989371221937856, "cake": 1.0292946891380386, "person": 0.224939929142677}