{"cow": 4.3221887030247235, "sheep": 3.720558831329622, "bear": 3.2742717287012026, "cat": 2.2166373359599825, "dog": 1.9865245791219215, "clock": 1.870974704781559, "book": 1.5792684820300527, "tv": 1.5056818887368584, "bench": 1.4619317753255106, "car": 1.2531769614634005, "person": 1.2355055847407233}