{"tennis racket": 5.645453585926206, "baseball bat": 5.5305894877544555, "sports ball": 4.641018883414113, "baseball glove": 2.852729043266902, "clock": 2.408729272855228, "keyboard": 2.2638149825294747, "book": 1.4241923769487104, "umbrella": 1.3039792064390352, "tv": 0.6968558240941026, "person": 0.604840601364863}