{"bird": 28.445030006325915, "apple": 6.14059611373567, "teddy bear": 5.001130413748144, "sheep": 3.31728413914313, "potted plant": 3.285919501600831, "orange": 2.553426596224756, "cow": 2.4212346940892093, "carrot": 2.198881578543849, "truck": 1.9609229414444984, "umbrella": 1.9376660792802312, "banana": 1.5360397474792327, "bear": 1.4337608983588144, "book": 1.2589909313288203, "tie": 1.156550125774329, "dog": 0.8902990098100663, "person": 0.5831874709773452}