{"remote": 6.589762903918579, "cell phone": 4.086559212812358, "tv": 3.4171042433410492, "cup": 3.325142880472016, "laptop": 3.2406569498169495, "keyboard": 3.068052935133617, "sink": 2.989064523814987, "sports ball": 2.865841146649468, "horse": 2.60924184632016, "pizza": 2.2959173432550415, "toothbrush": 1.9648848299296466, "frisbee": 1.6749326089433267, "potted plant": 1.1973050545869317, "clock": 1.1046835647065352, "bottle": 0.9649216223313766, "person": 0.7888521519083779}