{"skateboard": 1.8946330938382663, "potted plant": 0.9926997980624247, "tie": 0.47332189248111683, "person": 0.224939929142677}