{"toothbrush": 8.376590167299069, "tv": 4.351702625220803, "cell phone": 3.246906448473396, "train": 2.52471290018842, "microwave": 2.4751978356610396, "cat": 2.2705823619078718, "donut": 2.1253605588840925, "dog": 1.9789710113162013, "wine glass": 1.9643722118950486, "handbag": 1.777231368665145, "book": 1.7489872063913874, "laptop": 1.7256977185499625, "scissors": 1.611472501131888, "broccoli": 1.6094379124341003, "teddy bear": 1.5893165092346793, "tie": 1.5417780284802647, "banana": 1.3309442660367257, "bottle": 1.261795726033017, "person": 1.232076146502464}