{"dog": 2.1800954025400596, "vase": 2.093299938322509, "traffic light": 2.0744758530768737, "potted plant": 1.9193266709200256, "bench": 1.5949027728149872, "cell phone": 1.4307077331881792, "chair": 1.2805239733949625, "clock": 0.8029097576184093, "person": 0.38200459033570294, "tv": 0.3484279120470513}