{"truck": 7.385720959770377, "traffic light": 1.6338936984987942, "car": 0.5690194969589597, "person": 0.30549519980615175}