{"banana": 2.9453868465359867, "car": 1.991568239356359, "truck": 1.007143767241415, "tv": 0.8349006831741904, "motorcycle": 0.8133015713707286, "person": 0.259670919835229}