{"motorcycle": 9.036378249989003, "umbrella": 5.10937018953427, "tv": 4.351702625220803, "tie": 3.8544450712006615, "truck": 2.8381033293504077, "car": 2.749953072374458, "clock": 2.3810273019038624, "cell phone": 2.3192188917667114, "cat": 2.2705823619078718, "dog": 1.9789710113162013, "bird": 1.8494919358966266, "person": 1.1088685318522178, "cake": 0.7726480296453119, "bottle": 0.6308978630165085}