{"boat": 16.716486182382393, "surfboard": 5.295730170270823, "fire hydrant": 3.5325504775942353, "dog": 3.352504974457218, "backpack": 2.365933459812068, "truck": 2.026006988322768, "car": 1.6713471541803009, "donut": 1.5507830186480693, "chair": 1.31671657714868, "bowl": 1.2627181710719977, "bottle": 0.8599355707996552, "cup": 0.7662313683680494, "person": 0.224939929142677}