{"orange": 2.7237833880523725, "kite": 2.211017899468555, "car": 1.8271730455952127, "frisbee": 1.6749326089433267, "umbrella": 1.503440454079581, "dining table": 1.4196577794463237, "book": 1.234923676246985, "clock": 1.1046835647065352, "tv": 0.8542760608352623, "cell phone": 0.8173118425624717, "chair": 0.7552462880680333, "person": 0.2760982531679323}