{"apple": 6.581377080567032, "bed": 3.0145500763354702, "chair": 2.376373388867108, "book": 2.1962425002234345, "remote": 1.7986594473180517, "banana": 1.6654990433826293, "tie": 1.578607648176959, "bottle": 1.5671155830462236, "clock": 1.043666537070793, "cell phone": 0.7835585302801809, "tv": 0.49280173514462944, "person": 0.40709870730980036}