{"chair": 6.797216592612299, "hair drier": 4.338087490137646, "knife": 3.021221635449518, "oven": 2.9276955774386946, "dining table": 2.8393155588926473, "book": 2.46984735249397, "wine glass": 2.3022665709337002, "scissors": 2.119414369393943, "bottle": 1.9298432446627531, "cup": 1.662571440236008, "umbrella": 1.503440454079581, "cell phone": 1.2259677638437076, "cake": 1.070653816120224, "tie": 0.8356119943203706, "tv": 0.6834208486682098, "person": 0.3812785400890493}