{"bicycle": 1.8289169404678705, "car": 1.8018950737033723, "airplane": 1.3110366137219898, "clock": 1.2747945109485554, "tv": 0.8349006831741904, "cell phone": 0.7817532136358026, "person": 0.10692331993215311}