{"pizza": 20.663256089295373, "sandwich": 16.891305564072027, "hot dog": 5.879343536970821, "bowl": 3.155537720979358, "apple": 2.1490262234405875, "potted plant": 1.1973050545869317, "cake": 1.070653816120224, "person": 0.1314753586513963}