{"umbrella": 5.390951680094584, "elephant": 4.0173308881219345, "truck": 3.357145890804717, "motorcycle": 3.2532062854829142, "boat": 1.8259714302381136, "airplane": 1.3110366137219898, "car": 1.2328755767444126, "tv": 0.8349006831741904, "person": 0.30549519980615175}