{"potted plant": 5.0340836061579495, "tie": 3.4475279042383797, "laptop": 2.6610538479934114, "tv": 2.1593048683592424, "cup": 1.9566722157318492, "vase": 1.8063435849004463, "book": 1.6472328759612824, "bottle": 1.1598611691976197, "chair": 1.0921429951426687, "cell phone": 0.9754608271030033, "person": 0.5170423885127492}