{"car": 4.124929608561687, "traffic light": 3.4771832886400773, "airplane": 3.0457426941286525, "cat": 2.2705823619078718, "chair": 1.8366506411438852, "book": 1.7489872063913874, "laptop": 1.7256977185499625, "couch": 1.6176012230732615, "cell phone": 1.391531335060027, "bottle": 1.261795726033017, "clock": 1.1905136509519312, "vase": 1.1785533754889597, "dining table": 0.8852727374505208, "potted plant": 0.8494682356287533, "cake": 0.7726480296453119, "tie": 0.7708890142401323, "person": 0.616038073251232, "cup": 0.5831632231584375}