{"sports ball": 13.92305665024234, "frisbee": 4.349854864763234, "tennis racket": 2.822726792963103, "bench": 1.5949027728149872, "chair": 1.2805239733949625, "person": 0.9231777599779488, "tv": 0.8710697801176283, "tie": 0.8586850453734066}