{"broccoli": 2.951793129017755, "bottle": 2.8947648669941297, "cat": 2.4312586911248038, "cake": 2.141307632240448, "toothbrush": 1.9648848299296466, "bird": 1.8390534610904348, "skateboard": 1.8094362913867883, "donut": 1.752710309986011, "frisbee": 1.6749326089433267, "tie": 0.4178059971601853, "person": 0.249803181437653}