{"frisbee": 2.9820882133864144, "tv": 2.5047020495225714, "laptop": 2.3125827958835097, "potted plant": 1.7884489909150239, "cup": 1.7799863169962902, "cell phone": 1.5635064272716053, "truck": 0.6714291781609434, "person": 0.29022043981584417, "car": 0.18967316565298656}