{"horse": 69.24174897549037, "elephant": 3.4473926692539285, "baseball bat": 3.069515517664593, "truck": 2.026006988322768, "train": 2.001674887663237, "potted plant": 1.9853995961248494, "car": 1.6713471541803009, "tie": 0.9466437849622337, "person": 0.224939929142677}