{"potted plant": 4.163344050724407, "bench": 3.4991427896939435, "car": 2.4435924255344155, "airplane": 2.2443816032909862, "vase": 1.7410607051790632, "bottle": 1.3469593557212138, "tie": 1.0339059848881422, "person": 0.7365271113377441, "tv": 0.5005072906473713}