{"airplane": 10.21502389249996, "umbrella": 5.849736466191503, "cat": 4.818888969551216, "book": 2.4708493139419234, "teddy bear": 2.437615361742304, "clock": 2.3275683363276736, "vase": 1.8063435849004463, "bird": 1.5362932455620706, "cup": 0.9783361078659246, "car": 0.9547129621024888, "tie": 0.8618819760595949, "person": 0.22749865094560964}