{"tv": 3.481362100176642, "couch": 3.235202446146523, "bicycle": 2.902641850487979, "chair": 2.754975961715828, "skateboard": 2.5556432008797785, "carrot": 1.7394910406822983, "knife": 1.7031233965114234, "umbrella": 1.7031233965114234, "potted plant": 1.6989364712575066, "vase": 1.1785533754889597, "cell phone": 0.9276875567066846, "bowl": 0.8334377179013632, "cake": 0.7726480296453119, "bottle": 0.6308978630165085, "person": 0.616038073251232, "cup": 0.5831632231584375}