{"bird": 3.075138379062261, "banana": 3.0720794949584653, "knife": 2.8772136733186535, "car": 2.851176362477589, "scissors": 2.596911708164495, "stop sign": 2.147961488116592, "book": 1.2589909313288203, "dog": 0.8902990098100663, "cat": 0.5385235756824917, "person": 0.3887916473182301}