{"cell phone": 5.565552582505402, "chair": 1.97507486572302, "tie": 1.8932875699244673, "frisbee": 1.6370985498090511, "bench": 1.6287859499896855, "umbrella": 1.4971188769108417, "tv": 1.3077630847200818, "bottle": 0.8599355707996552, "person": 0.224939929142677}