{"book": 10.981212501117172, "potted plant": 3.3613806845819383, "orange": 2.993769564386142, "keyboard": 2.9647820275128898, "vase": 2.1763246671486196, "couch": 1.3234763762307673, "cake": 1.174611120969973, "tie": 1.0524050987846394, "clock": 1.043666537070793, "tv": 0.3696013013584721, "person": 0.12419960561993909}