{"car": 3.665388638301623, "laptop": 3.3509268453864993, "remote": 2.4570660238150586, "kite": 2.133894066381327, "dog": 1.9972295119247674, "umbrella": 1.6442108791891454, "potted plant": 1.387781350241469, "person": 1.104790667006616, "clock": 0.8395681944038579, "tv": 0.5005072906473713}