{"skis": 4.189181145048594, "dog": 2.063930067337464, "skateboard": 1.9781632455800389, "bicycle": 1.8289169404678705, "car": 1.8018950737033723, "umbrella": 1.7969838933648612, "tv": 1.6698013663483808, "cell phone": 1.5635064272716053, "truck": 0.6714291781609434, "person": 0.19857187987399863}