{"cow": 22.951389697726952, "elephant": 6.894785338507857, "truck": 6.078020964968303, "airplane": 4.951064172449925, "sheep": 3.7838649058751415, "dog": 3.352504974457218, "horse": 2.7696699590196148, "suitcase": 2.3624792249439808, "train": 2.001674887663237, "bird": 1.8669422936930804, "donut": 1.5507830186480693, "clock": 1.1706488074437702, "car": 0.8356735770901504, "person": 0.0674819787428031}