{"bus": 12.721319536019532, "car": 7.521062193811354, "truck": 6.078020964968303, "parking meter": 4.854306317576555, "mouse": 3.71487203438819, "keyboard": 3.069515517664593, "airplane": 2.4755320862249626, "kite": 2.352187538907433, "train": 2.001674887663237, "donut": 1.5507830186480693, "couch": 1.4109544961603655, "chair": 0.65835828857434, "cell phone": 0.3975394701789573, "tv": 0.21796051412001363, "person": 0.044987985828535394}