{"dog": 8.012691088290596, "chair": 6.974816985322873, "umbrella": 3.8753321585604623, "dining table": 2.765977145970782, "couch": 2.644339665900704, "potted plant": 2.1906130010672205, "cat": 2.1540943027299666, "bowl": 1.887977367581312, "sports ball": 1.7448632450186936, "banana": 1.5360397474792327, "frisbee": 1.4477471403335542, "bear": 1.4337608983588144, "bench": 1.261910641432155, "book": 1.2589909313288203, "cell phone": 1.256079721121362, "cup": 1.2133989900064814, "bed": 1.0236768443943554, "person": 0.6560859048495133}