{"kite": 3.287385873968838, "refrigerator": 3.1319864660594314, "umbrella": 2.6079584128780704, "traffic light": 2.0744758530768737, "clock": 1.6058195152368187, "tv": 0.17421395602352566, "person": 0.03183371586130858}