{"teddy bear": 10.093874212412768, "potted plant": 5.757980012760077, "hot dog": 3.8318676788007204, "baseball glove": 2.852729043266902, "umbrella": 2.6079584128780704, "chair": 2.561047946789925, "dog": 2.1800954025400596, "vase": 2.093299938322509, "banana": 1.848074211843106, "kite": 1.643692936984419, "bench": 1.5949027728149872, "cake": 1.3651433480959108, "car": 1.095396381788935, "clock": 0.8029097576184093, "person": 0.2865034427517772, "tv": 0.17421395602352566}