{"tennis racket": 2.562721830685267, "book": 2.46984735249397, "tie": 2.0890299858009262, "bird": 1.8390534610904348, "tv": 1.7085521216705246, "potted plant": 1.1973050545869317, "clock": 1.1046835647065352, "car": 0.9135865227976063, "cup": 0.831285720118004, "person": 0.35498346835877004}