{"dog": 5.9369130339486045, "cat": 4.5411647238157435, "handbag": 3.55446273733029, "mouse": 3.4512078022368167, "couch": 3.235202446146523, "motorcycle": 3.0121260833296675, "chair": 2.754975961715828, "tie": 2.3126670427203972, "oven": 2.090888927520187, "sports ball": 2.0713443314472166, "refrigerator": 1.9908054689632042, "bench": 1.9701861817604684, "dining table": 1.7705454749010416, "laptop": 1.7256977185499625, "umbrella": 1.7031233965114234, "bowl": 1.6668754358027265, "car": 1.374976536187229, "banana": 1.3309442660367257, "bottle": 1.261795726033017, "cup": 1.166326446316875, "cell phone": 0.9276875567066846, "potted plant": 0.8494682356287533, "person": 0.5955034708095244, "tv": 0.43517026252208024}