{"bicycle": 2.4654507831726344, "clock": 2.087333074141586, "skateboard": 1.9050095721610443, "handbag": 1.65773703804714, "dog": 1.655163034051967, "car": 1.6304742401241508, "tv": 1.355204771647731, "laptop": 1.342098888328769, "chair": 0.594093347216777, "tie": 0.26310127469615985, "person": 0.15179951797992555}