{"train": 4.003349775326474, "backpack": 2.365933459812068, "tv": 2.1796051412001365, "cell phone": 1.9876973508947864, "bench": 1.6287859499896855, "tie": 1.4199656774433504, "couch": 1.4109544961603655, "person": 0.2099439338664985}