{"apple": 4.390459128411399, "hot dog": 3.613417289101544, "traffic light": 2.355377263505332, "motorcycle": 2.138569530640208, "frisbee": 2.134341194530687, "suitcase": 2.030247303488054, "mouse": 1.7882708038407518, "car": 0.9547129621024888, "clock": 0.7758561121092244, "person": 0.08272678216203987}