{"keyboard": 6.791444947588424, "mouse": 3.3823425808985257, "handbag": 2.94297592111468, "cell phone": 2.8614154663763585, "remote": 2.784074638528824, "frisbee": 2.174927432381617, "cup": 1.785047055290151, "bench": 1.5949027728149872, "clock": 0.8029097576184093, "person": 0.7640091806714059, "tv": 0.522641868070577}