{"vase": 3.6126871698008927, "backpack": 2.774087598363517, "dog": 2.33454317660249, "apple": 2.1952295642056994, "train": 1.9604942647277046, "umbrella": 1.9499121553971677, "bowl": 1.8986188610096173, "laptop": 1.7740358986622744, "book": 1.6472328759612824, "bird": 1.5362932455620706, "chair": 1.0921429951426687, "cup": 0.9783361078659246, "cell phone": 0.6503072180686689, "tv": 0.43186097367184845, "person": 0.35158882418866944}