{"potted plant": 5.365346972745072, "chair": 5.1675557772314225, "dining table": 4.91284003316499, "tie": 3.6611115871826025, "tv": 3.3396027326967617, "oven": 3.2481978005840673, "remote": 3.189008929193737, "bottle": 2.991643318712775, "cake": 2.8591265022515797, "cell phone": 0.7817532136358026, "person": 0.42769327972861243}