{"chair": 3.6733012822877704, "bottle": 3.1544893150825426, "potted plant": 2.54840470688626, "oven": 2.090888927520187, "refrigerator": 1.9908054689632042, "laptop": 1.7256977185499625, "pizza": 1.5502490410437697, "cell phone": 1.391531335060027, "vase": 1.1785533754889597, "cake": 0.7726480296453119, "cup": 0.5831632231584375, "tv": 0.43517026252208024, "person": 0.36962284395073924}