{"microwave": 3.4915418728635177, "airplane": 3.4416716256665905, "umbrella": 2.6079584128780704, "laptop": 2.0222505921726595, "cup": 1.785047055290151, "kite": 1.643692936984419, "clock": 1.6058195152368187, "chair": 1.2805239733949625, "tv": 0.522641868070577, "person": 0.19100229516785147}