{"fire hydrant": 2.5016254533505418, "car": 1.8967316565298655, "bicycle": 1.8289169404678705, "truck": 1.3428583563218868, "chair": 1.2918889443078556, "tie": 1.2203705290608675, "tv": 0.8349006831741904, "motorcycle": 0.8133015713707286, "cell phone": 0.7817532136358026, "person": 0.3360447197867669}