{"handbag": 3.2182263687819614, "backpack": 2.365933459812068, "clock": 2.3412976148875404, "motorcycle": 2.302260364950926, "cup": 2.2986941051041483, "scissors": 2.168728972326403, "cake": 2.058589378276077, "train": 2.001674887663237, "cell phone": 1.9876973508947864, "chair": 1.97507486572302, "tie": 1.8932875699244673, "tv": 1.3077630847200818, "dining table": 1.1758981633299137, "book": 1.0989371221937856, "potted plant": 0.9926997980624247, "person": 0.4423818606472647}