{"cat": 2.511915265817552, "clock": 2.408729272855228, "car": 2.19079276357787, "cell phone": 2.1460615997822687, "tv": 2.090567472282308, "laptop": 2.0222505921726595, "truck": 1.8801827302515235, "banana": 1.848074211843106, "train": 1.7592058241062636, "tie": 1.7173700907468132, "sports ball": 1.5470062944713712, "teddy bear": 1.261734276551596, "person": 0.9231777599779488}