{"teddy bear": 5.046937106206384, "vase": 4.186599876645018, "scissors": 3.858713690559926, "wine glass": 3.8318676788007204, "apple": 2.5338139511251896, "cat": 2.511915265817552, "laptop": 2.0222505921726595, "banana": 1.848074211843106, "bottle": 1.8241979628519758, "sports ball": 1.5470062944713712, "book": 1.4241923769487104, "cake": 1.3651433480959108, "umbrella": 1.3039792064390352, "car": 1.095396381788935, "cell phone": 0.7153538665940896, "tv": 0.522641868070577, "person": 0.19100229516785147}