{"car": 4.567932613988032, "chair": 3.020985152272133, "tennis racket": 2.562721830685267, "train": 1.8450836301170261, "donut": 1.752710309986011, "laptop": 1.6203284749084748, "bed": 1.5563940009049453, "sports ball": 1.432920573324734, "cell phone": 1.2259677638437076, "cup": 0.831285720118004, "tie": 0.4178059971601853, "person": 0.39442607595418894}