{"tennis racket": 5.645453585926206, "frisbee": 2.174927432381617, "tv": 2.090567472282308, "bed": 2.013439962490504, "potted plant": 1.9193266709200256, "airplane": 1.7208358128332952, "bird": 1.5415193122551119, "chair": 1.2805239733949625, "tie": 0.8586850453734066, "clock": 0.8029097576184093, "person": 0.7321754648100973}