{"bowl": 17.35545746538647, "pizza": 11.479586716275207, "dining table": 9.937604456124266, "broccoli": 8.855379387053265, "sandwich": 5.630435188024009, "cake": 4.282615264480896, "fork": 3.8772722869463165, "cup": 2.493857160354012, "scissors": 2.119414369393943, "bottle": 1.9298432446627531, "banana": 1.7731381326761089, "donut": 1.752710309986011, "car": 0.9135865227976063, "chair": 0.7552462880680333, "person": 0.39442607595418894, "tv": 0.3417104243341049}