{"cat": 36.20507648734638, "chair": 6.236982992739505, "microwave": 3.145477659913333, "clock": 1.870974704781559, "cake": 1.6717713610133575, "person": 1.544381980925904, "bench": 1.4619317753255106, "bottle": 1.4131416111560786}