{"potted plant": 11.043087063173793, "sink": 4.208268308540415, "handbag": 3.55446273733029, "tennis racket": 2.9796028916241073, "tie": 2.3126670427203972, "remote": 2.0843315269740277, "sports ball": 2.0713443314472166, "dog": 1.9789710113162013, "wine glass": 1.9643722118950486, "dining table": 1.7705454749010416, "laptop": 1.7256977185499625, "car": 1.374976536187229, "bottle": 1.261795726033017, "vase": 1.1785533754889597, "cell phone": 0.9276875567066846, "chair": 0.9183253205719426, "person": 0.616038073251232, "tv": 0.43517026252208024}