{"tie": 6.720388901772925, "cell phone": 4.1262823610216985, "tv": 3.7538046798552847, "person": 1.0679643114397288, "clock": 0.8395681944038579}