{"book": 7.686848750782021, "bottle": 3.917788957615559, "toothbrush": 3.790314551436065, "potted plant": 3.3613806845819383, "cake": 2.349222241939946, "vase": 2.1763246671486196, "cup": 2.0588834582937143, "chair": 1.7822800416503308, "banana": 1.6654990433826293, "handbag": 1.65773703804714, "cell phone": 1.0447447070402411, "clock": 1.043666537070793, "tv": 0.8624030365031015, "car": 0.8152371200620754, "person": 0.20699934269989848}