{"scissors": 5.026425929086222, "dining table": 4.729606085521511, "bottle": 4.639444676790479, "motorcycle": 4.277139061280416, "bench": 3.993198538739642, "carrot": 3.491527471492507, "cake": 3.4549412096275756, "handbag": 2.8488111445594537, "remote": 2.7203561404213064, "book": 2.4708493139419234, "knife": 2.4491097411680394, "skateboard": 2.3929151828243973, "frisbee": 2.134341194530687, "suitcase": 2.030247303488054, "cell phone": 1.9509216542060066, "mouse": 1.7882708038407518, "keyboard": 1.4059572078712976, "chair": 1.0921429951426687, "cup": 0.9783361078659246, "person": 0.8686312127014186, "tv": 0.21593048683592422}