{"cake": 4.40730079441237, "spoon": 3.359051760211392, "microwave": 2.8772136733186535, "bowl": 2.831966051371968, "surfboard": 2.6193845640165536, "clock": 1.5792684820300527, "book": 1.2589909313288203, "cell phone": 1.256079721121362, "cup": 1.2133989900064814, "potted plant": 1.0953065005336102, "chair": 0.9964024264746961, "bird": 0.7687845947655653, "dog": 0.44514950490503313, "person": 0.1457968677443363}