{"car": 4.9315023069776505, "surfboard": 2.2522396659760413, "motorcycle": 1.6266031427414571, "airplane": 1.3110366137219898, "truck": 1.007143767241415, "person": 0.5957156396219959}