{"apple": 3.8262756513592255, "bed": 2.8028867839287033, "airplane": 2.6220732274439795, "potted plant": 1.7884489909150239, "car": 1.707058490876879, "stop sign": 1.636323833352086, "traffic light": 1.6338936984987942, "motorcycle": 1.6266031427414571, "train": 1.5934601289203036, "truck": 0.3357145890804717, "person": 0.061099039961230346}