{"skateboard": 4.785830365648795, "bus": 3.559350067831268, "remote": 2.7203561404213064, "knife": 2.4491097411680394, "donut": 2.1686793321115787, "truck": 1.912041881341758, "car": 1.9094259242049776, "cake": 1.7274706048137878, "scissors": 1.6754753096954074, "cell phone": 1.625768045171672, "clock": 1.551712224218449, "bottle": 1.1598611691976197, "tie": 0.8618819760595949, "book": 0.8236164379806412, "person": 0.4549973018912193, "tv": 0.21593048683592422}