{"couch": 4.529726511929001, "cell phone": 4.226996917446348, "chair": 3.276428985428006, "remote": 2.7203561404213064, "toothbrush": 2.4039043043999926, "banana": 2.1052331103726165, "clock": 1.551712224218449, "person": 1.240901732430598, "laptop": 0.8870179493311372, "tv": 0.21593048683592422}