{"remote": 4.08053421063196, "car": 0.9547129621024888, "laptop": 0.8870179493311372, "tv": 0.8637219473436969, "cell phone": 0.6503072180686689, "person": 0.12409017324305979}