{"tv": 7.1257060655855, "cell phone": 3.901843308412013, "laptop": 3.548071797324549, "tie": 3.4475279042383797, "cup": 2.9350083235977737, "car": 2.864138886307466, "remote": 1.3601780702106532, "potted plant": 1.2585209015394874, "person": 1.220220036890088}