{"couch": 4.529726511929001, "remote": 4.08053421063196, "potted plant": 3.775562704618462, "cell phone": 2.92638248130901, "sink": 2.9110534534366748, "car": 2.864138886307466, "keyboard": 2.8119144157425953, "motorcycle": 2.138569530640208, "vase": 1.8063435849004463, "mouse": 1.7882708038407518, "laptop": 1.7740358986622744, "scissors": 1.6754753096954074, "book": 1.6472328759612824, "bottle": 1.1598611691976197, "chair": 1.0921429951426687, "tv": 1.0796524341796212, "clock": 0.7758561121092244, "person": 0.14477186878356976}