{"umbrella": 3.9119376193171056, "teddy bear": 3.785202829654788, "cake": 2.7302866961918215, "train": 1.7592058241062636, "cell phone": 1.4307077331881792, "tv": 1.3937116481882053, "person": 0.4138383061970115}