{"kite": 5.170242997701788, "skis": 3.841201219972256, "airplane": 1.7025039820833268, "bottle": 1.1598611691976197, "clock": 0.7758561121092244, "person": 0.04136339108101993}