{"chair": 3.8415719201848875, "skateboard": 1.866836488298629, "tie": 1.7173700907468132, "bench": 1.5949027728149872, "sports ball": 1.5470062944713712, "tv": 1.045283736141154, "person": 0.8595103282553316, "clock": 0.8029097576184093, "cell phone": 0.7153538665940896}