{"sports ball": 5.925119251524383, "tennis racket": 2.6162597457200802, "motorcycle": 2.302260364950926, "cat": 2.2122772175721384, "scissors": 2.168728972326403, "stop sign": 1.9547179045754661, "bird": 1.8669422936930804, "dog": 1.676252487228609, "frisbee": 1.6370985498090511, "bench": 1.6287859499896855, "chair": 1.31671657714868, "clock": 1.1706488074437702, "cake": 1.0292946891380386, "tv": 0.21796051412001363, "person": 0.2099439338664985}