{"laptop": 3.1669415075552863, "cake": 3.087884067414116, "wine glass": 2.2122772175721384, "remote": 1.9593156138240955, "skateboard": 1.8946330938382663, "handbag": 1.6091131843909807, "donut": 1.5507830186480693, "potted plant": 0.9926997980624247, "bottle": 0.8599355707996552, "cell phone": 0.7950789403579146, "tv": 0.21796051412001363, "person": 0.19494793859032006}