{"cake": 4.282615264480896, "tie": 4.1780599716018525, "train": 1.8450836301170261, "cup": 0.831285720118004, "cell phone": 0.8173118425624717, "chair": 0.7552462880680333, "tv": 0.5125656365011574, "person": 0.3681310042239097}