{"dog": 7.915884045264805, "bed": 5.392048698195495, "remote": 4.168663053948055, "bench": 3.940372363520937, "chair": 3.6733012822877704, "horse": 3.2127967787918186, "motorcycle": 3.0121260833296675, "boat": 2.7265122639419457, "potted plant": 2.54840470688626, "bird": 1.8494919358966266, "laptop": 1.7256977185499625, "umbrella": 1.7031233965114234, "couch": 1.6176012230732615, "cell phone": 1.391531335060027, "tv": 1.3055107875662406, "vase": 1.1785533754889597, "tie": 0.7708890142401323, "bottle": 0.6308978630165085, "person": 0.5749688683678166}