{"clock": 5.430992784764571, "wine glass": 2.9202701085415987, "pizza": 2.734866885210236, "tie": 2.585645928178785, "book": 2.4708493139419234, "dog": 2.33454317660249, "train": 1.9604942647277046, "cup": 0.9783361078659246, "tv": 0.43186097367184845, "cell phone": 0.32515360903433443, "person": 0.24818034648611959}