{"car": 2.6554243191418117, "fire hydrant": 2.5016254533505418, "bus": 1.5841793198458307, "motorcycle": 0.8133015713707286, "truck": 0.3357145890804717, "person": 0.2291213998546138}