{"tie": 5.0136719659222235, "tv": 2.0502625460046295, "teddy bear": 1.3423552165836548, "person": 0.39442607595418894}