{"book": 5.799407310990992, "boat": 2.3220905876183022, "cup": 2.07615015123766, "laptop": 1.6754634226932497, "tv": 1.2512682266184283, "clock": 0.8395681944038579, "tie": 0.5169529924440711, "person": 0.2209581334013232}