{"person": 8.0307863008147, "dog": 7.946098316487686, "cat": 5.911032895893286, "surfboard": 5.784057518207589, "bird": 3.1127945487388904, "pizza": 2.77923326495845, "boat": 2.5016015283601702, "donut": 2.3092296357127142, "elephant": 1.9727573990915013, "clock": 1.870974704781559, "bear": 1.6371358643506013, "book": 1.5792684820300527, "tv": 1.5056818887368584, "cow": 1.4407295676749077, "bottle": 1.4131416111560786, "car": 1.2531769614634005}