{"toothbrush": 3.7428940424201746, "banana": 2.9453868465359867, "umbrella": 1.7969838933648612, "potted plant": 1.7884489909150239, "train": 1.5934601289203036, "suitcase": 1.446327021751692, "airplane": 1.3110366137219898, "car": 1.1380389939179194, "motorcycle": 0.8133015713707286, "truck": 0.3357145890804717, "person": 0.24439615984492138}