{"chair": 8.317306861034877, "couch": 5.293905504923069, "clock": 4.174666148283172, "hair drier": 3.6484504641182913, "backpack": 2.1982073783981275, "remote": 1.7986594473180517, "banana": 1.6654990433826293, "car": 1.6304742401241508, "bowl": 1.5643030314010429, "book": 1.0981212501117172, "cell phone": 0.7835585302801809, "cup": 0.6862944860979048, "tie": 0.5262025493923197, "person": 0.20699934269989848, "tv": 0.12320043378615736}