{"keyboard": 2.2638149825294747, "scissors": 1.929356845279963, "tie": 1.7173700907468132, "clock": 1.6058195152368187, "bench": 1.5949027728149872, "teddy bear": 1.261734276551596, "person": 0.7003417489487888, "tv": 0.3484279120470513}