{"frisbee": 2.174927432381617, "potted plant": 1.9193266709200256, "banana": 1.848074211843106, "stop sign": 1.6361457313490362, "bench": 1.5949027728149872, "bird": 1.5415193122551119, "book": 1.4241923769487104, "umbrella": 1.3039792064390352, "chair": 1.2805239733949625, "tie": 0.8586850453734066, "cell phone": 0.7153538665940896, "person": 0.5411731696422458, "tv": 0.522641868070577}