{"bird": 3.6781069221808695, "horse": 2.60924184632016, "umbrella": 1.503440454079581, "tie": 0.8356119943203706, "person": 0.1709179662468152, "tv": 0.17085521216705246}