{"bowl": 7.500939461112269, "fork": 4.960080920273655, "broccoli": 4.828313737302301, "donut": 4.250721117768185, "mouse": 3.4512078022368167, "cake": 2.3179440889359357, "dining table": 1.7705454749010416, "cup": 1.7494896694753126, "carrot": 1.7394910406822983, "knife": 1.7031233965114234, "orange": 1.6766901394432678, "apple": 1.5521665871730415, "banana": 1.3309442660367257, "cell phone": 0.4638437783533423, "person": 0.20534602441707736}