{"remote": 10.982938173197631, "keyboard": 3.068052935133617, "suitcase": 2.3921773410823324, "motorcycle": 2.3118666446627194, "chair": 2.2657388642041, "kite": 2.211017899468555, "clock": 2.2093671294130703, "cup": 1.662571440236008, "bench": 1.653064622306746, "umbrella": 1.503440454079581, "dining table": 1.4196577794463237, "teddy bear": 1.3423552165836548, "tv": 1.0251312730023148, "car": 0.9135865227976063, "tie": 0.4178059971601853, "person": 0.2892457890330719}