{"book": 2.8483847538974207, "laptop": 2.0222505921726595, "horse": 1.9517838810674073, "train": 1.7592058241062636, "airplane": 1.7208358128332952, "tv": 1.5679256042117309, "person": 0.4138383061970115}