{"motorcycle": 57.796666116567984, "mouse": 7.577959359601276, "keyboard": 6.136105870267234, "book": 3.7047710287409554, "dining table": 2.8393155588926473, "bench": 1.653064622306746, "laptop": 1.6203284749084748, "person": 0.10518028692111706}