{"boat": 20.769483965340342, "tennis racket": 3.271667995379487, "banana": 2.1052331103726165, "book": 1.6472328759612824, "chair": 1.0921429951426687, "cup": 0.9783361078659246, "tie": 0.8618819760595949, "person": 0.33090712864815947, "tv": 0.21593048683592422}