{"skis": 17.76248319575974, "bird": 11.09695161537976, "scissors": 3.222945002263776, "clock": 2.3810273019038624, "hot dog": 2.1589423907652026, "carrot": 1.7394910406822983, "laptop": 1.7256977185499625, "potted plant": 1.6989364712575066, "orange": 1.6766901394432678, "pizza": 1.5502490410437697, "bed": 1.3480121745488738, "dining table": 0.8852727374505208, "bowl": 0.8334377179013632, "person": 0.5133650610426934, "tv": 0.43517026252208024}