{"broccoli": 4.669094887394008, "backpack": 2.8920287591037943, "apple": 2.0468653712452234, "tv": 1.7445849146202974, "bird": 1.5375691895311305, "dining table": 1.382988572985391, "cell phone": 1.256079721121362, "potted plant": 1.0953065005336102, "car": 0.950392120825863, "person": 0.24299477957389382}