{"bicycle": 4.711212691312437, "bottle": 3.439742283198621, "orange": 2.5311019373797734, "bowl": 2.5254363421439954, "car": 2.507020731270451, "broccoli": 2.4047390342338635, "motorcycle": 2.302260364950926, "apple": 2.0064941740991857, "skateboard": 1.8946330938382663, "bench": 1.6287859499896855, "tie": 0.9466437849622337, "chair": 0.65835828857434, "tv": 0.43592102824002726, "person": 0.21744193150458774}