{"microwave": 5.713534854412946, "tie": 4.135623939552569, "umbrella": 3.288421758378291, "bicycle": 2.742823167857255, "toothbrush": 2.347667429407952, "boat": 2.3220905876183022, "airplane": 2.2443816032909862, "couch": 2.133894066381327, "scissors": 1.968450547374724, "bench": 1.7495713948469718, "stop sign": 1.639095778522375, "bowl": 1.6089427403516874, "bird": 1.407822101124915, "tv": 1.2512682266184283, "car": 1.2217962127672077, "person": 1.104790667006616, "chair": 0.9678708169455813, "book": 0.9665678851651653, "clock": 0.8395681944038579}