{"train": 3.6901672602340523, "broccoli": 2.951793129017755, "stop sign": 1.9446366690996992, "donut": 1.752710309986011, "laptop": 1.6203284749084748, "teddy bear": 1.3423552165836548, "book": 1.234923676246985, "clock": 1.1046835647065352, "cake": 1.070653816120224, "cell phone": 0.8173118425624717, "person": 0.013147535865139632}