{"laptop": 4.750412261332929, "boat": 4.179121545595598, "frisbee": 3.2741970996181022, "baseball bat": 3.069515517664593, "keyboard": 3.069515517664593, "oven": 2.6900258959596894, "airplane": 2.4755320862249626, "refrigerator": 2.1602423584490844, "skateboard": 1.8946330938382663, "bird": 1.8669422936930804, "couch": 1.4109544961603655, "chair": 1.31671657714868, "dining table": 1.1758981633299137, "tv": 1.0898025706000682, "tie": 0.9466437849622337, "cell phone": 0.3975394701789573, "person": 0.17995194331414158}