{"traffic light": 5.412174983868723, "tennis racket": 5.112294689286893, "bottle": 4.70134674913867, "surfboard": 2.945913543208507, "car": 2.445711360186226, "backpack": 2.1982073783981275, "book": 2.1962425002234345, "train": 1.9017146762641917, "chair": 1.7822800416503308, "handbag": 1.65773703804714, "frisbee": 1.583260945145657, "dining table": 1.3458653711242459, "cell phone": 1.0447447070402411, "clock": 1.043666537070793, "tv": 0.3696013013584721, "tie": 0.26310127469615985, "person": 0.20699934269989848}