{"chair": 2.903612450836744, "tennis racket": 2.806336573579581, "couch": 2.133894066381327, "tv": 2.0020291625894853, "person": 1.0679643114397288, "tie": 1.0339059848881422, "clock": 0.8395681944038579, "cell phone": 0.6877137268369498}