{"stop sign": 6.544582925396145, "cat": 5.023830531635104, "cell phone": 5.007477066158628, "sheep": 4.223909766576744, "cow": 3.356809278893361, "bowl": 2.7377700704871377, "cake": 2.7302866961918215, "apple": 2.5338139511251896, "tv": 2.4389953843293593, "donut": 2.352107589675153, "scissors": 1.929356845279963, "motorcycle": 1.7991070408584495, "train": 1.7592058241062636, "person": 1.591685793065429, "bird": 1.5415193122551119, "tie": 0.8586850453734066}