{"stop sign": 8.195478892611876, "bus": 2.806336573579581, "motorcycle": 2.742823167857255, "cell phone": 0.6877137268369498, "person": 0.3314372001019848}