{"mouse": 3.71487203438819, "tv": 3.2694077118002043, "keyboard": 3.069515517664593, "hot dog": 2.7044839791349196, "motorcycle": 2.302260364950926, "book": 2.197874244387571, "boat": 2.089560772797799, "cake": 1.0292946891380386, "tie": 0.47332189248111683, "person": 0.20244593622840928}