{"traffic light": 2.681021528714291, "suitcase": 2.3921773410823324, "bottle": 1.9298432446627531, "tv": 1.3668416973364197, "tie": 0.8356119943203706, "cell phone": 0.8173118425624717, "person": 0.3681310042239097}