{"toothbrush": 3.017938959588135, "tie": 2.5760551361202197, "chair": 2.561047946789925, "apple": 2.5338139511251896, "teddy bear": 2.523468553103192, "scissors": 1.929356845279963, "banana": 1.848074211843106, "cup": 1.785047055290151, "clock": 1.6058195152368187, "bench": 1.5949027728149872, "umbrella": 1.3039792064390352, "cell phone": 0.7153538665940896, "person": 0.2865034427517772, "tv": 0.17421395602352566}