{"cake": 3.7059983954542233, "sheep": 3.2796242780265064, "elephant": 3.167706361822521, "bird": 2.81564420224983, "teddy bear": 2.80756338317582, "bus": 2.806336573579581, "cat": 2.2680233663480265, "kite": 2.133894066381327, "train": 2.0306277923266154, "truck": 2.0231089599125878, "scissors": 1.968450547374724, "sports ball": 1.7814120007026304, "stop sign": 1.639095778522375, "cup": 1.03807507561883, "tv": 0.750760935971057, "person": 0.18413177783443602}