{"bus": 3.180329884004883, "boat": 2.089560772797799, "bird": 1.8669422936930804, "clock": 1.1706488074437702, "potted plant": 0.9926997980624247, "tv": 0.6538815423600409, "tie": 0.47332189248111683, "person": 0.08247797401898156}