{"horse": 5.855351643202222, "airplane": 5.162507438499886, "kite": 3.287385873968838, "tie": 2.5760551361202197, "dog": 2.1800954025400596, "train": 1.7592058241062636, "tv": 1.5679256042117309, "bird": 1.5415193122551119, "clock": 0.8029097576184093, "person": 0.7321754648100973, "cell phone": 0.7153538665940896}