{"donut": 3.350851954644151, "surfboard": 2.2522396659760413, "train": 1.5934601289203036, "suitcase": 1.446327021751692, "car": 0.8535292454384396, "truck": 0.6714291781609434, "person": 0.12219807992246069}