{"cake": 5.35326908060112, "banana": 3.5462762653522177, "surfboard": 2.685683541820102, "teddy bear": 2.6847104331673095, "truck": 2.179541767366538, "apple": 2.1490262234405875, "cup": 0.831285720118004, "tie": 0.4178059971601853, "person": 0.1314753586513963}