{"vase": 5.018358837756368, "cat": 4.424554435144277, "potted plant": 3.970799192249699, "remote": 3.918631227648191, "dining table": 3.527694489989741, "clock": 3.5119464223313104, "banana": 3.3386640887680707, "umbrella": 2.9942377538216833, "bowl": 2.5254363421439954, "suitcase": 2.3624792249439808, "kite": 2.352187538907433, "cup": 2.2986941051041483, "frisbee": 1.6370985498090511, "handbag": 1.6091131843909807, "laptop": 1.5834707537776431, "couch": 1.4109544961603655, "bed": 1.388570414776828, "book": 1.0989371221937856, "tie": 0.9466437849622337, "bottle": 0.8599355707996552, "car": 0.8356735770901504, "cell phone": 0.7950789403579146, "person": 0.224939929142677}