{"truck": 28.381033293504075, "motorcycle": 6.024252166659335, "dog": 1.9789710113162013, "car": 1.374976536187229, "vase": 1.1785533754889597, "person": 0.36962284395073924}