{"banana": 9.24037105921553, "scissors": 3.858713690559926, "cell phone": 3.576769332970448, "cup": 3.570094110580302, "stop sign": 3.2722914626980724, "surfboard": 3.1186529351899663, "bird": 3.0830386245102237, "remote": 2.784074638528824, "umbrella": 2.6079584128780704, "tie": 2.5760551361202197, "apple": 2.5338139511251896, "dining table": 2.4729722918689445, "skateboard": 1.866836488298629, "tv": 1.7421395602352565, "person": 1.6871869406493547, "chair": 1.2805239733949625, "clock": 0.8029097576184093}