{"boat": 15.340126200394316, "motorcycle": 12.984558540822475, "train": 2.6193845640165536, "car": 1.900784241651726, "bowl": 1.887977367581312, "cell phone": 1.256079721121362, "person": 0.12149738978694691}