{"couch": 5.475540140974275, "oven": 4.264731761096999, "toilet": 3.805199431718559, "remote": 2.784074638528824, "baseball bat": 2.7652947438772277, "dog": 2.1800954025400596, "laptop": 2.0222505921726595, "bottle": 1.8241979628519758, "bench": 1.5949027728149872, "sports ball": 1.5470062944713712, "bird": 1.5415193122551119, "teddy bear": 1.261734276551596, "tv": 1.2194976921646796, "tie": 0.8586850453734066, "person": 0.827676612394023}