{"tv": 2.3919729703387347, "tie": 1.2534179914805559, "cell phone": 1.2259677638437076, "person": 0.3812785400890493}