{"bottle": 5.047182904132068, "couch": 3.235202446146523, "donut": 3.1880408383261387, "book": 2.623480809587081, "train": 2.52471290018842, "tie": 2.3126670427203972, "refrigerator": 1.9908054689632042, "laptop": 1.7256977185499625, "cell phone": 1.391531335060027, "chair": 0.9183253205719426, "person": 0.5544342659261089, "tv": 0.43517026252208024}