{"bird": 12.451178194955562, "toilet": 6.671042525602395, "book": 4.737805446090158, "vase": 4.72104586020053, "bench": 4.385795325976532, "frisbee": 3.4061876642847975, "cup": 2.902548961703045, "potted plant": 2.675639209234959, "elephant": 1.9727573990915013, "cat": 1.4777582239733216, "dog": 1.3243497194146143, "person": 1.2355055847407233, "bowl": 1.1408840090299295, "tv": 0.7528409443684292}