{"cell phone": 3.901843308412013, "toothbrush": 2.4039043043999926, "banana": 2.1052331103726165, "airplane": 1.7025039820833268, "laptop": 0.8870179493311372, "tie": 0.8618819760595949, "book": 0.8236164379806412, "tv": 0.6477914605077727, "person": 0.41363391081019935}