{"donut": 2.1686793321115787, "tv": 2.1593048683592424, "frisbee": 2.134341194530687, "laptop": 1.7740358986622744, "cell phone": 1.3006144361373377, "clock": 0.7758561121092244, "person": 0.5997691706747891}