{"bird": 3.6781069221808695, "bench": 3.306129244613492, "boat": 2.413304887508208, "laptop": 1.6203284749084748, "umbrella": 1.503440454079581, "dining table": 1.4196577794463237, "teddy bear": 1.3423552165836548, "car": 0.9135865227976063, "chair": 0.7552462880680333, "tv": 0.5125656365011574, "person": 0.3286883966284908}