{"bear": 3.718537320202211, "surfboard": 3.1105479479825724, "chair": 2.903612450836744, "bird": 2.81564420224983, "car": 2.4435924255344155, "handbag": 2.379249001458251, "boat": 2.3220905876183022, "truck": 2.0231089599125878, "tv": 1.501521871942114, "clock": 0.8395681944038579, "person": 0.6628744002039696}