{"truck": 1.8801827302515235, "bird": 1.5415193122551119, "car": 1.095396381788935, "cell phone": 0.7153538665940896, "person": 0.09550114758392574}