{"horse": 4.7266670923047025, "bird": 4.223466303374745, "elephant": 3.167706361822521, "cow": 2.919009736083694, "dog": 1.9972295119247674, "tie": 1.0339059848881422, "cell phone": 0.6877137268369498, "person": 0.6260480446370824}