{"cell phone": 7.817532136358026, "fork": 5.575475506168485, "tv": 5.009404099045143, "orange": 3.9913554017186743, "toilet": 3.6118657800137703, "remote": 3.189008929193737, "suitcase": 2.892654043503384, "bowl": 2.7496422694098914, "chair": 2.5837778886157112, "dining table": 2.456420016582495, "bench": 1.9248172648747461, "bicycle": 1.8289169404678705, "car": 1.3277121595709058, "tie": 1.2203705290608675, "truck": 1.007143767241415, "motorcycle": 0.8133015713707286, "person": 0.6720894395735338}