{"dog": 3.973049158243843, "bear": 3.2742717287012026, "bird": 3.1127945487388904, "surfboard": 2.8920287591037943, "giraffe": 2.553426596224756, "person": 2.4710111694814465, "bowl": 2.281768018059859, "elephant": 1.9727573990915013, "clock": 1.870974704781559, "sheep": 1.860279415664811, "couch": 1.4835932721066902, "tie": 1.4512744808515226, "cow": 1.4407295676749077, "chair": 1.247396598547901, "tv": 0.7528409443684292, "cat": 0.7388791119866608}