{"refrigerator": 2.4458574905459565, "suitcase": 2.3921773410823324, "wine glass": 2.3022665709337002, "clock": 2.2093671294130703, "handbag": 1.7060231960133576, "cell phone": 1.6346236851249434, "tv": 1.537696909503472, "teddy bear": 1.3423552165836548, "car": 0.9135865227976063, "tie": 0.8356119943203706, "person": 0.35498346835877004}