{"orange": 8.171350164157118, "donut": 5.258130929958034, "scissors": 4.238828738787886, "laptop": 3.2406569498169495, "carrot": 3.1688576342555828, "microwave": 3.1316786310138287, "hot dog": 2.9396717684854106, "oven": 2.9276955774386946, "bottle": 2.8947648669941297, "cell phone": 2.860591448968651, "sandwich": 2.8152175940120046, "apple": 2.1490262234405875, "cake": 2.141307632240448, "banana": 1.7731381326761089, "bowl": 1.577768860489679, "sports ball": 1.432920573324734, "dining table": 1.4196577794463237, "teddy bear": 1.3423552165836548, "book": 1.234923676246985, "clock": 1.1046835647065352, "car": 0.9135865227976063, "person": 0.644229257391842, "tie": 0.4178059971601853, "tv": 0.3417104243341049}