{"dog": 6.705009948914436, "cat": 6.636831652716415, "bear": 4.140539849813874, "toilet": 3.51057157087546, "car": 3.3426943083606018, "bed": 2.777140829553656, "traffic light": 2.714240154080284, "bicycle": 2.3556063456562186, "kite": 2.352187538907433, "boat": 2.089560772797799, "truck": 2.026006988322768, "skateboard": 1.8946330938382663, "banana": 1.6693320443840354, "clock": 1.1706488074437702, "cake": 1.0292946891380386, "bottle": 0.8599355707996552, "chair": 0.65835828857434, "person": 0.08997597165707079}