{"bear": 11.66648780688453, "car": 6.682990734717421, "bed": 4.445007964250718, "tennis racket": 3.271667995379487, "sink": 2.9110534534366748, "handbag": 2.8488111445594537, "toothbrush": 2.4039043043999926, "traffic light": 2.355377263505332, "couch": 2.2648632559645003, "frisbee": 2.134341194530687, "suitcase": 2.030247303488054, "bench": 1.996599269369821, "train": 1.9604942647277046, "truck": 1.912041881341758, "bird": 1.5362932455620706, "bottle": 1.1598611691976197, "cup": 0.9783361078659246, "tv": 0.8637219473436969, "tie": 0.8618819760595949, "person": 0.5584057795937691}