{"bowl": 30.305236105727943, "spoon": 16.839680845267793, "pizza": 6.137724427920189, "knife": 5.518721178721507, "carrot": 5.418700337572185, "bottle": 5.159613424797931, "broccoli": 4.809478068467727, "fork": 3.341012265695357, "sandwich": 2.4047390342338635, "dining table": 2.3517963266598274, "motorcycle": 2.302260364950926, "car": 1.6713471541803009, "banana": 1.6693320443840354, "chair": 1.31671657714868, "cake": 1.0292946891380386, "cup": 0.7662313683680494, "person": 0.20244593622840928}