{"potted plant": 5.986525272934658, "tie": 5.849283960242595, "vase": 5.325048202500928, "remote": 4.393175269279053, "cell phone": 3.6779032915311225, "cup": 3.325142880472016, "knife": 3.021221635449518, "umbrella": 3.006880908159162, "book": 2.46984735249397, "tv": 2.3919729703387347, "apple": 2.1490262234405875, "toothbrush": 1.9648848299296466, "handbag": 1.7060231960133576, "laptop": 1.6203284749084748, "couch": 1.6187194641027742, "chair": 1.5104925761360666, "dining table": 1.4196577794463237, "cake": 1.070653816120224, "bottle": 0.9649216223313766, "person": 0.7757046160432383}