{"tie": 5.1521102722404395, "airplane": 3.4416716256665905, "couch": 2.7377700704871377, "boat": 2.4090850244176933, "vase": 2.093299938322509, "cup": 1.785047055290151, "kite": 1.643692936984419, "bench": 1.5949027728149872, "person": 0.4456720220583201, "tv": 0.17421395602352566}