{"sports ball": 19.256637567454245, "frisbee": 11.459689848663357, "baseball glove": 10.913732979756185, "dog": 5.028757461685827, "kite": 4.704375077814866, "umbrella": 2.9942377538216833, "truck": 2.026006988322768, "laptop": 1.5834707537776431, "cell phone": 1.192618410536872, "clock": 1.1706488074437702, "potted plant": 0.9926997980624247, "chair": 0.65835828857434, "tie": 0.47332189248111683, "person": 0.4423818606472647}