{"traffic light": 6.535574793995177, "bus": 6.336717279383323, "motorcycle": 4.066507856853643, "truck": 2.6857167126437735, "car": 1.8018950737033723, "umbrella": 1.7969838933648612, "tv": 0.8349006831741904, "person": 0.21384663986430621}