{"kite": 5.9752701266427435, "sports ball": 4.142688662894433, "teddy bear": 3.1786330184693585, "tie": 3.0835560569605294, "tv": 3.0461918376545616, "car": 2.749953072374458, "bed": 2.6960243490977476, "banana": 2.6618885320734513, "clock": 2.3810273019038624, "donut": 2.1253605588840925, "refrigerator": 1.9908054689632042, "bench": 1.9701861817604684, "frisbee": 1.9414485719931118, "chair": 1.8366506411438852, "couch": 1.6176012230732615, "cake": 1.5452960592906237, "person": 1.232076146502464, "bottle": 0.6308978630165085, "cup": 0.5831632231584375}