{"cat": 39.89947204727968, "couch": 5.934373088426761, "bench": 5.847727101302042, "bowl": 3.4226520270897884, "dog": 3.310874298536536, "orange": 2.848226136445401, "chair": 2.494793197095802, "apple": 2.221524055293609, "bird": 2.075196365825927, "sports ball": 1.9262373834566084, "cake": 1.6717713610133575, "person": 1.544381980925904, "tv": 1.5056818887368584, "teddy bear": 1.4337608983588144, "bottle": 1.4131416111560786, "car": 1.2531769614634005}