{"suitcase": 4.278961366771739, "traffic light": 4.148951706153747, "potted plant": 3.8386533418400512, "motorcycle": 3.598214081716899, "toothbrush": 3.017938959588135, "backpack": 2.7242867201498506, "bed": 2.013439962490504, "truck": 1.8801827302515235, "train": 1.7592058241062636, "clock": 1.6058195152368187, "bench": 1.5949027728149872, "tv": 0.6968558240941026, "person": 0.5411731696422458}