{"frisbee": 11.082826616019599, "bed": 3.0145500763354702, "hot dog": 2.891354558958073, "dining table": 2.6917307422484917, "suitcase": 2.562496572322105, "car": 2.445711360186226, "apple": 2.193792360189011, "pizza": 2.1893967487159727, "train": 1.9017146762641917, "sports ball": 1.4767049720830572, "chair": 1.188186694433554, "potted plant": 1.1204602281939795, "tie": 0.26310127469615985, "cell phone": 0.2611861767600603, "tv": 0.24640086757231472, "person": 0.18629940842990864}