{"boat": 16.863595170923855, "airplane": 10.325014876999772, "car": 3.286189145366805, "bird": 3.0830386245102237, "truck": 1.8801827302515235, "train": 1.7592058241062636, "tie": 0.8586850453734066, "cell phone": 0.7153538665940896, "person": 0.22283601102916006}