{"cow": 20.58049489975828, "dog": 10.238438612815763, "laptop": 4.267753496469706, "bird": 3.8439229738278264, "tv": 3.489169829240595, "zebra": 2.820055259478705, "train": 2.6193845640165536, "pizza": 2.564121885341504, "giraffe": 2.334547443697004, "chair": 1.9928048529493922, "car": 1.900784241651726, "sports ball": 1.7448632450186936, "frisbee": 1.4477471403335542, "person": 1.3607707656138055, "bench": 1.261910641432155, "teddy bear": 1.250282603437036, "bowl": 0.943988683790656, "cat": 0.5385235756824917}