{"giraffe": 4.278153108137634, "vase": 3.4821214103581264, "sheep": 3.2796242780265064, "elephant": 3.167706361822521, "cow": 2.919009736083694, "wine glass": 2.9008274170005035, "bed": 1.9935865206462662, "bench": 1.7495713948469718, "bird": 1.407822101124915, "cup": 1.03807507561883, "chair": 0.9678708169455813, "clock": 0.8395681944038579, "tie": 0.5169529924440711, "person": 0.4050899112357592, "tv": 0.25025364532368566}