{"cow": 3.476948578338571, "traffic light": 2.681021528714291, "bicycle": 2.562721830685267, "kite": 2.211017899468555, "remote": 2.1965876346395263, "stop sign": 1.9446366690996992, "skateboard": 1.8094362913867883, "handbag": 1.7060231960133576, "laptop": 1.6203284749084748, "tie": 1.2534179914805559, "book": 1.234923676246985, "car": 0.9135865227976063, "chair": 0.7552462880680333, "tv": 0.5125656365011574, "cell phone": 0.40865592128123585, "person": 0.2629507173027926}