{"airplane": 24.909695660717805, "truck": 2.3500021235633017, "boat": 1.8259714302381136, "motorcycle": 0.8133015713707286, "car": 0.28450974847947985, "person": 0.18329711988369105}