{"kite": 3.287385873968838, "backpack": 2.7242867201498506, "bottle": 1.8241979628519758, "clock": 1.6058195152368187, "cake": 1.3651433480959108, "umbrella": 1.3039792064390352, "cell phone": 0.7153538665940896, "person": 0.7003417489487888, "tv": 0.3484279120470513}