{"orange": 4.758498002916502, "bowl": 3.2178854807033748, "apple": 1.7524244638293782, "banana": 1.7467264427147404, "cup": 1.03807507561883, "cell phone": 0.6877137268369498, "person": 0.0368263555668872}