{"remote": 4.168663053948055, "surfboard": 3.116568746697265, "bench": 1.9701861817604684, "chair": 1.8366506411438852, "couch": 1.6176012230732615, "bed": 1.3480121745488738, "potted plant": 0.8494682356287533, "bottle": 0.6308978630165085, "person": 0.616038073251232, "cell phone": 0.4638437783533423}