{"tv": 3.6584930764940387, "tie": 3.4347401814936265, "stop sign": 3.2722914626980724, "sports ball": 1.5470062944713712, "cell phone": 1.4307077331881792, "person": 0.9231777599779488}