{"motorcycle": 6.024252166659335, "suitcase": 4.774763259308245, "train": 2.52471290018842, "sports ball": 2.0713443314472166, "knife": 1.7031233965114234, "car": 1.374976536187229, "cell phone": 0.9276875567066846, "bottle": 0.6308978630165085, "cup": 0.5831632231584375, "person": 0.08213840976683094}