{"traffic light": 2.681021528714291, "backpack": 2.427642050654615, "banana": 1.7731381326761089, "donut": 1.752710309986011, "tie": 1.6712239886407412, "cup": 1.662571440236008, "bench": 1.653064622306746, "couch": 1.6187194641027742, "sports ball": 1.432920573324734, "bottle": 0.9649216223313766, "cell phone": 0.8173118425624717, "tv": 0.3417104243341049, "person": 0.3155408607633512}