{"elephant": 17.934164704356846, "bear": 10.0363262885117, "giraffe": 4.669094887394008, "horse": 1.5057343979839035, "frisbee": 1.4477471403335542, "dog": 1.3354485147150994, "cow": 1.2106173470446047, "bird": 0.7687845947655653, "person": 0.024299477957389383}