{"microwave": 6.983083745727035, "elephant": 3.105494850612455, "cat": 2.511915265817552, "tv": 2.090567472282308, "tie": 0.8586850453734066, "person": 0.4456720220583201}