{"cat": 5.023830531635104, "keyboard": 2.2638149825294747, "bottle": 1.8241979628519758, "bird": 1.5415193122551119, "tv": 0.8710697801176283, "person": 0.19100229516785147}