{"sports ball": 6.188025177885485, "bottle": 3.6483959257039515, "baseball glove": 2.852729043266902, "tv": 1.9163535162587821, "skateboard": 1.866836488298629, "motorcycle": 1.7991070408584495, "teddy bear": 1.261734276551596, "person": 0.9550114758392574, "tie": 0.8586850453734066, "clock": 0.8029097576184093, "cell phone": 0.7153538665940896}