{"dining table": 8.852727374505209, "pizza": 7.751245205218849, "sandwich": 5.030070418329803, "bowl": 4.167188589506816, "fork": 2.4800404601368276, "hot dog": 2.1589423907652026, "donut": 2.1253605588840925, "carrot": 1.7394910406822983, "umbrella": 1.7031233965114234, "knife": 1.7031233965114234, "cake": 1.5452960592906237, "vase": 1.1785533754889597, "bottle": 0.6308978630165085, "cup": 0.5831632231584375, "person": 0.32855363906732377}