{"sink": 5.502415854429662, "giraffe": 4.623010104116422, "car": 3.2609484802483015, "bench": 3.2495619007276884, "teddy bear": 2.8940835605189963, "oven": 2.7667121137507964, "couch": 2.6469527524615346, "backpack": 2.1982073783981275, "apple": 2.193792360189011, "refrigerator": 1.9592601619107923, "toothbrush": 1.8951572757180326, "bird": 1.875739189860931, "handbag": 1.65773703804714, "dog": 1.655163034051967, "bowl": 1.5643030314010429, "tie": 1.3155063734807992, "chair": 0.594093347216777, "cell phone": 0.5223723535201206, "tv": 0.24640086757231472, "person": 0.20699934269989848}