{"kite": 7.0565626167222995, "clock": 4.682595229775081, "cat": 2.2122772175721384, "umbrella": 1.4971188769108417, "teddy bear": 1.4927741923068307, "tv": 1.3077630847200818, "person": 0.03748998819044616}