{"cat": 6.702741944643973, "keyboard": 2.9647820275128898, "surfboard": 2.945913543208507, "airplane": 2.8147213329371565, "dining table": 2.6917307422484917, "cake": 2.349222241939946, "kite": 2.193792360189011, "wine glass": 2.0166235567907127, "chair": 1.7822800416503308, "donut": 1.7161090442690472, "umbrella": 1.655163034051967, "dog": 1.655163034051967, "frisbee": 1.583260945145657, "bottle": 1.5671155830462236, "bowl": 1.5643030314010429, "sports ball": 1.4767049720830572, "cup": 1.3725889721958096, "laptop": 1.342098888328769, "couch": 1.3234763762307673, "tv": 0.3696013013584721, "cell phone": 0.2611861767600603, "person": 0.20699934269989848}