{"train": 5.535250890351079, "skateboard": 3.6188725827735766, "couch": 3.2374389282055485, "cell phone": 2.860591448968651, "tie": 2.5068359829611118, "tv": 2.3919729703387347, "clock": 2.2093671294130703, "cake": 2.141307632240448, "scissors": 2.119414369393943, "dog": 1.7863583441042437, "handbag": 1.7060231960133576, "chair": 1.5104925761360666, "book": 1.234923676246985, "potted plant": 1.1973050545869317, "bottle": 0.9649216223313766, "car": 0.9135865227976063, "cup": 0.831285720118004, "person": 0.749409544312959}