{"donut": 6.278325217647904, "sandwich": 5.971695028642898, "fork": 4.324132656254979, "kite": 2.77923326495845, "tv": 2.616877371930446, "scissors": 2.596911708164495, "teddy bear": 2.500565206874072, "umbrella": 1.9376660792802312, "tie": 1.156550125774329, "bed": 1.0236768443943554, "bird": 0.7687845947655653, "person": 0.09719791182955753}