{"car": 4.567932613988032, "motorcycle": 2.3118666446627194, "clock": 2.2093671294130703, "stop sign": 1.9446366690996992, "bench": 1.653064622306746, "tie": 1.2534179914805559, "bottle": 0.9649216223313766, "tv": 0.5125656365011574, "cell phone": 0.40865592128123585, "person": 0.39442607595418894}