{"toilet": 3.805199431718559, "donut": 2.352107589675153, "traffic light": 2.0744758530768737, "tv": 1.045283736141154, "cell phone": 0.7153538665940896, "person": 0.5411731696422458}