{"teddy bear": 10.002260827496288, "dining table": 2.765977145970782, "tv": 2.1807311432753718, "vase": 2.119987636074186, "clock": 1.5792684820300527, "dog": 1.3354485147150994, "car": 0.950392120825863, "bird": 0.7687845947655653, "person": 0.4616900811903983}