{"apple": 3.8262756513592255, "scissors": 2.8266033105460195, "tie": 2.440741058121735, "laptop": 2.3125827958835097, "bicycle": 1.8289169404678705, "car": 1.8018950737033723, "bus": 1.5841793198458307, "cell phone": 1.5635064272716053, "tv": 0.8349006831741904, "motorcycle": 0.8133015713707286, "person": 0.3513194797770745, "truck": 0.3357145890804717}