{"Spoed": 125.37245373456861, "met": 93.64215651602083, "Brandweer": 76.40769458716942, "Brussel": 54.40931221872798, "naar": 47.1047806868188, "Haaglanden": 45.92950228708992, "Prio": 43.880358807099014, "een": 41.49355149112408, "TS": 41.04210305034186, "Ambulance": 35.48832978384096, "Haag": 35.17894547172159, "Den": 32.11399172912565, "Grote": 30.2273956770711, "MUG": 26.225219036720844, "Zeer": 23.452630314481063, "GRIP": 23.452630314481063, "Kazerne": 22.96475114354496, "Politie": 22.83602759517203, "Melding": 19.668914277540633, "[": 18.500662367068077, "]": 18.462476137046814, "spoed": 17.127020696379024, "Ongeval": 15.30983409569664, "OMS": 15.30983409569664, "Leidschendam": 15.30983409569664, "Gebouwbrand": 15.30983409569664, "Diversen": 15.30983409569664, "Luik": 15.30983409569664, "d'urgence": 15.30983409569664, "Bruxelles": 15.30983409569664, "in": 14.120225204336275, "Brand": 13.984135857954595, "Rijswijk": 13.923539734576751, "Zoetermeer": 13.923539734576751, "UCL": 13.923539734576751, "UZ": 13.923539734576751, "bij": 13.430589652501125, "hulpdiensten": 13.112609518360422, "Hulpdiensten": 11.726315157240531, "onderweg": 11.418013797586015, "+": 9.6566597294797, "en": 9.179391593141192, "1": 8.995290277326058, "Amsterdam": 8.95372643500075, "\u00e0": 8.718160363687984, "20-1551": 7.65491704784832, "Schoorsteenbrand": 7.65491704784832, "Poortvliet": 7.65491704784832, "vewoest": 7.65491704784832, "keukenwinkel": 7.65491704784832, "Maartensdijk": 7.65491704784832, "15-5630": 7.65491704784832, "30/05/2020": 7.65491704784832, "Natuurband": 7.65491704784832, "Zaanstreek": 7.65491704784832, "11-0334": 7.65491704784832, "13-2631": 7.65491704784832, "HOvD": 7.65491704784832, "15-9594": 7.65491704784832, "OvD": 7.65491704784832, "15-7430": 7.65491704784832, "Leidschenveen": 7.65491704784832, "Laak": 7.65491704784832, "Kraan": 7.65491704784832, "15-7489": 7.65491704784832, "Gasexplosie": 7.65491704784832, "Vervoersbedrijf": 7.65491704784832, "MIVB": 7.65491704784832, "STIB": 7.65491704784832, "Sibelga": 7.65491704784832, "Gasbedrijf": 7.65491704784832, "Archipel": 7.65491704784832, "15-7230": 7.65491704784832, "5x": 7.65491704784832, "Helihavenlaan": 7.65491704784832, "15-7330": 7.65491704784832, "Bergen": 6.961769867288376, "Belgi\u00eb": 6.961769867288376, "Rijopleiding": 6.961769867288376, "Zaandam": 6.961769867288376, "Autospuit": 6.961769867288376, "Pieter": 6.961769867288376, "15-7630": 6.961769867288376, "Voertuig": 6.961769867288376, "Luc": 6.961769867288376, "HW": 6.556304759180211, "Sint": 6.556304759180211, "Archief": 6.556304759180211, "interventie": 6.556304759180211, "Schiedam": 6.26862268672843, "Vele": 6.0454791354142206, "Nederland": 6.0454791354142206, "Saint": 6.0454791354142206, "Antwerpen": 5.863157578620266, "Zoom": 5.457692470512101, "Ambulances": 5.352331954854275, "CO": 5.015859718233062, "te": 4.476863217500375, "het": 4.476863217500375, "Code": 4.43604122298012, "water": 4.43604122298012, "op": 4.359080181843992, "Monster": 3.465262305821895, "Police": 3.465262305821895, "2019": 2.2750196943078613, "'s": 1.9281495408595146, "10": 1.8259714302381136, "(": 1.6117015304297262, ")": 1.5843182695938387, "-": 0.9881422823680434, "2": 0.80479088170282, "&": 0.7900692698774602}