{"...": 8.936346712644834, "\u201d": 7.988745960207457, "\u3010\u590f\u670d\u3011LOOKBOOK\uff5c\u53ef\u611b\u904e\u304e\u308b\u590f\u670d\ud83e\udd7a\u672c\u5f53\u306b\u8cb7\u3063\u3066\u3088\u304b\u3063\u305f\uff01\u590f\u306b\u3074\u3063\u305f\u308a\u306a\u30a2\u30af\u30bb\u30b5\u30ea\u30fc\u3082\u7d39\u4ecb\uff01": 7.618742377670413, "\u3010\u9b3c\u6ec5\u306e\u5203\u3011\u4e45\u3057\u3076\u308a\u306e\u9b3c\u6ec5\u3063\uff01\u6975\u697d\u6e6f\u3068\u7b2c2\u5f3e\u30b3\u30e9\u30dc\u3057\u3066\u3044\u308b\u3068\u805e\u3044\u305f\u306e\u3067\u884c\u3063\u3066\u304d\u307e\u3057\u305f\u301c": 7.618742377670413, "\u504f\u308a\u304c\u9177\u3044": 7.618742377670413, "2\u4e07\u5186\u5206\u306e\u30b0\u30c3\u30ba\u304c\u9042\u306b\u5c4a\u3044\u305f\u304b\u3089\u958b\u5c01\u3059\u308b\u3060\u3051\u306e\u52d5\u753b\u3002": 7.618742377670413, "\u30a2\u30cb\u30e1\u30aa\u30bf\u30af\u306e\u30b0\u30c3\u30ba\u53ce\u7d0d\u7d39\u4ecb\uff5c\u5b89\u304f\u3066\u5927\u91cf\u306a\u30b0\u30c3\u30ba\u3082\u30b3\u30f3\u30d1\u30af\u30c8\u306b\u53ce\u7d0d\u3067\u304d\u308b\u304a\u3059\u3059\u3081\u904e\u304e\u308b\u30a2\u30a4\u30c6\u30e0\uff01\u300c\u30b0\u30c3\u30ba\u53ce\u7d0d\u65b9\u6cd5\u300d": 7.618742377670413, "\u3010\u798f\u888b\u3011\u5927\u597d\u304d\u306a\u3042\u306e\u4eba\u9054\u306e\u70ba\u306e1\u4e074000\u5186\u798f\u888b\u3092\u958b\u5c01\uff01\uff01": 7.618742377670413, "\u304a\u6bcd\u3055\u3093\u306e\u30d7\u30e9\u30a4\u30d9\u30fc\u30c8\u30eb\u30fc\u30e0\u306b\u6f5c\u5165\u3002": 7.618742377670413, "\u904b\u304c\u60aa\u3059\u304e\u308b": 7.618742377670413, "\u546a\u8853\u5efb\u62260\u3071\u3057\u3083\u3053\u308c\u306e\u5927\u91cf\u958b\u5c01\u3092\u898b\u3066\u3084\u3063\u3066\u304f\u3060\u3055\u3044\u3088\u3002\u3002\u3002": 7.618742377670413, "\u3010\u6625\u670d\u3011LOOK": 7.618742377670413, "BOOK\u98a8\u306b\u7d39\u4ecb\uff5c\u5973\u306e\u5b50\u306a\u3089\u898b\u3066\uff01\u6625\u670d\u3092109\u30672\u4e07\u5186\u5206\u8cfc\u5165\u3057\u3066\u304d\u305f\u306e\u3067\u7d39\u4ecb\u3057\u307e\u3059\ud83c\udf38": 7.618742377670413, "\u3010\u6587\u623f\u5177\uff5c\u958b\u5c01\u3011\u65b0\u5165\u5b66\u30fb\u65b0\u5b66\u5e74\u306f\u30b3\u30ec\u306b\u6587\u623f\u5177\u3092\u5165\u308c\u3066\u5b66\u6821\u884c\u3053\u3046\u305c\uff01\uff01\uff01": 7.618742377670413, "\u6771\u4eac\u30ea\u30d9\u30f3\u30b8\u30e3\u30fc\u30ba": 7.618742377670413, "\uff5c\u6771\u6b66\u52d5\u7269\u516c\u5712\u306b\u884c\u3063\u3066\u30b0\u30c3\u30ba\u3001\u30df\u30cb\u30b2\u30fc\u30e0\u3067\u904a\u3093\u3067\u304d\u305f\u266a\uff3bVlog\uff3d": 7.618742377670413, "\u672c\u5f53\u306b\u3042\u308a\u304c\u3068\u3046\u3054\u3056\u3044\u307e\u3057\u305f\u3002\u3002": 7.618742377670413, "\u3064\u3044\u306b\u9aea\u306e\u6bdb\u309214cm\u5207\u3063\u3066\u3057\u307e\u3044\u307e\u3057\u305f\u3002\u8a18\u5ff5\u3057\u3066DAISO\u8cfc\u5165\u54c1\u7d39\u4ecb\u3092\u3057\u307e\u3059\uff08\uff1f\uff09": 7.618742377670413, "\u79c1\u306e\u611a\u75f4\u3092\u805e\u3044\u3066\u4e0b\u3055\u3044\u3002\uff5c\u671d\u4e00\u30a4\u30e9\u30a4\u30e9\u304b\u3089\u59cb\u307e\u3063\u305f1\u65e5\u3060\u3063\u305f\u306e\u3067\u3054\u8912\u7f8e\u306b\u546a\u8853\u5efb\u6226\u30b0\u30c3\u30ba\u3092\u5168\u3066\u958b\u5c01\u3057\u307e\u3059": 7.618742377670413, "\u30c6\u30b9\u30c8\u306e\u70b9\u6570\u304c\u6700\u60aa\u904e\u304e\u3066\u6210\u7e3e\u304c\u843d\u3061\u305f": 7.618742377670413, "\u3053\u306e\u6625\u5927\u9006\u8ee2\u3057\u3066\u3084\u308b\uff01\u300c\u52c9\u5f37\u6cd5\u300d": 7.618742377670413, "\u30a2\u30cb\u30e1\u30a4\u30c8\u3067\u5927\u91cf\u8cb7\u3044\u3092\u3057\u3066\u304d\u305f\u306e\u3067\u8cfc\u5165\u54c1\u3092\u7d39\u4ecb\u3057\u307e\u3059\uff01\uff01\uff01\uff01": 7.618742377670413, "\u8996\u8074\u8005\u3055\u3093\u304b\u3089\u5de8\u5927\u306a\u7bb1\u304c2\u7bb1\u5bb6\u306b\u5c4a\u304d\u307e\u3057\u305f\u30fb\u30fb\u30fb\u30fb": 7.618742377670413, "\u3010DAISO/100\u5747\u3011\u30c0\u30a4\u30bd\u30fc\u8cfc\u5165\u54c1\u7d39\u4ecb\uff01\u5927\u91cf\u3067\u5927\u304d\u3044\u8cb7\u3044\u7269\u3092\u3057\u3066\u304d\u305f\u3041\u3041\uff01": 7.618742377670413, "\u30b3\u30f3\u30d3\u30cb\u3067\u8cb7\u3063\u305f\u3089\u6700\u60aa\u306a\u7d50\u679c\u3060\u3063\u305f\u4ef6\u30fb\u30fb\u30fb": 7.618742377670413, "\u3010\u30a6\u30a8\u30cf\u30fc\u30b9\u958b\u5c01\u3011\u3053\u3093\u306a\u5fae\u5999\u904e\u304e\u308bBOX\u306f\u521d\u3081\u3066\u30fb\u30fb\u30fb\u546a\u8853\u5efb\u6226\u30a6\u30a8\u30cf\u30fc\u30b9\u3092\u5927\u91cf\u958b\u5c01\u3057\u305f\u3093\u3060\u3051\u3069\u307e\u3055\u304b\u306e\u7d50\u679c\u3067\u3057\u305f\u3002": 7.618742377670413, "40\u500b\u306e\u5927\u91cf\u63a8\u3057\u30b0\u30c3\u30ba\u3092\u5168\u90e8\u958b\u5c01\u3057\u305f\u7d50\u679c\u30fb\u30fb\u30fb\ud83d\ude28": 7.618742377670413, "\u3010in\u539f\u5bbf\u3011\u8cb7\u3044\u904e\u304e\u3066\u3057\u307e\u3044\u307e\u3057\u305f": 7.618742377670413, "\u30d9\u30fc\u30b9\u30e4\u30fc\u30c9\u30c8\u30fc\u30ad\u30e7\u30fc\u3067\u7206\u8cb7\u3044\uff01\uff01\uff01\uff01": 7.618742377670413, "\u3044\u3084\u3001\u3053\u306eBOX\u30e4\u30d0\u30a4\u3060\u308d\u30fb\u30fb\u30fb\u5287\u5834\u7248": 7.618742377670413, "\u546a\u8853\u5efb\u62260\u30de\u30f3\u30c1\u30e7\u30b330\u500b\u5927\u958b\u5c01\uff01\uff01\uff01\uff01\u3010\u30d3\u30c3\u30af\u30ea\u30de\u30f3\u30c1\u30e7\u30b3\u3011": 7.618742377670413, "\u3010\u5b66\u751f\u5fc5\u898b\u3011\u65b0\u5b66\u5e74\u306b\u4f7f\u3046\u3079\u304d": 7.618742377670413, "\u6587\u623f\u5177\u7d39\u4ecb": 7.618742377670413, "\u60a9\u3093\u3060\u3089\u30b3\u30ec\u3092\u4f7f\u3046\u3079\u3057\uff01\uff01\uff01": 7.618742377670413, "\u7d50\u679c\u304c\u826f\u304f\u3066\u3082\u60aa\u304f\u3066\u3082\u306a\u3093\u3060\u3063\u3066\u3044\u3044\u3055": 7.618742377670413, "\ud83d\ude29\uff5c\u3053\u308c\u304c\u958b\u5c01\u306e\u5100\u3060\uff01\uff01\uff01\uff01": 7.618742377670413, "\u5927\u4e08\u592b\u3001\u50d5\u6700\u5f37\u3060\u304b\u3089\u3002": 7.618742377670413, "\u3053\u3093\u306a\u7269\u304c\u5bb6\u306b\u5c4a\u3044\u305f": 7.618742377670413, "\uff5c\u4e2d\u8eab\u306f\u79c1\u9054\u3092\u72c2\u308f\u305b\u308b\u7269\u3060\u3063\u305f\u30fb\u30fb\u30fb\ud83d\ude28": 7.618742377670413, "\u3010\u5927\u91cf\u958b\u5c01\u3011\u5410\u304d\u6c17\u3092\u8d77\u3053\u3057\u306a\u304c\u3089\u30b0\u30c3\u30ba\u958b\u5c01\uff5c7\u7bb1\u30a2\u30cb\u30e1\u30b0\u30c3\u30ba\u304c\u5c4a\u3044\u305f\u306e\u3067\u5168\u90e8\u958b\u5c01\u3057\u307e\u3059\uff01\uff01": 7.618742377670413, "\u3010\u30bb\u30ea\u30a2/100\u5747\u3011\u30bb\u30ea\u30a2\u3067\u306e\u8cfc\u5165\u54c1\u7d39\u4ecb\uff01\u304a\u3082\u3057\u308d\u304b\u308f\u3044\u3044\u65b0\u5546\u54c1\u304c\u6ca2\u5c71\u5165\u8377\u3057\u3066\u3044\u307e\u3057\u305f\u2661\uff3bSeria\uff3d": 7.618742377670413, "\u982d\u75db\u3068\u9f3b\u306e\u75db\u307f\u3067\u5f15\u304d\u3053\u3082\u308b\u4e00\u65e5\ud83d\ude22\u6c5a\u3044\u90e8\u5c4b\u304c\u307e\u305f\u5fa9\u6d3b\u3057\u305f\u306e\u3067\u7247\u4ed8\u3051\u3092\u3057\u306a\u304c\u3089\u307e\u3063\u305f\u308a\u904e\u3054\u3059\ud83e\uddf9": 7.618742377670413, "\u3010\u4e00\u756a\u304f\u3058\u3011\u8a00\u8449\u3092\u5931\u3046\u7d50\u679c\u3067\u3057\u305f": 7.618742377670413, "\uff5c\u546a\u8853\u5efb\u62260\u4e00\u756a\u304f\u3058\u309220\u56de\u5f15\u3044\u3066\u304d\u305f\uff01\uff01": 7.618742377670413, "!": 0.4035023989403157}