{"\u064a\u0648\u0646\u064a\u0648": 81.37870113898067, "\u0627\u0644\u0623\u0631\u0628\u0639\u0627\u0621": 48.6713308772169, "\u0627\u0644\u062b\u0644\u0627\u062a\u0627\u0621": 40.258297784209766, "\u0635\u0628\u0627\u062d\u064a\u0627\u062a": 32.20663822736781, "\u0627\u0644\u0638\u0647\u064a\u0631\u0629": 32.20663822736781, "2022": 27.838795963024626, "Juin": 24.154978670525857, "15": 23.600825350987613, "14": 21.333992756275464, "\u0641\u064a": 19.95608273147767, ":": 17.45917894860139, "\u0645\u0639": 16.979988268286537, "\u063a\u0634\u0627\u0621": 16.103319113683906, "\u0627\u0644\u0628\u0643\u0627\u0631\u0629": 16.103319113683906, "\u0627\u0644\u0645\u0633\u0627\u0626\u064a\u0629": 16.103319113683906, "Soir": 16.103319113683906, "Mercredi": 16.103319113683906, "\u0648\u0644\u064a\u0645\u0629": 16.103319113683906, "\u062d\u0644\u064a\u0645\u0629": 16.103319113683906, "\u0646\u0634\u0631\u0629": 16.103319113683906, "\u0627\u0644\u062d\u0627\u0644": 16.103319113683906, "\u0641\u062a\u0631\u0629": 16.103319113683906, "\u0623\u062e\u0628\u0627\u0631": 14.717024752564017, "\u0627\u0644\u0645\u063a\u0631\u0628": 14.717024752564017, "Info": 12.21149881557328, "\u0645\u0646": 12.188026530833039, "\u0647\u064a": 11.307528568087166, "\u0643\u064a\u0641": 10.687218711479487, "\u061f": 10.214441155351027, "\u0645\u0627": 9.368727453710958, "\u0648": 8.99262299070508, "\u062a\u0639\u0631\u064a\u0641\u0647\u0627": 8.051659556841953, "\u062f\u0648\u0631\u0647\u0627": 8.051659556841953, "\u0627\u0644\u0642\u0627\u0646\u0648\u0646": 8.051659556841953, "\u0628\u0641\u062d\u0635": 8.051659556841953, "\u0627\u0644\u0625\u062c\u0627\u0628\u0629": 8.051659556841953, "\u0648\u0641\u062f": 8.051659556841953, "\u0627\u0644\u0623\u0639\u0645\u0627\u0644": 8.051659556841953, "\u0627\u0644\u0625\u0643\u0648\u0627\u062f\u0648\u0631": 8.051659556841953, "\u0627\u0644\u062f\u0627\u062e\u0644\u0629": 8.051659556841953, "\u062a\u0646\u0638\u064a\u0645": 8.051659556841953, "\u0645\u0644\u062a\u0642\u0649": 8.051659556841953, "\u0627\u0644\u0645\u0633\u062a\u062f\u0627\u0645\u0629": 8.051659556841953, "\u0627\u0644\u0635\u0648\u064a\u0631\u0629": 8.051659556841953, "\u0628\u0645\u0634\u0627\u0631\u0643\u0629": 8.051659556841953, "\u062a\u0639\u0627\u0648\u0646\u064a\u0627\u062a": 8.051659556841953, "\u0646\u0633\u0648\u0629": 8.051659556841953, "\u0627\u0644\u0625\u0642\u0644\u064a\u0645": 8.051659556841953, "\u0633\u0644\u0648\u0649": 8.051659556841953, "\u0632\u0631\u0647\u0627\u0646": 8.051659556841953, "\u0648\u0646\u062f\u0649": 8.051659556841953, "\u0627\u0644\u0647\u062f\u0627\u0648\u064a": 8.051659556841953, "\u0628\u0637\u0644\u062a\u0627": 8.051659556841953, "\u0644\u0645\u0643\u062a\u0648\u0628": 8.051659556841953, "\u0636\u064a\u0641\u062a\u0627": 8.051659556841953, "\u064850": 8.051659556841953, "\u0627\u0644\u0645\u062d\u0631\u0648\u0642\u0627\u062a": 8.051659556841953, "\u062a\u0648\u0627\u0635\u0644": 8.051659556841953, "\u0627\u0631\u062a\u0641\u0627\u0639\u0647\u0627": 8.051659556841953, "\u0627\u062e\u062a\u0628\u0627\u0631\u0627\u062a": 8.051659556841953, "\u0627\u0644\u0639\u0627\u062f\u064a\u0629": 8.051659556841953, "\u0627\u0644\u062c\u0647\u0648\u064a": 8.051659556841953, "\u0627\u0644\u0645\u0648\u062d\u062f": 8.051659556841953, "\u0644\u0644\u0633\u0646\u0629": 8.051659556841953, "\u0628\u0643\u0627\u0644\u0648\u0631\u064a\u0627": 8.051659556841953, "\u062a\u0639\u0632\u064a\u0632": 8.051659556841953, "\u0628\u0627\u0644\u0623\u0645\u0646": 8.051659556841953, "\u0644\u062f\u0649": 8.051659556841953, "\u0627\u0644\u0645\u0648\u0627\u0637\u0646": 8.051659556841953, "\u0627\u0644\u0641\u0627\u0633\u064a": 8.051659556841953, "\u0627\u0644\u0633\u0646\u0648\u0627\u062a": 8.051659556841953, "\u0628\u0648\u0631\u064a\u0637\u0629": 8.051659556841953, "\u064a\u0633\u062a\u0642\u0628\u0644": 8.051659556841953, "\u0627\u0644\u0623\u0645\u064a\u0646": 8.051659556841953, "\u0644\u0645\u0646\u0638\u0645\u0629": 8.051659556841953, "\u0627\u0644\u0625\u0633\u0644\u0627\u0645\u064a": 8.051659556841953, "\u0628\u0631\u064a\u062f": 8.051659556841953, "\u0643\u0647\u0631\u0628\u0627\u0626\u064a\u0629": 8.051659556841953, "\u0627\u0644\u063a\u0627\u064a\u0629": 8.051659556841953, "\u062a\u0643\u0648\u064a\u0646": 8.051659556841953, "\u0627\u0644\u062c\u064a\u0644": 8.051659556841953, "\u0623\u0633\u0627\u062a\u0630\u0629": 8.051659556841953, "\u0627\u0644\u0639\u0645\u0648\u0645\u064a": 8.051659556841953, "\u0623\u0645\u0631\u064a\u0643\u064a\u0629": 8.051659556841953, "\u0645\u063a\u0631\u0628\u064a\u060c": 8.051659556841953, "\u0642\u0636\u062a": 8.051659556841953, "\u0641\u062a\u0639\u0644\u0645\u062a": 8.051659556841953, "\u0627\u0644\u062f\u0627\u0631\u062c\u0629": 8.051659556841953, "\u0628\u0625\u062a\u0642\u0627\u0646": 8.051659556841953, "\u0625\u0642\u0641\u0627\u0644": 8.051659556841953, "\u0627\u0644\u0628\u0646\u0643\u064a": 8.051659556841953, "\u0627\u0644\u0646\u0642\u0627\u0634": 8.051659556841953, "\u0645\u0639\u062a\u0648\u0642": 8.051659556841953, "\u062a\u062f\u0628\u064a\u0631": 8.051659556841953, "\u064a\u0633\u0645\u062d": 7.358512376282008, "\u064a\u0632\u0648\u0631": 7.358512376282008, "\u0627\u0644\u0646\u0633\u062e\u0629": 7.358512376282008, "\u0627\u0644\u062a\u0646\u0645\u064a\u0629": 7.358512376282008, "\u0628\u0645\u062f\u064a\u0646\u0629": 7.358512376282008, "\u0627\u0644\u0635\u062d\u0627\u0641\u0629": 7.358512376282008, "\u0631\u0634\u064a\u062f": 7.358512376282008, "\u062f\u0642\u064a\u0642\u0629": 7.358512376282008, "\u0627\u0644\u062f\u0648\u0631\u0629": 7.358512376282008, "\u0644\u0644\u0627\u0645\u062a\u062d\u0627\u0646": 7.358512376282008, "\u0623\u0648\u0644\u0649": 7.358512376282008, "\u0627\u0644\u0625\u062d\u0633\u0627\u0633": 7.358512376282008, "\u0628\u0633\u064a\u0627\u0631\u0627\u062a": 7.358512376282008, "\u0627\u0644\u062a\u0639\u0644\u064a\u0645": 7.358512376282008, "\u0648\u0632\u0648\u062c\u0647\u0627": 7.358512376282008, "\u0627\u0644\u062d\u0633\u0627\u0628": 7.358512376282008, "\u0627\u0644\u0645\u0633\u062a\u0634\u0627\u0631": 7.358512376282008, "\u0627\u0644\u0627\u0645\u062a\u062d\u0627\u0646\u0627\u062a": 7.358512376282008, "\u0627\u0644\u062b\u0644\u0627\u062b\u0627\u0621": 7.358512376282008, "..": 7.282926151963844, "\u0631\u062c\u0627\u0644": 6.953047268173844, "\u0627\u0644\u0623\u0648\u0644\u0649": 6.953047268173844, "\u062d\u062f\u064a\u062b": 6.953047268173844, "\u0645\u0633\u0627\u0621": 6.953047268173844, "\u0627\u0644\u0645\u0624\u062a\u0645\u0631": 6.953047268173844, "\u0645\u0639\u0647": 6.953047268173844, "\u0627\u0644\u062d\u062c\u0631": 6.953047268173844, "\u0627\u0644\u0635\u062d\u064a": 6.953047268173844, "\u0645\u0648\u0636\u0648\u0639": 6.953047268173844, "\u0645\u062f\u064a\u0646\u0629": 6.665365195722063, "\u0627\u0644\u062c\u0645\u0639\u0629": 6.665365195722063, "\u0623\u0633\u0639\u0627\u0631": 6.665365195722063, "\u0627\u0646\u0637\u0644\u0627\u0642": 6.665365195722063, "\u0646\u0627\u0635\u0631": 6.665365195722063, "\u0627\u0644\u0645\u0631\u0623\u0629": 6.442221644407853, "\u0627\u0644\u0623\u062e\u064a\u0631\u0629": 6.442221644407853, "Mardi": 6.442221644407853, "\u0627\u0644\u0639\u0627\u0645": 6.259900087613898, "\u062e\u0644\u0627\u0644": 5.972218015162118, "\u0637\u0631\u064a\u0642\u0629": 5.972218015162118, "\u0634\u0648": 5.749074463847908, "\u0647\u0644": 5.653764284043583, "\u0627\u0644\u062c\u062f\u064a\u062f": 5.653764284043583, "\u0645\u0633\u0644\u0633\u0644": 5.412602227226695, "\u0642\u0628\u0644": 5.343609355739743, "``": 4.784669703809371, "''": 4.76589029976385, "Pop": 3.609008300351637, "9": 2.648982174969674, "Up": 2.1880283812438566, ".": 1.2111130275532667}