{"\u0627\u0644\u062d\u0644\u0642\u0629": 96.32433401709777, "\u0627\u0644\u0644\u0647": 49.54798382339126, "\u0627\u0644\u0631\u062d\u0645\u0629": 46.847499773558454, "\u0644\u0623\u062d\u0633\u0646": 46.847499773558454, "\u0627\u0644\u0623\u062e\u0644\u0627\u0642": 46.847499773558454, "\u0631\u0633\u0648\u0644": 42.68861669019878, "\u0628\u0634\u0631\u0646\u064a": 39.03958314463204, "\u0627\u0644\u062d\u0628\u064a\u0628": 39.03958314463204, "\u0648\u0627\u0644\u0639\u0634\u0631\u0648\u0646": 39.03958314463204, "\u0639\u0644\u0649": 38.53400493879222, "\u062a\u0639\u0631\u0641": 37.19087229895385, "\u0645\u0646": 36.63222309578737, "\u0628\u064a\u0627\u0646": 31.231666515705633, "\u0627\u0644\u0642\u0631\u0622\u0646": 31.231666515705633, "\u0633\u064a\u062f\u0646\u0627": 31.231666515705633, "\u0639\u0644\u064a\u0647": 31.231666515705633, "\u0643\u0627\u0645\u0644\u0629": 25.68648907122607, "\u0645\u0627": 24.31738824879984, "\u062a\u0644\u0627\u0648\u0629": 23.423749886779227, "\u0642\u0631\u0622\u0646\u064a\u0629": 23.423749886779227, "\u0645\u0628\u0627\u0631\u0643\u0629": 23.423749886779227, "\u0628\u0635\u0648\u062a": 23.423749886779227, "\u0627\u0644\u0642\u0627\u0631\u0626": 23.423749886779227, "\u062a\u064a\u0633\u0631\u0645\u0646": 23.423749886779227, "\u0633\u0648\u0631\u0629": 23.423749886779227, "\u062a\u064a\u0633\u0631": 23.423749886779227, "\u0635\u0644\u0649": 23.423749886779227, "\u0648\u0633\u0644\u0645": 23.423749886779227, "\u0627\u0644\u0646\u0628\u064a": 23.423749886779227, "\u0627\u0644\u062a\u0627\u0633\u0639\u0629": 23.423749886779227, "\u0648\u0645\u0627": 20.127913020774894, "\u0628\u0647\u0627": 20.127913020774894, "\u0627\u0644\u062a\u064a": 17.185425261739717, "\u0641\u064a": 16.3773782488884, "\u0631\u0648\u0627\u0626\u0639": 15.615833257852817, "\u0642\u0631\u0627\u0621\u0627\u062a": 15.615833257852817, "\u0627\u0644\u0627\u062d\u062f": 15.615833257852817, "2/6/2019": 15.615833257852817, "\u0627\u0644\u062b\u0644\u0627\u062b\u0648\u0646": 15.615833257852817, "\u0628\u0634\u0627\u0631\u0629": 15.615833257852817, "\u0627\u0644\u0635\u0644\u0627\u0629": 15.615833257852817, "\u0644\u0644\u0646\u0627\u0633": 15.615833257852817, "\u0627\u0644\u062b\u0627\u0645\u0646\u0629": 15.615833257852817, "\u0645\u0639\u062c\u0632\u0627\u062a": 15.615833257852817, "\u0643\u062a\u0628": 14.229538896732926, "\u0627\u0644\u0633\u0646\u0629": 14.229538896732926, "\u0637\u0627\u0631\u0642": 14.229538896732926, "|": 13.76241937490521, "\u062d\u0644\u0642\u0629": 13.418608680516597, "\u0627\u0644\u062f\u0646\u064a\u0627": 13.418608680516597, "\u0623\u062d\u0645\u062f": 13.418608680516597, "\u064a\u0643\u0648\u0646": 13.418608680516597, "\u0627\u0644\u0623\u062f\u0628": 13.418608680516597, "\u0627\u0644\u0632\u0648\u062c": 13.418608680516597, "29": 12.757705702310986, "\u0623\u0646": 11.72401295974219, "(": 11.602930485163581, ")": 11.289056783799852, "\u064a\u0648\u0645": 10.199732855648397, "\u0639\u0646": 9.726955299519936, "\u0645\u0639": 8.684361452253365, "\u062e\u0644\u0637\u0629": 7.807916628926408, "\u062a\u0642\u064a\u0643": 7.807916628926408, "\u0633\u0631\u0637\u0627\u0646": 7.807916628926408, "\u0627\u0644\u0628\u0631\u0648\u0633\u062a\u0627\u062a\u0627": 7.807916628926408, "\u0648\u062a\u062d\u0633\u0646": 7.807916628926408, "\u0627\u0644\u0635\u062d\u0629": 7.807916628926408, "\u0627\u0644\u062c\u0646\u0633\u064a\u0629": 7.807916628926408, "\u0644\u0644\u0631\u062c\u0627\u0644": 7.807916628926408, "\u0639\u0638\u064a\u0645\u0629": 7.807916628926408, "\u062c\u062f\u064b\u0627": 7.807916628926408, "\u0644\u0644\u0635\u062d\u0629": 7.807916628926408, "\u0627\u0644\u062c\u0633\u062f\u064a\u0629": 7.807916628926408, "\u0644\u0628": 7.807916628926408, "\u0627\u0644\u0642\u0631\u0639": 7.807916628926408, "\u0627\u0639\u0631\u0641\u0647\u0627": 7.807916628926408, "\u0645\u0627\u062c\u062f\u0629": 7.807916628926408, "\u0639\u0627\u0645\u0631": 7.807916628926408, "\u0648\u0642\u0627\u062a\u0644\u0648\u0647\u0645": 7.807916628926408, "\u0641\u062a\u0646\u0629": 7.807916628926408, "\u0627\u0627\u0646\u0627\u0633": 7.807916628926408, "\u0641\u0636\u0644": 7.807916628926408, "\u0627\u0644\u0642\u062f\u0631": 7.807916628926408, "\u0623\u0642\u0631\u0623": 7.807916628926408, "\u0625\u0631\u062a\u0642": 7.807916628926408, "\u0628\u062a\u0627\u0631\u064a\u062e": 7.807916628926408, "3-6-2019": 7.807916628926408, "\u064a\u0642\u0627\u0644": 7.807916628926408, "\u0627\u0644\u0631\u0643\u0648\u0639": 7.807916628926408, "\u0648\u0627\u0644\u0633\u062c\u0648\u062f": 7.807916628926408, "\u0635\u062d\u064a\u062d": 7.807916628926408, "\u0645\u0633\u0644\u0645": 7.807916628926408, "\u0627\u0644\u0634\u0645\u0627\u0626\u0644": 7.807916628926408, "\u0627\u0644\u0645\u062d\u0645\u062f\u064a\u0629": 7.807916628926408, "\u062f\u0645": 7.807916628926408, "\u0644\u0644\u0623\u0645\u0629": 7.807916628926408, "\u0627\u0644\u0632\u0645\u0631": 7.807916628926408, "\u0639\u0628\u0651\u0631": 7.807916628926408, "\u062e\u0637\u0648\u0631\u0629": 7.807916628926408, "\u0648\u062a\u0639\u0644\u0642": 7.807916628926408, "\u0627\u0644\u0623\u0648\u0635\u0627\u0641": 7.807916628926408, "\u062a\u0645\u0646\u0649": 7.807916628926408, "\u0645\u0648\u0633\u0649": 7.807916628926408, "\u0623\u0645\u0629": 7.807916628926408, "\u0623\u0641\u0639\u0627\u0644": 7.807916628926408, "\u0631\u062d\u0645\u062a\u0647\u060c": 7.807916628926408, "\u0641\u0635\u062f\u0642": 7.807916628926408, "\u0633\u0645\u0651\u0627\u0647": 7.807916628926408, "\u0631\u062d\u0645\u0629": 7.807916628926408, "\u0644\u0644\u0639\u0627\u0644\u0645\u064a\u0646": 7.807916628926408, "\u0627\u0644\u062d\u064a\u0648\u0627\u0646": 7.807916628926408, "\u0627\u0644\u0631\u062f": 7.807916628926408, "\u064a\u0642\u0648\u0644": 7.807916628926408, "\u0628\u0648\u062c\u0648\u0628": 7.807916628926408, "\u0642\u062a\u0627\u0644": 7.807916628926408, "\u0627\u0644\u0645\u0633\u0644\u0645\u064a\u0646": 7.807916628926408, "\u0644\u0644\u0647": 7.807916628926408, "\u0646\u0628\u064a\u0644": 7.807916628926408, "\u0641\u0627\u0637\u0631": 7.807916628926408, "\u0646\u0647\u0627\u0646\u0627": 7.807916628926408, "\u0644\u0639\u0646": 7.807916628926408, "\u0648\u0623\u0630\u064a\u062a\u0647\u0645\u061f": 7.807916628926408, "\u0645\u0630\u0646\u0628": 7.807916628926408, "\u0648\u0639\u0627\u0635": 7.807916628926408, "\u0623\u0628\u0634\u0631": 7.807916628926408, "\u0641\u0625\u0646": 7.807916628926408, "\u064a\u0633\u062a\u063a\u0641\u0631": 7.807916628926408, "\u0645\u0639\u0635\u064a\u062a\u0643": 7.807916628926408, "\u0643\u0646\u0648\u0632": 7.807916628926408, "\u0648\u0623\u062c\u0648\u0631": 7.807916628926408, "\u062d\u0642\u0648\u0642": 7.807916628926408, "\u0623\u0648\u0635\u0649": 7.807916628926408, "\u0648\u062a\u063a\u0627\u0636\u062a": 7.807916628926408, "\u0639\u0646\u0647": 7.807916628926408, "\u0627\u0644\u0643\u062b\u064a\u0631": 7.807916628926408, "\u0627\u0644\u0632\u0648\u062c\u0627\u062a": 7.807916628926408, "\u0627\u0644\u0625\u0645\u0627\u0645": 7.807916628926408, "\u0645\u0627\u0644\u0643": 7.807916628926408, "\u0628\u0646": 7.807916628926408, "\u062f\u064a\u0646\u0627\u0631": 7.807916628926408, "\u0642\u0627\u0628\u0644": 7.807916628926408, "\u0631\u062c\u0644\u064b\u0627": 7.807916628926408, "\u0645\u062e\u0645\u0648\u0631\u064b\u0627": 7.807916628926408, "\u064a\u062a\u0644\u0641\u0638": 7.807916628926408, "\u0627\u0644\u062c\u0644\u0627\u0644\u0629": 7.807916628926408, "\u0643\u0641\u0627\u0631": 7.807916628926408, "\u0642\u0631\u064a\u0634": 7.807916628926408, "\u0644\u064a\u062b\u0628\u062a": 7.807916628926408, "\u0635\u062f\u0642": 7.807916628926408, "\u0646\u0628\u0648\u062a\u0647": 7.807916628926408, "\u0627\u0641\u0639\u0627\u0644": 7.807916628926408, "\u0627\u0644\u062e\u0636\u0631": 7.807916628926408, "\u0627\u0644\u0633\u0644\u0627\u0645": 7.807916628926408, "\u062d\u062a\u064a": 7.114769448366463, "\u062a\u0639\u0627\u0644\u0649": 7.114769448366463,