{"\u3010\u3068\u3042\u308b\u7537\u306e\u81ea\u7fd2\u5ba4\u3011~20:50\u307e\u3067\u4e00\u7dd2\u306b\u52c9\u5f37\u3057\u3088\u3046LIVE": 68.49321856481554, "\u306e20:00~\u3067\u3059": 68.49321856481554, "\u79c1\u306f\u677f\u66f8\u3057\u3066\u307e\u3059": 38.05178809156419, "\u9ad8\u6821\u53d7\u9a13": 38.05178809156419, "\u6f22\u5b57": 30.44143047325135, "\u6708": 22.831072854938512, "\u706b": 22.831072854938512, "\u6728": 15.220715236625676, "\u5165\u8a66\u554f\u984c": 15.220715236625676, "shorts": 11.08365035980238, "\u3010\u5c0f3\u7b97\u6570-20\u3011\u307c\u3046\u30b0\u30e9\u30d5\u306e\uff11\u76ee\u3082\u308a": 7.610357618312838, "\u203b\u6b21\u56de\u306f6/20": 7.610357618312838, "\u3010\u5c0f3\u7b97\u6570-19\u3011\u307c\u3046\u30b0\u30e9\u30d5\u306e\u304b\u304d\u65b9": 7.610357618312838, "\u203b\u6b21\u56de\u306f6/14": 7.610357618312838, "\u30c6\u30b9\u30c8\u52c9\u5f37\u306e\u3084\u308a\u65b9\u306b\u3064\u3044\u3066\u8a71\u3057\u3066\u307f\u307e\u3057\u305f": 7.610357618312838, "\u62bd\u8c61\u5ea6\u304c\u9ad8\u3044\u304b\u3089\u3053\u305d\u3046\u307e\u304f\u5473\u65b9\u306b\u3057\u3066\u3044\u304f\u3010\u306f\u3044\u3061\u306e\u3060\u3089\u3060\u30e9\u30b8\u30aa/\u7b2c420\u56de\u3011": 7.610357618312838, "\u5b9f\u969b\u306b\u51fa\u305f\uff01\uff01\u9ad8\u6821\u53d7\u9a13\u6f22\u5b57\ud83d\udc54": 7.610357618312838, "\u5b9f\u969b\u306b\u51fa\u305f\uff01\u9ad8\u6821\u53d7\u9a13\u6f22\u5b57\ud83d\udc3f": 7.610357618312838, "\u4e0d\u5177\u5408\u8d77\u3053\u3063\u305f\u3089\u3054\u3081\u3093\u306a\u3055\u3044": 7.610357618312838, "\u203b\u6b21\u56de\u306f6/13": 7.610357618312838, "\u3010\u5c0f3\u7b97\u6570-18\u301110,100\u3067\u308f\u3063\u305f\u6570": 7.610357618312838, "\u203b\u660e\u65e5\u306f\u304a\u4f11\u307f\u3067\u6b21\u56de\u306f6/9": 7.610357618312838, "\u3010\u5c0f3\u7b97\u6570-17\u301110\u500d\u30fb100\u500d\u3057\u305f\u6570": 7.610357618312838, "\u203b\u6b21\u56de\u306f6/7": 7.610357618312838, "\u52c9\u5f37\u306f\u30b9\u30bf\u30fc\u30c8\u304c\u5927\u5207\u3067\u3059": 7.610357618312838, "\u81ea\u5206\u306b\u671f\u5f85\u3057\u306a\u3044\u3010\u306f\u3044\u3061\u306e\u3060\u3089\u3060\u30e9\u30b8\u30aa/\u7b2c419\u56de\u3011": 7.610357618312838, "\u5b9f\u969b\u306b\u51fa\u305f\uff01\u9ad8\u6821\u53d7\u9a13\u6f22\u5b57\ud83d\udc54": 7.610357618312838, "\u5b9f\u969b\u306b\u51fa\u305f\uff01\u9ad8\u6821\u53d7\u9a13\u56fd\u8a9e\ud83d\udc65": 7.610357618312838, "\u56fd\u8a9e": 7.610357618312838, "\u203b\u6b21\u56de\u306f6/6": 7.610357618312838, "\u3010\u5c0f3\u7b97\u6570-16\u3011\u5927\u304d\u306a\u6570\u306e\u305f\u3057\u7b97\u30fb\u3072\u304d\u7b97": 7.610357618312838, "10\u5468\u5e74\u306a\u306e\u3067\u30b1\u30fc\u30ad\u98df\u3079\u306a\u304c\u3089\u96d1\u8ac7\u3057\u307e\u3059": 7.610357618312838, "\u203b\u6b21\u56de\u306e\u81ea\u7fd2\u5ba4\u306f6/2": 7.610357618312838, "10\u5e74\u9593\u3042\u308a\u304c\u3068\u3046\u3054\u3056\u3044\u307e\u3057\u305f": 7.610357618312838, "\u203b\u6b21\u56de\u306f6/1": 7.610357618312838, "\u6c34": 7.610357618312838, "\u3010\u5c0f3\u7b97\u6570-15\u3011\u5927\u304d\u306a\u6570\u3068\u6570\u76f4\u7dda": 7.610357618312838, "\u203b\u6b21\u56de\u306f5/31": 7.610357618312838, "6\u6708\u3092\u904e\u3054\u3059\u4e0a\u3067\u306e\u30dd\u30a4\u30f3\u30c8\uff06\u30c6\u30b9\u30c8\u7d50\u679c\u306b\u843d\u3061\u8fbc\u3093\u3067\u3044\u308b\u65b9\u3078": 7.610357618312838, "SNS\u3092\u3069\u3046\u4f7f\u3046\uff1f\u3010\u306f\u3044\u3061\u306e\u3060\u3089\u3060\u30e9\u30b8\u30aa/\u7b2c418\u56de\u3011": 7.610357618312838, "\u5b9f\u969b\u306b\u51fa\u305f\uff01\u9ad8\u6821\u53d7\u9a13\u6f22\u5b57\u2708\ufe0f": 7.610357618312838, "\u5b9f\u969b\u306b\u51fa\u305f\uff01\u9ad8\u6821\u53d7\u9a13\u6f22\u5b57\ud83e\udd5f": 7.610357618312838, "\u3010\u5c0f3\u7b97\u6570-14\u3011\u4e0d\u7b49\u53f7\u306e\u4f7f\u3044\u65b9": 7.610357618312838, "(": 6.823035443348633, ")": 6.737816500488965, "#": 6.245275703699211}