{"FEMINIST": 103.88392795665702, "SJW": 99.71916826480836, "COMPILATION": 93.53182404904668, "2017": 51.66532661662164, "OWNED": 48.479166379773275, "FAIL": 35.1989324224177, "Current": 23.30793163376943, "ACCEPTANCE": 20.776785591331404, "FEMINISM": 20.776785591331404, "MEGA": 19.64276870627281, "Feminism": 18.69734404965157, "LOGIC": 18.69734404965157, "FAT": 17.480948725327075, "State": 16.253577264723997, "ANTIFA": 15.237484755340827, "#": 14.650769803188618, "&": 13.495342125011037, "V3": 13.040260178004607, "TRIGGERED": 13.040260178004607, "Inauguration": 13.040260178004607, "Triggered": 12.018608930472626, "Compilation": 11.821213134233385, "EDITION": 11.242624100287568, "VS": 11.08032497899067, "CRINGE": 9.959370096110309, "(": 9.808617416019526, ")": 9.761761658610848, "Edition": 9.747883575610174, "Of": 8.309915330047948, "Deniers": 7.618742377670413, "Obesity": 7.618742377670413, "Glorifiers": 7.618742377670413, "MELTDOWNS": 7.618742377670413, "SNOWFLAKE": 7.618742377670413, "V5": 6.925595197110468, "Pepe": 6.925595197110468, "Correctness": 6.520130089002303, "V4": 6.520130089002303, "Equality": 6.520130089002303, "Wage": 6.520130089002303, "2018": 6.2378654146802965, "V2": 6.2324480165505225, "Kung": 6.009304465236313, "Fu": 6.009304465236313, "MELTDOWN": 6.009304465236313, "SCREAM": 6.009304465236313, "Gap": 6.009304465236313, "V1": 6.009304465236313, "Flashback": 6.009304465236313, "Special": 5.9295640550257795, "Peterson": 5.6728322286151, "CNN": 5.6728322286151, "Politics": 5.539300835990577, "1": 5.527561333790532, "Frog": 5.316157284676367, "Extended": 5.220847104872043, "Destroyed": 5.220847104872043, "Trailer": 5.0871371248731725, "Political": 5.053793020208877, "TRUMP": 4.910692176568203, "Gender": 4.846153655430632, "MEME": 4.785529033614197, "WARS": 4.785529033614197, "Health": 4.674303398503973, "REMIX": 4.574219939946991, "DANCE": 4.286537867495209, "Jordan": 4.1222348162039335, "NEWS": 4.092381853054252, "SONG": 4.063394316180999, "2": 4.054037169852436, "Always": 4.035223439214303, "Feat": 4.035223439214303, "FAKE": 3.8345527437521523, "The": 3.815277757208826, "3": 3.6060302854742625, "Trump": 3.414049758279447, "AT": 3.176091121180097, "4": 3.100633578852606, "Super": 2.8147213329371565, "ME": 2.330475346975878, "THE": 1.5619583644417887, "5": 1.4660096829663092}