{"Card": 82.23802294713143, "Trick": 63.70705151245982, "//": 44.56121341898992, "Tutorial": 38.16038550687834, "Cards": 23.149313992892317, "Shuffle": 21.34430834509939, "Riffle": 15.615833257852817, "Playing": 13.026542178380048, "deck": 12.843244535613035, "WAVES": 11.221384103180378, "Magic": 10.809672028606327, "Bridge": 10.646019958276817, "Intro": 10.337718598622299, "CHANGE": 9.726955299519936, "COLOR": 8.622818134919857, "TG": 7.807916628926408, "Cardistry": 7.807916628926408, "BRAINWAVE": 7.807916628926408, "Predict": 7.807916628926408, "Visually": 7.807916628926408, "52Kards": 7.807916628926408, "INFINITE": 7.807916628926408, "GLIDE": 7.807916628926408, "Tabled": 7.807916628926408, "reaching": 7.807916628926408, "Flippant": 7.807916628926408, "Handed": 7.807916628926408, "Aces": 7.807916628926408, "Vernon": 7.807916628926408, "TRIUMPH": 7.807916628926408, "Flourish": 7.114769448366463, "One-Way": 7.114769448366463, "Self-Working": 7.114769448366463, "Toss": 7.114769448366463, "RIBBON": 7.114769448366463, "SPREAD": 7.114769448366463, "P.S": 7.114769448366463, "ACES": 7.114769448366463, "Principle": 6.709304340258298, "Modified": 6.709304340258298, "Laughter": 6.709304340258298, "INFINITY": 6.709304340258298, "Dai": 6.709304340258298, "ADVANCED": 6.421622267806518, "Variation": 6.421622267806518, "Spreading": 6.421622267806518, "Grips": 6.421622267806518, "VISUAL": 6.421622267806518, "Madison": 6.421622267806518, "Design": 6.385592224170298, "Murphy": 6.198478716492308, "Kickstarter": 6.198478716492308, "Prizes": 6.198478716492308, "(": 6.188229592087243, "YouTube": 6.057586271629758, ")": 6.020830284693255, "Bet": 6.016157159698354, "MODE": 6.016157159698354, "Revealing": 5.862006479871095, "million": 5.728475087246572, "[": 5.621408710324586, "]": 5.621408710324586, "subscribers": 5.610692051590189, "Daniel": 5.610692051590189, "MAD": 5.5053315359323625, "Cuts": 5.410021356128038, "CARD": 5.3230099791384085, "SHOT": 5.3230099791384085, "learn": 5.3230099791384085, "Methods": 5.3230099791384085, "needed": 5.242967271464872, "EASIEST": 5.1688592993111495, "card": 5.1688592993111495, "The": 5.1368667871649825, "Blind": 5.099866427824199, "Subscriber": 5.035327906686628, "Clever": 4.974703284870192, "Celebration": 4.974703284870192, "Flip": 4.863477649759968, "Quit": 4.863477649759968, "EASY": 4.846843132274639, "Deck": 4.812184355372417, "Livestream": 4.812184355372417, "Advanced": 4.812184355372417, "Part": 4.646239390871507, "Switch": 4.589040804058207, "TRICKS": 4.549820090904927, "Waves": 4.549820090904927, "project": 4.549820090904927, "Event": 4.512079762922079, "Fancy": 4.475712118751205, "feat": 4.475712118751205, "next": 4.440620798939935, "Launch": 4.373929424441262, "POP": 4.342180726126682, "Surprising": 4.342180726126682, "coming": 4.342180726126682, "amazing": 4.281556104310247, "table": 4.281556104310247, "Future": 4.252568567436995, "design": 4.2243976904702984, "Million": 4.2243976904702984, "Bar": 4.0943445622221, "Trailer": 4.023726995008147, "Incredible": 4.001254139156089, "CRAZY": 3.9792752324373133, "Official": 3.916096330815782, "EPIC": 3.8189325823621343, "Giveaway": 3.8189325823621343, "Dream": 3.588408923750302, "Sandwich": 3.5038515357222386, "Double": 3.4771832886400773, "Awesome": 3.4771832886400773, "Studio": 3.4641112070727247, "Favorite": 3.4512078022368167, "1": 3.445868127728313, "need": 3.330579814448202, "SUPER": 3.3192802591942687, "after": 3.2753171357731525, "ONE": 3.2332056504230255, "TOP": 3.2229491502558365, "tutorial": 3.1829438156421372, "Beautiful": 3.163525729785036, "Money": 3.1444775348143414, "our": 3.1074362631339922, "back": 3.0983864276140745, "Easy": 3.0890367326695696, "of": 2.7610921717853723, "FIRST": 2.7580606216768717, "Amazing": 2.6317668963525795, "One": 2.5661696138667662, "'m": 2.529801969695891, "Video": 2.514611804201916, "the": 2.48910865888713, "out": 2.3785709999719677, "Why": 2.2985282922984314, ".": 2.2516160629531994, "No": 2.1589423907652026, "Do": 2.017956458029155, "-": 2.0071488869426544, "this": 1.9848707334433897, "NEW": 1.8651172537997076, "2021": 1.8392090689410427, "to": 1.8359382073525181, "you": 1.7942014728836067, "Make": 1.5483351648614856, "...": 1.5483351648614856, "!": 1.3782143336255506, "on": 1.2611312181658845, "My": 1.1435076085760008, "2": 0.9493515941350432, "I": 0.8686626828849003, "with": 0.819503446926817, "for": 0.7788290647767465, "a": 0.6263246843145436, "&": 0.5860808036379596, ",": 0.44083956904539634}