{"\u3010The": 28.459077793465852, "2021\u3011": 15.615833257852817, "Metro": 14.229538896732926, "Last": 13.10126854309261, "\u4e2d\u56fd\u4eba\u7684\u4e00\u5929\uff1a\u4e19\u6d32\u6355\u87f9\u4eba": 7.807916628926408, "\u4e2d\u56fd\u4eba\u7684\u4e00\u5929\uff1a\u4e32\u90fd\u4e00\u591c": 7.807916628926408, "\u4e2d\u56fd\u4eba\u7684\u4e00\u5929\uff1a\u5149\u5f71\u4e2d\u8d77\u821e": 7.807916628926408, "\u4e2d\u56fd\u4eba\u7684\u4e00\u5929\uff1a\u5e7f\u5dde\u00b7\u4f60\u597d": 7.807916628926408, "\u65e9\u8336": 7.807916628926408, "\u4e2d\u56fd\u4eba\u7684\u4e00\u5929\uff1a\u5bbd\u7a84\u91c7\u8033\u4eba": 7.807916628926408, "\u4e2d\u56fd\u4eba\u7684\u4e00\u5929\uff1a\u666e\u901a\u8bdd\u6559\u5b66\u8bb0": 7.807916628926408, "\u4e2d\u56fd\u4eba\u7684\u4e00\u5929\uff1a\u9752\u5c9b\u6e14\u4eba": 7.807916628926408, "\u4e2d\u56fd\u4eba\u7684\u4e00\u5929\uff1a\u4e0a\u6d77\u4e09\u6797\u8001\u5473\u9053": 7.807916628926408, "\u4e2d\u56fd\u4eba\u7684\u4e00\u5929\uff1a\u6211\u7684\u5730\u94c1\u4eba\u751f": 7.807916628926408, "\u4e2d\u56fd\u4eba\u7684\u4e00\u5929\uff1a\u6b66\u6821\u7684\u5b69\u5b50": 7.807916628926408, "\u4e2d\u56fd\u4eba\u7684\u4e00\u5929\uff1a\u533b\u8005\u4ec1\u5fc3": 7.807916628926408, "\u4e2d\u56fd\u4eba\u7684\u4e00\u5929\uff1a\u8ffd\u661f\u8001\u4e07": 7.807916628926408, "\u65b0\u7559\u5b88\u9752\u5e74\uff1a\u60ac\u5d16\u4e4b\u4e0a": 7.807916628926408, "\u65b0\u7559\u5b88\u9752\u5e74\uff1a\u543e\u4e61": 7.807916628926408, "\u65b0\u7559\u5b88\u9752\u5e74\uff1a\u571f\u5473\u5f71\u5e1d": 7.807916628926408, "\u65b0\u7559\u5b88\u9752\u5e74\uff1a\u592a\u5e73\u54e5\u7684\u725b\u8089\u5e72": 7.807916628926408, "\u65b0\u7559\u5b88\u9752\u5e74\uff1a\u8ff7\u85cf\u5353\u739b": 7.807916628926408, "\u65b0\u7559\u5b88\u9752\u5e74\uff1a\u82b1\u6837\u9e21\u53f8\u4ee4": 7.807916628926408, "\u65b0\u7559\u5b88\u9752\u5e74\uff1a\u53e4\u57ce\u65e0\u82b1\u54e5": 7.807916628926408, "\u65b0\u7559\u5b88\u9752\u5e74\uff1a\u4f97\u5be8\u91cc\u7684\u5341\u516b\u5c81": 7.807916628926408, "\u5c3a\u516b\u4e00\u66f2\uff0c\u9886\u7565\u795e\u9f99\u4e4b\u59ff\uff0c\u4ea6\u771f\u4ea6\u5e7b\uff01": 7.807916628926408, "\u3010\u9690\u85cf\u83dc\u5355\u3011\u9ad8\u7ea7\u9992\u5934": 7.807916628926408, "\u300c\u5967\u904b\u5bf6\u5bf6\u300d5\u6b72\u7df4\u62f3\u64ca": 7.807916628926408, "\u7a1a\u5ae9\u4e2d\u900f\u8457\u51f6\u731b": 7.807916628926408, "\u62f3\u9928\u5973\u751f\u90fd\u88ab\u5979KO": 7.807916628926408, "DIKA": 7.807916628926408, "\u3010\u9690\u85cf\u83dc\u5355\u3011\u5e7f\u5f0f\u556b\u556b\u725b\u86d9": 7.807916628926408, "Metro\u3011The": 7.807916628926408, "Brighter": 7.807916628926408, "Metro\u3011Born": 7.807916628926408, "Bespoke": 7.114769448366463, "Shanghai": 6.709304340258298, "Sees": 6.709304340258298, "dyed": 6.198478716492308, "Brave": 6.198478716492308, "Hear": 5.862006479871095, "name": 5.3230099791384085, "head": 5.099866427824199, "Age": 4.917544871030244, "Met": 4.549820090904927, "Always": 4.512079762922079, "Dance": 4.440620798939935, "But": 3.837624715374287, "Ca": 3.8005834436939376, "''": 3.7513428829567954, "Talk": 3.6970427647530975, "Side": 3.603224009535442, "Her": 3.588408923750302, "Who": 3.4771832886400773, "Mom": 3.438468776459387, "They": 3.438468776459387, "18": 3.4011973816621555, "back": 3.0983864276140745, "Girl": 3.0372320044607437, "Be": 3.0204248861443626, "of": 2.7610921717853723, "'m": 2.529801969695891, "At": 2.514611804201916, "the": 2.48910865888713, "Style": 2.331453076994898, "Time": 2.327277705584417, "First": 2.202114562630411, "n't": 2.024091446596671, "Life": 1.8944136232881383, "I": 1.7373253657698007, "at": 1.529395204760564, "For": 1.5200580687646241, "my": 1.4781957234037122, ",": 1.322518707136189, "My": 1.1435076085760008, ".": 1.1258080314765997, "The": 0.856144464527497, "to": 0.6119794024508394, "!": 0.34455358340638764}