{"\u0411\u0430\u043d\u0434\u0438\u0442": 390.3196758172118, "\u0413\u043e\u0432\u043e\u0440\u044f\u0449\u0430\u044f": 369.02951168172757, "\u0425\u0430\u0441\u043a\u0438": 319.7839129729927, "\u0441\u043e\u0431\u0430\u043a\u0430": 285.3387402351543, "\u0425\u0410\u0421\u041a\u0418": 59.9810908982665, "\u0441\u0435\u0440\u0438\u0438": 49.67704964946332, "\u0432": 36.64404132792252, "(": 33.71570267677149, ")": 33.25680663028202, "\u0424\u041d\u0410\u0424": 25.61429679173926, "\u041a\u041e\u0420\u0413\u0418": 25.61429679173926, "\u0440\u0435\u0430\u043b\u044c\u043d\u043e\u0439": 25.61429679173926, "\u043f\u0440\u043e\u0442\u0438\u0432": 25.086399184074622, "\u0412": 23.187722212035492, "!": 22.941720595770747, "\u0422\u0420\u0415\u0419\u041b\u0415\u0420": 21.290164135484282, "\u041a\u0415\u041a\u0421\u0410": 21.290164135484282, "\u0412\u0441\u0435": 20.069119347259697, "\u041a\u0410\u041b\u042c\u041c\u0410\u0420\u0410": 17.994327269479953, "\u0436\u0438\u0437\u043d\u0438": 15.914885727800115, "\u043d\u0430\u0441": 15.051839510444772, "\u0438": 14.847934967248344, "\u0413\u041e\u0412\u041e\u0420\u042f\u0429\u0415\u0413\u041e": 14.193442756989521, "\u0417\u0410\u0421\u0422\u0410\u0412\u0418\u041b\u0418": 14.193442756989521, "\u041c\u042b\u0422\u042c": 14.193442756989521, "\u0423\u041d\u0418\u0422\u0410\u0417": 14.193442756989521, "\u0421\u0415\u0420\u0418\u0418": 14.193442756989521, "\u041f\u0440\u043e\u0441\u0442\u0438\u0442\u0435": 14.193442756989521, "\u0441\u043e\u0436\u0440\u0430\u043b": 14.193442756989521, "\u0414\u0412\u0423\u0425": 14.193442756989521, "\u0420\u0423\u041a\u0415": 14.193442756989521, "\u0411\u0423\u0411\u041b\u0418\u041a\u0410": 14.193442756989521, "\u0412\u043e\u0441\u043f\u043e\u043c\u0438\u043d\u0430\u043d\u0438\u044f": 14.193442756989521, "\u0441\u0435\u0440\u0438\u0439": 14.193442756989521, "\u0441\u0432\u0430\u0434\u044c\u0431\u0443": 14.193442756989521, "\u0411\u0443\u0431\u043b\u0438\u043a\u0430": 14.193442756989521, "\u0411\u0410\u041d\u0414\u0418\u0422": 14.193442756989521, "\u041a\u041e\u0420\u0416\u0418\u041a": 14.193442756989521, "\u0411\u0423\u0411\u041b\u0418\u041a": 14.193442756989521, "\u041a\u0415\u041a\u0421": 14.193442756989521, "\u0411\u0443\u0431\u043b\u0438\u043a": 14.193442756989521, "\u041b\u0443\u0447\u0448\u0438\u0438": 14.193442756989521, "\u0421\u0438\u043c\u043f\u043b": 14.193442756989521, "\u0414\u0438\u043c\u043f\u043b": 14.193442756989521, "\u0419\u041e\u0419\u041e": 14.193442756989521, "\u0411\u0415\u041d\u0410": 12.80714839586963, "\u041f\u041e\u0414\u041f\u0418\u0421\u0427\u0418\u041a\u041e\u0412": 12.80714839586963, "\u0421\u0414\u0415\u041b\u0410\u041b": 12.80714839586963, "\u041a\u043e\u0440\u0433\u0438": 12.80714839586963, "\u043b\u0443\u0447\u0448\u0438\u0445": 12.80714839586963, "\u0418\u0413\u0420\u0410": 12.80714839586963, "\u043f\u043e\u0434\u0440\u044f\u0434": 12.80714839586963, "\u043d\u0430": 12.430949327721944, "\u0427\u0415\u041b\u041e\u0412\u0415\u041a\u0410": 11.996218179653301, "\u041d\u0430\u0447\u0430\u043b\u043e": 11.996218179653301, "\u0423": 11.756002644440445, "\u041d\u0410\u0421": 11.42085403474974, "\u0437\u0430": 11.188276645524859, "\u041c\u042b": 10.97456693212132, "\u041b\u0443\u0447\u0448\u0438\u0435": 10.60992381853341, "\u0427\u0422\u041e": 10.034559673629849, "\u041a\u0422\u041e": 9.39765221139278, "\u042d\u0422\u041e": 9.22362945741352, "\u044f": 8.648265312509958, "\u042f": 8.648265312509958, "\u0421": 7.677249680946557, "\u0418": 7.677249680946557, "\u0438\u0437": 7.458851097016573, "\u041a\u0430\u043a": 7.325468348019228, "\u0412\u0415\u0421\u041d\u042b": 7.0967213784947605, "\u0433\u0440\u043e\u0445\u043d\u0443\u0442\u044c": 7.0967213784947605, "\u0414\u0415\u041c\u041e\u0413\u041e\u0420\u0413\u041e\u041d": 7.0967213784947605, "\u0412\u041e\u0417\u0412\u0420\u0410\u0429\u0415\u041d\u0418\u0415": 7.0967213784947605, "\u0410\u041d\u0418\u041c\u0410\u0422\u0420\u041e\u041d\u0418\u041a\u041e\u0412": 7.0967213784947605, "\u0443\u0431\u0438\u0442\u044c": 7.0967213784947605, "\u0415\u0425\u0415": 7.0967213784947605, "\u0417\u0430\u043a\u0443\u043b\u0438\u0441\u044c\u044f": 7.0967213784947605, "BACKROOMS": 7.0967213784947605, "\u041f\u041e\u0422\u0415\u0420\u042f\u041b\u0418": 7.0967213784947605, "\u041c\u0410\u0413\u0418\u042e": 7.0967213784947605, "\u041a\u0420\u0418\u041d\u0416": 7.0967213784947605, "\u0421\u043c\u043e\u0442\u0440\u044e": 7.0967213784947605, "\u0432\u0438\u0434\u043e\u0441\u044b": 7.0967213784947605, "\u041f\u0401\u0421\u0418\u041a\u0418": 7.0967213784947605, "\u0411\u0435\u0437": 7.0967213784947605, "\u043f\u0440\u0430\u0432": 7.0967213784947605, "\u0421\u0412\u0410\u0420\u0418\u041b\u0418": 7.0967213784947605, "\u0411\u041e\u0420\u0429": 7.0967213784947605, "\u0414\u0438\u0441\u0442\u0430\u043d\u0446\u0438\u043e\u043d\u043a\u0430": 7.0967213784947605, "\u0432\u0438\u0440\u0442\u0443\u0430\u043b\u044c\u043d\u043e\u0439": 7.0967213784947605, "\u0440\u0435\u0430\u043b\u044c\u043d\u043e\u0441\u0442\u0438": 7.0967213784947605, "\u0413\u043b\u044d\u043c\u0440\u043e\u043a": 7.0967213784947605, "\u043f\u0440\u0438\u0448\u0435\u043b": 7.0967213784947605, "\u043e\u0442\u043c\u0435\u043d\u0438\u043b": 7.0967213784947605, "\u0434\u0435\u0442\u0441\u0430\u0434": 7.0967213784947605, "\u0421\u043e\u043b\u043d\u0446\u0435": 7.0967213784947605, "\u0437\u0430\u0440\u0430\u0437\u0438\u043b\u0438": 7.0967213784947605, "\u0432\u0438\u0440\u0443\u0441\u043e\u043c": 7.0967213784947605, "\u0420\u0430\u0437\u043e\u0433\u043d\u0430\u043b\u0438\u0441\u044c": 7.0967213784947605, "\u0421\u041e\u0422\u041a\u0418": 7.0967213784947605, "\u043f\u0430\u0440\u043a\u0435": 7.0967213784947605, "\u0412\u044b\u0437\u0432\u0430\u043b\u0438": 7.0967213784947605, "\u0410\u043d\u0438\u043c\u0430\u0442\u0440\u043e\u043d\u0438\u043a\u043e\u0432": 7.0967213784947605, "\u0415\u041b\u041e\u0427\u041a\u0423": 7.0967213784947605, "\u0421\u041e\u0416\u0420\u0410\u041b": 7.0967213784947605, "\u0422\u043e\u043f-3": 7.0967213784947605, "\u0417\u041e\u041b\u041e\u0422\u041e\u0419": 7.0967213784947605, "\u0411\u0418\u041b\u0415\u0422": 7.0967213784947605, "\u0428\u041e\u041a\u041e\u041b\u0410\u0414\u041a\u0415": 7.0967213784947605, "\u0410\u041b\u0401\u041d\u041a\u0410": 7.0967213784947605, "\u0411\u0415\u041d\u0414\u0418": 7.0967213784947605, "\u041a\u041e\u0420\u0416\u0418\u041a\u0410": 7.0967213784947605, "\u041a\u0423\u041a\u041b\u0410.\u0415\u0425\u0415": 7.0967213784947605, "\u0411\u0415\u0420\u0415\u041c\u0415\u041d\u041d\u042b\u0419": 7.0967213784947605, "\u0410\u0410\u0410": 7.0967213784947605, "\u0416\u0415\u041d\u0418\u0425": 7.0967213784947605, "\u0413\u0443\u0440\u0443": 7.0967213784947605, "\u0428\u043e\u043f\u043f\u0438\u043d\u0433\u0430": 7.0967213784947605, "\u0432\u044b\u0431\u0440\u0430\u043b\u0430": 7.0967213784947605, "\u043a\u043e\u0441\u0442\u044e\u043c": 7.0967213784947605, "\u041a\u0435\u043a\u0441": 7.0967213784947605, "\u0418\u041d\u041e\u0421\u0422\u0420\u0410\u041d\u041d\u042b\u0415": 7.0967213784947605, "\u0428\u041f\u0418\u041e\u041d\u042b": 7.0967213784947605, "\u041d\u0410\u0421\u0422\u041e\u042f\u0429\u0415\u0415": 7.0967213784947605, "\u0418\u041c\u042f": 7.0967213784947605, "\u043a\u043e\u0440\u0433\u0438": 7.0967213784947605, "\u0421\u0418\u0420\u0415\u041d\u041e\u0413\u041e\u041b\u041e\u0412\u042b\u0419": 7.0967213784947605, "\u0422\u0418\u0413\u0420\u0418\u0426\u042b": 7.0967213784947605, "\u0438\u044e\u043b\u044f": 7.0967213784947605, "\u041c\u043e\u0448\u0435\u043d\u043d\u0438\u043a": 7.0967213784947605, "\u041a\u0430\u043c\u043d\u0435\u0435\u0436\u043a\u0430": 7.0967213784947605, "\u0440\u0430\u0437\u0432\u0435\u043b": 7.0967213784947605, "\u0411\u0410\u041a\u0421\u041e\u0412": 7.0967213784947605, "\u0412\u0435\u043b\u0438\u043a\u0430\u044f": 7.0967213784947605, "\u041c\u0410\u0422\u042c": 7.0967213784947605, "\u041c\u0415\u0413\u0410\u0424\u041e\u041d": 7.0967213784947605, "\u0426\u0415\u041b\u0423\u0415\u0422\u0421\u042f": 7.0967213784947605,