{"Shapovalov": 160.7532580048147, "metal": 79.92609658310211, "cover": 71.25954766541497, "Remix": 35.629773832707485, "music": 34.176298279259775, "Metal": 31.338042522502626, "KAZKA": 30.61966819139328, "\u041f\u043b\u0430\u043a\u0430\u043b\u0430": 30.61966819139328, "free": 30.539806142320703, "\u041a\u0430\u0442\u044f": 22.96475114354496, "\u0427\u0435\u0445\u043e\u0432\u0430": 22.96475114354496, "ballad": 22.96475114354496, "2019": 20.475177248770752, "Dj": 19.668914277540633, "Pop": 18.84191227472752, "Quba": 15.30983409569664, "Sergey": 15.30983409569664, "Zar": 15.30983409569664, "pop": 13.923539734576751, "karaoke": 13.112609518360422, "Villain": 13.112609518360422, "Letter": 12.53724537345686, "-": 11.85770738841652, "Heaven": 10.70466390970855, "Silent": 10.70466390970855, "Above": 10.179935380773568, "Different": 8.95372643500075, "Nekozilla": 7.65491704784832, "Kisma": 7.65491704784832, "Fingertips": 7.65491704784832, "Cover-remix": 7.65491704784832, "Huma-Huma": 7.65491704784832, "Cover-free": 7.65491704784832, "\u0421.": 7.65491704784832, "\u041a\u0430\u0448\u0438\u043d\u0430": 7.65491704784832, "\u044d\u043a\u0441-\u041a\u043e\u043c\u0431\u0438\u043d\u0430\u0446\u0438\u044f": 7.65491704784832, "\u0442\u0440\u0430\u0432\u0435": 7.65491704784832, "\u0441\u0438\u0434\u0435\u043b": 7.65491704784832, "kuznechik": 7.65491704784832, "Farnham": 7.65491704784832, "Payday": 7.65491704784832, "Gunnar": 7.65491704784832, "Plain": 7.65491704784832, "HUMA-HUMA": 7.65491704784832, "RUS": 7.65491704784832, "\u041c\u0438\u043d\u0443\u0441": 7.65491704784832, "Illusion": 7.65491704784832, "Ozturk": 7.65491704784832, "Linkin": 7.65491704784832, "\u0422\u0430\u044e": 7.65491704784832, "\u041a\u0440\u044b\u043b\u044c\u044f": 7.65491704784832, "Amikuss": 7.65491704784832, "Flowerz": 7.65491704784832, "Martik": 7.65491704784832, "Rhythm": 7.65491704784832, "Sud": 7.65491704784832, "Est": 7.65491704784832, "Anya": 7.65491704784832, "Bloodhound": 7.65491704784832, "Baumann": 7.65491704784832, "Eurodance": 7.65491704784832, "Vain": 7.65491704784832, "Ch": 7.65491704784832, "Box": 7.331866002568092, "Olsen": 6.961769867288376, "Invisible": 6.961769867288376, "partner": 6.961769867288376, "instrumental": 6.961769867288376, "Benassi": 6.961769867288376, "Murat": 6.961769867288376, "Numb": 6.961769867288376, "Evanescence": 6.961769867288376, "\u0420\u041e\u0411\u041e\u0422": 6.961769867288376, "Instrumental": 6.961769867288376, "Fool": 6.961769867288376, "C": 6.701703909288302, "Crimson": 6.556304759180211, "Riot": 6.556304759180211, "Dancer": 6.556304759180211, "Me": 6.332561356232362, "Smile": 6.26862268672843, "Chick": 6.26862268672843, "Gang": 6.26862268672843, "Vibe": 6.0454791354142206, "Sandy": 6.0454791354142206, "Miracle": 6.0454791354142206, "Bros": 5.863157578620266, "Refresh": 5.709006898793008, "&": 5.530484889142222, "Tell": 5.457692470512101, "Jason": 5.352331954854275, "DJ": 5.25702177504995, "Partner": 5.17001039806032, "Please": 5.17001039806032, "Wants": 5.17001039806032, "ft": 5.17001039806032, "Truth": 5.089967690386784, "Ace": 5.089967690386784, "Heart": 5.015859718233062, "Mr": 5.015859718233062, "Bring": 4.9468668467461105, "Culture": 4.9468668467461105, "Touch": 4.8823283256085395, "Tracks": 4.821703703792105, "Alex": 4.71047806868188, "Boy": 4.610394610124898, "Beat": 4.476863217500375, "Up": 4.459934060733835, "Fly": 4.359080181843992, "Base": 4.322712537673117, "She": 4.2876212178618465, "Win": 4.1285565232321595, "4k": 4.07139810939221, "Music": 4.07139810939221, "\u042f": 4.043999135204096, "life": 3.8707274139300596, "Summer": 3.8262756513592255, "Free": 3.7428940424201746, "Smart": 3.723091415123995, "American": 3.5440431836750093, "Cover": 3.4960339644886487, "\u0412": 3.3644576066999297, "me": 3.285469195381299, "Park": 3.1440575413314704, "Bad": 3.122317554695065, "That": 3.000956697690797, "\u2013": 2.7422621621122687, "(": 2.4175522956445894, "All": 2.3768023886178034, ")": 2.376477404390758, "Of": 2.2750196943078613, "Is": 1.961184909045621, "My": 1.7550196942658292, ".": 1.7454499836830584, "3": 1.1167772240806506, "A": 0.9917843518575175, "to": 0.873859421912141, "2": 0.80479088170282, "The": 0.7342455435996371}