{"Apex": 45.7705593171272, "VALORANT": 43.747326563113276, "Legends": 34.737312570730644, "|": 27.23213735390337, "HyperScape": 16.27186554400978, "SEAGULL": 16.27186554400978, "Overwatch": 11.415598295155677, "DOUBLE": 8.529463522193998, "..": 8.440267192718304, "THE": 8.438066042372848, "25~": 8.13593277200489, "PEPEGA": 8.13593277200489, "KRABER": 8.13593277200489, "feedmates": 8.13593277200489, "pharah": 8.13593277200489, "DEVOTION": 8.13593277200489, "BRRR": 8.13593277200489, "RATTING": 8.13593277200489, "BOOZLE": 8.13593277200489, "GODDESS": 8.13593277200489, "BOLOGNA": 8.13593277200489, "VOTED": 8.13593277200489, "CARESSING": 8.13593277200489, "fl0m": 8.13593277200489, "emongg": 8.13593277200489, "ORB": 8.13593277200489, "Pookz": 8.13593277200489, "abandon": 7.442785591444945, "BAM": 7.442785591444945, "CARBINE": 7.442785591444945, "NEEDED": 7.442785591444945, "JUDGE": 7.442785591444945, "STRATS": 7.442785591444945, "RAGEQUIT": 7.442785591444945, "tuber": 7.442785591444945, "Aceu": 7.442785591444945, "CAUSTIC": 7.037320483336781, "Spellbreak": 6.749638410885, "BRONZE": 6.749638410885, "STACK": 6.749638410885, "PLAT": 6.52649485957079, "AMMO": 6.344173302776835, "CARRIED": 6.344173302776835, "TONY": 6.344173302776835, "Royale": 6.1466754779558475, "works": 6.056491230325054, "GAME": 6.0403198874715125, "SICK": 5.9387081946686715, "THICC": 5.9387081946686715, "ft.": 5.90829844342561, "GM": 5.833347679010845, "seriously": 5.73803749920652, "PREDATOR": 5.73803749920652, "SILVER": 5.73803749920652, "Avatar": 5.65102612221689, "ENEMY": 5.42788257090268, "IS": 5.36563068704664, "LATE": 5.363344049765109, "LOW": 5.363344049765109, "MAY": 5.140200498450899, "CONTENT": 5.044890318646575, "Ubisoft": 4.8400959060005615, "Abilities": 4.803728261829686, "GOES": 4.803728261829686, "HIGHLIGHTS": 4.768636942018416, "COMEBACK": 4.768636942018416, "TOURNAMENT": 4.552413833548781, "HIM": 4.552413833548781, "hours": 4.422360705300583, "Overview": 4.351743138086629, "Battle": 4.278961366771739, "OFF": 4.2041071392805645, "HARDEST": 4.2041071392805645, "GETTING": 4.1285995867724194, "43": 4.1285995867724194, "been": 3.9770496886452187, "ca": 3.9770496886452187, "Arena": 3.9164250668287837, "FPS": 3.9164250668287837, "it": 3.9076957305765174, "KILLS": 3.901826267407631, "Impressions": 3.8874375299555313, "MADE": 3.873252894963575, "Weapons": 3.7170921642082924, "OF": 3.67764690414191, "STREAM": 3.61414419495585, "THAT": 3.592637989734887, "BY": 3.571584580537054, "played": 3.561221793501508, "ever": 3.3910006436416404, "WHAT": 3.2232778862688383, "IN": 3.2130278674853305, "GO": 3.145500185226154, "OUT": 3.1319864660594314, "Now": 3.1252974779086347, "and": 3.105242589182521, "LIFE": 3.0860767647553535, "PRO": 3.036066344180692, "CRAZY": 3.017938959588135, ":": 2.97067870896421, "i": 2.862933213441144, "new": 2.7746406062954656, "2020": 2.756035418464431, "OP": 2.7468610421883897, "FIRST": 2.4660518490243706, "an": 2.4221999664955214, "'s": 2.302779257080528, "NO": 2.2894939969471664, "MY": 2.1246655976007287, "First": 2.0446228899271923, "(": 2.009057343382927, ")": 2.009057343382927, "my": 1.9313750094362, "All": 1.9253326949802376, "BEST": 1.899563181801186, "Gameplay": 1.8499346774960257, "*": 1.8151644777543081, "n't": 1.8151644777543081, "+": 1.7885435623488801, "TO": 1.7780905054967908, "&": 1.7298484674477967, "A": 1.5824274357104362, "?": 1.5295500417975294, "is": 1.1438363445890025, "...": 0.9681235876884466, "5": 0.9505457564244738, "a": 0.8649242337238984, "!": 0.8064818150644539, "I": 0.7931535826730446, ",": 0.7058186334430898, "in": 0.662863683972693, "The": 0.4701793401431918}