{"Official": 60.537857187569706, "Trailer": 47.026724642959486, "America": 37.85714658538736, "Our": 22.605785098417694, "|": 18.862597496211098, ":": 16.281813061358978, "ESPN": 7.0967213784947605, "Fifty/50": 7.0967213784947605, "initiative": 7.0967213784947605, "Unsolved": 7.0967213784947605, "3,000,000": 7.0967213784947605, "Crowdfunding": 7.0967213784947605, "Heist": 7.0967213784947605, "Accomplices": 7.0967213784947605, "Ady": 7.0967213784947605, "Barkan": 7.0967213784947605, "Blago": 7.0967213784947605, "Equity": 7.0967213784947605, "Vaccines": 7.0967213784947605, "Ashton": 7.0967213784947605, "Hispanic": 7.0967213784947605, "Unidos": 7.0967213784947605, "flag": 7.0967213784947605, "Voices": 7.0967213784947605, "escorted": 7.0967213784947605, "briefing": 7.0967213784947605, "'Most": 7.0967213784947605, "sophisticated": 7.0967213784947605, "tunnel": 7.0967213784947605, "justice": 7.0967213784947605, "Breonna": 7.0967213784947605, "billboards": 7.0967213784947605, "explosions": 7.0967213784947605, "Beirut": 7.0967213784947605, "widespread": 7.0967213784947605, "Shaq": 7.0967213784947605, "Neowise": 7.0967213784947605, "streaks": 7.0967213784947605, "separated": 7.0967213784947605, "pediatric": 7.0967213784947605, "squid": 7.0967213784947605, "washes": 7.0967213784947605, "Confederate": 7.0967213784947605, "NFTs": 6.403574197934815, "Metaverse": 6.403574197934815, "Violin": 6.403574197934815, "Deed": 6.403574197934815, "Fauci": 6.403574197934815, "Meant": 6.403574197934815, "Juneteenth": 6.403574197934815, "Forward": 6.403574197934815, "Oprah": 6.403574197934815, "Taylor": 6.403574197934815, "stops": 6.403574197934815, "Comet": 6.403574197934815, "joined": 6.403574197934815, "ashore": 6.403574197934815, "former": 6.403574197934815, "leaders": 6.403574197934815, "U.S.": 6.403574197934815, "Capitol": 6.403574197934815, "NFT": 5.9981090898266505, "Marathon": 5.9981090898266505, "Indigenous": 5.9981090898266505, "Jen": 5.9981090898266505, "Heritage": 5.9981090898266505, "Climate": 5.9981090898266505, "damage": 5.9981090898266505, "stranded": 5.9981090898266505, "Portraits": 5.9981090898266505, "removed": 5.9981090898266505, "launch": 5.71042701737487, "Theft": 5.71042701737487, "Sept.": 5.71042701737487, "Todos": 5.71042701737487, "border": 5.71042701737487, "injuries": 5.71042701737487, "dropped": 5.71042701737487, "driver": 5.71042701737487, "Black": 5.505831913282153, "Enter": 5.48728346606066, "Stolen": 5.48728346606066, "Anthony": 5.48728346606066, "safety": 5.48728346606066, "Stunning": 5.48728346606066, "sight": 5.48728346606066, "past": 5.48728346606066, "Report": 5.304961909266705, "Dreaming": 5.304961909266705, "history": 5.304961909266705, "demands": 5.304961909266705, "rock": 5.304961909266705, "Disney": 5.150811229439447, "Half": 5.150811229439447, "Urban": 5.150811229439447, "Freedom": 5.150811229439447, "women": 5.017279836814924, "Hall": 5.017279836814924, "Trump": 5.017279836814924, "Twins": 5.017279836814924, "State": 4.899496801158541, "What": 4.798659459604675, "California": 4.794136285500715, "Asian": 4.69882610569639, "Brothers": 4.69882610569639, "feet": 4.61181472870676, "fire": 4.531772021033223, "use": 4.457664048879502, "start": 4.457664048879502, "hospital": 4.457664048879502, "beach": 4.457664048879502, "Princess": 4.38867117739255, "Women": 4.324132656254979, "Dr.": 4.263508034438544, "Town": 4.206349620598596, "26": 4.206349620598596, "Florida": 4.206349620598596, "Hope": 4.15228239932832, "Future": 4.100989104940769, "US": 4.052198940771337, "head": 4.052198940771337, "Holiday": 4.005678925136444, "Month": 3.9612271625656104, "room": 3.9612271625656104, "South": 3.9612271625656104, "\u2018": 3.9186675481468147, "Next": 3.8778455536265595, "Earth": 3.8778455536265595, "to": 3.7994782367415962, "help": 3.7294255485082863, "VIDEO": 3.695523996832605, "African": 3.662734174009614, "of": 3.6255476563145193, "50": 3.570360853878599, "during": 3.570360853878599, "know": 3.4591352187683744, "Living": 3.407841924380824, "While": 3.407841924380824, "Huge": 3.3831493117904525, "on": 3.361111407590479, "$": 3.359051760211392, "Being": 3.359051760211392, "Story": 3.312531744576499, "Golden": 3.2465737767847016, "from": 3.1505209212650276, "30": 3.145477659913333, "White": 3.05367011066021, "'m": 3.036278367948341, "take": 3.0023768162726596, "does": 3.0023768162726596, "Good": 2.8772136733186535, "Be": 2.8772136733186535, "with": 2.7876146628192573, "Giant": 2.7400125518051683, "House": 2.7022722238223214, "15": 2.6423740822412527, "the": 2.5976620638141883, "about": 2.564121885341504, "as": 2.4915511925066687, "Who": 2.4717485652104894, "No": 2.4523304793533875, "Why": 2.244691114575143, "'": 2.244691114575143, "The": 2.232275946525582, "an": 2.0404755731464523, "s": 1.996854950670562, "\u2019": 1.7354292127853352, "To": 1.5995531532015583, "New": 1.5672922909833369, "and": 1.3929278663718783, "at": 1.3633801015970148, "How": 1.3315302757099157, "I": 1.244518898720286, "?": 1.2364234725723822, "is": 1.1382966854649785, ",": 1.0128406605961486, "for": 0.9941627838811914, "A": 0.8448174953288715, "'s": 0.8371399144298374, "in": 0.7132147436107544, "-": 0.6964639331859391, "a": 0.6383830951499704}