{"AbrilDoesMakeup": 140.54249932067535, "\u2661": 63.36596535705448, "\u26a0\ufe0f": 42.58407983310727, "abrildoesmakeup": 31.231666515705633, "PARTE": 25.499332139120995, "AMBER": 24.79391486596923, "DEPP": 19.26486680341955, "JOHNNY": 18.595436149476924, "CASO": 14.229538896732926, "doble": 13.418608680516597, "HEARD": 12.843244535613035, "...": 12.386681318891885, "\ud83d\ude4b\ud83c\udffb\u200d\u2640\ufe0f": 12.032314319396708, "|": 11.885725823781772, "lo": 11.570018731034944, "de": 11.392437707074928, "DE": 10.930971254770327, "@": 10.572522620011577, "\u2705": 10.070655813373255, "Parte": 9.433748351136185, "SEPHORA": 9.433748351136185, "\ud83d\ude0d": 9.433432604443023, "su": 8.563112208620494, "TODO": 8.14049402128608, "en": 7.81172982554884, "Pidi\u00f3": 7.807916628926408, "VEREDICTO": 7.807916628926408, "TESTIMONIOS": 7.807916628926408, "CUESTIONABLES": 7.807916628926408, "desahogarme": 7.807916628926408, "\u00bfM\u00c1S": 7.807916628926408, "INCONSISTENCIAS": 7.807916628926408, "TESTIMONIO": 7.807916628926408, "APLICA": 7.807916628926408, "Intent\u00f3": 7.807916628926408, "ayudarla": 7.807916628926408, "DECEPCIONES": 7.807916628926408, "\ud83d\ude35\ud83d\udd25": 7.807916628926408, "SUBTONO": 7.807916628926408, "Encontraron": 7.807916628926408, "pierna": 7.807916628926408, "Enhancer\u2728": 7.807916628926408, "\ud83d\ude0d\ud83d\udd25\u2705": 7.807916628926408, "ERROR\u2705": 7.807916628926408, "Aniquil\u00f3": 7.807916628926408, "V\u00edctima": 7.807916628926408, "humedad": 7.807916628926408, "REGRES\u00c9\ud83d\udd25": 7.807916628926408, "Trabajo": 7.807916628926408, "Venganza": 7.807916628926408, "azules": 7.807916628926408, "\u2705\ud83d\udcb0": 7.807916628926408, "ASUMEN": 7.807916628926408, "mi": 7.394085529506195, "perd\u00f3n": 7.114769448366463, "ECON\u00d3MICO": 7.114769448366463, "TENEMOS": 7.114769448366463, "Quer\u00eda": 7.114769448366463, "CORRECTOR": 7.114769448366463, "populares": 7.114769448366463, "AMANDA": 7.114769448366463, "cocinando": 7.114769448366463, "Vestido": 7.114769448366463, "M\u00cd": 7.114769448366463, "EL": 7.062501019820706, "Instagram": 6.954366577280155, "est\u00e1s": 6.709304340258298, "Inc": 6.709304340258298, "SAVINGS": 6.709304340258298, "\ud83d\ude35": 6.709304340258298, "USTEDES": 6.709304340258298, "vs": 6.707287790245932, "SPRING": 6.616213917192287, "\ud83d\udd25": 6.445898300511673, "CASI": 6.421622267806518, "CEJAS": 6.421622267806518, "PERFUMES": 6.421622267806518, "blanco": 6.421622267806518, "CAROS": 6.421622267806518, "PERFECTOS": 6.198478716492308, "perfumes": 6.198478716492308, "ROSS": 6.198478716492308, "SAID": 6.198478716492308, "que": 6.143436361063826, "\ud83d\ude31": 6.108652875640088, "VIVO": 6.016157159698354, "haciendo": 6.016157159698354, "FAVORITOS": 6.016157159698354, "trabajo": 6.016157159698354, "flores": 6.016157159698354, "\u2620\ufe0f": 6.016157159698354, "SHEGLAM": 5.862006479871095, "VALEN": 5.862006479871095, "saber": 5.728475087246572, "compras": 5.728475087246572, "\ud83e\udd72": 5.728475087246572, "ALI": 5.728475087246572, "PRIMAVERA": 5.728475087246572, "\u274c": 5.5053315359323625, "\ud83d\udca5": 5.410021356128038, "AS\u00cd": 5.410021356128038, "productos": 5.3230099791384085, "todos": 5.3230099791384085, "PASO": 5.1688592993111495, "SOBRE": 5.1688592993111495, "PIEL": 5.1688592993111495, "BASE": 5.1688592993111495, "EVENT": 5.1688592993111495, "PENA": 5.1688592993111495, "DUPES": 5.099866427824199, "D\u00cdA": 4.974703284870192, "SU": 4.917544871030244, "RUTINA": 4.917544871030244, "MAL": 4.863477649759968, "F\u00c1CILES": 4.763394191202986, "ESTO": 4.763394191202986, "vida": 4.672422412997259, "PRODUCTOS": 4.629862798578463, "closet": 4.512079762922079, "DA": 4.475712118751205, "MIS": 4.440620798939935, "FAVORITES": 4.373929424441262, "MAQUILLAJE": 4.311409067459929, "MEJOR": 4.281556104310247, "SIN": 4.281556104310247, "C\u00f3mo": 4.170330469200023, "M\u00c1S": 4.144354982796762, "como": 4.144354982796762, "\ud83c\udf38": 4.144354982796762, "SALE": 4.119037174812473, "POR": 4.0943445622221, "skincare": 4.046716513232846, "NATURAL": 3.7474736183799893, "UN": 3.6335293590307716, "tu": 3.603224009535442, "Rose": 3.603224009535442, "AMAZON": 3.5594213868770495, "REVIEW": 3.3535693326729006, "QUE": 3.2753171357731525, "TOP": 3.2229491502558365, "EN": 3.089417757631314, "un": 3.080528810214068, "REAL": 3.054326437820044, "YouTube": 3.028793135814879, "video": 2.873442695795717, "LA": 2.6317668963525795, "Skin": 2.571474666096459, "HAUL": 2.2824636897946244, ":": 1.8736506686317256, "7": 1.867745376205977, "NEW": 1.8651172537997076, "6": 1.8392090689410427, "2022": 1.5540878173509354, "4": 1.4835576665450976, "+": 1.3830476050210205, "10": 1.3798113562418124, "?": 1.2771332245116178, "1": 1.148622709242771, "5": 1.0925332425917276, "3": 1.0556462527846664, "2": 0.9493515941350432, ",": 0.8816791380907927, "A": 0.782378314287888, "a": 0.6263246843145436, "!": 0.34455358340638764}