{"Tok": 45.5822173075131, "Tik": 42.00643794115116, "Tried": 27.99551183487838, "Viral": 25.45837072995818, "Rice": 19.885201154790316, "Steak": 18.002759117636213, "Flakey": 15.220715236625676, "Artichoke": 13.834420875505785, "I": 13.04082331364822, "Herbs": 12.448126514385894, "Fried": 11.328894938515049, "Mayo": 11.328894938515049, "tried": 10.424924691028934, "Salt": 9.942600577395158, "Coffee": 8.227700113692714, "Ketchup": 7.610357618312838, "Wok": 7.610357618312838, "Tanghulu": 7.610357618312838, "Toasted": 7.610357618312838, "Untoasted": 7.610357618312838, "Bday": 7.610357618312838, "Chive": 7.610357618312838, "Blossom": 7.610357618312838, "Iced": 7.610357618312838, "breads": 7.610357618312838, "Spiciest": 7.610357618312838, "Kewpie": 7.610357618312838, "Barbacoa": 7.610357618312838, "Samuelsson": 7.610357618312838, "Chopped": 7.610357618312838, "OG": 6.9172104377528925, "Asparagus": 6.9172104377528925, "ranch": 6.9172104377528925, "Right": 6.695355482543044, "Green": 6.559248556053013, "tik": 6.511745329644728, "tok": 6.511745329644728, "Brew": 6.511745329644728, "Carrots": 6.511745329644728, "Marcus": 6.224063257192947, "W/": 6.000919705878737, "Peel": 6.000919705878737, "Cuts": 5.8185981490847825, "Vinegar": 5.8185981490847825, "Chop": 5.8185981490847825, "Tacos": 5.8185981490847825, "Cakes": 5.8185981490847825, "Wings": 5.8185981490847825, "From": 5.7599944919663315, "Sauce": 5.664447469257524, "Pineapple": 5.664447469257524, "Butter": 5.664447469257524, "On": 5.602063291510065, "Fry": 5.530916076633002, "Way": 5.455111391452933, "Old": 5.440016980182167, "Bread": 5.413133040976618, "Garlic": 5.413133040976618, "Sharp": 5.413133040976618, "This": 5.3178815134406925, "Dry": 5.307772525318792, "Throw": 5.212462345514467, "Bananas": 5.125450968524837, "Chef": 5.045408260851301, "Squishy": 4.971300288697579, "Cook": 4.902307417210627, "which": 4.777144274256622, "Childhood": 4.7199858604166725, "Knife": 4.7199858604166725, "ASMR": 4.665918639146397, "Choose": 4.565835180589414, "The": 4.523620009467734, "around": 4.519315164954522, "For": 4.490026315441819, "Cutting": 4.391481793444637, "Chocolate": 4.243061788326363, "Guy": 4.176370413827692, "Make": 4.169809358362108, "Turn": 3.9727714585864518, "Cold": 3.946795972183191, "Or": 3.8967855516085295, "Cake": 3.8261679843945764, "How": 3.8093862897683572, "Clean": 3.7817162218237423, "Million": 3.760210016602779, "Were": 3.718537320202211, "Vs": 3.6591138997314103, "Healthy": 3.6400657047607154, "Away": 3.621373571748563, "Air": 3.5160130560907366, "Really": 3.4832232332677457, "My": 3.4099915405165344, "Cream": 3.347677741271522, "Got": 3.333691499296782, "?": 3.330268649838514, "world": 3.3198981771644465, "Only": 3.3062925251086677, "Is": 3.0978013987696413, "His": 3.088569041263797, "Ice": 3.0564807267122966, "Never": 3.0356466398094546, "me": 2.965966719171465, "Use": 2.928226391188618, "Ever": 2.874159169918342, "To": 2.663672388293986, "Like": 2.6615977279346694, "$": 2.516607417506075, "Not": 2.498369829956294, "is": 2.4402339024949753, "We": 2.0231089599125878, "Best": 2.0156462387109984, "Can": 2.011935659314463, "to": 1.8575421935748841, "Are": 1.8173440099286937, "Do": 1.7022746801439066, "from": 1.6545202488480066, "A": 1.640520765597866, "Why": 1.6015444328702424, "With": 1.5893342689633112, "You": 1.3077386425679325, "3": 1.225163219315112, "What": 1.2184405049202354, "the": 1.198287261924941, "1": 1.138011323811937, "on": 1.1257223826775857, "a": 0.6711036722713294, "and": 0.5865986635743944}