{"shorts": 107.6123379052405, "\ud83d\ude02": 91.43617233170752, "u": 83.59746450324204, "When": 58.26884689207815, "#": 49.12316934010302, "ur": 40.430344161671016, "t": 26.98761451842288, "\u2019": 24.768074394686774, "find": 16.253577264723997, "try": 14.82687748896907, "outlet": 13.851190394220936, "isn": 13.040260178004607, "can": 12.176125596668122, "one": 12.014487443316616, "cant": 11.3456644572302, "WIFI": 11.3456644572302, "working": 10.843035600668388, "falls": 10.843035600668388, "this": 10.649023257568635, "Parking": 9.821384353136406, "phone": 8.881377094644936, "get": 8.419674066893988, "tried": 8.306012949741374, "someone": 8.244469632407867, "challenge": 7.962312435888055, "Which": 7.810340621932211, "Santizer": 7.618742377670413, "wars": 7.618742377670413, "exit": 7.618742377670413, "blooded": 7.618742377670413, "restroom": 7.618742377670413, "sponsoredbyea": 7.618742377670413, "//ea.sng.link/Dqnnm/9uir/kiol": 7.618742377670413, "stain": 7.618742377670413, "stub": 7.618742377670413, "spot\u2026": 7.618742377670413, "Overweight": 7.618742377670413, "eco-friendly": 7.618742377670413, "undressed": 7.618742377670413, "\u2764\ufe0f": 7.413438744484535, "too": 7.373833489892175, "..": 7.146901244521392, "who": 6.951215302557761, "towel": 6.925595197110468, "sneakers": 6.925595197110468, "furniture": 6.925595197110468, "row": 6.925595197110468, "Exposure": 6.925595197110468, "suppose": 6.925595197110468, "\ud83e\udd23": 6.5760180747681645, "more": 6.549873911633459, "HOLD": 6.520130089002303, "WOAH": 6.520130089002303, "cheat": 6.520130089002303, "Sweaty": 6.520130089002303, "leg": 6.520130089002303, "machines": 6.520130089002303, "Insecure": 6.520130089002303, "gain": 6.520130089002303, "https": 6.520130089002303, "toe": 6.520130089002303, "seat": 6.520130089002303, "lazy": 6.520130089002303, "to": 6.451956910027502, "the": 6.451178267943477, "rather": 6.2324480165505225, "training": 6.2324480165505225, "tired": 6.2324480165505225, "Didn": 6.2324480165505225, "asleep": 6.2324480165505225, "vegan": 6.2324480165505225, "emergency": 6.2324480165505225, "holidays": 6.2324480165505225, "wasn": 6.2324480165505225, "legends": 6.2324480165505225, "sense": 6.2324480165505225, "this\u2026": 6.2324480165505225, "BORING": 6.2324480165505225, "bae": 6.2324480165505225, "spicy": 6.009304465236313, "sit": 6.009304465236313, "squad": 6.009304465236313, "driver": 6.009304465236313, "Lele": 6.009304465236313, "Pons": 6.009304465236313, "it": 5.8777804857323765, "signs": 5.826982908442358, "cold": 5.826982908442358, "fashion": 5.826982908442358, "return": 5.826982908442358, "whole": 5.6728322286151, "fit": 5.6728322286151, "diet": 5.6728322286151, "basketball": 5.6728322286151, "delivery": 5.6728322286151, "mobile": 5.6728322286151, "toilet": 5.6728322286151, "parking": 5.6728322286151, "forgot": 5.6728322286151, "trash": 5.6728322286151, "didn": 5.539300835990577, "build": 5.539300835990577, "weight": 5.539300835990577, "Nina": 5.539300835990577, "ruined": 5.421517800334194, "post": 5.421517800334194, "is": 5.368395553315076, "public": 5.316157284676367, "shower": 5.316157284676367, "Foreign": 5.316157284676367, "ll": 5.220847104872043, "accidentally": 5.220847104872043, "cut": 5.220847104872043, "expect": 5.220847104872043, "yourself": 5.220847104872043, "like": 5.176608912555956, "likes": 5.133835727882413, "trip": 5.133835727882413, "Apex": 5.133835727882413, "Link": 5.133835727882413, "Bag": 5.133835727882413, "wait": 5.053793020208877, "become": 5.053793020208877, "between": 5.053793020208877, "Paper": 4.979685048055154, "happen": 4.979685048055154, "be": 4.885185290193168, "Grandma": 4.846153655430632, "another": 4.846153655430632, "fast": 4.846153655430632, "are": 4.796773105184177, "believe": 4.785529033614197, "boyfriend": 4.728370619774249, "everything": 4.623010104116422, "channel": 4.527699924312097, "use": 4.527699924312097, "finally": 4.527699924312097, "Drama": 4.483248161741264, "eat": 4.440688547322468, "Pass": 4.440688547322468, "I": 4.402949415372282, "for": 4.341125340778494, "something": 4.322905511666084, "person": 4.286537867495209, "dance": 4.217544996008258, "mom": 4.217544996008258, "better": 4.184755173185267, "talk": 4.153006474870687, "food": 4.153006474870687, "s": 4.10844394069544, "here": 4.092381853054252, "makes": 4.092381853054252, "Almost": 4.063394316180999, "ve": 4.035223439214303, "Finally": 4.035223439214303, "Name": 3.9811562179440276, "would": 3.955180731540767, "prank": 3.9051703109661053, "home": 3.9051703109661053, "than": 3.857542261976851, "work": 3.857542261976851, "This": 3.8500204777354274, "really": 3.8345527437521523, "their": 3.8345527437521523, "...": 3.8298628768477863, "been": 3.8120798879000937, "\ud83d\ude0d": 3.8120798879000937, "Don": 3.8120798879000937, "on": 3.793117010619189, "a": 3.769472998497764, "in": 3.716572433965788, "friends": 3.6484504641182913, "m": 3.6484504641182913, "my": 3.5854845405799263, "part": 3.558299367123994, "friend": 3.4598592943107414, "now": 3.4598592943107414, "Should": 3.356062500629098, "they": 3.356062500629098, "Too": 3.301254264134103, "day": 3.301254264134103, "best": 3.2749369558167296, "life": 3.2242932229979746, "and": 3.2115698247241227, "make": 3.107882871153563, "UP": 3.0861428845171575, "all": 3.054394186202577, "Girls": 3.003621860829154, ".": 2.980050028987372, "what": 2.865152186564049, "'re": 2.7904286403681122, "have": 2.7824604707189353, "YouTube": 2.6914886925132087, "out": 2.568886370420876, "Can": 2.4539564037468993, "Love": 2.4092562248289924, "@": 2.387633760815827, "People": 2.340627718439896, "do": 2.2764081257056024, "Best": 2.0580607466548857, "from": 2.0503978739093167, "me": 2.0277553971595568, "Your": 1.9557818975344674, "Is": 1.8535512748855687, "of": 1.801875365293444, "New": 1.7106594395014825, "?": 1.6747980350118372, "You": 1.4428751075646522, "My": 1.378466532499644, "!": 1.210507196820947, ":": 0.916782011667873, "The": 0.635879626201471}