{"Faster": 63.01805931005495, "Max": 51.7624936503643, "vs.": 49.82023945493886, "Which": 46.72432173666558, "Galaxy": 44.55796013283641, "Samsung": 43.116638847154476, "iPhone": 40.52467811028344, "12": 40.07647203721676, "HEX": 38.012006678329094, "Pro": 30.22026454287966, "S20": 27.940383961151156, "Is": 26.76008786239704, "Ultra": 24.500636455803487, "A22": 17.978890269695153, "NEW": 16.234383248494808, "S21": 16.101873504959684, "DTube": 15.204802671331636, "LBRY": 13.818508310211746, "Gameplay": 12.810590476471845, "Rift": 11.985926846463435, "League": 10.599632485343545, "-": 10.282632381816587, "?": 10.227314582565972, "Wait": 9.659625226852073, "S2": 9.538375983219204, "Quick": 8.93228556714464, "Legends": 8.848695010635746, "Alpha": 8.767051021595234, "App": 8.520682202604185, "Wild": 8.273330865732184, "Crypto": 8.211787548398677, "Pay": 8.094106548352809, "Smartphones": 7.982966846043188, "!": 7.920608160284705, "Charge": 7.7294634347649, "Works": 7.682402439944512, "Xcover": 7.602401335665818, "HEX.COM": 7.602401335665818, "6.95": 7.602401335665818, "W22": 7.602401335665818, "PulseChain": 7.602401335665818, "0.10": 7.602401335665818, "CoinTelegraph": 7.602401335665818, "main-net": 7.602401335665818, "Main-net": 7.602401335665818, "Trust-less": 7.602401335665818, "Hexicans": 7.602401335665818, "Nomics": 7.602401335665818, "LBRY.tv": 7.602401335665818, "Centralized": 7.602401335665818, "0.15.9": 7.602401335665818, "Look": 7.382213337489475, "Capitalist": 6.909254155105873, "M1X": 6.909254155105873, "Renders": 6.909254155105873, "cents": 6.909254155105873, "Avalon": 6.909254155105873, "AMD": 6.569826444259015, "Hex": 6.503789046997708, "Decentralized": 6.503789046997708, "Unveiled": 6.216106974545927, "Variant": 6.216106974545927, "9.7": 6.216106974545927, "Mrwhosetheboss": 6.216106974545927, "Reply": 6.216106974545927, "5S": 5.992963423231718, "Smartphone": 5.954857044763094, "instead": 5.810641866437763, "Jay": 5.810641866437763, "Blockchain": 5.810641866437763, "''": 5.790172966597602, "Flipping": 5.656491186610505, "Interest": 5.656491186610505, "6S": 5.522959793985982, "S-Pen": 5.522959793985982, "Bottom": 5.522959793985982, "Duck": 5.522959793985982, "225": 5.405176758329599, "Magsafe": 5.405176758329599, "S23": 5.405176758329599, "Amazing": 5.321517826113028, "Freeze": 5.299816242671772, "Boring": 5.299816242671772, "MacBook": 5.210378123803406, "S4": 5.2045060628674475, "Listen": 5.2045060628674475, "man": 5.2045060628674475, "Potato": 5.117494685877818, "Note": 5.105090656832562, "Big": 5.054455040863982, "S3": 5.037451978204281, "5th": 4.894351134563609, "Cap": 4.894351134563609, "Upgraded": 4.829812613426037, "Best": 4.8253197250777475, "API": 4.769187991609602, "Computers": 4.712029577769654, "S22": 4.710754527010664, "Website": 4.657962356499378, "Benchmark": 4.657962356499378, "Launches": 4.657962356499378, "Day": 4.648573352870602, "14": 4.6383952138556594, "October": 4.606669062111827, "November": 4.557878897942396, "Job": 4.557878897942396, "Problems": 4.4669071197366685, "Specs": 4.4669071197366685, "Mate": 4.4669071197366685, "Adventure": 4.383525510797617, "Become": 4.383525510797617, "Boy": 4.306564469661489, "16": 4.302725764200235, "Android": 4.251875567468615, "Doing": 4.2351055056793445, "Platform": 4.2351055056793445, "Remove": 4.168414131180672, "CEO": 4.168414131180672, "and": 4.157273075084768, "Generation": 4.136665432866092, "before": 4.136665432866092, "Market": 4.136665432866092, "Hours": 4.076040811049657, "Shark": 4.076040811049657, "Bitcoin": 4.076040811049657, "iPod": 3.991483423021594, "Some": 3.991483423021594, "Nokia": 3.938839689536172, "Infinix": 3.938839689536172, "Soon": 3.938839689536172, "Come": 3.938839689536172, "Can": 3.928093332664145, "Road": 3.913521881551882, "Xperia": 3.8888292689615103, "Test": 3.8581561369886517, "Bar": 3.841201219972256, "11": 3.8039155245502636, "Touch": 3.773759939176723, "3": 3.772429663928724, "Favorite": 3.75225373395576, "GPU": 3.731200324757927, "13": 3.6744204657619473, "Help": 3.6511576170843907, "Unboxing": 3.6005659205775107, "buy": 3.577049644930669, "an": 3.5765416076815035, "Fold": 3.4592666092742856, "Buds": 3.368294831068559, "19": 3.3397214586245028, "now": 3.325735216649763, "if": 3.2983362424616485, "24": 3.2585959138121345, "S8": 3.2456925089762265, "Man": 3.1835607278692204, "was": 3.1715845368225044, "Event": 3.1480540394123104, "Worth": 3.125064521187612, "To": 3.1147920432596132, "Apps": 3.1137649659336786, "Comparison": 3.0806127586167777, "Fast": 3.0591065533958144, "Need": 2.9676723474361824, "Tutorial": 2.9484409855082947, "Huawei": 2.9484409855082947, "not": 2.9110534534366748, "You": 2.9035971344390776, "Z": 2.8928711343534843, "Launch": 2.875013516953478, "I": 2.844769364026491, "Good": 2.840227400868062, "4": 2.7517293327567054, "Display": 2.719599413079447, "Better": 2.719599413079447, "YouTube": 2.719599413079447, "M1": 2.704561535714907, "Water": 2.639556705405911, "Windows": 2.585121498850894, "Setup": 2.5785208148195418, "Xiaomi": 2.552545328416281, "Black": 2.5398063026388513, "Plus": 2.4607377791631584, "Sony": 2.443346036451289, "with": 2.4234442643679577, "Live": 2.376654661952617, "Get": 2.371292718811232, "a": 2.3503479375610934, "2020": 2.3397111467609326, ",": 2.3273815290880475, "for": 2.317822794460179, "is": 2.2975526735462535, "are": 2.1952295642056994, "Smart": 2.186300933461398, "Home": 2.147080220308117, "of": 2.141486628301366, "Top": 2.084948439201111, "From": 2.072972248154395, ".": 1.951367172833587, "Watch": 1.942919119906197, "9": 1.9019577622751318, "Video": 1.862608423486584, "With": 1.834080339872046, "It": 1.82784979012141, "$": 1.8093877272816745, "Apple": 1.7823184053134566, "For": 1.7444681811823588, "First": 1.7135233773329372, "``": 1.6916046916252911, "My": 1.6916046916252911, "Your": 1.5838081211695836, "vs": 1.524759092316784, "Review": 1.4348848447774771, "at": 1.4079959445611459, "10": 1.3877932372436266, "New": 1.255012126009808, ":": 1.237222740815367, "5": 1.1503523812285923, "1": 1.0628153800481488, "on": 0.9521222870783963, "How": 0.8761679333070715, "2": 0.8270352447294268, "(": 0.6554253435303999, ")": 0.6411052897556514, "The": 0.6392113497955807, "to": 0.5993358768793563}