{"Bangia": 53.33119664369289, "Radhika": 42.06513125665419, "FANFICS": 30.474969510681653, "ft.": 25.688863704208764, "@": 23.87633760815827, "ME\u2026": 20.776785591331404, "When": 20.092705824854534, "TWICE": 18.02791339570894, "GONE": 17.79149683561997, "SINGING": 17.480948725327075, "WRONG": 17.145438178219937, "Girlfriend": 16.060115652030802, "Like": 15.893574468566475, "Boyfriend": 15.719451694225908, "Your": 15.64625518027574, "LIKE": 15.338210975008609, "OUTCON": 15.237484755340827, "\ud83d\ude31": 14.823910137564448, "BE": 14.302764439343452, "WEDDING": 14.185111859322745, "Zamolo": 13.851190394220936, "SUPERHERO": 12.464896033101045, "\ud83d\udcf8": 12.464896033101045, "TO": 12.279530072955893, "\ud83e\udd28": 12.018608930472626, "\ud83e\udd13": 12.018608930472626, "..": 11.911502074202321, "Rebecca": 11.653965816884716, "\ud83d\ude0d": 11.436239663700281, "TIKTOKS": 10.843035600668388, "Leaves": 10.843035600668388, "How": 10.321897204813373, "DISNEY": 10.267671455764827, "Be": 9.95537465098936, "IS": 9.908315284671014, "PART": 9.323648613460689, "\ud83d\udc40": 9.246020208232844, "Catch": 8.881377094644936, "Learning": 8.799733105604425, "WHEN": 8.645811023332168, "MONEY": 8.573075734990418, "\ud83d\udc94": 8.50289309536788, "Girl": 8.444163998811469, "MOM": 8.306012949741374, "Viral": 8.015648930052377, "Wrong\u2026": 7.618742377670413, "\u2764\ufe0f\ud83d\udcb8": 7.618742377670413, "VIETNAMESE": 7.618742377670413, "\ud83c\uddfb\ud83c\uddf3": 7.618742377670413, "\ud83e\uddb8\ud83c\udffb\u200d\u2642\ufe0f\ud83d\ude31": 7.618742377670413, "\ud83e\uddb8\ud83c\udffb\u200d\u2642\ufe0f\u2764\ufe0f": 7.618742377670413, "\ud83e\uddd0\ud83d\udc81\ud83c\udffb\u200d\u2640\ufe0f": 7.618742377670413, "\ud83d\udc6e\u200d\u2642\ufe0f": 7.618742377670413, "TZUYU": 7.618742377670413, "Texting\u2026": 7.618742377670413, "\ud83d\udcb8\u2764\ufe0f": 7.618742377670413, "Chikin": 7.618742377670413, "CONWOMAN": 7.618742377670413, "\ud83d\udc81\ud83c\udffb\u200d\u2640\ufe0f": 7.618742377670413, "CRYING\u2026": 7.618742377670413, "SHAMES": 7.618742377670413, "\ud83e\uddd0\ud83e\udd70": 7.618742377670413, "BACKSEAT": 7.618742377670413, "\ud83d\ude33\ud83e\uddcb": 7.618742377670413, "\ud83d\udc99\u2744\ufe0f": 7.618742377670413, "KISSED": 7.618742377670413, "Sneeze": 7.618742377670413, "CONMAN": 7.618742377670413, "\ud83e\udd77": 7.618742377670413, "\u27a1": 7.618742377670413, "\ud83e\uddcb\ud83e\udd70": 7.618742377670413, "Obsessed": 7.618742377670413, "Secretive": 7.618742377670413, "\ud83e\uddd9\u200d\u2642\ufe0f\u2728": 7.618742377670413, "K-Drama": 7.618742377670413, "Sleeps": 7.618742377670413, "Flirts": 7.618742377670413, "\ud83d\udcf2": 7.618742377670413, "\ud83d\udc70\ud83c\udffb\u200d\u2640\ufe0f\ud83d\udc94": 7.618742377670413, "\ud83e\uddd2\ud83c\udffb": 7.618742377670413, "Stares": 7.618742377670413, "Jeenie.Weenie": 7.618742377670413, "LeendaDProductions": 7.618742377670413, "WHY": 7.453844159119574, "(": 7.227402306540704, "You": 7.214375537823261, ")": 7.192877011607994, "LOVE": 6.983215985250643, "\ud83d\udd7a\ud83c\udffb": 6.925595197110468, "\ud83e\udd37\ud83c\udffb\u200d\u2640\ufe0f": 6.925595197110468, "Ungrateful": 6.925595197110468, "OMAKASE": 6.925595197110468, "Me\u2026": 6.925595197110468, "SANA": 6.925595197110468, "OLIVIA": 6.925595197110468, "DISAPPEARED\u2026": 6.925595197110468, "REJECTS": 6.925595197110468, "\ud83d\ude34": 6.925595197110468, "\ud83d\udc7f": 6.925595197110468, "?": 6.699192140047349, "Are": 6.6079259263979795, "\ud83d\ude0d\ud83d\udd25": 6.520130089002303, "LIZZO": 6.520130089002303, "\ud83d\udc83\ud83c\udffb": 6.520130089002303, "WiFi": 6.520130089002303, "GOURMET": 6.520130089002303, "JAPANESE": 6.520130089002303, "CONCERT": 6.520130089002303, "\u270c\ufe0f": 6.520130089002303, "\ud83c\udf0e": 6.520130089002303, "\ud83e\udd27": 6.520130089002303, "Cheater": 6.520130089002303, "FANTASY": 6.520130089002303, "THE": 6.247833457767155, "\ud83d\ude82": 6.2324480165505225, "UNDERSTAND": 6.2324480165505225, "Chow": 6.2324480165505225, "Teleport": 6.2324480165505225, "K-POP": 6.2324480165505225, "\ud83e\udd10": 6.2324480165505225, "DRIVERS": 6.2324480165505225, "\ud83c\udf7f": 6.2324480165505225, "Puts": 6.2324480165505225, "Made": 6.215765742307126, "Videos": 6.108788372405154, "Her": 6.108788372405154, "FIX": 6.009304465236313, "PROBLEMS": 6.009304465236313, "Younger": 6.009304465236313, "Siblings": 6.009304465236313, "RODRIGO": 6.009304465236313, "BOYFRIENDS": 6.009304465236313, "Family": 5.948702957058082, "\ud83d\udc96": 5.826982908442358, "Spoiled": 5.826982908442358, "Instantly": 5.826982908442358, "JOKER": 5.6728322286151, "Texts": 5.6728322286151, "Alan": 5.6728322286151, "\ud83d\ude97": 5.6728322286151, "Chan": 5.6728322286151, "\u274c": 5.6728322286151, "\ud83d\ude18": 5.6728322286151, "Picture": 5.6728322286151, "Boba": 5.539300835990577, "He": 5.412174983868723, "COUPLE": 5.316157284676367, "WORTH": 5.316157284676367, "Regrets": 5.316157284676367, "Phones": 5.316157284676367, "Silent": 5.316157284676367, "THIS": 5.297858156188825, "or": 5.243060207812596, "\ud83e\udd21": 5.220847104872043, "Member": 5.220847104872043, "Jackie": 5.220847104872043, "Arm": 5.220847104872043, "Draw": 5.220847104872043, "Transformation": 5.133835727882413, "MEAL": 5.133835727882413, "SCARIEST": 5.133835727882413, "TRANSFORMATION": 5.133835727882413, "Challenge": 5.01350917862774, "Hide": 4.979685048055154, "Kart": 4.979685048055154, "YOU": 4.919374156911768, "Get": 4.919374156911768, "POLICE": 4.910692176568203, "Cheating": 4.728370619774249, "Who": 4.70176843721417, "WENT": 4.674303398503973, "REACTS": 4.674303398503973, "Daddy": 4.674303398503973, "\u2728": 4.674303398503973, "Trouble": 4.674303398503973, "Sexy": 4.623010104116422, "Concert": 4.623010104116422, "STAR": 4.574219939946991, "Looks": 4.574219939946991, "SHOULD": 4.574219939946991, "Human": 4.527699924312097, "Korean": 4.527699924312097, "\ud83d\ude0e": 4.440688547322468, "SON": 4.440688547322468, "Care": 4.399866552802212, "Japanese": 4.322905511666084, "Machine": 4.322905511666084, "Ride": 4.286537867495209, "SQUID": 4.286537867495209, "Train": 4.25144654768394, "DAD": 4.217544996008258, "Couples": 4.184755173185267, "POV": 4.184755173185267, "REACTING": 4.1222348162039335, "IF": 4.1222348162039335, "\ud83d\ude05": 4.1222348162039335, "s": 4.10844394069544, "Different": 4.063394316180999, "Gift": 4.063394316180999, "Finally": 4.035223439214303, "Right": 4.035223439214303, "Funniest": 4.0078244650261885, "Name": 3.9811562179440276, "GIRLS": 3.955180731540767, "Another": 3.929862923556477, "Which": 3.9051703109661053, "Batman": 3.8345527437521523, "...": 3.8298628768477863, "ONLY": 3.8120798879000937, "WAS": 3.8120798879000937, "on": 3.793117010619189, "Boys": 3.7475413667625226, "CRAZY": 3.726922079559787, "Gone": 3.7067193722422673, "to": 3.6868325200157157, "TIKTOK": 3.667498659088986, "\ud83d\udd25": 3.593390686935264, "Mario": 3.593390686935264, "Phone": 3.575691109835863, "\ud83d\ude2d": 3.558299367123994, "Take": 3.541204933764694, "Down": 3.507868513497102, "Parents": 3.4756076512788807, "Their": 3.414049758279447, "||": 3.3702471356210544, "GAME": 3.3702471356210544, "Look": 3.356062500629098, "Kid": 3.356062500629098, "Too": 3.301254264134103, "\ud83e\udd23": 3.2880090373840822, "AT": 3.176091121180097, "YOUR": 3.1301060079382736, "Friend": 3.1301060079382736, "TikTok": 3.107882871153563, "Dad": 3.096953800621373, "Kids": 3.096953800621373, "\u2019": 3.096009299335847, "EVER": 3.0648654860698725, "HOW": 3.054394186202577, "WHAT": 3.0236225275358235, "a": 3.015578398798211, "Go": 3.003621860829154, "Compilation": 2.9553032835583464, "Song": 2.7904286403681122, "Real": 2.774555291211822, "My": 2.756933064999288, "Most": 2.720902577719502, "NOT": 2.720902577719502, "IT": 2.7134675992319837, "At": 2.581789775256784, "with": 2.553241917898524, "100": 2.512796903769833, "DO": 2.512796903769833, "2": 2.432422301911462, "A": 2.363604429072702,