{"That": 72.39914662524623, "All": 68.22021700857891, "Nathan": 35.126609877034404, "Moments": 33.37817692029732, "Cancels": 22.075537128846026, "|": 21.914130003074256, "gh": 16.103319113683906, "EVERY": 12.734991201214903, "Burger": 12.541375637802187, "Beyonc\u00e9": 12.519800175227797, "Tammy": 11.944436030324235, "!": 11.490573566778469, "Sketch": 11.133505814107906, "Craziest": 9.921234206967275, "Best": 9.79044893398409, "Good": 9.395035893041486, "Food": 8.89218966482871, "Ever": 8.819015305456231, "le": 8.446036320705717, "Nickmas": 8.051659556841953, "OWNED": 8.051659556841953, "YUH": 8.051659556841953, "PrestonPlayz": 8.051659556841953, "Tinkle": 8.051659556841953, "1994-2020": 8.051659556841953, "Librarian": 8.051659556841953, "T": 7.495188927275567, "COVERED": 7.358512376282008, "Sketches": 7.358512376282008, "Heck": 7.358512376282008, "Speeds": 7.358512376282008, "\ud83d\ude45\ud83c\udffb\u200d\u2642\ufe0f": 7.358512376282008, "Bougie": 7.358512376282008, "\ud83c\udf7c": 7.358512376282008, "Denzel": 7.358512376282008, "Burritos": 7.358512376282008, "Invention": 7.358512376282008, "Farts": 7.358512376282008, "Denberg": 7.358512376282008, "Ft.": 7.265637898090711, "Canes": 6.953047268173844, "\ud83c\udf32": 6.953047268173844, "TMI": 6.953047268173844, "Pi\u00f1ata": 6.953047268173844, "Lori": 6.953047268173844, "Gaby": 6.665365195722063, "Appearances": 6.665365195722063, "Printed": 6.665365195722063, "SMASHES": 6.665365195722063, "Hides": 6.665365195722063, "Beth": 6.665365195722063, "Eleven": 6.442221644407853, "\ud83d\udc9d": 6.442221644407853, "MLB": 6.442221644407853, "Their": 6.399258585844673, "Covered": 6.259900087613898, "Washington": 6.10574940778664, "Gets": 5.915818712070383, "Dressing": 5.854434979505734, "\ud83d\udcda": 5.854434979505734, "Jonas": 5.653764284043583, "Is": 5.633620358820051, "Ridiculous": 5.566752907053953, "Dylan": 5.486710199380417, "\ud83c\udfb5": 5.343609355739743, "@": 5.28897557076367, "Spanish": 5.279070834602172, "Uncle": 5.279070834602172, "Loud": 5.218446212785738, "Cardi": 5.0559272832879625, "Beef": 5.0559272832879625, "Song": 5.05241323542034, "CHOCOLATE": 4.916165340912804, "Selling": 4.873605726494008, "Most": 4.8625173822496075, "Guest": 4.832783731973753, "FUNNIEST": 4.793563018820471, "Ariana": 4.755822690837625, "Em": 4.7194550466667495, "Bed": 4.585923654042227, "Surprising": 4.585923654042227, "Player": 4.585923654042227, "$": 4.579216348123554, "Says": 4.555151995375473, "Teacher": 4.555151995375473, "Celebrity": 4.49631149535254, "Check": 4.49631149535254, "Ed": 4.468140618385844, "DATE": 4.440741644197729, "From": 4.370382999817314, "Sing": 4.313989938558585, "Bath": 4.267469922923692, "Cheese": 4.244997067071634, "Bieber": 4.223018160352859, "Breaks": 4.201511955131895, "Moment": 4.201511955131895, "'s": 4.119985290566493, "Something": 4.081367643289831, "Brothers": 4.044326371609483, "Hit": 4.026307866106804, "Justin": 3.9912165462955342, "3D": 3.9085248304504208, "Queen": 3.892776473482282, "INSANE": 3.892776473482282, "Days": 3.862004814815528, "Fans": 3.832151851665847, "Cast": 3.832151851665847, "Own": 3.817553052244694, "Chocolate": 3.788979679800638, "The": 3.662035002746019, "Candy": 3.62084275799864, "Young": 3.609008300351637, "Worst": 3.5857514381873696, "These": 3.5408000503251036, "Fight": 3.4666920781713815, "Police": 3.3067274284787036, "WHAT": 3.2313779912369167, "``": 3.1897798025395803, "''": 3.177260199842567, "FIRST": 3.176462233640802, "They": 3.117185623711262, "Has": 3.034379720027029, "Party": 2.945714082941373, "School": 2.9099960003392935, "An": 2.8983679623441745, "In": 2.887317863091733, "To": 2.849883615185858, "He": 2.7786599982782065, "Season": 2.7433918594407487, "Christmas": 2.699801423365887, "12": 2.699801423365887, "Her": 2.640013504986914, "BEST": 2.5920740426977944, "Back": 2.5878277518163437, "When": 2.546328020909591, "Baby": 2.4719297308557313, "Out": 2.3921773410823324, "One": 2.3512159834512674, "Time": 2.2525669023814276, "Your": 2.2525669023814276, "First": 2.228613661358935, "Up": 2.1880283812438566, "World": 1.9513406048218895, "This": 1.931362137891003, "#": 1.9198348834936012, "Of": 1.8350534557570888, "A": 1.7816273003553091, "'": 1.7508737621787096, "What": 1.7381115105648584, "On": 1.7255100836868542, "Video": 1.692085688169576, "With": 1.6597424434493515, "&": 1.4398891742309754, "?": 1.3390703822088819, "(": 0.6577812667341976, ")": 0.656552010279468}