{"Pixel": 34.13367871218817, "Android": 34.01500453974892, "IO": 23.97185369292687, "Nothing": 23.33297561376906, "Google": 22.249386606475557, "Compose": 20.727762465317618, "throttling": 15.204802671331636, "MA1": 15.204802671331636, "Motorola": 13.966109885970027, "Jetpack": 13.818508310211746, "6a": 13.400721359210007, "RCS": 13.007578093995416, "13": 12.860471630166815, "Galaxy": 12.476228837194196, "privacy": 12.432213949091855, "-": 12.42484746136171, "Duo": 12.141159822529213, "reactions": 11.985926846463435, "12L": 11.985926846463435, "Auto": 11.66648780688453, "iMessage": 11.621283732875526, "app": 11.321279817530169, ",": 11.249010723925563, "announced": 11.045919587971964, "OnePlus": 10.758985799719065, "Beta": 10.377799827822857, "Developing": 10.234989371755637, "drop": 10.074903956408562, "Watch": 9.714595599530986, "event": 8.933814239473337, "feature": 8.933814239473337, "Wallet": 8.767051021595234, "gets": 8.613128939322978, "Xiaomi": 7.657635985248843, "SafetyNet": 7.602401335665818, "Palooza-palooza": 7.602401335665818, "Fold4": 7.602401335665818, "Yellowing": 7.602401335665818, "GSuite": 7.602401335665818, "Rolla": 7.602401335665818, "Passkey": 7.602401335665818, "hyperlocal": 7.602401335665818, "Multisearch": 7.602401335665818, "eSIMs": 7.602401335665818, "Deepfaking": 7.602401335665818, "CyberDog": 7.602401335665818, "DP2": 7.602401335665818, "Beta-Mageddon": 7.602401335665818, "Twelvel": 7.602401335665818, "Sixel": 7.602401335665818, "OSOM": 7.602401335665818, "F-Words": 7.602401335665818, "round-up": 7.602401335665818, "lossless": 7.602401335665818, "Twosday": 7.602401335665818, "theming": 7.602401335665818, "Humblebrag": 7.602401335665818, "NexiGo": 7.602401335665818, "No-Show": 7.602401335665818, "Foldables": 7.602401335665818, "AutoZen": 7.602401335665818, "repairs": 7.602401335665818, "real": 7.591477691790997, "12": 7.286631279493956, "Surface": 7.049727783520197, "FE": 7.016113546887435, "Moto": 6.983054942985014, "Fold": 6.918533218548571, "Tablet": 6.918533218548571, "operator": 6.909254155105873, "feedback": 6.909254155105873, "WearOS": 6.909254155105873, "Predictive": 6.909254155105873, "Aquos": 6.909254155105873, "Pinball": 6.909254155105873, "Shore": 6.909254155105873, "Passkeys": 6.909254155105873, "FCC": 6.909254155105873, "Wielding": 6.909254155105873, "Dialer": 6.909254155105873, "archiving": 6.909254155105873, "12.1": 6.909254155105873, "redesign": 6.909254155105873, "delays": 6.909254155105873, "hall": 6.909254155105873, "fame": 6.909254155105873, "invade": 6.909254155105873, "Rattle": 6.909254155105873, "Appstore": 6.909254155105873, "phone": 6.765787260979423, "delayed": 6.503789046997708, "schedule": 6.503789046997708, "eSIM": 6.503789046997708, "devs": 6.503789046997708, "rules": 6.503789046997708, "ruling": 6.503789046997708, "AAA": 6.503789046997708, "Along": 6.503789046997708, "AirTags": 6.503789046997708, "Shake": 6.503789046997708, "S21": 6.440749401983873, "review": 6.343169073645009, "Bixby": 6.216106974545927, "transparent": 6.216106974545927, "Gesture": 6.216106974545927, "predictions": 6.216106974545927, "FIDO": 6.216106974545927, "T2": 6.216106974545927, "Notepad": 6.216106974545927, "Politics": 6.216106974545927, "Tiramisu": 6.216106974545927, "collab": 6.216106974545927, "Glance": 6.216106974545927, "Pro": 6.044052908575932, "Sharp": 5.992963423231718, "Upside": 5.992963423231718, "Edge+": 5.992963423231718, "LARGE": 5.992963423231718, "Pokemon": 5.992963423231718, "Back": 5.935344694872365, "Recycled": 5.810641866437763, "Unseen": 5.810641866437763, "Way": 5.767804928741447, "pocket": 5.656491186610505, "N20": 5.656491186610505, "AMA": 5.656491186610505, "Markets": 5.656491186610505, "2200": 5.656491186610505, "911": 5.656491186610505, "failure": 5.656491186610505, "Roku": 5.656491186610505, "Amazon": 5.564239540121562, "10": 5.551172948974506, "Sandbox": 5.522959793985982, "Stylus": 5.522959793985982, "SDK": 5.522959793985982, "R7": 5.405176758329599, "ta": 5.405176758329599, "Displays": 5.405176758329599, "date": 5.405176758329599, "Cake": 5.299816242671772, "Act": 5.299816242671772, "breaks": 5.299816242671772, "destroyed": 5.299816242671772, "leaks": 5.299816242671772, "2021": 5.267887681824282, "Already": 5.2045060628674475, "preview": 5.2045060628674475, "Tablets": 5.2045060628674475, "Samsung": 5.173996661658537, "RIP": 5.117494685877818, "Shares": 5.117494685877818, "button": 5.117494685877818, "Unpacked": 5.117494685877818, "Sonos": 5.117494685877818, "Dirty": 5.037451978204281, "Screens": 5.037451978204281, "of": 4.996802132703187, "eBay": 4.963344006050559, "She": 4.963344006050559, "weather": 4.963344006050559, "support": 4.963344006050559, "Messages": 4.963344006050559, "MWC": 4.963344006050559, "Taste": 4.963344006050559, "Meets": 4.894351134563609, "Essential": 4.894351134563609, "Phantom": 4.769187991609602, "API": 4.769187991609602, "Returns": 4.769187991609602, "6": 4.72236844630536, "Pipe": 4.712029577769654, "Metaverse": 4.712029577769654, "Exynos": 4.712029577769654, "call": 4.712029577769654, "S22": 4.710754527010664, "EU": 4.657962356499378, "Chat": 4.606669062111827, "Qualcomm": 4.606669062111827, "Phone": 4.549050333752475, "Unlimited": 4.511358882307502, "audio": 4.511358882307502, "hands-on": 4.511358882307502, "Moments": 4.511358882307502, "7": 4.499528223156748, "Problems": 4.4669071197366685, "Launcher": 4.383525510797617, "UI": 4.383525510797617, "G": 4.383525510797617, "Ghost": 4.383525510797617, "Privacy": 4.3443047976443365, "CES": 4.306564469661489, "Assistant": 4.270196825490615, "getting": 4.270196825490615, "at": 4.223987833683438, "Download": 4.201203954003663, "HTC": 4.201203954003663, "Razer": 4.201203954003663, "2022": 4.1881777754206135, "T": 4.168414131180672, "N": 4.168414131180672, "Ultra": 4.083439409300581, "Lens": 4.076040811049657, "I/O": 4.047053274176404, "Many": 4.047053274176404, "Recap": 4.018882397209708, "apps": 4.018882397209708, "AT": 3.9648151759394326, "Devices": 3.9648151759394326, "There": 3.938839689536172, "USB-C": 3.8888292689615103, "Photos": 3.8888292689615103, "Sea": 3.86473171738245, "free": 3.841201219972256, "The": 3.835268098773484, "Again": 3.818211701747557, "smartphone": 3.7957388458954986, "Touch": 3.773759939176723, "update": 3.75225373395576, "Phones": 3.7105810375551918, "Vivo": 3.6705757029414925, "Self": 3.613417289101544, "Dual": 3.613417289101544, "Oppo": 3.577049644930669, "the": 3.563376921501229, "Nord": 3.541958325119399, "For": 3.4889363623647176, "back": 3.4127465936393926, "Moon": 3.397708716274852, "Down": 3.368294831068559, "Cool": 3.3397214586245028, "Glass": 3.3397214586245028, "Biggest": 3.3397214586245028, "Talk": 3.325735216649763, "Got": 3.3119418945174273, "Meet": 3.2585959138121345, "S8": 3.2456925089762265, "A53": 3.2329534831987967, "News": 3.2329534831987967, "Best": 3.216879816718498, "1": 3.188446140144446, "Bluetooth": 3.159750079175502, "Tab": 3.1480540394123104, "Digital": 3.1137649659336786, "vs.": 3.1137649659336786, "Play": 3.102591665335553, "Fire": 3.0698018425125624, "Go": 2.987280818824559, "By": 2.977428522381547, "Z": 2.8928711343534843, "Find": 2.8839024643707236, "Year": 2.875013516953478, "on": 2.856366861235189, "Be": 2.840227400868062, "App": 2.840227400868062, "At": 2.8066107900690773, "Case": 2.734866885210236, "Better": 2.719599413079447, "as": 2.660758913056514, "Look": 2.4607377791631584, "Wireless": 2.437615361742304, "Update": 2.4319173406276664, "No": 2.3929151828243973, "X": 2.376654661952617, "100": 2.324286676435301, "Are": 2.1952295642056994, "Smart": 2.186300933461398, "Home": 2.147080220308117, "TV": 2.1428158215216593, "5G": 2.1259377837343076, "Air": 1.9256475333975365, "A": 1.8913496229748534, "you": 1.82784979012141, "by": 1.8124411647685648, "an": 1.7882708038407518, "...": 1.6034647737191352, "for": 1.5452151963067862, "4": 1.3758646663783527, "(": 1.3108506870607999, ")": 1.2822105795113028, "and": 1.1877923071670764, "a": 1.1751739687805467,