{"Amazon": 55.41206822828169, "Seller": 44.15107425769205, "Mops": 32.20663822736781, "Exchange": 30.5287470389332, "Spray": 24.42299763114656, "Business": 21.007559775659477, "Aizaz": 16.103319113683906, "Procurement": 16.103319113683906, "Spend": 16.03082806721923, "Story": 15.133382815983179, "2021": 14.8359005857576, "Hussain": 13.906094536347688, "delivery": 12.884443288815707, "cost": 12.21149881557328, "Right": 11.540900812352962, "extra": 11.307528568087166, "Fixing": 10.973420398760833, "Grocery": 10.973420398760833, "mental": 10.973420398760833, "health": 10.82520445445339, "Digital": 9.438910093333499, "with": 9.135250201577147, "Your": 9.01026760952571, "Podcast": 8.534939845847385, "Devices": 8.051659556841953, "Torro": 8.051659556841953, "breathtaking": 8.051659556841953, "Maull": 8.051659556841953, "Portus": 8.051659556841953, "Codrea-Rado": 8.051659556841953, "Jaques": 8.051659556841953, "Life-long": 8.051659556841953, "volunteer": 8.051659556841953, "named": 8.051659556841953, "Tots": 8.051659556841953, "+44": 8.051659556841953, "Sideman": 8.051659556841953, "Zeze": 8.051659556841953, "Millz": 8.051659556841953, "Yates": 8.051659556841953, "Aml": 8.051659556841953, "Ameen": 8.051659556841953, "BlackFridayLive": 8.051659556841953, "Cranbanero": 8.051659556841953, "Refining": 8.051659556841953, "Purchasing": 8.051659556841953, "Rethinking": 8.051659556841953, "Enterprise": 8.051659556841953, "Rowan": 7.358512376282008, "donor": 7.358512376282008, "NHS": 7.358512376282008, "Croydon": 7.358512376282008, "Relives": 7.358512376282008, "Reggie": 7.358512376282008, "Savings": 7.358512376282008, "Leadership": 7.358512376282008, "Steer": 7.358512376282008, "Keynote": 7.358512376282008, "Organization": 6.953047268173844, "Time": 6.7577007071442825, "crowned": 6.665365195722063, "Norton": 6.665365195722063, "Term": 6.665365195722063, "\u2013": 6.578971244088395, "poem": 6.442221644407853, "blood": 6.442221644407853, "champion": 6.442221644407853, "no": 6.149851628842758, "greatest": 6.10574940778664, "role": 6.10574940778664, "available": 5.972218015162118, "Kindness": 5.854434979505734, "Strategy": 5.854434979505734, "Loss": 5.653764284043583, "Sight": 5.566752907053953, "Cases": 5.566752907053953, "Roger": 5.486710199380417, "Hayden": 5.486710199380417, "Graham": 5.412602227226695, "Ad": 5.412602227226695, "Christmas": 5.399602846731774, "Star": 5.334328988105729, "Phil": 5.218446212785738, "Success": 5.218446212785738, "gift": 5.161287798945789, "Episode": 5.060397277959414, "Weight": 5.0559272832879625, "Sauce": 5.00713711911853, "Nature": 4.873605726494008, "performance": 4.7194550466667495, "Model": 4.650462175179798, "Favourite": 4.6176723523568075, "Country": 4.49631149535254, "Up": 4.376056762487713, "Anna": 4.362780102728017, "Second": 4.362780102728017, "Awesome": 4.244997067071634, "through": 4.244997067071634, "Change": 4.223018160352859, "Royal": 4.119833924117628, "Drive": 4.119833924117628, "Book": 3.9407856926686424, "now": 3.892776473482282, "Club": 3.8469669374509876, "-": 3.8039454751430335, "Easy": 3.774993437825898, "Long": 3.6949507301523616, "Help": 3.6822117043749323, ".": 3.6333390826598, "David": 3.4873113653741172, "ft": 3.416930568612318, "London": 3.407268657700581, "UK": 3.2641678140599075, "Watch": 3.2558690112452124, "at": 3.2182387807475097, "Hot": 3.110017134232649, "Moments": 3.034379720027029, "his": 2.989064523814987, "People": 2.9041650800285006, "of": 2.691132599784872, "More": 2.600621103276253, "His": 2.550401346297227, "your": 2.5025834719467337, "the": 2.4116009252223223, "this": 2.292757782964673, "From": 2.185191499908657, "World": 1.9513406048218895, "s": 1.8410594798173006, "and": 1.8224130274815902, ",": 1.783882403158719, "New": 1.602770162695096, "How": 1.577768860489679, "|": 1.4609420002049505, "\u2019": 1.4586150226995167, "for": 1.242620250798974, "1": 1.2132543559946098, ":": 1.0270105263883171, "#": 0.9599174417468006, "2": 0.9159722098138096, "A": 0.8908136501776546, "'s": 0.8239970581132987, "&": 0.7199445871154877, "The": 0.6103391671243364}