{"Flutter": 62.24063257192947, "Design": 57.89630498167181, "UI": 54.008277352908635, "Figma": 53.27250332818986, "Tutorial": 47.340154830889944, "Tailwind": 45.662145709877024, "CSS": 37.344379543157686, "Designer": 27.65458038316501, "Website": 20.181633043405203, "Illustration": 16.993342407772573, "Webflow": 15.220715236625676, "Anima": 13.834420875505785, "SVG": 13.834420875505785, "Export": 13.023490659289456, "Navigation": 11.328894938515049, "Project": 11.035595956765535, "Empty": 10.250901937049674, "Android": 10.250901937049674, "Page": 9.038630329909044, "Custom": 8.949726804767376, "Adding": 8.864607575929783, "Studio": 7.793571103217059, "Travel": 7.793571103217059, "Arbitrary": 7.610357618312838, "NPM": 7.610357618312838, "Shayna": 7.610357618312838, "AirPlane": 7.610357618312838, "Handoff": 7.610357618312838, "SafeArea": 7.610357618312838, "App": 7.437074640404422, "Basic": 7.318227799462821, "SwiftUI": 6.9172104377528925, "Modifying": 6.9172104377528925, "Customizing": 6.9172104377528925, "XML": 6.9172104377528925, "Fonts": 6.511745329644728, "Responsive": 6.511745329644728, "2,000": 6.511745329644728, "Better": 6.312020644118659, "Font": 6.224063257192947, "|": 6.192786728286163, "HTML": 6.000919705878737, "Column": 6.000919705878737, "Layout": 6.000919705878737, "For": 5.986701753922425, "System": 5.89383704840154, "Use": 5.856452782377236, "Source": 5.8185981490847825, "Eagle": 5.8185981490847825, "Animations": 5.8185981490847825, "Developer": 5.8185981490847825, "Asset": 5.8185981490847825, "Template": 5.664447469257524, "Buttons": 5.664447469257524, "Assets": 5.664447469257524, "10x": 5.664447469257524, "Convert": 5.530916076633002, "Builder": 5.530916076633002, "File": 5.530916076633002, "as": 5.309061121423154, "Landing": 5.212462345514467, "Values": 5.212462345514467, "Helps": 5.212462345514467, "#": 4.996220562959369, "Quickly": 4.971300288697579, "to": 4.953445849533025, "Images": 4.902307417210627, "Button": 4.837768896073056, "Faster": 4.614625344758847, "Flat": 4.565835180589414, "Preparing": 4.565835180589414, "Size": 4.519315164954522, "Install": 4.519315164954522, "Web": 4.519315164954522, "Code": 4.432303787964892, "Bar": 4.432303787964892, "\u2014": 4.432303787964892, "Image": 4.432303787964892, "Row": 4.352261080291355, "much": 4.209160236650682, "Thank": 4.176370413827692, "Weight": 4.113850056846357, "Style": 4.026838679856728, "Understanding": 3.946795972183191, "State": 3.849157502619275, "Animation": 3.849157502619275, "Working": 3.760210016602779, "Google": 3.718537320202211, "Movie": 3.6591138997314103, "Create": 3.5160130560907366, "Meet": 3.3618623762634785, "Color": 3.2796242780265064, "so": 3.2665521964591537, "Days": 3.1560103220593296, "-": 3.076852606188269, "Work": 2.8654254899495872, "How": 2.857039717326268, "with": 2.8149740185553105, "Made": 2.8145670727160965, "5": 2.7835149972422166, "a": 2.6844146890853176, "Me": 2.5477625852858705, "$": 2.516607417506075, "&": 2.42388856496558, "Make": 2.084904679181054, "in": 1.981503489936195, "an": 1.957868438044187, "6": 1.9508754025532165, "you": 1.9439309302004053, "It": 1.8641544277726843, "from": 1.6545202488480066, "for": 1.6248344106758141, "New": 1.6015444328702424, "2022": 1.5796723580515744, "4": 1.5796723580515744, "I": 1.304082331364822, "3": 1.225163219315112, "and": 1.1731973271487888, "The": 1.1309050023669336, ":": 0.825900555675194, "the": 0.5991436309624705}