{"Creatures": 22.288320244397507, "Lovecraft": 21.290164135484282, "10": 19.837582091472946, "5": 19.443093918758997, "Howard": 19.210722593804444, "creatures": 17.994327269479953, "from": 17.327865066957653, "Ancient": 14.698490403475624, "\u0414\u0438\u043d\u043e\u0437\u0430\u0432\u0440\u043e\u0432": 14.193442756989521, "\u0441\u0443\u0449\u0435\u0441\u0442\u0432": 14.193442756989521, "\u043c\u0438\u0444\u043e\u043b\u043e\u0433\u0438\u0438": 14.193442756989521, "legends": 14.193442756989521, "traditions": 14.193442756989521, "mythical": 14.193442756989521, "Mythology": 12.80714839586963, "existed": 12.80714839586963, "\u0421\u0430\u043c\u044b\u0445": 11.996218179653301, "ancient": 11.996218179653301, "that": 11.30219735771641, "dragons": 10.97456693212132, "reality": 10.97456693212132, "famous": 10.60992381853341, "most": 10.29947919709534, "about": 10.256487541366017, "killed": 10.034559673629849, "Creepy": 10.034559673629849, "animals": 9.739721330354104, "Dragons": 9.39765221139278, "Monsters": 9.22362945741352, "Lord": 9.22362945741352, "we": 8.957542542964347, "believe": 8.7773423547851, "part": 7.325468348019228, "Ruthless": 7.0967213784947605, "Gustav": 7.0967213784947605, "Man-eating": 7.0967213784947605, "Antarctica": 7.0967213784947605, "Moby-Dick": 7.0967213784947605, "Tsavo": 7.0967213784947605, "Man-Eaters": 7.0967213784947605, "Pleasure": 7.0967213784947605, "Gevaudan": 7.0967213784947605, "\u0413\u0438\u0433\u0430\u043d\u0442\u044b": 7.0967213784947605, "\u041a\u0440\u0443\u043f\u043d\u044b\u0435": 7.0967213784947605, "\u0414\u043e\u0438\u0441\u0442\u043e\u0440\u0438\u0447\u0435\u0441\u043a\u0438\u0435": 7.0967213784947605, "\u042f\u0449\u0435\u0440\u044b": 7.0967213784947605, "\u0421\u0442\u0440\u0430\u043d\u043d\u044b\u0445": 7.0967213784947605, "\u0422\u0430\u043a\u0438\u0435": 7.0967213784947605, "\u041f\u043b\u043e\u0445\u0438\u0435": 7.0967213784947605, "\u0420\u043e\u0434\u0438\u0442\u0435\u043b\u0438": 7.0967213784947605, "\u0421\u0440\u0435\u0434\u0438": 7.0967213784947605, "Monstrous": 7.0967213784947605, "\u0414\u0435\u043c\u043e\u043d": 7.0967213784947605, "\u043f\u043e\u0445\u043e\u0442\u0438": 7.0967213784947605, "\u0440\u0430\u0437\u0432\u0440\u0430\u0442\u0430": 7.0967213784947605, "\u0421\u0443\u043a\u043a\u0443\u0431": 7.0967213784947605, "depraved": 7.0967213784947605, "companion": 7.0967213784947605, "Satyr": 7.0967213784947605, "\u041e\u0431\u043e\u0440\u043e\u0442\u0435\u043d\u044c": 7.0967213784947605, "\u0442\u0438\u0445\u043e\u043c": 7.0967213784947605, "\u043e\u043c\u0443\u0442\u0435": 7.0967213784947605, "\u041a\u0435\u043b\u043f\u0438": 7.0967213784947605, "\u0432\u043e\u0434\u0438\u0442\u0441\u044f": 7.0967213784947605, "\u0438\u0437\u0432\u0435\u0441\u0442\u043d\u044b\u0445": 7.0967213784947605, "\u043c\u0438\u0444\u0438\u0447\u0435\u0441\u043a\u0438\u0445": 7.0967213784947605, "\u041c\u043e\u043d\u0441\u0442\u0440\u043e\u0432": 7.0967213784947605, "\u0434\u0440\u0435\u0432\u043d\u0435\u0433\u0440\u0435\u0447\u0435\u0441\u043a\u043e\u0439": 7.0967213784947605, "\u0423\u0436\u0430\u0441\u043d\u044b\u0445": 7.0967213784947605, "\u0441\u043b\u0430\u0432\u044f\u043d\u0441\u043a\u043e\u0439": 7.0967213784947605, "\u0414\u0435\u043c\u043e\u043d\u043e\u0432": 7.0967213784947605, "\u043f\u0443\u0433\u0430\u043b\u0438": 7.0967213784947605, "\u0431\u0435\u0441\u0442\u043e\u043b\u043a\u043e\u0432\u044b\u0445": 7.0967213784947605, "diseases": 7.0967213784947605, "transmitted": 7.0967213784947605, "Gryla": 7.0967213784947605, "Giantess-Eater": 7.0967213784947605, "mammoths": 7.0967213784947605, "ourselves": 7.0967213784947605, "Anubis": 7.0967213784947605, "Norse": 7.0967213784947605, "Democracy": 7.0967213784947605, "Cartoons": 7.0967213784947605, "Medusa": 7.0967213784947605, "Herald": 7.0967213784947605, "Wendigo": 7.0967213784947605, "dinosaurs": 7.0967213784947605, "Centaur": 7.0967213784947605, "planets": 7.0967213784947605, "Mythical": 7.0967213784947605, "mythologies": 7.0967213784947605, "Muspelheim": 7.0967213784947605, "Surtr": 7.0967213784947605, "myths": 7.0967213784947605, "rights": 7.0967213784947605, "German-Scandinavian": 7.0967213784947605, "mytholog": 7.0967213784947605, "heroism": 7.0967213784947605, "organized": 7.0967213784947605, "Beings": 7.0967213784947605, "mythology": 7.0967213784947605, "Medieval": 7.0967213784947605, "tribunals": 7.0967213784947605, "cat": 6.952793656149693, "Know": 6.8663194647302275, "How": 6.657651378549579, "animal": 6.536159964011331, "Eater": 6.403574197934815, "Stephen": 6.403574197934815, "bloodthirsty": 6.403574197934815, "deadliest": 6.403574197934815, "scarier": 6.403574197934815, "\u043a\u043e\u0442\u043e\u0440\u044b\u043c\u0438": 6.403574197934815, "habits": 6.403574197934815, "Mutant": 6.403574197934815, "Stereotypes": 6.403574197934815, "society": 6.403574197934815, "Bloody": 5.9981090898266505, "penguin": 5.9981090898266505, "killer": 5.9981090898266505, "Gods": 5.9981090898266505, "lick": 5.9981090898266505, "horror": 5.9981090898266505, "Beasts": 5.9981090898266505, "deadly": 5.9981090898266505, "creepy": 5.9981090898266505, "monsters": 5.9981090898266505, "countries": 5.9981090898266505, "Egyptian": 5.9981090898266505, "the": 5.844739643581923, "over": 5.8446682171982465, "of": 5.800876250103231, "Creepiest": 5.71042701737487, "\u0441\u0440\u0435\u0434\u0438": 5.71042701737487, "Vampire": 5.71042701737487, "\u0416\u0438\u0432\u043e\u0442\u043d\u044b\u0445": 5.71042701737487, "feline": 5.71042701737487, "About": 5.612523874692738, "cats": 5.585312570581181, "?": 5.563905626575719, ".": 5.525124650333995, "rats": 5.48728346606066, "choose": 5.48728346606066, "stories": 5.48728346606066, "seal": 5.304961909266705, "\u041e\u043d\u0438": 5.304961909266705, "Lived": 5.304961909266705, "Prehistoric": 5.304961909266705, "The": 5.2086438752263575, "Killing": 5.150811229439447, "\u043b\u044e\u0434\u0435\u0439": 5.150811229439447, "might": 5.150811229439447, "ticks": 5.150811229439447, "which": 5.150811229439447, "wolf": 5.017279836814924, "\u043a\u0442\u043e": 5.017279836814924, "in": 4.992503205275281, "monster": 4.899496801158541, "raise": 4.899496801158541, "whole": 4.899496801158541, "name": 4.899496801158541, "rat": 4.899496801158541, "-": 4.875247532301574, "Terrifying": 4.794136285500715, "any": 4.794136285500715, "\u041f\u043e\u0447\u0435\u043c\u0443": 4.794136285500715, "dangerous": 4.794136285500715, "heat": 4.794136285500715, "movie": 4.69882610569639, "\u0412\u043e\u0442": 4.69882610569639, "\u043e\u043d": 4.69882610569639, "humans": 4.69882610569639, "Ant": 4.69882610569639, "protect": 4.69882610569639, "\u0421\u0430\u043c\u044b\u0435": 4.61181472870676, "to": 4.559373884089916, "is": 4.553186741859914, "crocodile": 4.531772021033223, "leopard": 4.531772021033223, "Took": 4.531772021033223, "World": 4.489382229150286, "300": 4.457664048879502, "God": 4.324132656254979, "pets": 4.324132656254979, "owners": 4.263508034438544, "bad": 4.206349620598596, "Japanese": 4.206349620598596, "Dinosaur": 4.206349620598596, "Rat": 4.15228239932832, "different": 4.15228239932832, "Death": 4.100989104940769, "really": 4.052198940771337, "Deep": 3.9612271625656104, "Dead": 3.9186675481468147, "better": 3.9186675481468147, "people": 3.8778455536265595, "Earth": 3.8778455536265595, "story": 3.8008845124904314, "Scary": 3.8008845124904314, "\u0438\u0437": 3.7294255485082863, "help": 3.7294255485082863, "need": 3.695523996832605, "Incredible": 3.662734174009614, "look": 3.6002138170282802, "Need": 3.570360853878599, "Forest": 3.570360853878599, "Monster": 3.51320244003865, "Sea": 3.4858034658505357, "know": 3.4591352187683744, "than": 3.3831493117904525, "Story": 3.312531744576499, "\u0412": 3.312531744576499, "You": 3.308607335945933, "world": 3.2900588887244404, "Real": 3.2049010803841336, "What": 3.1991063064031167, "King": 3.184698373066614, "other": 3.184698373066614, "Over": 3.1648957457704348, "Did": 3.145477659913333, "\u0438": 2.969586993449669,