{"routine": 21.593940406100963, "productive": 15.972929840466872, "*": 14.356621556690138, "vlog": 13.115079827272544, "teen": 12.48120135739289, "school": 11.8140467571072, "Winter": 11.528116217694224, "gets": 11.483002585600602, "bedroom": 10.934821580925927, "day": 10.741010468828126, "my": 10.636672103157466, "Room": 10.372947508263353, "spring": 10.28397678005667, "morning": 9.196745886878709, "Makeover": 9.07170517291604, "life": 8.672089774265523, "collabs": 8.0323601479245, "Dinoto": 8.0323601479245, "re-doing": 8.0323601479245, "annie": 8.0323601479245, "lash": 8.0323601479245, "Tiera": 8.0323601479245, "Skovbye": 8.0323601479245, "2020": 7.929865254323998, "friends": 7.6854108117961495, "real": 7.51138805781689, "old": 7.456590109440661, "birthday": 7.42974406877638, "ROMWE": 7.339212967364555, "boho": 7.339212967364555, "minimalist": 7.339212967364555, "renovating": 7.339212967364555, "PERMIT": 7.339212967364555, "Romwe": 7.339212967364555, "Breakup": 7.339212967364555, "discovering": 7.339212967364555, "backyard": 6.933747859256391, "successful": 6.933747859256391, "Shopping": 6.915298338842235, "rose": 6.64606578680461, "extensions": 6.64606578680461, "whats": 6.4229222354904, "Annie": 6.240600678696445, "got": 6.2102129255345915, "reacting": 6.086449998869187, "iphone": 6.086449998869187, "evening": 5.835135570588281, "chill": 5.835135570588281, "Organizing": 5.835135570588281, "our": 5.7931234217484775, "DRIVER": 5.729775054930455, "TRENDS": 5.729775054930455, "painting": 5.63446487512613, "young": 5.63446487512613, "on": 5.5961668585764945, "announcement": 5.5474534981365, "problem": 5.467410790462964, "15th": 5.467410790462964, "transformation": 5.467410790462964, "Vlog": 5.4481849010465915, "ADVICE": 5.393302818309242, "Mia": 5.32430994682229, "huge": 5.32430994682229, "scary": 5.32430994682229, "outfits": 5.259771425684719, "ideas": 5.199146803868285, "christmas": 5.08792116875806, "fall": 5.08792116875806, "and": 5.051918624261703, "TOK": 4.987837710201077, "Austin": 4.941317694566185, "healthy": 4.896865931995351, "edition": 4.736523281920172, "TIK": 4.736523281920172, "break": 4.700155637749297, "channel": 4.665064317938026, "hotel": 4.665064317938026, "Rose": 4.631162766262345, "ROAD": 4.5983729434393545, "without": 4.5983729434393545, "parents": 4.5983729434393545, "happy": 4.566624245124774, "Minute": 4.53585258645802, "under": 4.505999623308339, "Tiny": 4.477012086435087, "left": 4.44884120946839, "!": 4.4369188409869755, "own": 4.394773988198114, "Ft": 4.394773988198114, "Driving": 4.318788081220193, "shopping": 4.271160032230938, "EDITION": 4.22569765815418, "haul": 4.140539849813874, "Gift": 4.140539849813874, "Fall": 4.140539849813874, "2021": 4.081791201633036, "GETTING": 4.043376101360226, "Break": 3.971917137378081, "TRIP": 3.921486283751189, "try": 3.889225421532968, "tour": 3.8734770645648284, "ROOM": 3.8734770645648284, "+": 3.8730711709845513, "Ft.": 3.8427054058980747, "being": 3.7419007067761094, "for": 3.7133207011440037, "family": 3.7016268076381693, "house": 3.6756513212349087, "why": 3.555023333446294, "Road": 3.555023333446294, "year": 3.4784832563239596, "Trip": 3.4576491694211176, "Tips": 3.4576491694211176, "home": 3.368921053812433, "HAUL": 3.3138612766294058, "HUGE": 3.253236654812971, "Try": 3.1960782409730224, "Last": 3.1270853694860707, "all": 3.1051064627672957, "14": 3.069515517664593, "I": 3.0688536456475903, "TOUR": 3.055626405503926, "Tour": 2.8733048487099713, "first": 2.8675741740009864, "time": 2.8505765976324153, "Year": 2.8228739950830795, "what": 2.699641354659131, "Christmas": 2.6948220682231825, "VLOG": 2.607410130443098, "100": 2.4640156441634034, "with": 2.429059152940701, "your": 2.3833859097632946, "$": 2.302260364950926, "'S": 2.2393465395403567, "this": 2.1407159360987293, "it": 2.0739354548947184, "MY": 2.040895600816518, "It": 1.9755761346958758, ",": 1.7854613431596231, "in": 1.7368269271639065, "at": 1.6832211565447024, "What": 1.667609391072589, "New": 1.6556332000258736, "&": 1.6269008806108805, "|": 1.6064925402623973, "THE": 1.5787351490318087, "to": 0.9151546447601561, "a": 0.8903235732176977, "the": 0.8855879684718633}