{"Joshua": 171.89325164791364, "Anthony": 154.25965170085007, "~": 121.66198982932517, "Ruiz": 16.064720295849, "Miami": 14.322790829709055, "Fight": 11.915751412134242, "Andy": 11.670271141176562, "Vs": 9.995639346396253, "Hope": 9.88263538913237, "Man": 8.761117078703872, "Full": 8.551729792897246, "Welcome": 8.496341028012479, "Hertfordshire": 8.0323601479245, "\u2014\u2014": 8.0323601479245, "TIIMMMEE": 8.0323601479245, "Relating": 8.0323601479245, "Povetkin": 8.0323601479245, "Regimen": 8.0323601479245, "Stamped": 8.0323601479245, "All": 7.473289808298222, "UD": 7.339212967364555, "Ant": 7.339212967364555, "rhythm": 7.339212967364555, "Flows": 7.339212967364555, "Rematch": 7.339212967364555, "Align": 7.339212967364555, "Passport": 7.339212967364555, "Next": 7.132904058539833, "And": 7.118633796494638, "From": 7.097800379436205, "Responsibility": 6.933747859256391, "flow": 6.933747859256391, "My": 6.852527036895947, "Peoples": 6.64606578680461, "Takeaway": 6.64606578680461, "Odds": 6.64606578680461, "Greatness": 6.4229222354904, "Direct": 6.4229222354904, "Sending": 6.240600678696445, "Pocket": 6.240600678696445, "Rumble": 6.240600678696445, "heavy": 6.240600678696445, "Struggle": 6.240600678696445, "Purpose": 6.240600678696445, "Apply": 6.240600678696445, "Stitch": 6.086449998869187, "Sheffield": 6.086449998869187, "To": 5.953793209438833, "Campus": 5.952918606244665, "Dressing": 5.952918606244665, "Distance": 5.952918606244665, "Dec": 5.952918606244665, "Loose": 5.952918606244665, "\ud83d\udda4": 5.835135570588281, "Generation": 5.729775054930455, "AJ": 5.729775054930455, "Alexander": 5.729775054930455, "Vision": 5.729775054930455, "KO": 5.5474534981365, "Counting": 5.5474534981365, "States": 5.5474534981365, "Saturday": 5.393302818309242, "Focus": 5.199146803868285, "Step": 5.199146803868285, "L": 5.08792116875806, "Energy": 5.08792116875806, "Can": 5.078597409167903, "Boxing": 5.0366278743705095, "Growing": 4.987837710201077, "Putting": 4.896865931995351, "ll": 4.896865931995351, "\u2026": 4.8134843230563, "Against": 4.774263609903018, "Loss": 4.736523281920172, "Camp": 4.736523281920172, "In": 4.717367080640897, "Office": 4.566624245124774, "Give": 4.53585258645802, "Side": 4.1822125462144415, "Win": 4.100534515200175, "Ready": 4.043376101360226, "The": 3.9801040258507836, "Channel": 3.954822704018781, "It": 3.9511522693917516, "Run": 3.921486283751189, "Young": 3.889225421532968, "Goes": 3.889225421532968, "Than": 3.812852442748394, "Inside": 3.812852442748394, "Stop": 3.6756513212349087, "Take": 3.625640900660247, "Heart": 3.6015433490811866, "Days": 3.589708891434184, "Long": 3.5780128516709926, "Where": 3.555023333446294, "Money": 3.52150064140765, "With": 3.503928617928611, "May": 3.4997606547712445, "Way": 3.4680119564566643, "Room": 3.4576491694211176, "Ca": 3.4073873346402292, "%": 3.359531313462594, "A": 3.2861667778091204, "Into": 3.2448684051424546, "Night": 3.0765330903232395, "He": 3.021724853828245, "So": 2.963455945704269, "His": 2.9509557829400372, "More": 2.9447638126921163, "Big": 2.7800867198778705, "Be": 2.7593605893607536, "Vlog": 2.7240924505232957, "Love": 2.5643000067893693, "Our": 2.543422421767814, "Get": 2.5229718112965234, "Live": 2.4640156441634034, "100": 2.4640156441634034, "|": 2.4097388103935957, ",": 2.380615124212831, "Up": 2.3728779321648794, ".": 2.281468501744494, "Best": 2.2212191549478, "Life": 2.079116813636716, "I": 2.045902430431727, "Of": 2.038398720617931, "We": 1.9944892280023627, "2": 1.9801479519695142, "n't": 1.9387903778793647, "Is": 1.9387903778793647, "On": 1.8946330938382663, "5": 1.563109831128728, "\u2019": 1.5615606441418985, "(": 1.489599015229553, ")": 1.4597274483943492, "...": 1.45728430732488, "1": 1.2366543727509862, "!": 1.2100687748146297, "and": 1.0103837248523406, "'s": 0.9796390986921775, "&": 0.8134504403054402, "-": 0.6354115453034865}