{"Siege": 35.116436406668676, "Six": 27.21206270968872, "Rainbow": 25.299009364690953, "Operation": 12.278644512511022, "How": 11.53096570787036, "Legend": 11.37638205045362, "Copper": 11.141966829086707, "RaiNBOW": 8.13593277200489, "sIx": 8.13593277200489, "SIegE": 8.13593277200489, "BrOkEN": 8.13593277200489, "RaiNBoW": 8.13593277200489, "SiX": 8.13593277200489, "sIeGE": 8.13593277200489, "DYinG": 8.13593277200489, "ANTHONYPIT1": 8.13593277200489, "Girlfriend": 8.116790656198342, "hackers": 7.442785591444945, "Zofia": 7.442785591444945, "Thanksgiving": 7.037320483336781, "Enjoyer": 7.037320483336781, "Fortnut": 7.037320483336781, "teach": 6.749638410885, "Alibi": 6.749638410885, "Elo": 6.52649485957079, "Sight": 6.52649485957079, "iS": 6.52649485957079, "Jackbox": 6.190022622949577, "play": 6.05997459620862, "Downfall": 6.056491230325054, "Pulse": 6.056491230325054, "Average": 5.9387081946686715, "Maverick": 5.833347679010845, "Lion": 5.73803749920652, "DUMB": 5.65102612221689, "duo": 5.65102612221689, "Donating": 5.570983414543353, "Strong": 5.363344049765109, "must": 5.3027194279486745, "SIX": 5.3027194279486745, "SIEGE": 5.19149379283845, "SAVED": 5.091410334281467, "Steel": 5.000438556075741, "Wave": 5.000438556075741, "Phantom": 5.000438556075741, "watch": 4.701945567519744, "Brother": 4.701945567519744, "Toxic": 4.525014859360666, "Valorant": 4.498346612278505, "Streamers": 4.472371125875244, "2": 4.453636705469787, "TOXIC": 4.398263153721522, "worst": 4.351743138086629, "2016": 4.351743138086629, "RAINBOW": 4.285785170294832, "DIAMOND": 4.264731761096999, "Legacy": 4.223909766576744, "Hell": 4.058395328099171, "Welcome": 3.9927980456133576, "GOLD": 3.9927980456133576, "my": 3.8627500188724, "2017": 3.805199431718559, "The": 3.7614347211455343, "Shadow": 3.753906137331009, "Experience": 3.7414836173324515, "to": 3.5725393968445394, "Apex": 3.520812255163631, "Worst": 3.481972421847367, "Ending": 3.4445848897757467, "10,000": 3.40854495329255, "Year": 3.268398321549308, "SO": 3.173088141744983, "King": 3.1387204982407755, "Special": 3.092507655085644, "w/": 2.9597830394310614, "made": 2.8784373999771087, "got": 2.7888252412874217, "Ever": 2.7888252412874217, "your": 2.7109827545234877, "Legends": 2.6721009669792806, "Back": 2.626544435376913, "NOT": 2.6025432832773703, "$": 2.0651950440024005, "We": 1.9896035143359931, "this": 1.941527380900218, "...": 1.9362471753768933, "BEST": 1.899563181801186, "OF": 1.838823452070955, "IS": 1.7885435623488801, "Minecraft": 1.729052785935576, "Is": 1.6902129526193121, "You": 1.6050551442790053, "To": 1.4550780932146754, "with": 1.3560108645326383, "in": 1.325727367945386, "is": 1.1438363445890025, "I": 0.7931535826730446, "of": 0.7899225620915981, ":": 0.7426696772410525, "the": 0.710574884977739, "?": 0.5098500139325098, "!": 0.2688272716881513}