{"Elden": 16.90339462537839, "warzone": 14.67842593472911, "basket": 13.867495718512782, "Ring": 13.69987273537432, "played": 11.670271141176562, "straight": 10.64861989364458, "Game": 8.568631246052014, "end": 8.496341028012479, "shorts": 8.389863809219651, "definitely": 8.0323601479245, "crying\u2026": 8.0323601479245, "cryingfilter": 8.0323601479245, "Starscourge": 8.0323601479245, "Radahn": 8.0323601479245, "74,000": 8.0323601479245, "WARZONE\u2026": 8.0323601479245, "OOHHHH": 8.0323601479245, "PPSH": 8.0323601479245, "HIPFIRE": 8.0323601479245, "Loadout": 8.0323601479245, "ELDEN": 8.0323601479245, "Caldera": 8.0323601479245, "thought\u2026": 8.0323601479245, "SAUCY": 8.0323601479245, "COPY": 8.0323601479245, "Ayuwoki": 8.0323601479245, "/Best": 8.0323601479245, "going": 7.483801413552219, "Rebirth": 7.339212967364555, "loadout": 7.339212967364555, "Runes": 7.339212967364555, "WARZONE": 7.339212967364555, "Witcher": 7.339212967364555, "Season": 7.132904058539833, "my": 7.09111473543831, "GAME": 7.0874475563847215, "SMG": 6.933747859256391, "comms": 6.933747859256391, "caused": 6.933747859256391, "freedom": 6.933747859256391, "SHOTGUN": 6.64606578680461, "Warzone": 6.64606578680461, "covid": 6.64606578680461, "masks": 6.64606578680461, "wasn": 6.4229222354904, "SWISS": 6.4229222354904, "dragon": 6.4229222354904, "NICE": 6.4229222354904, "DISTURBING": 6.4229222354904, "CURSED": 6.4229222354904, "jam": 6.4229222354904, "bits": 6.4229222354904, "Controller": 6.240600678696445, "RIDICULOUS": 6.240600678696445, "Petrol": 6.240600678696445, "I": 6.137707291295181, "\u00a3500": 6.086449998869187, "Resident": 6.086449998869187, "Eunice": 5.952918606244665, "PLAYERS": 5.835135570588281, "EXCITED": 5.835135570588281, "Asks": 5.835135570588281, "This": 5.80285759727478, "Sniper": 5.729775054930455, "Horrible": 5.729775054930455, "Easily": 5.63446487512613, "KILL": 5.63446487512613, "RING": 5.63446487512613, "Panic": 5.63446487512613, "sleeping": 5.5474534981365, "EXTREMELY": 5.5474534981365, "Stronger": 5.5474534981365, "19th": 5.5474534981365, "WELCOME": 5.467410790462964, "death": 5.393302818309242, "a": 5.341941439306186, "WERE": 5.32430994682229, "HORROR": 5.32430994682229, "taste": 5.32430994682229, "Accident": 5.259771425684719, "won": 5.259771425684719, "awkward": 5.199146803868285, "ate": 5.141988390028335, "#": 5.087728983244778, "Kill": 5.0366278743705095, "July": 4.987837710201077, "weird": 4.941317694566185, "THIS": 4.920412231493471, "Jackson": 4.896865931995351, "happen": 4.854306317576555, "ME": 4.831178100515858, "\u2026": 4.8134843230563, "IS": 4.711212691312437, "Guide": 4.665064317938026, "Kiss": 4.665064317938026, "SEASON": 4.631162766262345, "Child": 4.5983729434393545, "How": 4.579728263388815, "Classic": 4.566624245124774, "THESE": 4.566624245124774, "Storm": 4.566624245124774, "Evil": 4.566624245124774, "Village": 4.53585258645802, "Michael": 4.44884120946839, "Scary": 4.44884120946839, "Best": 4.4424383098956, "worth": 4.421442235280276, "lost": 4.394773988198114, "Eggs": 4.368798501794854, "Class": 4.368798501794854, "Walk": 4.368798501794854, "there": 4.343480693810564, "in": 4.342067317909766, "this": 4.281431872197459, "use": 4.271160032230938, "Squid": 4.22569765815418, "WIN": 4.203718751435406, "Broke": 4.1822125462144415, "Escape": 4.1822125462144415, "Buying": 4.120337142496354, "things": 4.081116429343073, "HAPPY": 4.043376101360226, "Through": 4.02502696269203, "Ball": 4.007008457189351, "Club": 3.98930888008995, "Kid": 3.971917137378081, "Light": 3.954822704018781, "Green": 3.954822704018781, "Easter": 3.8734770645648284, "little": 3.8734770645648284, "than": 3.857972878028863, "EASY": 3.8427054058980747, "gets": 3.827667528533534, "OVER": 3.7838649058751415, "FREE": 3.7838649058751415, "For": 3.7005504824157374, "Island": 3.6885547260708167, "Street": 3.6756513212349087, "Moments": 3.625640900660247, "\ud83d\ude33": 3.52150064140765, "when": 3.427189961936409, "GET": 3.4073873346402292, "at": 3.366442313089405, "ONE": 3.359531313462594, "Red": 3.28742801956125, "|": 3.2129850805247946, "BIG": 3.188173061465909, "-": 3.1770577265174325, "Old": 3.1648256974689177, "got": 3.1051064627672957, "Funny": 3.1051064627672957, "so": 3.0765330903232395, "To": 2.9768966047194163, "how": 2.9509557829400372, "His": 2.9509557829400372, "t": 2.884865671111047, "NOT": 2.884865671111047, "is": 2.8433282064134824, "no": 2.817424390315515, "on": 2.7980834292882473, "was": 2.6852526172070315, "day": 2.6852526172070315, "Back": 2.6663841329026488, "When": 2.6570817402403355, "That": 2.5643000067893693, "9": 2.55589659599299, "Get": 2.5229718112965234, "AND": 2.502931060413077, "WITH": 2.2925672357452664, "(": 2.2343985228443297, ")": 2.189591172591524, "it": 2.0739354548947184, "from": 2.043398731034637, "2021": 2.040895600816518, "6": 2.021092973520339, "2": 1.9801479519695142, "'s": 1.959278197384355, "you": 1.9570141168358164, "Is": 1.9387903778793647, "On": 1.8946330938382663, "TO": 1.8732647594325673, "to": 1.8303092895203121, "the": 1.7711759369437265, "What": 1.667609391072589, "The": 1.5920416103403134, "\u2019": 1.5615606441418985, "...": 1.45728430732488, "3": 1.2918407883182772, "with": 1.2145295764703505, "and": 1.0103837248523406, "?": 0.596332331572652}