{"Dali": 30.44143047325135, "Gogh": 24.89625302877179, "Artrageous": 22.831072854938512, "Art": 18.663287687895433, "Van": 18.077260659818087, "Nate": 13.834420875505785, "Painting": 12.72918536497909, "Explained": 12.397992447183949, "Watercolor": 12.001839411757475, "Artists": 10.090816521702601, "where": 9.439971720833345, "Bob": 8.418320473301364, "Check": 8.227700113692714, "Engineering": 8.110019113646848, "\ud83d\ude31\ud83d\uddbc": 7.610357618312838, "Gachet": 7.610357618312838, "\ud83c\udfa8\u2764\ufe0f": 7.610357618312838, "wherever": 7.610357618312838, "Venetian": 7.610357618312838, "Gondola": 7.610357618312838, "LEANING": 7.610357618312838, "PISA": 7.610357618312838, "Vespa": 7.610357618312838, "Z16": 7.610357618312838, "Flamenco": 7.610357618312838, "Hallucinogenic": 7.610357618312838, "Toreador": 7.610357618312838, "Experience-": 7.610357618312838, "Eleven": 7.610357618312838, "Ross-": 7.610357618312838, "Shamira": 7.610357618312838, "World-": 7.610357618312838, "Sculpture-": 7.610357618312838, "LaShawnda": 7.610357618312838, "Basquiat": 7.610357618312838, "Warhol": 7.610357618312838, "Procreate": 7.610357618312838, "Disney": 7.280131409521431, "!": 7.223407481865307, "|": 6.9668850693219335, "worked": 6.9172104377528925, "filming": 6.9172104377528925, "painted": 6.9172104377528925, "exists": 6.9172104377528925, "Include": 6.9172104377528925, "Salvador": 6.9172104377528925, "Indy": 6.9172104377528925, "Minimal": 6.9172104377528925, "2min": 6.9172104377528925, "Crowe": 6.9172104377528925, "Parnell": 6.9172104377528925, "combined": 6.9172104377528925, "Design": 6.8113299978437425, "wheat": 6.511745329644728, "himself": 6.511745329644728, "iconic": 6.511745329644728, "location": 6.511745329644728, "EXTINCT": 6.511745329644728, "TOWER": 6.511745329644728, "MSI": 6.511745329644728, "Textiles": 6.511745329644728, "Immersive": 6.511745329644728, "Exhibit": 6.511745329644728, "Influential": 6.511745329644728, "creativity": 6.511745329644728, "of": 6.32143875682139, "out": 6.266041607669262, "lived": 6.224063257192947, "fields": 6.224063257192947, "Animate": 6.224063257192947, "Abstract": 6.224063257192947, "pattern": 6.224063257192947, "The": 6.219977513018135, "not": 6.155516250319163, "Mona": 6.000919705878737, "Absolutely": 6.000919705878737, "empty": 6.000919705878737, "Barcelona": 6.000919705878737, "Ratio": 6.000919705878737, "Paintings": 6.000919705878737, "younger": 6.000919705878737, "engineering": 6.000919705878737, "Venice": 5.8185981490847825, "Icon": 5.8185981490847825, "Ross": 5.8185981490847825, "master": 5.8185981490847825, "Painter": 5.8185981490847825, "Andy": 5.8185981490847825, ":": 5.781303889726359, "Engineers": 5.664447469257524, "Portrait": 5.664447469257524, "iPad": 5.664447469257524, "how": 5.629134145432193, "idea": 5.530916076633002, "final": 5.530916076633002, "shot": 5.530916076633002, "Edit": 5.530916076633002, "the": 5.392292678662234, "Designing": 5.307772525318792, "Jay": 5.307772525318792, "Motorcycle": 5.307772525318792, "Lisa": 5.212462345514467, "walk": 5.212462345514467, "paint": 5.212462345514467, "also": 5.212462345514467, "Fortnite": 5.212462345514467, "Carnival": 5.125450968524837, "room": 5.045408260851301, "Invented": 5.045408260851301, "this": 4.972787277819157, "Marvel": 4.971300288697579, "Italian": 4.971300288697579, "Spain": 4.971300288697579, "African": 4.971300288697579, "EPIC": 4.971300288697579, "amazing": 4.902307417210627, "Birth": 4.902307417210627, "Brief": 4.902307417210627, "Creator": 4.837768896073056, "Former": 4.837768896073056, "Happening": 4.837768896073056, "design": 4.837768896073056, "History": 4.823721174094024, "Pencil": 4.777144274256622, "Wilson": 4.7199858604166725, "Creativity": 4.7199858604166725, "Storm": 4.665918639146397, "Discover": 4.614625344758847, "Scenes": 4.614625344758847, "Artist": 4.614625344758847, "Homemade": 4.614625344758847, "Who": 4.584475248937242, "Florida": 4.519315164954522, "still": 4.474863402383688, "Custom": 4.474863402383688, "Museum": 4.432303787964892, "France": 4.391481793444637, "Ride": 4.391481793444637, "Joy": 4.391481793444637, "had": 4.352261080291355, "m": 4.352261080291355, "Crash": 4.209160236650682, "Masks": 4.176370413827692, "Mask": 4.144621715513111, "only": 4.144621715513111, "Paint": 4.144621715513111, "Famous": 4.113850056846357, "Creating": 4.113850056846357, "Pop": 4.113850056846357, "Golden": 4.055009556823424, "To": 3.995508582440979, "Experience": 3.9727714585864518, "students": 3.946795972183191, "Travel": 3.8967855516085295, "Studio": 3.8967855516085295, "Dead": 3.8967855516085295, "Double": 3.8261679843945764, "How": 3.8093862897683572, "home": 3.760210016602779, "with": 3.753298691407081, "Egg": 3.7391566074049467, "Course": 3.6983346128846915, "Digital": 3.6983346128846915, "is": 3.6603508537424627, "Dr": 3.6591138997314103, "Apple": 3.6400657047607154, "did": 3.585005927577688, "Pro": 3.585005927577688, "Paper": 3.585005927577688, "Behind": 3.5499146077664183, "This": 3.545254342293795, "Coming": 3.5160130560907366, "Powerful": 3.467222891921305, ".": 3.423321904551195, "Going": 3.4056649989218712, "Living": 3.4056649989218712, "work": 3.390849913136731, "his": 3.3618623762634785, "but": 3.3618623762634785, "King": 3.3618623762634785, "?": 3.330268649838514, "NO": 3.240909765845816, "Why": 3.203088865740485, "OF": 3.1915170105162396, "Tour": 3.1915170105162396, "was": 3.179540819469524, "Dance": 3.1444494996582537, "Just": 3.133020803834631, "His": 3.088569041263797, "American": 3.088569041263797, "Inside": 3.0670628360428336, "Where": 2.956397268155314, "and": 2.932993317871972, "Using": 2.919009736083694, "Work": 2.8654254899495872, "Was": 2.8312341252013082, "Made": 2.8145670727160965, "Does": 2.806336573579581, "Making": 2.6615977279346694, "I": 2.608164662729644, "Man": 2.5669325013935906, "Me": 2.5477625852858705, "that": 2.5227612830804533, "At": 2.510491190488639, "THE": 2.5044121444122567, "Out": 2.480458903389764, "vs": 2.368610603253195, "Story": 2.3070527102537617, "Make": 2.084904679181054, "Kids": 2.0344085151665214, "in": 1.981503489936195, "an": 1.957868438044187, "at": 1.6597150657251107, "New": 1.6015444328702424, "\u2019": 1.5606241630808797, "Is": 1.5489006993848207, "(": 1.5162300985219186, ")": 1.4972925556642145, "For": 1.4966754384806062, "You": 1.3077386425679325, "to": 1.2383614623832562, "What": 1.2184405049202354, ",": 0.9911763398927486, "'s": 0.825900555675194, "for": 0.8124172053379071, "&": 0.8079628549885267, "a": 0.6711036722713294}