{"\u03be\u03b1\u03bd\u03b8\u03ae": 72.29124133132049, "\u0397": 66.052916706281, "\u039f\u03b9\u03ba\u03bf\u03b3\u03ad\u03bd\u03b5\u03b9\u03b1": 48.194160887547, "\u03a0\u03b1\u03c5\u03bb\u03ae": 48.194160887547, "Facate": 40.1618007396225, "Tous": 36.69606483682278, "\u0393\u03ba\u03b1\u03c1\u03ac\u03b6": 32.129440591698, "\u03bf\u03b9": 32.129440591698, "\u03c4\u03c1\u03ac\u03bc\u03c0\u03b5\u03c2": 32.129440591698, "\u0386\u03c0\u03bb\u03c5\u03c4\u03b1": 32.129440591698, "\u03a3\u03c4\u03b7": 32.129440591698, "\u03a7\u03cc\u03c1\u03b1": 32.129440591698, "S02": 32.114611177452005, "#": 29.508828102819713, "survivor": 24.0970804437735, "\u0394\u03b9\u03ac\u03c6\u03bf\u03c1\u03b1": 24.0970804437735, "\u03c3\u03ba\u03b5\u03c4\u03c3\u03ac\u03ba\u03b9\u03b1": 24.0970804437735, "\u03a4\u03b5\u03bb\u03b5\u03c5\u03c4\u03b1\u03af\u03bf": 16.064720295849, "\u0393\u03c1\u03b7\u03b3\u03bf\u03c1\u03af\u03b1": 16.064720295849, "\u03a3\u03c0\u03af\u03c1\u03c4\u03bf\u03c5": 16.064720295849, "E61": 16.064720295849, "meros": 16.064720295849, "\u03b5\u03bd": 8.0323601479245, "\u03b7": 8.0323601479245, "\u03c4\u03b6\u03ad\u03bd\u03b7": 8.0323601479245, "\u039574": 8.0323601479245, "\u03c4\u03c1\u03b1\u03b3\u03bf\u03cd\u03b4\u03b9": 8.0323601479245, "\u03a4\u03c3\u03ac\u03bd\u03b3\u03ba": 8.0323601479245, "E65": 8.0323601479245, "\u0395\u03c3\u03b9\u03ad\u03be\u03b9\u03be\u03b9": 8.0323601479245, "\u03bf\u03bb\u03ac\u03bd": 8.0323601479245, "\u03b5\u03c5\u03c1\u03ce": 8.0323601479245, "\u03c4\u03b7": 8.0323601479245, "\u03c6\u03bf\u03c1\u03ac": 8.0323601479245, "\u039573": 8.0323601479245, "\u039562": 8.0323601479245, "Siampanis": 8.0323601479245, "\u039572": 8.0323601479245, "27042017": 8.0323601479245, "\u0391\u03bd\u03cc\u03c1\u03b8\u03c9\u03c3\u03b9\u03c2": 8.0323601479245, "\u03c0\u03ac\u03bc\u03b5": 8.0323601479245, "\u03ba\u03b1\u03bb\u03ac": 8.0323601479245, "\u03a3\u03ba\u03bf\u03c4\u03ce\u03bd\u03bf\u03bd\u03c4\u03b1\u03c2": 8.0323601479245, "\u03c4\u03b1": 8.0323601479245, "\u03bc\u03b9\u03ba\u03c1\u03cc\u03b2\u03b9\u03b1": 8.0323601479245, "\u039571": 8.0323601479245, "\u03ce\u03c1\u03b5\u03c2": 8.0323601479245, "\u03bc\u03b5\u03c2": 8.0323601479245, "\u03bd\u03b5\u03c1\u03cc": 8.0323601479245, "\u039570": 8.0323601479245, "26042017": 8.0323601479245, "E64": 8.0323601479245, "kaliyi": 8.0323601479245, "apokriyi": 8.0323601479245, "\u039561": 8.0323601479245, "ola": 8.0323601479245, "sena": 8.0323601479245, "diafimisi": 8.0323601479245, "\u03ad\u03c3\u03b9\u03b5\u03b9": 8.0323601479245, "E63": 8.0323601479245, "tou": 8.0323601479245, "pauli": 8.0323601479245, "\u039560": 8.0323601479245, "\u039c\u03b5": 8.0323601479245, "\u03ba\u03ac\u03b8\u03b5": 8.0323601479245, "\u03b3\u03ad\u03bc\u03b9\u03c3\u03bc\u03b1": 8.0323601479245, "\u03ad\u03bd\u03b1": 8.0323601479245, "\u03c0\u03bb\u03cd\u03c3\u03b9\u03bc\u03bf": 8.0323601479245, "\u039569": 8.0323601479245, "\u03a3\u03af\u03b4\u03b5\u03c1\u03bf": 8.0323601479245, "\u039568": 8.0323601479245, "20042017": 8.0323601479245, "yeudiwtis": 8.0323601479245, "\u0395\u03c0\u03ae\u03c1\u03b1\u03bc\u03b5": 8.0323601479245, "\u03c6\u03c9\u03b8\u03ba\u03b9\u03ac": 8.0323601479245, "\u039567": 8.0323601479245, "girisma": 8.0323601479245, "18042017": 8.0323601479245, "kouponi": 8.0323601479245, "\u03a7\u03b1\u03bb\u03bb\u03bf\u03cd\u03bc\u03b9\u03b1": 8.0323601479245, "\u03c3\u03c4\u03bf\u03bd": 8.0323601479245, "\u03bf\u03c1\u03c1\u03cc": 8.0323601479245, "\u039566": 8.0323601479245, "E62": 8.0323601479245, "epien": 8.0323601479245, "minoui": 8.0323601479245, "\u039559": 8.0323601479245, "saini": 8.0323601479245, "\u0395\u03c4\u03c3\u03b9\u03bb\u03bb\u03af\u03c3\u03b1\u03c4\u03bf\u03bd": 8.0323601479245, "\u03c0\u03bf\u03c5": 7.339212967364555, "\u03a4\u03bf": 7.339212967364555, "\u03c4\u03bf\u03c5": 7.339212967364555, "\u03c4\u03bf": 7.339212967364555, "\u03b1\u03bb\u03bb\u03ac": 7.339212967364555, "E6": 7.339212967364555, "E12": 7.339212967364555, "mesa": 7.339212967364555, "E11": 7.339212967364555, "E5": 7.339212967364555, "..": 6.906781094852778, "E7": 6.64606578680461, "gia": 5.63446487512613, "mama": 5.5474534981365, "Sorry": 4.736523281920172, ";": 4.394773988198114, "-": 3.1770577265174325, "50": 3.1495582253381293, "i": 3.0351478741603852, "8": 2.3940054785907545, "to": 1.8303092895203121, "1": 1.2366543727509862, "2": 0.9900739759847571, ",": 0.5951537810532077, "!": 0.40335625827154326}