{"sport": 107.41122316338787, "und": 93.15686568258252, "auto": 81.90801113272789, "motor": 81.90801113272789, "Formel": 41.770619203730256, "Fakten": 41.770619203730256, "Fahrbericht": 39.337828555081266, "Bloch": 30.61966819139328, "die": 30.513561272907943, "erkl\u00e4rt": 26.225219036720844, ":": 25.423673251630806, "zum": 25.079298591165312, "GP": 23.36230159292855, "Schmidt": 22.96475114354496, "Haupt-Sache": 22.96475114354496, "K\u00f6nigsklasse": 22.96475114354496, "|": 17.055849125036822, "Aserbaidschan": 15.30983409569664, "bald": 15.30983409569664, "WM": 15.30983409569664, "Spanien": 15.30983409569664, "I": 14.08810282366758, "echter": 13.923539734576751, "der": 12.567543435145783, "zur": 12.53724537345686, "gegen": 12.090958270828441, "noch": 11.418013797586015, "geht": 10.915384941024202, "zu": 10.5140435500999, "ein": 10.5140435500999, "ist": 10.34002079612064, "neue": 10.179935380773568, "7": 10.100637223395355, "Mercedes": 10.029714048435574, "?": 10.027449852645063, "Der": 9.893733693492221, "Facelift": 9.12774918898001, "f\u00fcr": 8.95372643500075, "Monaco": 8.87208244596024, "Feststoff-Akku": 7.65491704784832, "Wasserstoff": 7.65491704784832, "autonomes": 7.65491704784832, "bis": 7.65491704784832, "Elektrifizierung": 7.65491704784832, "letzte": 7.65491704784832, "Exklusiver": 7.65491704784832, "kaum": 7.65491704784832, "krasse": 7.65491704784832, "Prototypen": 7.65491704784832, "serienreif": 7.65491704784832, "Schumis": 7.65491704784832, "Millionengrab": 7.65491704784832, "K\u00e4ufer": 7.65491704784832, "schr\u00e4ge": 7.65491704784832, "ams": 7.65491704784832, "Ewig": 7.65491704784832, "trotzdem": 7.65491704784832, "frisch": 7.65491704784832, "teuersten": 7.65491704784832, "Uhlenhaut-Coup\u00e9": 7.65491704784832, "bezahlbarer": 7.65491704784832, "Vorfahrt/Fahrbericht": 7.65491704784832, "X254": 7.65491704784832, "teurer": 7.65491704784832, "Teurer": 7.65491704784832, "Sportler": 7.65491704784832, "Warten": 7.65491704784832, "gelohnt": 7.65491704784832, "Red-Bull-Party": 7.65491704784832, "Vergeigt": 7.65491704784832, "Neuzug\u00e4nge": 7.65491704784832, "Automarken": 7.65491704784832, "kommen": 7.65491704784832, "Aufgemotzter": 7.65491704784832, "Porsche-J\u00e4ger": 7.65491704784832, "Heimfluch": 7.65491704784832, "Wundert\u00fcte": 7.65491704784832, "Top-Kandidat": 7.65491704784832, "entscheidender": 7.65491704784832, "Schw\u00e4che": 7.65491704784832, "E-Auto": 7.65491704784832, "siegf\u00e4hig": 7.65491704784832, "drin": 7.65491704784832, "drauf": 7.65491704784832, "5.000": 7.65491704784832, "SUV-Superstar": 7.65491704784832, "warum": 7.65491704784832, "Upgrade-Fest": 7.65491704784832, "halbneuem": 7.65491704784832, "Digitaler": 7.65491704784832, "deutsche": 7.65491704784832, "E-Mobilit\u00e4t": 7.65491704784832, "2,7-Tonnen-Unget\u00fcm": 7.65491704784832, "M-Modell": 7.65491704784832, "Auto-Ikone": 7.65491704784832, "Menzel": 7.65491704784832, "Echtes": 7.65491704784832, "Autofahren": 7.65491704784832, "fr\u00fcher": 7.65491704784832, "Allrad-Sportler": 7.65491704784832, "endlich": 7.65491704784832, "Fiat": 7.369250268592397, "2030": 6.961769867288376, "R\u00fccken": 6.961769867288376, "braucht": 6.961769867288376, "Ohne": 6.961769867288376, "Fahrspa\u00df": 6.961769867288376, "Viel": 6.961769867288376, "Neuvorstellung": 6.961769867288376, "uns": 6.961769867288376, "Supertest": 6.961769867288376, "Dreikampf": 6.961769867288376, "Vettel": 6.961769867288376, "jede": 6.961769867288376, "Schule": 6.961769867288376, "wissen": 6.961769867288376, "musst": 6.961769867288376, "echtes": 6.961769867288376, "bessere": 6.961769867288376, "gut": 6.961769867288376, "2022": 6.827225034027563, "BMW": 6.706845007856127, "Renault": 6.648367415123979, "Fahren": 6.556304759180211, "wirklich": 6.556304759180211, "echte": 6.556304759180211, "Geld": 6.556304759180211, "zur\u00fcck": 6.556304759180211, "ersten": 6.556304759180211, "Markt": 6.556304759180211, "besser": 6.556304759180211, "184": 6.556304759180211, "Schnitzer": 6.556304759180211, "T-Klasse": 6.556304759180211, "Stern": 6.556304759180211, "3er": 6.556304759180211, "Alles": 6.556304759180211, "Elektro": 6.556304759180211, "hat": 6.26862268672843, "Zoe": 6.26862268672843, "Wird": 6.26862268672843, "Wer": 6.26862268672843, "Welt": 6.0454791354142206, "aber": 6.0454791354142206, "auch": 6.0454791354142206, "183": 6.0454791354142206, "Godzilla": 6.0454791354142206, "f\u00e4hrt": 6.0454791354142206, "410": 6.0454791354142206, "Ist": 6.0454791354142206, "kommt": 5.863157578620266, "sind": 5.863157578620266, "185": 5.863157578620266, "Hat": 5.863157578620266, "er": 5.863157578620266, "XM": 5.863157578620266, "Exige": 5.863157578620266, "sich": 5.709006898793008, "Leclerc": 5.709006898793008, "wieder": 5.709006898793008, "beste": 5.709006898793008, "186": 5.575475506168485, "Deutschland": 5.575475506168485, "extra": 5.575475506168485, "goodbye": 5.575475506168485, "\u2013": 5.484524324224537, "oder": 5.457692470512101, "Barcelona": 5.352331954854275, "DU": 5.352331954854275, "Software": 5.25702177504995, "500": 5.235928890869383, "Autos": 5.17001039806032, "dem": 5.17001039806032, "wie": 5.17001039806032, "ID.5": 5.17001039806032, "say": 5.089967690386784, "Auto": 5.085858518983555, "als": 4.9468668467461105, "-": 4.9407114118402164, "CUPRA": 4.764545289952156, "S8": 4.764545289952156, "GTX": 4.764545289952156, "Ferrari": 4.733300034307571, "Hamilton": 4.65918477429433, "den": 4.65918477429433, "#": 4.644652831986537, "das": 4.5194228319191705, "SLR": 4.476863217500375, "Niro": 4.3968205098268385, "Bull": 4.359080181843992, "auf": 4.359080181843992, "GR86": 4.359080181843992, "mit": 4.2876212178618465, ",": 4.2325910561790545, "Euro": 4.220929843363174, "M240i": 4.220929843363174, "es": 4.1285565232321595, "AC": 4.07139810939221, "Lotus": 4.043999135204096, "Test": 4.026019953820414, "Audi": 4.018940300410166, "1": 3.9979067899226925, "Lap": 3.9413449811440127, "PHEV": 3.9413449811440127, "SO": 3.917247429564952, "M2": 3.848254558078001, "GLC": 3.8262756513592255, "!": 3.760722195512249, "Taycan": 3.6846251342961986, "RS3": 3.6846251342961986, "Seat": 3.4502244284573544, "ever": 3.4064218057989617, "so": 3.392237170807005, "vs.": 3.392237170807005, "GT-R": 3.3644576066999297, "Mercedes-AMG": 3.350851954644151, "ONE": 3.298208221158729, "time": 3.2481978005840673, "M": 3.224100249005007, "M4": 3.2122657913580044, "was": 3.200569751594813, "GTS": 3.177580233370114, "Was": 3.0905688563804845, "Fast": 3.0699495691777487, "Red": 2.9635691656191767, "Kia": 2.757077247897409, "300": 2.7422621621122687, "(": 2.4175522956445894, ")": 2.376477404390758, "VW": 2.3221982545829514, "Sport": 2.2522396659760413, "Porsche": 1.9884903597358885, "Nissan": 1.9578235613429162, "6": 1.892865665068144, "10": 1.8259714302381136, "Toyota": 1.6659556309584571, "in": 1.4863394951932922, "5": 1.3431822386954062, "to": 0.873859421912141, "&": 0.7900692698774602}