{"|Autodaily.vn|": 183.71800914835967, "nghi\u1ec7m": 81.4920949274696, "Tr\u1ea3i": 72.54574962497065, "chi": 58.63157578620266, "ti\u1ebft": 52.76841820758239, "xe": 36.19007278642224, "v\u00e0": 31.02006238836192, "H\u00e0nh": 27.847079469153503, "ph\u00e1": 27.847079469153503, "l\u1ed1p": 27.847079469153503, "tr\u00ecnh": 25.07449074691372, "Yokohama": 22.83602759517203, "h\u00e0ng": 22.30190202467394, "l\u00e0": 21.830769882048404, "``": 21.495528208533216, "v\u00e0ng": 20.885309601865128, "\u0110\u0103ng": 20.885309601865128, "ch\u1ea5t": 20.885309601865128, "ph\u00e2n": 19.668914277540633, "kh\u00fac": 19.668914277540633, "bi\u1ec7t": 19.668914277540633, "H\u1ed3ng": 19.668914277540633, "ch\u1ecdn": 19.668914277540633, "''": 19.667435349392534, "v\u1eeba": 18.136437406242663, "gi\u00e1": 18.136437406242663, "tri\u1ec7u": 18.136437406242663, "\u0111i\u1ec1u": 18.136437406242663, "c\u1ef1c": 18.136437406242663, "th\u1ebf": 17.589472735860795, "Xe": 16.056995864562825, "nh\u1ea5t": 16.056995864562825, "cho": 16.056995864562825, "vua": 15.30983409569664, "n\u1ed1i": 15.30983409569664, "b\u01b0\u1edbc": 15.30983409569664, "h\u1ea1ng": 15.30983409569664, "n\u00e2ng": 13.923539734576751, "c\u1ea5p": 13.923539734576751, "d\u00f9ng": 13.923539734576751, "th\u1eed": 13.112609518360422, "\u0111\u1eb9p": 13.112609518360422, "\u0111\u1ea7y": 13.112609518360422, "\u00f4": 13.112609518360422, "t\u1ea3i": 13.112609518360422, "Fadil": 13.112609518360422, "th\u1ec3": 13.112609518360422, "Ch\u1ea1y": 12.53724537345686, "k\u1ebft": 12.53724537345686, "t\u00f4": 12.090958270828441, "qua": 12.090958270828441, "\u0111i\u1ec3m": 12.090958270828441, "b\u1ed9": 12.090958270828441, "VinFast": 12.090958270828441, "t\u1ef7": 12.090958270828441, "b\u00e1n": 11.726315157240531, "l\u1ea1i": 11.726315157240531, "si\u00eau": 11.726315157240531, "m\u1eaft": 11.418013797586015, "n\u00e0y": 11.418013797586015, "c\u00e1ch": 11.418013797586015, "mua": 11.418013797586015, "ra": 11.15095101233697, "hay": 11.15095101233697, "h\u01a1n": 11.15095101233697, "\u0111\u1ed9": 10.915384941024202, "c\u1ee7a": 10.5140435500999, "Blade": 10.34002079612064, "Honda": 9.189029439425582, "160": 8.95372643500075, "Lexus": 8.479809931638059, "2023": 7.853893336304075, "HR-V": 7.7874338643095165, "|Autodaily|": 7.65491704784832, "Viettel": 7.65491704784832, "ph\u00e1p": 7.65491704784832, "ph\u1ee5": 7.65491704784832, "t\u00f9ng": 7.65491704784832, "nh\u00e1i": 7.65491704784832, "v\u00e0i": 7.65491704784832, "s\u1ebb": 7.65491704784832, "nh\u01b0\u1ee3c": 7.65491704784832, "g\u1ee3i": 7.65491704784832, "ti\u1ec7n": 7.65491704784832, "t\u1ee5c": 7.65491704784832, "G\u00e0": 7.65491704784832, "\u0111\u1ebb": 7.65491704784832, "tr\u1ee9ng": 7.65491704784832, "\u0111\u1eb7c": 7.65491704784832, "Nh\u01b0": 7.65491704784832, "xo\u0103n": 7.65491704784832, "phim": 7.65491704784832, "Photosync": 7.65491704784832, "IRD": 7.65491704784832, "n\u00f3c": 7.65491704784832, "s\u00f2": 7.65491704784832, "nguy\u1ec7n": 7.65491704784832, "ch\u00ed": 7.65491704784832, "C\u1ea7u": 7.65491704784832, "\u0111am": 7.65491704784832, "kh\u1eafp": 7.65491704784832, "m\u1ecdi": 7.65491704784832, "Chinh": 7.65491704784832, "T\u1ee9": 7.65491704784832, "2.0Q": 7.65491704784832, "\u0110\u1ed1n": 7.65491704784832, "C\u00e1c": 7.65491704784832, "chu\u1ea9n": 7.65491704784832, "VMRC": 7.65491704784832, "Ch\u1eb7ng": 7.65491704784832, "Ho\u00e0nh": 7.65491704784832, "tr\u00e1ng": 7.65491704784832, "th\u1ecfa": 7.65491704784832, "d\u1ecb": 7.65491704784832, "|Autodaily": 7.65491704784832, "Kinh": 7.65491704784832, "ngon": 7.65491704784832, "ch\u0103m": 7.65491704784832, "mi\u1ec5n": 7.65491704784832, "2,6": 7.65491704784832, "S400": 7.65491704784832, "h\u1ea5p": 7.65491704784832, "SUV": 7.303683668309987, "B-SUV": 6.961769867288376, "n\u00f3ng": 6.961769867288376, "\u0110\u1ea7y": 6.961769867288376, "th\u1ef1c": 6.961769867288376, "t\u1ebf": 6.961769867288376, "vCar": 6.961769867288376, "Gi\u1ea3i": 6.961769867288376, "minh": 6.961769867288376, "gi\u1ea3": 6.961769867288376, "c\u01a1": 6.961769867288376, "chia": 6.961769867288376, "\u00fd": 6.961769867288376, "\u00edch": 6.961769867288376, "L\u1ed8T": 6.961769867288376, "X\u00c1C": 6.961769867288376, "ti\u1ebfp": 6.961769867288376, "T\u1ea5t": 6.961769867288376, "t\u1ea7n": 6.961769867288376, "\u0110\u1ee9c": 6.961769867288376, "tin": 6.961769867288376, "nhi\u1ec7t": 6.961769867288376, "M\u1ef9": 6.961769867288376, "Ti\u1ebft": 6.961769867288376, "sang": 6.961769867288376, "X\u1ecbn": 6.961769867288376, "ti\u00eau": 6.961769867288376, "mi\u1ec1n": 6.961769867288376, "NX350h": 6.961769867288376, "v\u1ecb": 6.961769867288376, "V\u1eabn": 6.961769867288376, "ph\u1ee5c": 6.961769867288376, "\u0111\u1ea1i": 6.961769867288376, "\u0111\u00e8o": 6.961769867288376, "tim": 6.961769867288376, "kh\u00e1ch": 6.961769867288376, "chuy\u00ean": 6.961769867288376, "mong": 6.961769867288376, "\u0111\u1ee3i": 6.961769867288376, "danh": 6.961769867288376, "c\u0169": 6.961769867288376, "s\u00f3c": 6.961769867288376, "ph\u00ed": 6.961769867288376, "579": 6.961769867288376, "ngh\u1ec7": 6.556304759180211, "Ph\u00e2n": 6.556304759180211, "ch\u00ednh": 6.556304759180211, "h\u00e3ng": 6.556304759180211, "\u01b0u": 6.556304759180211, "\u0111\u00f4i": 6.556304759180211, "t\u1eadt": 6.556304759180211, "ch\u00e1y": 6.556304759180211, "Kh\u1ee7ng": 6.556304759180211, "t\u1eb7ng": 6.556304759180211, "x2": 6.556304759180211, "\u0111\u1eddi": 6.556304759180211, "ph\u00f9": 6.556304759180211, "m\u00ea": 6.556304759180211, "R\u1ea5t": 6.556304759180211, "th\u00fa": 6.556304759180211, "\u0111\u1ec9nh": 6.556304759180211, "t\u1ea5n": 6.556304759180211, "nghi\u1ec7p": 6.556304759180211, "l\u00f2ng": 6.556304759180211, "m\u00e0u": 6.556304759180211, "\u0111\u00fang": 6.556304759180211, "C\u1ea7m": 6.556304759180211, "ch\u1ee5c": 6.556304759180211, "d\u1eabn": 6.556304759180211, "c\u00f4ng": 6.26862268672843, "th\u00f4ng": 6.26862268672843, "b\u1ea3n": 6.26862268672843, "Ng\u01b0\u1eddi": 6.26862268672843, "th\u00ec": 6.26862268672843, "V\u00ec": 6.26862268672843, "\u0111\u00e8n": 6.26862268672843, "l\u1ed9": 6.26862268672843, "d\u00f2ng": 6.26862268672843, "nhanh": 6.26862268672843, "ch\u01b0a": 6.26862268672843, "nh\u1eadp": 6.26862268672843, "Th\u00e1i": 6.26862268672843, "sao": 6.0454791354142206, "l\u00fd": 6.0454791354142206, "b\u1ea5t": 6.0454791354142206, "ng\u1edd": 6.0454791354142206, "h\u1ee3p": 6.0454791354142206, "\u0111\u1ed3ng": 6.0454791354142206, "tr\u1ebb": 6.0454791354142206, "b\u1ecb": 6.0454791354142206, "Nh\u1eefng": 6.0454791354142206, "bi\u1ebft": 6.0454791354142206, "d\u00e0n": 6.0454791354142206, "Mercedes": 6.017828429061344, "-": 5.92885369420826, "t\u1eeb": 5.863157578620266, "v\u1eabn": 5.863157578620266, "nh\u1eefng": 5.863157578620266, "v\u1ec1": 5.863157578620266, "nh\u00e0": 5.863157578620266, "P3": 5.863157578620266, "nhi\u1ec1u": 5.863157578620266, "bom": 5.863157578620266, "b\u1ecf": 5.863157578620266, "n\u00e0o": 5.863157578620266, "2022": 5.851907172023625, "826": 5.709006898793008, "m\u00e1y": 5.709006898793008, "ch\u1ec9": 5.709006898793008, "crossover": 5.709006898793008, "ti\u1ec1n": 5.709006898793008, "c\u1ea3": 5.709006898793008, "cao": 5.709006898793008, "b\u1ea1n": 5.709006898793008, "l\u00e1i": 5.709006898793008, "MG5": 5.709006898793008, "P2": 5.575475506168485, "tr\u00ean": 5.352331954854275, "kh\u00f4ng": 5.352331954854275, "\u0111\u01b0\u1ee3c": 5.352331954854275, "\u0111i": 5.25702177504995, ",": 5.173166846441067, "c\u00f3": 5.17001039806032, "Xpander": 5.089967690386784, "Carnival": 5.015859718233062, "bus": 5.015859718233062, "ES": 4.9468668467461105, "Yukon": 4.821703703792105, "57": 4.821703703792105, "Ferrari": 4.733300034307571, "Air": 4.713199362600568, "Denali": 4.65918477429433, "Biker": 4.65918477429433, "long": 4.476863217500375, "F8": 4.476863217500375, "P1": 4.322712537673117, ";": 4.099568986358907, "110": 4.0173308881219345, "RX": 3.9413449811440127,