{"Indonesia": 88.52451071159227, "di": 44.677096981487935, "baru": 42.318353947899546, "subtitle": 22.96475114354496, "listrik": 22.96475114354496, "pilih": 22.96475114354496, "jutaan": 22.96475114354496, "ini": 22.83602759517203, "2022": 21.456992964086627, "WULING": 20.885309601865128, "mana": 20.885309601865128, "murah": 20.885309601865128, "yang": 20.06343887293225, "CRETA": 17.589472735860795, "Daihatsu": 16.056995864562825, "dari": 15.771065325149852, "kelasnya": 15.30983409569664, "bikin": 15.30983409569664, "orang": 15.30983409569664, "bertenaga": 15.30983409569664, "English": 15.269903071160352, "Jakarta": 15.269903071160352, "BARU": 15.047579154699186, "HYUNDAI": 14.465111111376315, "Mobil": 13.97755432288299, "Fazzio": 13.923539734576751, "lebih": 13.923539734576751, "buat": 13.112609518360422, "ada": 13.112609518360422, "Xenia": 13.112609518360422, "pakai": 13.112609518360422, "naik": 13.112609518360422, "Honda": 12.864641215195814, "lagi": 12.53724537345686, "cuma": 12.53724537345686, "Bukan": 12.53724537345686, "bisa": 12.53724537345686, "YAMAHA": 12.475228459145521, "Cocok": 12.090958270828441, "IIMS": 11.726315157240531, "HR-V": 11.681150796464275, "Lebih": 10.915384941024202, "250": 10.441589333858051, "MOBIL": 10.34002079612064, "HONDA": 10.134752786496795, "ke": 9.64340740758421, "!": 9.610734499642414, "Chery": 9.12774918898001, "Suzuki": 8.455905422690527, "Motor": 8.248926808229674, ":": 7.822668692809478, "rakitan": 7.65491704784832, "ramah": 7.65491704784832, "lingkungan": 7.65491704784832, "Euro-4": 7.65491704784832, "SIRION": 7.65491704784832, "TAFT": 7.65491704784832, "tiba": 7.65491704784832, "e-Hybrid": 7.65491704784832, "ngirit": 7.65491704784832, "CORTEZ": 7.65491704784832, "dibawah": 7.65491704784832, "1.300cc": 7.65491704784832, "laris": 7.65491704784832, "manis": 7.65491704784832, "sekarang": 7.65491704784832, "Sensing\u2122": 7.65491704784832, "terjangkau": 7.65491704784832, "berasa": 7.65491704784832, "Eropa": 7.65491704784832, "sejauh": 7.65491704784832, "gahar": 7.65491704784832, "ngawal": 7.65491704784832, "langsung": 7.65491704784832, "evaluasi": 7.65491704784832, "masa": 7.65491704784832, "kini": 7.65491704784832, "Lupakan": 7.65491704784832, "ngomong": 7.65491704784832, "Ryker": 7.65491704784832, "dapat": 7.65491704784832, "minus": 7.65491704784832, "dibongkar": 7.65491704784832, "beli": 7.65491704784832, "dibuat": 7.65491704784832, "Jalan-jalan": 7.65491704784832, "belum": 7.65491704784832, "juga": 7.65491704784832, "balik": 7.65491704784832, "sunmori": 7.65491704784832, "Kesukaan": 7.65491704784832, "irit": 7.65491704784832, "SELTOS": 7.65491704784832, "usaha": 7.65491704784832, "Formo": 7.65491704784832, "debat": 7.65491704784832, "AutonetMagz": 7.65491704784832, "KIA": 7.407346658533786, "PORSCHE": 7.331866002568092, "125": 7.154759207885203, "All": 7.13040716585341, "AXOR": 6.961769867288376, "Persiapan": 6.961769867288376, "tim": 6.961769867288376, "termurah": 6.961769867288376, "sudah": 6.961769867288376, "N-BOX": 6.961769867288376, "Fitur": 6.961769867288376, "canggih": 6.961769867288376, "Scoopy": 6.961769867288376, "paling": 6.961769867288376, "ROMA": 6.961769867288376, "Nonton": 6.961769867288376, "masih": 6.961769867288376, "depan": 6.961769867288376, "Svartpilen": 6.961769867288376, "keren": 6.961769867288376, "TERCANGGIH": 6.961769867288376, "dulu": 6.961769867288376, "CARENS": 6.961769867288376, "Tonton": 6.961769867288376, "sebelum": 6.961769867288376, "Hybrid-Connected": 6.961769867288376, "balap": 6.961769867288376, "trackday": 6.961769867288376, "[": 6.9377483876505295, "]": 6.923428551392555, "Manual": 6.870818685344428, "Sport": 6.7567189979281235, "TOYOTA": 6.648367415123979, ",": 6.584030531834085, "ERTIGA": 6.556304759180211, "Right-hand": 6.556304759180211, "masuk": 6.556304759180211, "N-ONE": 6.556304759180211, "Bos": 6.556304759180211, "bedanya": 6.556304759180211, "banyak": 6.556304759180211, "\u2714\ufe0f": 6.556304759180211, "INNOVA": 6.556304759180211, "Berasa": 6.556304759180211, "ENFIELD": 6.556304759180211, "VOXY": 6.556304759180211, "saja": 6.556304759180211, "XMAX": 6.556304759180211, "tapi": 6.556304759180211, "Yok": 6.556304759180211, "Fitra": 6.556304759180211, "Eri": 6.556304759180211, "Ternyata": 6.26862268672843, "LAMA": 6.26862268672843, "Spek": 6.26862268672843, "\u274c": 6.26862268672843, "jadi": 6.26862268672843, "apa": 6.26862268672843, "FAZZIO": 6.26862268672843, "218i": 6.26862268672843, "VELOZ": 6.26862268672843, "XPANDER": 6.26862268672843, "Diesel": 6.1398991383554975, "ROLLS-ROYCE": 6.0454791354142206, "Makin": 6.0454791354142206, "NMAX": 6.0454791354142206, "HUSQVARNA": 6.0454791354142206, "\u203c\ufe0f": 6.0454791354142206, "Bawa": 6.0454791354142206, "BR-V": 6.0454791354142206, "Wuling": 6.0454791354142206, "Veloz": 6.0454791354142206, "Yamaha": 5.964176426772829, "Truk": 5.863157578620266, "FORESTER": 5.863157578620266, "Masih": 5.863157578620266, "MACAN": 5.863157578620266, "untuk": 5.863157578620266, "Pertama": 5.709006898793008, "Mandalika": 5.709006898793008, "TIGGO": 5.709006898793008, "R15M": 5.709006898793008, "Mercedes-Benz": 5.669270964486567, "CB": 5.575475506168485, "ROYAL": 5.575475506168485, "CHERY": 5.575475506168485, "Batman": 5.575475506168485, "ROADTRIP": 5.575475506168485, "Om": 5.575475506168485, "Mobi": 5.575475506168485, "SANTA": 5.457692470512101, "FE": 5.457692470512101, "dia": 5.457692470512101, "Neo": 5.457692470512101, "Siap": 5.457692470512101, "Avanza": 5.457692470512101, "EV": 5.412314314940304, "Bali": 5.352331954854275, "Can-Am": 5.25702177504995, "facelift": 5.25702177504995, "Ertiga": 5.25702177504995, "Vespa": 5.17001039806032, "vs": 5.144237385383667, "Badge": 5.089967690386784, "Captain": 5.089967690386784, "CRUISER": 5.089967690386784, "Xpander": 5.089967690386784, "FORMULA": 5.015859718233062, "Solo": 4.9468668467461105, "BRONCO": 4.8823283256085395, "CITY": 4.8823283256085395, "daily": 4.8823283256085395, "Tiggo": 4.764545289952156, "Cafe": 4.71047806868188, "New": 4.687238785564487, "MotoGP": 4.65918477429433, "CX-5": 4.563874594490005, "IONIQ": 4.563874594490005, "R": 4.550039388615723, "HYBRID": 4.5194228319191705, "SUZUKI": 4.5194228319191705, "Active": 4.43604122298012, "dan": 4.322712537673117, "LAND": 4.322712537673117, "Ghost": 4.2876212178618465, "Panamera": 4.253719666186165, "SUBARU": 4.099568986358907, "feat": 4.07139810939221, "Coup\u00e9": 4.043999135204096, "7": 4.040254889358142, "BMW": 4.024107004713676, "Cayenne": 4.0173308881219345, "LX": 4.0173308881219345, "Gran": 3.9660375937343844, "X3": 3.9413449811440127, "RR": 3.8937169321547582, "FERRARI": 3.8707274139300596, "MG": 3.8707274139300596, "GLC": 3.8262756513592255, "?": 3.7602936947418986, "motor": 3.723091415123995, "MINI": 3.703673329266893, "why": 3.6846251342961986, "America": 3.64758386261585, "Week": 3.5773796039426013, "350": 3.4502244284573544, "PRO": 3.435409342672214, "PART": 3.3782509288322653, "Toyota": 3.3319112619169142, "60": 3.3241837075619896, "Wagon": 3.311111625994637, "Bronco": 3.298208221158729, "Night": 3.2481978005840673, "M": 3.224100249005007, "Plus": 3.189008929193737, "200": 3.059797197713731, "1000": 3.0497468618602293, "City": 2.850896003115064, "4": 2.7983340121899074, "E": 2.764567919626567, "Mazda": 2.764567919626567, "Hybrid": 2.7422621621122687, "Classic": 2.727663362691116, "5": 2.6863644773908124, "20": 2.664484461069584, "Black": 2.6050610405987835, "Pro": 2.6050610405987835, "Custom": 2.5735126828638575, "Edition": 2.54897157394774, "Auto": 2.5429292594917774, "Hyundai": 2.456420016582495, "Electric": 2.423808430993734, "RS": 2.392226858943435, "&": 2.3702078096323804, "Ferrari": 2.3666500171537854, "|": 2.1319811406296028, "S": 2.0827630156705563, "8": 2.0714207390666215, "Drive": 2.013009976910207, "Nissan": 1.9578235613429162, "GT": 1.9119138600388383, "Ford": 1.5749838527527305, "2021": 1.3763956236824761, "1": 0.9994766974806731, "-": 0.9881422823680434, ".": 0.8727249918415292,