{"nie": 34.62806792722277, "w": 26.616247337880722, "\u2013": 21.93809729689815, "terenie": 20.885309601865128, "si\u0119": 16.056995864562825, "z": 14.465111111376315, "mo\u017ce": 13.923539734576751, "mask\u0105": 13.923539734576751, "tak": 12.090958270828441, "jest": 11.726315157240531, "Suzuki": 11.27454056358737, "pod": 11.15095101233697, "i": 10.94275158784755, "jak": 10.70466390970855, "-": 10.375493964864456, "Vitara": 10.031719436466124, "Hybrid": 8.226786486336806, "puchowa": 7.65491704784832, "kurtka": 7.65491704784832, "Afryce": 7.65491704784832, "wjecha\u0142": 7.65491704784832, "wjechali": 7.65491704784832, "inni": 7.65491704784832, "zwyci\u0119zc\u00f3w": 7.65491704784832, "transmisja": 7.65491704784832, "mamy": 7.65491704784832, "pomost": 7.65491704784832, "kr\u00f3l": 7.65491704784832, "hatchy": 7.65491704784832, "odzobaczysz": 7.65491704784832, "Psia": 7.65491704784832, "kostka": 7.65491704784832, "testuj\u0119": 7.65491704784832, "widmo": 7.65491704784832, "Hybrydowa": 7.65491704784832, "dzia\u0142a\u0107": 7.65491704784832, "oczami": 7.65491704784832, "tubylca": 7.65491704784832, "okr\u0105\u017cenia": 7.65491704784832, "zapomn\u0119": 7.65491704784832, "ko\u0144ca": 7.65491704784832, "Ssang": 7.65491704784832, "Yong": 7.65491704784832, "Musso": 7.65491704784832, "najwa\u017cniejsze": 7.65491704784832, "parametry": 7.65491704784832, "pomiary": 7.65491704784832, "polskim": 7.65491704784832, "akcentem": 7.65491704784832, "Stron": 7.65491704784832, "wielu": 7.65491704784832, "rozumiem": 7.65491704784832, "Poza": 7.65491704784832, "jedn\u0105": 7.65491704784832, "chcesz": 7.65491704784832, "miejski": 7.65491704784832, "samochodzik": 7.65491704784832, "Sp\u00f3\u017ani\u0142e\u015b": 7.65491704784832, "45S": 7.65491704784832, "dzia\u0142a": 7.65491704784832, "trybem": 7.65491704784832, "\u017belazna": 7.65491704784832, "pi\u0119\u015b\u0107": 7.65491704784832, "jedwabnej": 7.65491704784832, "r\u0119kawicy": 7.65491704784832, "poprzedni": 7.65491704784832, "nudzi\u0142": 7.65491704784832, "spodoba": 7.65491704784832, "nic": 7.65491704784832, "tracimy": 7.65491704784832, "ogranicznika": 7.65491704784832, "rad\u0119": 7.65491704784832, "kto": 7.65491704784832, "agresywne": 7.65491704784832, "crossovery": 7.65491704784832, "warta": 7.65491704784832, "instalacja": 7.65491704784832, "k\u0142uje": 7.65491704784832, "oczy": 7.65491704784832, "spe\u0142nia": 7.65491704784832, "obuwie": 7.65491704784832, "uczy\u0142": 7.65491704784832, "lepsze": 7.65491704784832, "Dacii": 7.65491704784832, "hybrydy": 7.65491704784832, "osobi\u015bcie": 7.65491704784832, "jestem": 7.65491704784832, "Korando": 7.65491704784832, "E-Motion": 7.65491704784832, "pierwszy": 7.65491704784832, "mnie": 7.65491704784832, "przekonuje": 7.65491704784832, "chcia\u0142em": 7.65491704784832, "wysiada\u0107": 7.65491704784832, "wymy\u015blanie": 7.65491704784832, "nowo": 7.65491704784832, "Ka\u017cdy": 7.65491704784832, "mistrzem": 7.65491704784832, "ecodrivingu": 7.65491704784832, "na": 6.992067928977297, "tam": 6.961769867288376, "Samoch\u00f3d": 6.961769867288376, "WP": 6.961769867288376, "zobacz": 6.961769867288376, "silnikowy": 6.961769867288376, "tego": 6.961769867288376, "Tego": 6.961769867288376, "\u017cycia": 6.961769867288376, "rzeczy": 6.961769867288376, "driftu": 6.961769867288376, "Ci\u0119": 6.961769867288376, "Ponad": 6.961769867288376, "litry": 6.961769867288376, "Tym": 6.961769867288376, "robi": 6.961769867288376, "elektryczna": 6.961769867288376, "marzenia": 6.961769867288376, "lat": 6.961769867288376, "SsangYong": 6.961769867288376, "wygl\u0105da": 6.961769867288376, "Skywell": 6.961769867288376, "ET5": 6.961769867288376, "niego": 6.961769867288376, "ko\u0142a": 6.961769867288376, "PIERWSZA": 6.961769867288376, "JAZDA": 6.961769867288376, "Mercedes-AMG": 6.701703909288302, "gdzie": 6.556304759180211, "Roku": 6.556304759180211, "razem": 6.556304759180211, "bez": 6.556304759180211, "daje": 6.556304759180211, "ale": 6.556304759180211, "elektryk": 6.556304759180211, "ju\u017c": 6.26862268672843, "czy": 6.26862268672843, "Ci": 6.26862268672843, "Nie": 6.26862268672843, "by\u0107": 6.26862268672843, "przez": 6.0454791354142206, "Dlaczego": 6.0454791354142206, "nowy": 5.863157578620266, "Nowe": 5.863157578620266, "ich": 5.863157578620266, "4MATIC+": 5.709006898793008, "\u0160koda": 5.709006898793008, "Karoq": 5.709006898793008, "cross": 5.709006898793008, "?": 5.640440542112848, "CX-60": 5.575475506168485, "Ignis": 5.575475506168485, "od": 5.575475506168485, "Ten": 5.457692470512101, "Aygo": 5.457692470512101, "Nordschleife": 5.352331954854275, "Taigo": 5.25702177504995, "EQB": 5.25702177504995, "CLA": 5.17001039806032, "Octavia": 5.17001039806032, "Volkswagen": 5.061906136890124, "SW": 4.9468668467461105, "ile": 4.9468668467461105, "Juke": 4.8823283256085395, "ma": 4.821703703792105, "DS": 4.821703703792105, "hot": 4.764545289952156, "Qashqai": 4.764545289952156, "Jimny": 4.65918477429433, "[": 4.625165591767019, "]": 4.615619034261703, "Tourer": 4.610394610124898, "Kona": 4.5194228319191705, "Duster": 4.476863217500375, "CR-V": 4.476863217500375, "Active": 4.43604122298012, "Polo": 4.220929843363174, "M240i": 4.220929843363174, "G63": 4.15840948638184, "308": 4.07139810939221, "BMW": 4.024107004713676, "X1": 3.9660375937343844, "Nissan": 3.9156471226858325, "Focus": 3.8707274139300596, "RAV4": 3.848254558078001, "auto": 3.723091415123995, "RS3": 3.6846251342961986, "Skoda": 3.6118657800137703, ".": 3.4908999673661167, "Peugeot": 3.3644576066999297, "N": 3.3241837075619896, "14": 3.311111625994637, "no": 3.13312847079928, "!": 2.9250061520650825, "Mazda": 2.764567919626567, "Grand": 2.7496422694098914, "X": 2.54897157394774, "do": 2.525018332925247, "Hyundai": 2.456420016582495, "Audi": 2.009470150205083, "Mercedes": 2.005942809687115, "Honda": 1.8378058878851162, "to": 1.747718843824282, "vs": 1.714745795127889, "Toyota": 1.6659556309584571, "``": 1.6535021698871706, "Ford": 1.5749838527527305, "...": 1.545669465083955, "''": 1.5128796422609643, ",": 1.410863685393018, "4": 1.3991670060949537, "3": 1.1167772240806506, ":": 0.9778335866011848, "2022": 0.9753178620039376, "2": 0.80479088170282}