{"Ayda": 191.32132178333222, "Akustik": 24.154978670525857, "Sermet": 24.154978670525857, "Senkron": 24.154978670525857, "AYDA": 24.154978670525857, "Pulla": 24.154978670525857, "Cover": 21.51450862912422, "]": 21.19414369393943, "[": 21.16765361222366, "Alla": 19.996095587166188, "Beni": 18.779700262841693, "Ard\u0131nda": 16.103319113683906, "G\u00f6lge": 16.103319113683906, "A\u011fartan": 16.103319113683906, "Da\u011flar": 16.103319113683906, "K\u00f6m\u00fcrdendir": 16.103319113683906, "Durak": 16.103319113683906, "-": 14.672361118408842, "(": 13.15562533468395, ")": 13.13104020558936, "Bu": 11.944436030324235, "2019": 11.856252886438279, "Video": 11.844599817187031, "Official": 11.33917187256108, "feat": 9.742915536326091, "2020": 8.171350164157118, "Bo\u011faz'da": 8.051659556841953, "Yang\u0131n": 8.051659556841953, "Versiyon": 8.051659556841953, "A\u00e7\u0131lmam\u0131\u015f": 8.051659556841953, "hediyeler": 8.051659556841953, "gidilmemi\u015f": 8.051659556841953, "yerler": 8.051659556841953, "Istanbul'da": 8.051659556841953, "Canl\u0131": 8.051659556841953, "Performans": 8.051659556841953, "Njoy": 8.051659556841953, "Kendim": 8.051659556841953, "Ne\u015fet": 8.051659556841953, "Erta\u015f": 8.051659556841953, "T\u00fcrk\u00fcs\u00fc": 8.051659556841953, "KONSER\u0130": 8.051659556841953, "Konser": 8.051659556841953, "Performans\u0131": 8.051659556841953, "\u0130syan": 8.051659556841953, "Felaket": 8.051659556841953, "manototv": 8.051659556841953, "Bar\u0131\u015f": 8.051659556841953, "Man\u00e7o": 8.051659556841953, "Uzun": 8.051659556841953, "Ince": 8.051659556841953, "Londrada": 8.051659556841953, "Shabe": 8.051659556841953, "Jome": 8.051659556841953, "Agartan": 8.051659556841953, "SENKRON": 8.051659556841953, "Vefas\u0131z": 8.051659556841953, "Mahsun": 8.051659556841953, "K\u0131rm\u0131z\u0131g\u00fcl": 8.051659556841953, "VAZGE\u00c7MEM": 8.051659556841953, "TARIQ": 8.051659556841953, "NAHL": 8.051659556841953, "Tanri": 8.051659556841953, "Misafiri": 8.051659556841953, "ARABIC": 8.051659556841953, "Y\u00fcr\u00fc": 8.051659556841953, "Anca": 8.051659556841953, "Gidersin": 8.051659556841953, "Tilbe": 8.051659556841953, "sermet": 8.051659556841953, "agartan": 8.051659556841953, "KAR": 8.051659556841953, "BEYAZ": 8.051659556841953, "Kerim": 8.051659556841953, "Tekin": 8.051659556841953, "G\u00f6nl\u00fcm\u00fcn": 8.051659556841953, "Efendisi": 8.051659556841953, "Ebru": 8.051659556841953, "G\u00fcnde\u015f": 8.051659556841953, "Sevdali": 8.051659556841953, "Belali": 8.051659556841953, "Cheshme": 8.051659556841953, "NOROOZSPECIAL": 8.051659556841953, "Darioush": 8.051659556841953, "YoutubeSpaceLondon": 8.051659556841953, "Vazgectim": 8.051659556841953, "Son": 7.9824330925910685, "Club": 7.693933874901975, "d\u00fcnya": 7.358512376282008, "\u2764\ufe0f\u200d\ud83d\udd25": 7.358512376282008, "Buldum": 7.358512376282008, "CANLI": 7.358512376282008, "Yolday\u0131m": 7.358512376282008, "A\u015f\u0131k": 7.358512376282008, "Var": 6.953047268173844, "kadar": 6.953047268173844, "var": 6.953047268173844, "Ettim": 6.953047268173844, "TURKISH": 6.953047268173844, "Gel": 6.953047268173844, "Remix": 6.933384156342763, "daha": 6.665365195722063, "Veysel": 6.665365195722063, "Y\u0131ld\u0131z": 6.665365195722063, "Teaser": 6.292769556807048, "Mu": 6.259900087613898, "2018": 6.248811743369497, "EV": 6.10574940778664, "Oldu": 6.10574940778664, "Bir": 5.749074463847908, "Sen": 5.653764284043583, "\u2022": 5.486710199380417, "@": 5.28897557076367, "prod": 5.218446212785738, ".": 4.844452110213067, "Live": 4.833739907345408, "EL": 4.313989938558585, "Lyrics": 4.244997067071634, "2021": 4.238828738787886, "Mix": 3.774993437825898, "Ben": 3.7078541349882697, "2022": 3.4798494953780783, "AND": 2.7286495777035453, "Man": 2.4385314504538833, "Me": 2.0379444007991516, "by": 2.0161781243171975, "at": 1.6091193903737548, "|": 1.4609420002049505, ",": 1.189254935439146, "#": 0.9599174417468006, "&": 0.7199445871154877}