{"DOLLS": 103.48334034926233, "LOL": 87.7896294646153, "SURPRISE": 85.31618571583127, "Cutie": 23.88887206064847, "ALIVE": 21.946840797521666, "And": 20.835785334264855, "School": 20.369972002375054, "BABY": 17.871613711818735, "Dolls": 17.352349960550583, "DOLL": 15.021411357355591, "Go": 13.791773660587305, "Unboxing": 13.746156160002776, "Her": 13.20006752493457, "!": 11.916150365548042, "Ride": 11.20251432991693, "Lily": 10.973420398760833, "Play": 10.595928699878696, "On": 10.353060502121124, "Pony": 9.110303990750946, "Hospital": 8.776195821424615, "Surprise": 8.747583359375074, "To": 8.549650845557574, "Change": 8.446036320705717, "Practices": 8.051659556841953, "Triplet": 8.051659556841953, "Bellies": 8.051659556841953, "Bellyville": 8.051659556841953, "Ponies": 8.051659556841953, "Gossips": 8.051659556841953, "Oakley": 8.051659556841953, "At": 7.638984062728772, "Hairvibes": 7.358512376282008, "BOXY": 7.358512376282008, "AUDREY": 7.358512376282008, "Climbs": 7.358512376282008, "Blows": 7.358512376282008, "Reindeer": 6.953047268173844, "GENERATION": 6.953047268173844, "PUMPKIN": 6.953047268173844, "Goes": 6.7953984133688605, "Invitation": 6.665365195722063, "Speedster": 6.665365195722063, "Babysits": 6.665365195722063, "Cheats": 6.665365195722063, "From": 6.555574499725971, "Pin": 6.442221644407853, "Bathtub": 6.442221644407853, "BORN": 6.259900087613898, "Viewers": 6.10574940778664, "Sparkle": 6.10574940778664, "BARBIE": 5.972218015162118, "Tammy": 5.972218015162118, "BABIES": 5.854434979505734, "Spinning": 5.749074463847908, "L.O.L": 5.653764284043583, "Grandpa": 5.653764284043583, "Swing": 5.653764284043583, "Aquarium": 5.566752907053953, "Injury": 5.412602227226695, "Catches": 5.343609355739743, "For": 5.336347650887358, "Pumpkin": 5.279070834602172, "Pull": 5.279070834602172, "Items": 5.279070834602172, "Emergency": 5.218446212785738, "Falls": 5.218446212785738, "Lesson": 5.161287798945789, "Bowling": 5.161287798945789, "Glitter": 5.0559272832879625, "Auditions": 5.00713711911853, "Emily": 5.00713711911853, "Field": 5.00713711911853, "Deal": 5.00713711911853, "With": 4.9792273303480545, "Audition": 4.960617103483638, "Karen": 4.960617103483638, "Lights": 4.873605726494008, "Ken": 4.873605726494008, "Out": 4.784354682164665, "Learns": 4.650462175179798, "BOY": 4.585923654042227, "Says": 4.555151995375473, "Bottle": 4.555151995375473, "Bag": 4.468140618385844, "Haunted": 4.440741644197729, "Up": 4.376056762487713, "set": 4.313989938558585, "Tell": 4.313989938558585, "Pets": 4.267469922923692, "Bath": 4.267469922923692, "Give": 4.244997067071634, "While": 4.244997067071634, "Routine": 4.244997067071634, "Barbie": 4.223018160352859, "Hello": 4.139636551413807, "Fashion": 4.119833924117628, "Through": 4.081367643289831, "Plays": 4.044326371609483, "Drama": 4.044326371609483, "Santa": 4.026307866106804, "Fish": 3.9085248304504208, "Doll": 3.862004814815528, "Shopping": 3.817553052244694, "Trip": 3.8031643147925944, "Lil": 3.7612001156935624, "Sister": 3.7475944636377836, "Of": 3.6701069115141776, "Color": 3.6328189490453555, "OUR": 3.5408000503251036, "Room": 3.5083647745719495, "Find": 3.4464893708538624, "BIG": 3.407268657700581, "Off": 3.3976992066844303, "Test": 3.315461108447458, "Halloween": 3.298069365735589, "Look": 3.247638512108697, "Series": 3.146384778403524, "Has": 3.034379720027029, "Fun": 3.0277790359956773, "Friends": 2.9702551918574907, "Things": 2.881175561803802, "Night": 2.809912541782311, "Home": 2.768455828103965, "About": 2.685683541820102, "A": 2.672440950532964, "Show": 2.530198638979707, "Baby": 2.4719297308557313, "Get": 2.464410898441704, "The": 2.441356668497346, "House": 2.434888459175382, "Can": 2.3613001025178932, "Do": 2.151762203259462, "10": 1.7959095150885866, "New": 1.602770162695096, "How": 1.577768860489679, "You": 1.5178707189086098, ".": 1.2111130275532667, "#": 0.9599174417468006, "2": 0.9159722098138096, "and": 0.9112065137407951, "'s": 0.8239970581132987, ",": 0.594627467719573}