{"Yacki": 232.9384442898105, "Yoggi": 232.9384442898105, "Jake": 144.404529691689, "Episodes": 119.70810504482586, "Baby": 83.40260159633611, "@": 79.71245220721006, "Full": 48.459802159751064, "TV": 29.50892961136322, "Kids": 26.39244348090272, "|": 24.09738810393596, "Space": 20.216880506801132, "-": 19.062346359104595, "Hamster": 17.189325164791363, "Farmland": 16.064720295849, "3": 11.626567094864495, "for": 11.139962103432012, "Rabbit": 10.17584233751612, "Fun": 10.1067631614373, "Land": 9.26232553252469, "Moon": 8.45139531630836, "\ud83e\ude90\ud83e\udd41": 8.0323601479245, "\ud83c\udf34\ud83d\udc12\u2600\ufe0f": 8.0323601479245, "Shipwrecks": 8.0323601479245, "Tropics": 8.0323601479245, "2+": 7.339212967364555, "Roly": 7.339212967364555, "Poly": 7.339212967364555, "Crops": 7.339212967364555, "Quarry": 7.339212967364555, "Noises": 6.933747859256391, "Episode": 6.700457841600562, "Hummingbird": 6.64606578680461, "Plug": 6.64606578680461, "Penguins": 6.64606578680461, "Sunflower": 6.64606578680461, "!": 6.453700132344692, "Rollercoasters": 6.4229222354904, "Gardening": 6.4229222354904, "Farmer": 6.240600678696445, "Patch": 6.086449998869187, "Hum": 5.729775054930455, "the": 5.31352781083118, "Planet": 5.259771425684719, "Pumpkin": 5.259771425684719, "Crossing": 5.259771425684719, "Fantastic": 5.199146803868285, "Captain": 5.199146803868285, "Pull": 5.141988390028335, "Underwater": 5.08792116875806, "Playground": 5.0366278743705095, "Honey": 4.987837710201077, "\u2600\ufe0f": 4.941317694566185, "Jungle": 4.896865931995351, "Monkey": 4.8134843230563, "Kingdom": 4.774263609903018, "From": 4.731866919624136, "Hour": 4.631162766262345, "Sydney": 4.44884120946839, "Exploring": 4.343480693810564, "Hello": 4.318788081220193, "Sea": 4.248170514006239, "Gone": 4.140539849813874, "Playing": 3.6885547260708167, "Power": 3.6379109932520617, "Building": 3.6015433490811866, "Before": 3.589708891434184, "Has": 3.5664520292699167, "Where": 3.555023333446294, "Compilation": 3.4997606547712445, "in": 3.473653854327813, "Dance": 3.359531313462594, "Summer": 3.341012265695357, "Special": 3.1345203479735892, "Party": 3.090717725315196, "Man": 2.920372359567957, "Music": 2.744093117229965, "with": 2.429059152940701, "No": 2.3975705447552507, "The": 2.38806241551047, "World": 2.3087750459721197, "Life": 2.079116813636716, "to": 1.8303092895203121, "a": 1.7806471464353955, "on": 1.3990417146441236}