{"BACKPACKING": 55.46998287405113, "Thailand": 51.41988390028335, "KOH": 48.536235014794734, "Backpacking": 44.03527780418733, "\ud83c\udf34": 32.80446474277778, "\ud83c\uddf9\ud83c\udded": 32.114611177452005, "THAILAND": 22.189813992546, "Koh": 19.2687667064712, "Vlog": 19.068647153663072, "Diving": 16.642360494409502, "Travel": 16.481348569985418, "KHAO": 16.064720295849, "\ud83c\udf34\ud83c\uddf9\ud83c\udded": 16.064720295849, "Phangan": 16.064720295849, "Island": 14.754218904283267, "Waterfalls": 14.67842593472911, "TAO": 13.867495718512782, "SAMUI": 13.867495718512782, "Trip": 13.83059667768447, "Working": 13.517998869925018, "Hostel": 13.29213157360922, "Exploring": 13.030442081431692, "Australia": 11.065664178212451, "WELCOME": 10.934821580925927, "EXPLORING": 10.934821580925927, "\u2708\ufe0f": 9.548527219806036, "Sydney": 8.89768241893678, "Holiday": 8.364425092428883, "should": 8.322318274033218, "Exactly": 8.0323601479245, "\ud83c\udfe0\ud83e\udd70": 8.0323601479245, "\ud83e\udd70\ud83d\udc76\ud83c\udffb": 8.0323601479245, "Awaited": 8.0323601479245, "RAILAY": 8.0323601479245, "LIPE": 8.0323601479245, "Backpacker": 8.0323601479245, "SOK": 8.0323601479245, "\ud83e\udd3f\ud83c\uddf9\ud83c\udded": 8.0323601479245, "Bombona": 8.0323601479245, "Yuan": 8.0323601479245, "\ud83c\uddf9\ud83c\udded\ud83c\udf34": 8.0323601479245, "\ud83d\udc69\ud83c\udffb\u200d\ud83d\udcbb\ud83c\udf34": 8.0323601479245, "Aspiring": 8.0323601479245, "Nomads": 8.0323601479245, "Visas": 8.0323601479245, "PHI": 7.339212967364555, "LAK": 7.339212967364555, "ARRIVING": 7.339212967364555, "Nang": 7.339212967364555, "Thong": 7.339212967364555, "PHANGAN": 7.339212967364555, "Realities": 7.339212967364555, "Extending": 7.339212967364555, "Thani": 7.339212967364555, "Long": 7.156025703341985, "Beaches": 6.933747859256391, "CHIANG": 6.933747859256391, "Auntie": 6.64606578680461, "Reflection": 6.64606578680461, "destination": 6.64606578680461, "RAI": 6.64606578680461, "Temples": 6.64606578680461, "Gem": 6.64606578680461, "Manage": 6.4229222354904, "\ud83c\udde6\ud83c\uddfa": 6.4229222354904, "Arriving": 6.4229222354904, "DIVING": 6.4229222354904, "VISA": 6.4229222354904, "EXTENSION": 6.4229222354904, "Tourist": 6.4229222354904, "Surat": 6.4229222354904, "Ang": 6.240600678696445, "Party": 6.181435450630392, "MOUNTAINS": 6.086449998869187, "Phuket": 5.952918606244665, "Explore": 5.952918606244665, "Marine": 5.952918606244665, "budget": 5.835135570588281, "Perth": 5.835135570588281, "Prepare": 5.835135570588281, "Southern": 5.835135570588281, "\ud83c\udfdd": 5.835135570588281, "MOON": 5.835135570588281, "Diaries": 5.729775054930455, "NATIONAL": 5.729775054930455, "&": 5.694153082138081, "Blues": 5.63446487512613, "TO": 5.619794278297702, "Q": 5.581226265729716, "SYDNEY": 5.5474534981365, "Northern": 5.467410790462964, "few": 5.393302818309242, "RETURNS": 5.32430994682229, "FLYING": 5.32430994682229, "PAI": 5.32430994682229, "Pig": 5.259771425684719, "\ud83c\uddec\ud83c\udde7": 5.141988390028335, "IN": 5.134775561021755, "Becoming": 5.08792116875806, "BLUE": 4.987837710201077, "AUSTRALIA": 4.987837710201077, "OVERNIGHT": 4.987837710201077, "Digital": 4.987837710201077, "Spent": 4.854306317576555, "Visiting": 4.854306317576555, "Advice": 4.854306317576555, "Finale": 4.8134843230563, "solo": 4.774263609903018, "\ud83e\udd73": 4.774263609903018, "FUN": 4.5983729434393545, "National": 4.5983729434393545, "How": 4.579728263388815, "Highlights": 4.53585258645802, "Online": 4.421442235280276, "Worth": 4.394773988198114, "Solo": 4.394773988198114, "Much": 4.343480693810564, "Flying": 4.343480693810564, "PARK": 4.343480693810564, "in": 4.342067317909766, "next": 4.271160032230938, "Moon": 4.22569765815418, "Life": 4.158233627273432, "from": 4.086797462069274, "days": 4.007008457189351, "PARTY": 3.857972878028863, "again": 3.812852442748394, "Than": 3.812852442748394, "Series": 3.798253643327241, "'M": 3.769680270883185, "going": 3.7419007067761094, "Road": 3.555023333446294, "2022": 3.481582016732361, "Haul": 3.4172396310832407, "FOOD": 3.387969248783128, "Summer": 3.341012265695357, "FULL": 3.3138612766294058, "Park": 3.28742801956125, "London": 3.1960782409730224, "Just": 3.1420110197027467, "La": 3.1345203479735892, "HOME": 3.1197052621884485, "I": 3.0688536456475903, "and": 3.0311511745570217, "More": 2.9447638126921163, "our": 2.8965617108742387, "first": 2.8675741740009864, "Full": 2.8505765976324153, "as": 2.8449743420837454, "Big": 2.7800867198778705, "My": 2.7410108147583787, "Not": 2.7340427813764636, "Most": 2.714240154080284, "what": 2.699641354659131, "day": 2.6852526172070315, "When": 2.6570817402403355, "'m": 2.6478650851354115, "be": 2.6432884181079994, "YOU": 2.5189314017595184, "an": 2.415589050257929, "The": 2.38806241551047, "your": 2.3833859097632946, "Why": 2.3386280091218006, "Your": 2.1946297007585605, "Day": 2.016202988226147, "Is": 1.9387903778793647, "+": 1.9365355854922757, "For": 1.8502752412078687, "a": 1.7806471464353955, "the": 1.7711759369437265, "A": 1.6430833889045602, "To": 1.4884483023597082, "...": 1.45728430732488, "on": 1.3990417146441236, "-": 1.270823090606973, "for": 1.2377735670480012, "with": 1.2145295764703505, "2": 0.9900739759847571, "'s": 0.9796390986921775, "of": 0.9770473045847486, "to": 0.9151546447601561, "|": 0.8032462701311986, "(": 0.7447995076147765, ")": 0.7298637241971746, "?": 0.596332331572652, ",": 0.5951537810532077}