{"\u0434\u0435\u0442\u0435\u0439": 100.32002975938906, "\u043b\u0435\u0442": 90.63115950812039, "\u0434\u043b\u044f": 83.98823381904087, "\u043e\u0442": 69.98877958719595, "\u0440\u0443\u0447\u043a\u0438": 53.27250332818986, "\u043f\u0430\u0441\u0442\u0435\u043b\u044c\u044e": 53.27250332818986, "\u0420\u0438\u0441\u0443\u0435\u043c": 52.09396263715782, "\u0423\u043c\u0435\u043b\u044b\u0435": 48.42047306427025, "\u043d\u0430\u0442\u0443\u0440\u044b": 45.662145709877024, "\u0412\u0438\u0434\u0435\u043e\u0443\u0440\u043e\u043a\u0438": 45.662145709877024, "\u0440\u0438\u0441\u043e\u0432\u0430\u043d\u0438\u044f": 45.662145709877024, "\u0438\u0437": 45.193151649545214, "\u0441": 44.92396803066344, "\u041f\u043e\u0434\u0435\u043b\u043a\u0438": 39.070471977868365, "\u0444\u0440\u0443\u043a\u0442\u044b": 39.070471977868365, "\u043f\u043e\u044d\u0442\u0430\u043f\u043d\u043e": 38.05178809156419, "10-12": 38.05178809156419, "\u0441\u0434\u0435\u043b\u0430\u0442\u044c": 31.120316285964734, ".": 30.809897140960754, "\u0431\u0443\u043c\u0430\u0433\u0438": 30.44143047325135, "\u0441\u0432\u043e\u0438\u043c\u0438": 27.66884175101157, "\u0440\u0443\u043a\u0430\u043c\u0438": 27.66884175101157, "\u041a\u0430\u043a": 26.34889076066782, "\u0423\u0447\u0438\u043c\u0441\u044f": 23.27439259633913, "\u0438": 23.094945015715652, "\u043f\u0438\u0441\u0430\u0442\u044c": 22.831072854938512, "\u0432\u0438\u0434\u0435\u043e": 20.50180387409935, "\u0420\u0430\u0437\u0432\u0438\u0432\u0430\u044e\u0449\u0435\u0435": 19.535235988934183, "\u041c\u0443\u043b\u044c\u0442\u0438\u043a": 17.45579444725435, "\u0431\u0443\u043a\u0432\u0430\u043c\u0438": 15.220715236625676, "\u0440\u0430\u043a\u0435\u0442\u043e\u0439": 15.220715236625676, "4-5": 15.220715236625676, "\u041c\u043e\u0434\u0435\u043b\u044c": 15.220715236625676, "\u0410\u0441\u0442\u0440\u043e\u043d\u043e\u043c\u0438\u044f": 15.220715236625676, "\u0434\u0435\u0442\u044c\u043c\u0438": 13.834420875505785, "\u041b\u0435\u043f\u0438\u043c": 12.448126514385894, "\u0442\u0430\u043a\u043e\u0435": 12.448126514385894, "\u0446\u0432\u0435\u0442\u0430": 12.001839411757475, "\u0418\u0433\u0440\u0443\u0448\u043a\u0438": 11.328894938515049, "\u043c\u0443\u043b\u044c\u0442\u0438\u043a": 11.328894938515049, "\u043c\u0430\u043b\u044b\u0448\u0435\u0439": 10.615545050637584, "\u043a\u0430\u043a": 10.250901937049674, "\u0427\u0442\u043e": 10.250901937049674, ":": 8.25900555675194, "\u0432": 7.69831500523855, "\u0440\u0443\u0441\u0441\u043a\u043e\u0433\u043e": 7.610357618312838, "\u0446\u0432\u0435\u0442\u043d\u043e\u0433\u043e": 7.610357618312838, "\u0441\u043e\u043b\u0451\u043d\u043e\u0433\u043e": 7.610357618312838, "\u0442\u0435\u0441\u0442\u0430": 7.610357618312838, "\u043f\u0440\u043e\u043f\u0438\u0441\u043d\u044b\u043c\u0438": 7.610357618312838, "\u041f\u0440\u043e\u043f\u0438\u0441\u0438": 7.610357618312838, "\u043d\u0430\u0447\u0430\u043b\u044c\u043d\u043e\u0439": 7.610357618312838, "5-6": 7.610357618312838, "\u043f\u0435\u0447\u0430\u0442\u043d\u044b\u043c\u0438": 7.610357618312838, "\u0420\u0443\u0441\u0441\u043a\u0438\u0439": 7.610357618312838, "\u0440\u0430\u043a\u0435\u0442\u0443": 7.610357618312838, "\u043a\u043b\u0435\u044f\u0449\u0435\u0433\u043e": 7.610357618312838, "\u043a\u0430\u0440\u0430\u043d\u0434\u0430\u0448\u0430": 7.610357618312838, "\u043a\u043e\u043b\u043f\u0430\u0447\u043a\u043e\u0432": 7.610357618312838, "\u0434\u043e\u0431\u0440\u044b\u0435": 7.610357618312838, "\u0442\u0435\u0430\u0442\u0440": 7.610357618312838, "\u0442\u0435\u043d\u0435\u0439": 7.610357618312838, "\u0442\u0435\u043b\u0435\u0432\u0438\u0437\u043e\u0440": 7.610357618312838, "\u043a\u043e\u0440\u043e\u0431\u043a\u0438": 7.610357618312838, "\u0421\u041b\u0418\u0412\u0423": 7.610357618312838, "\u0441\u043b\u0435\u043f\u0438\u0442\u044c": 7.610357618312838, "\u043c\u0438\u043d\u0438\u0430\u0442\u044e\u0440\u043d\u044b\u0439": 7.610357618312838, "\u0442\u043e\u0440\u0442\u0438\u043a": 7.610357618312838, "\u0440\u043e\u0437\u043e\u0447\u043a\u0430\u043c\u0438": 7.610357618312838, "\u043f\u043e\u043b\u0438\u043c\u0435\u0440\u043d\u043e\u0439": 7.610357618312838, "\u0433\u043b\u0438\u043d\u044b": 7.610357618312838, "\u0412\u0438\u0434\u0435\u043e\u0443\u0440\u043e\u043a": 7.610357618312838, "\u0442\u0435\u0442\u0440\u0430\u043f\u0430\u043a\u0430": 7.610357618312838, "\u041f\u043e\u0447\u0435\u043c\u0443\u0447\u043a\u0430": 7.610357618312838, "\u0446\u0432\u0435\u0442": 7.610357618312838, "\u0432\u0438\u0434\u0438\u043c": 7.610357618312838, "\u0440\u0430\u0437\u043d\u044b\u0435": 7.610357618312838, "\u041e\u0431\u0443\u0447\u0430\u044e\u0449\u0438\u0439": 7.610357618312838, "\u0430\u043a\u0440\u0438\u043b\u043e\u043c": 7.610357618312838, "\u043e\u0440\u0431\u0438\u0442\u0435": 7.610357618312838, "\u041c\u0410\u041d\u0413\u041e": 7.610357618312838, "\u041b\u0418\u041c\u041e\u041d": 7.610357618312838, "\u0413\u0420\u0423\u0428\u0410": 7.610357618312838, "\u042f\u0411\u041b\u041e\u041a\u041e": 7.610357618312838, "\u0411\u0410\u041d\u0410\u041d": 7.610357618312838, "C\u043e\u0432\u0443": 7.610357618312838, "\u043c\u0443\u043b\u044c\u0442\u0438\u043a\u0430": 7.610357618312838, "\u0412\u0438\u043d\u043d\u0438-\u041f\u0443\u0445": 7.610357618312838, "\u0441\u0443\u0445\u043e\u0439": 7.610357618312838, "\u0440\u0435\u0431\u0451\u043d\u043a\u0443": 7.610357618312838, "\u043d\u0430\u0447\u0430\u0442\u044c": 7.610357618312838, "\u0443\u0447\u0438\u0442\u044c": 7.610357618312838, "\u0442\u0430\u0431\u043b\u0438\u0446\u0443": 7.610357618312838, "\u0443\u043c\u043d\u043e\u0436\u0435\u043d\u0438\u044f": 7.610357618312838, "\u041f\u0440\u0435\u0432\u0440\u0430\u0442\u0438\u0442\u0435": 7.610357618312838, "\u0435\u0451": 7.610357618312838, "\u043d\u0430\u0441\u0442\u043e\u043b\u044c\u043d\u0443\u044e": 7.610357618312838, "\u0438\u0433\u0440\u0443": 7.610357618312838, "\u0431\u0443\u043c\u0430\u0436\u043d\u044b\u0439": 7.610357618312838, "\u0442\u0435\u0440\u043c\u043e\u043c\u0435\u0442\u0440": 7.610357618312838, "\u041fo\u0434\u0435\u043b\u043a\u0438": 7.610357618312838, "\u041a\u043e\u0441\u043c\u043e\u043d\u0430\u0432\u0442\u0438\u043a": 7.610357618312838, "\u041b\u0443\u043d\u0435": 7.610357618312838, "\u0441\u043e\u043b\u043d\u0435\u0447\u043d\u043e\u0439": 7.610357618312838, "\u0441\u0438c\u0442\u0435\u043c\u044b": 7.610357618312838, "\u043a\u0440\u0443\u0442\u044f\u0442\u0441\u044f": 7.610357618312838, "\u0421\u043e\u043b\u043d\u0446\u0430": 7.610357618312838, "\u041b\u043e\u0433\u043e\u043f\u0435\u0434\u0438\u0447\u0435\u0441\u043a\u0438\u0435": 7.610357618312838, "\u041c\u044f\u0433\u043a\u0438\u0439": 7.610357618312838, "\u0437\u0432\u0443\u043a": 7.610357618312838, "\u0420": 7.610357618312838, "\u0441\u043b\u043e\u0432\u0430\u0445": 7.610357618312838, "\u0437\u0432\u0451\u0437\u0434\u043e\u043b\u0451\u0442": 7.610357618312838, "\u043a\u043e\u0441\u043c\u0438\u0447\u0435\u0441\u043a\u0438\u0439": 7.610357618312838, "\u043a\u043e\u0440\u0430\u0431\u043b\u044c": 7.610357618312838, "\u0441\u044b\u043d\u0430": 7.610357618312838, "\u041f\u043e\u0447\u0435\u043c\u0443\u0447\u043a\u0438": 7.610357618312838, "\u0441\u043e\u043b\u043d\u0435\u0447\u043d\u043e\u0435": 7.610357618312838, "\u043b\u0443\u043d\u043d\u043e\u0435": 7.610357618312838, "\u0437\u0430\u0442\u043c\u0435\u043d\u0438\u044f": 7.610357618312838, "\u0412\u043e\u0437\u0434\u0443\u0448\u043d\u044b\u0439": 7.610357618312838, "\u0448\u0430\u0440": 7.610357618312838, "\u043b\u0435\u0442\u0430\u0435\u0442": 7.610357618312838, "\u0401\u0436\u0438\u043a": 7.610357618312838, "\u043b\u0438\u0441\u0442\u044c\u0435\u0432": 7.610357618312838, "\u0401\u0436\u0438\u043a\u0438": 7.610357618312838, "\u0448\u0438\u0448\u043a\u0438": 7.610357618312838, "\u0441\u0435\u043c\u0435\u0447\u0435\u043a": 7.610357618312838, "\u043f\u0440\u0438\u0440\u043e\u0434\u043d\u044b\u0445": 7.610357618312838, "\u043c\u0430\u0442\u0435\u0440\u0438\u0430\u043b\u043e\u0432": 7.610357618312838,