{"BYN": 411.4120883942023, "Feat": 72.63402190585747, "Canteen": 60.949939021363306, "upGrad": 55.40476157688374, ":": 50.423010641733015, "Originals": 49.85958413240418, "Office": 32.739054824434014, "x": 26.848500005032783, "Laughter": 26.080520356009213, "Mumbiker": 20.776785591331404, "Nikhil": 20.776785591331404, "S02": 19.56039026700691, "MostlySane": 19.56039026700691, "Instant": 18.492040416465688, ".": 17.88030017392423, "@": 16.713436325710788, "Lockdown": 16.140893756857214, "Channa": 15.237484755340827, "Ahsaas": 15.237484755340827, "Dombivli": 15.237484755340827, "Singh": 14.538460966291895, "Abhinav": 13.851190394220936, "Impress": 13.040260178004607, "Barkha": 13.040260178004607, "Chanchlani": 13.040260178004607, "Perfect": 12.190182948542997, "Special": 11.859128110051559, "Gone": 11.120158116726802, "International": 10.441694209744085, "Wrong": 9.82481086745019, "Hi": 9.821384353136406, "Today": 9.456741239548498, "Hai": 9.348606797007946, "Web": 9.148439879893981, "The": 8.902314766820593, "Nick": 8.573075734990418, "Online": 7.76214551877409, "Goan": 7.618742377670413, "Sawaal": 7.618742377670413, "KRA": 7.618742377670413, "Harleen": 7.618742377670413, "'Scratch": 7.618742377670413, "E03": 7.618742377670413, "Garam": 7.618742377670413, "E02": 7.618742377670413, "Nis-Chai": 7.618742377670413, "Punch-lani": 7.618742377670413, "Alibaug": 7.618742377670413, "Doston": 7.618742377670413, "YouNick": 7.618742377670413, "Hoon": 7.618742377670413, "Broccoli": 7.618742377670413, "Slayy": 7.618742377670413, "|Today": 7.618742377670413, "Platter": 7.618742377670413, "Womaniya": 7.618742377670413, "Ae": 7.618742377670413, "Dilruba": 7.618742377670413, "Bhailog": 7.618742377670413, "Dekh": 7.618742377670413, "Chakna": 7.618742377670413, "Feat.Ashish": 7.618742377670413, "Dhanwani": 7.618742377670413, "Dodeja": 7.618742377670413, "Ajinkya": 7.618742377670413, "Rahane": 7.618742377670413, "Maths": 7.618742377670413, "Balan": 7.618742377670413, "Madhuri": 7.618742377670413, "Kaminey": 7.618742377670413, "Aayegi": 7.618742377670413, "Baraat": 7.618742377670413, "Sahil": 7.618742377670413, "Rj": 7.618742377670413, "Fakhri": 7.618742377670413, "Collaborations": 7.618742377670413, "Boman": 7.618742377670413, "Irani": 7.618742377670413, "To": 7.351370408763833, "be": 7.3277779352897525, "Official": 7.09940684887135, "Ft.": 7.048795630896625, "Kanchan": 6.925595197110468, "Sethi": 6.925595197110468, "Madan": 6.925595197110468, "Zor": 6.925595197110468, "E01": 6.925595197110468, "Khichdi": 6.925595197110468, "Viraj": 6.925595197110468, "Simran": 6.925595197110468, "Vidya": 6.925595197110468, "Hote": 6.925595197110468, "Raftaar": 6.925595197110468, "Raja": 6.925595197110468, "Harsh": 6.925595197110468, "Beniwal": 6.925595197110468, "Khiladi": 6.925595197110468, "Nargis": 6.925595197110468, "Series": 6.858175271287975, "will": 6.684152517308716, "|": 6.626966025465424, "JavRun": 6.520130089002303, "CreatingForIndia": 6.520130089002303, "Sath": 6.520130089002303, "Roadtrip": 6.520130089002303, "Spotlight": 6.520130089002303, "Hota": 6.520130089002303, "Ep03": 6.520130089002303, "Mythpat": 6.520130089002303, "Ep02": 6.520130089002303, "Mostly": 6.520130089002303, "Sane": 6.520130089002303, "RJ": 6.520130089002303, "Akash": 6.520130089002303, "Sponsorship": 6.2324480165505225, "ashish": 6.2324480165505225, "chanchlani": 6.2324480165505225, "Ep01": 6.2324480165505225, "Bunk": 6.2324480165505225, "Aaj": 6.2324480165505225, "When": 6.027811747456361, "Try": 6.027144383364644, "Chai": 6.009304465236313, "NICK": 6.009304465236313, "Karan": 6.009304465236313, "Hoga": 6.009304465236313, "Radhika": 6.009304465236313, "Triggered": 6.009304465236313, "Yaar": 6.009304465236313, "Pubg": 6.009304465236313, "Apne": 6.009304465236313, "Ashish": 6.009304465236313, "How": 5.89822697417907, "Home": 5.836524023755994, "bedroom": 5.826982908442358, "Cutting": 5.826982908442358, "Tera": 5.826982908442358, "Raj": 5.826982908442358, "Arjun": 5.826982908442358, "Dolly": 5.826982908442358, "Technique": 5.826982908442358, "Heist": 5.6728322286151, "Insaan": 5.6728322286151, "Baap": 5.6728322286151, "Mumbai": 5.6728322286151, "Teaches": 5.6728322286151, "Kapoor": 5.539300835990577, "bathroom": 5.421517800334194, "YouTubePartner": 5.421517800334194, "Diwali": 5.421517800334194, "Fruit": 5.421517800334194, "vines": 5.421517800334194, "Champions": 5.421517800334194, "meeting": 5.421517800334194, "Shorts": 5.325830640138305, "\u200b": 5.316157284676367, "Indians": 5.316157284676367, "Relationships": 5.316157284676367, "Code": 5.316157284676367, "Romance": 5.220847104872043, "Mass": 5.220847104872043, "Eve": 5.220847104872043, "At": 5.163579550513568, "Trailer": 5.0871371248731725, "Yoga": 5.053793020208877, "boss": 5.053793020208877, "Proposal": 4.979685048055154, "Creator": 4.979685048055154, "Point": 4.910692176568203, "Happen": 4.910692176568203, "In": 4.904418290949669, "MEN": 4.846153655430632, "Khan": 4.846153655430632, "Gang": 4.846153655430632, "morning": 4.785529033614197, "Bhai": 4.728370619774249, "Meets": 4.623010104116422, "Main": 4.623010104116422, "04": 4.623010104116422, "Ke": 4.399866552802212, "Ninja": 4.399866552802212, "Gym": 4.360645839648932, "India": 4.322905511666084, "Lyric": 4.217544996008258, "Oh": 4.217544996008258, "Married": 4.184755173185267, "Please": 4.184755173185267, "Ka": 4.153006474870687, "02": 4.092381853054252, "Gift": 4.063394316180999, "take": 4.035223439214303, "Finally": 4.035223439214303, "challenge": 3.9811562179440276, "Ki": 3.9811562179440276, "Surprise": 3.857542261976851, "This": 3.8500204777354274, "Don": 3.8120798879000937, "Se": 3.768594775960355, "Valentine": 3.768594775960355, "Test": 3.6869167449460876, "Here": 3.6114091924379426, "Dance": 3.541204933764694, "know": 3.4916079926253216, "Video": 3.4541963316892845, "#": 3.4472399536914398, "Fight": 3.4290876356439877, ",": 3.4119982091818186, "Men": 3.3992346724943068, "'s": 3.3598299199409456, "after": 3.342076258654358, "Call": 3.3282829365220223, "Did": 3.1999017698738155, "&": 3.1143097211563933, "Vs": 3.096953800621373, "Dad": 3.096953800621373, "Season": 3.0754475954004095, "Party": 3.0337748989998414, "Friends": 3.013572191682322, "5": 2.9320193659326184, "You": 2.8857502151293044, "-": 2.8517798447426532, "Top": 2.8229518320736724, "Girl": 2.8147213329371565, "Things": 2.751207927214831, "t": 2.698761451842288, "like": 2.588304456277978, "...": 2.553241917898524, "Live": 2.5373380126859506, "Be": 2.48884366274734, "All": 2.4539564037468993, "From": 2.425785526780203, "3": 2.404020190316175, "A": 2.363604429072702, "Are": 2.202641975465993, "your": 2.202641975465993, "That": 2.163421262312712, "from": 2.0503978739093167, "'": 2.0240309980685742, "Your": 1.9557818975344674, "6": 1.9557818975344674, "Do": 1.928382923346353, "vs": 1.9182988042797269, "With": 1.8598406037931328, "my": 1.7927422702899631, "you": 1.7751979606390536, "n't": 1.6864971902224026, "2": 1.6216148679409745, "\u2019": 1.5480046496679234, "My": 1.378466532499644, "is": 1.342098888328769, "with": 1.276620958949262, "on": 1.264372336873063, "in": 0.929143108491447, "to": 0.9217081300039289, "!": 0.8070047978806314, "the": 0.8063972834929346, "?": 0.5582660116706124, "(": 0.5162430218957645, ")": 0.513776929400571}