{"Diabetics": 91.32429141975405, "Diabetes": 52.548587016822836, "Effects": 14.331432822769866, "Type": 13.697505541768244, "For": 13.470078946325456, "Diabetic": 13.023490659289456, "Blood": 12.16502867047027, "Eat": 11.690356654825589, "Affect": 11.328894938515049, "Good": 11.258268290864386, "Side": 11.155611960606633, "Can": 10.059678296572315, "?": 9.990805949515542, "Rice": 9.942600577395158, "Drinking": 9.675537792146113, "Risk": 9.675537792146113, "Is": 9.293404196308924, "Levels": 9.131670361178829, "Sugar": 8.70452216058271, "Water": 8.596276469848762, "How": 7.6187725795367145, "Berberine": 7.610357618312838, "Poha": 7.610357618312838, "Ketones": 7.610357618312838, "Immunocompromised": 7.610357618312838, "Worsen": 7.610357618312838, "Low-Calorie": 7.610357618312838, "NAC": 7.610357618312838, "Low-Carb": 7.610357618312838, "Low-Fat": 7.610357618312838, "Stevia": 7.610357618312838, "Immune-Boosting": 7.610357618312838, "Selenium": 7.610357618312838, "Sugar-free": 7.610357618312838, "Vitamin-Packed": 7.610357618312838, "Superfoods": 7.610357618312838, "Stabilize": 7.610357618312838, "Hazards": 6.9172104377528925, "Ale": 6.9172104377528925, "Mozzarella": 6.9172104377528925, "Jackfruit": 6.511745329644728, "Deficiency": 6.511745329644728, "Diets": 6.511745329644728, "Jasmine": 6.511745329644728, "Due": 6.224063257192947, "Tofu": 6.224063257192947, "Chew": 6.224063257192947, "Gum": 6.224063257192947, "Glucose": 6.000919705878737, "Urine": 6.000919705878737, "Versus": 6.000919705878737, "Health": 5.951257260166403, "Of": 5.884150140454894, "Impacts": 5.664447469257524, "Ginger": 5.664447469257524, "Pineapple": 5.664447469257524, "Compare": 5.664447469257524, "Does": 5.612673147159162, "Lamb": 5.530916076633002, "Reverse": 5.530916076633002, "Beans": 5.530916076633002, "Are": 5.452032029786081, "Apples": 5.413133040976618, "If": 5.380753384969426, "This": 5.3178815134406925, "Programme": 5.307772525318792, "Raw": 5.307772525318792, "Dangers": 5.307772525318792, "Coconut": 5.212462345514467, "Overnight": 5.212462345514467, "Bananas": 5.125450968524837, "Vitamin": 5.125450968524837, "Snacks": 5.125450968524837, "Cheese": 5.045408260851301, "Cause": 4.902307417210627, "for": 4.874503232027442, "OR": 4.837768896073056, "Have": 4.823721174094024, "Negative": 4.777144274256622, "Juice": 4.777144274256622, "SHOULD": 4.519315164954522, "Diet": 4.314520752308509, "Foods": 4.314520752308509, "Taking": 4.278153108137634, "Cancer": 4.026838679856728, "Cold": 3.946795972183191, "You": 3.9232159277037972, "Benefits": 3.849157502619275, "II": 3.803695128542518, "Many": 3.760210016602779, "Fruits": 3.7391566074049467, "Fruit": 3.6785319855885117, "Which": 3.621373571748563, "Perfect": 3.6030244330803667, "Worst": 3.532820174407118, "Hot": 3.390849913136731, "High": 3.2928695047765273, "Could": 3.2536487916232457, "Use": 2.928226391188618, "Using": 2.919009736083694, "Great": 2.9008274170005035, "The": 2.827262505917334, "11": 2.683103933155633, "To": 2.663672388293986, "Know": 2.4686940618101776, "Top": 2.347667429407952, "About": 2.1422974771777064, "And": 2.069094073154411, "Best": 2.0156462387109984, "7": 1.968450547374724, "s": 1.9233822619730176, "to": 1.8575421935748841, "and": 1.759795990723183, "My": 1.7049957702582672, "Do": 1.7022746801439066, "A": 1.640520765597866, "New": 1.6015444328702424, "4": 1.5796723580515744, "\u2019": 1.5606241630808797, "Your": 1.5190477362351393, "In": 1.4878648087984514, "10": 1.4726305642266033, "I": 1.304082331364822, "What": 1.2184405049202354, "1": 1.138011323811937, "2": 1.0479135246191178, "-": 1.0256175353960897, ":": 0.825900555675194, "a": 0.6711036722713294, "in": 0.660501163312065, "of": 0.632143875682139}