{"BeFiT": 85.88708291819049, "Workout": 81.33782450711546, "Steve": 43.2801708490243, "Surfer": 39.03958314463204, "Jordan": 38.107153529623886, "GO-": 31.231666515705633, ":": 28.104760029475884, "Body": 25.991421327884552, "Trainer": 25.84429649655575, "Down-": 23.423749886779227, "Girl-": 23.423749886779227, "Gregory": 23.423749886779227, "Strength": 23.36211206498629, "Cardio": 22.945204020291037, "House-": 20.127913020774894, "Open": 19.380454981010413, "Total": 18.86749670227237, "Core": 18.689689651989035, "Amber": 17.185425261739717, "Yoga": 16.57741993118705, "Adam": 15.969029937415225, "Friedman": 15.615833257852817, "Angulo": 15.615833257852817, "BeFiT-": 15.615833257852817, "Mins": 15.506577897933449, "Balance": 14.150622526704277, "Burn": 13.767122412174622, "Tiffany": 12.843244535613035, "Cool": 10.994345707604626, "Pilates": 10.646019958276817, "Circuit": 10.337718598622299, "Full": 10.285898664385837, "Standing": 10.199732855648397, "Flow": 9.726955299519936, "Ab": 9.526788382405972, "Abs": 9.099640181809853, "Lower": 9.024159525844158, "Training": 8.563112208620494, "Legs": 8.238074349624945, "Level": 7.873431236037035, "Hammond": 7.807916628926408, "Friedman-": 7.807916628926408, "Warm-Up": 7.807916628926408, "Body-": 7.807916628926408, "Yogalates": 7.807916628926408, "Swimsuit-Ready": 7.807916628926408, "Ball-": 7.807916628926408, "Taras": 7.807916628926408, "Min-": 7.807916628926408, "Rebounding": 7.807916628926408, "Rejuvenation": 7.807916628926408, "Fayth": 7.807916628926408, "Caruso": 7.807916628926408, "Beach-Ready": 7.807916628926408, "Shaper": 7.807916628926408, "Wai": 7.807916628926408, "Barre-Lates": 7.807916628926408, "Leilah": 7.807916628926408, "-Dancing": 7.807916628926408, "Kym": 7.807916628926408, "Herjavec": 7.807916628926408, "Back": 7.682677670297767, "Weight": 7.176817847500604, "Barre": 7.114769448366463, "Isaac": 7.114769448366463, "BOD": 7.114769448366463, "20": 7.109511960009639, "Routine": 7.057786540706122, "3-": 6.709304340258298, "2-": 6.709304340258298, "Jess": 6.709304340258298, "Erika": 6.421622267806518, "Athlete": 6.421622267806518, "Fat-Burning": 6.421622267806518, "Stability": 6.421622267806518, "Dancer": 6.421622267806518, "Doble": 6.198478716492308, "Girl": 6.074464008921487, "Poses": 6.016157159698354, "Flexible": 6.016157159698354, "Lana": 6.016157159698354, "Swimsuit": 5.862006479871095, "Dynamic": 5.728475087246572, "Glutes": 5.728475087246572, "Spin": 5.410021356128038, "Paso": 5.3230099791384085, "&": 5.274727232741636, "Stretches": 5.242967271464872, "House": 5.241061646171307, "Gain": 5.1688592993111495, "Stretching": 5.099866427824199, "Booty": 5.099866427824199, "HIIT": 4.917544871030244, "Stars": 4.917544871030244, "Arms": 4.812184355372417, "Tone": 4.812184355372417, "Strong": 4.763394191202986, "Stretch": 4.672422412997259, "Bikini": 4.629862798578463, "Warm": 4.549820090904927, "Dance": 4.440620798939935, "Min": 4.440620798939935, "GO": 4.406719247264253, "Belly": 4.342180726126682, "Fitness": 4.001254139156089, "Fat": 3.916096330815782, "Loss": 3.8958936234982624, "Ultimate": 3.2127967787918186, "Minute": 3.062984500563158, "Like": 2.8450719986665014, "|": 2.5022580681645836, "15": 2.3440848239007983, "for": 2.3364871943302394, "Up": 2.254957044004791, "an": 2.0149030205422647, "\u2019": 1.605381111738486, "10": 1.3798113562418124, "1": 1.148622709242771, "5": 1.0925332425917276, "'s": 0.9546175357403303, "2": 0.9493515941350432, "The": 0.856144464527497, "the": 0.82970288629571, "with": 0.819503446926817, "How": 0.7895148298572078, "and": 0.6858567472972661, "a": 0.6263246843145436, "to": 0.6119794024508394, ",": 0.44083956904539634}