{"Freshmist.co.uk": 30.409605342663273, "Review": 24.393042361217113, "E-Juice": 22.807204006997456, "HD": 16.42456611064754, "Bluetooth": 15.79875039587751, "Exhale": 15.204802671331636, "Cigarette": 15.204802671331636, "Vaping": 13.818508310211746, "iOS": 9.485170875244927, "Clone": 9.424059155539307, "Mod": 8.470211011358689, "-": 7.71197428636244, "Vapeabox": 7.602401335665818, "Gourment": 7.602401335665818, "Chaser": 7.602401335665818, "Flavoured": 7.602401335665818, "Fogger": 7.602401335665818, "V4.1": 7.602401335665818, "RTA": 7.602401335665818, "IGO-W6": 7.602401335665818, "RDA": 7.602401335665818, "Stringray": 7.602401335665818, "Jawbone": 7.602401335665818, "Generals": 7.602401335665818, "Juices": 7.602401335665818, "Custard": 7.602401335665818, "Evod": 7.602401335665818, "VarietyVapours.co.uk": 7.602401335665818, "Hazlenut": 7.602401335665818, "E-Liquid": 7.602401335665818, "CleanSeal": 7.602401335665818, "QDOS": 7.602401335665818, "Q-Bopz": 7.602401335665818, "In-Car": 7.602401335665818, "FitBit": 7.602401335665818, "Be.ez": 7.602401335665818, "BlueAnt": 7.602401335665818, "BudgetGadgets": 7.602401335665818, "SurfacePad": 7.602401335665818, "Tink\u00e8": 7.602401335665818, "PowerCases": 7.602401335665818, "Full": 7.4712406419278246, "Headset": 7.4211620751103835, "Speaker": 7.118700135662536, "Ego": 6.909254155105873, "BDC": 6.909254155105873, "Allure": 6.909254155105873, "Braven": 6.909254155105873, "570": 6.909254155105873, "Wellbeing": 6.909254155105873, "Wipe": 6.503789046997708, "Panzer": 6.503789046997708, "Speakerphone": 6.503789046997708, "iPhone": 6.4839484976453505, "Hidden": 6.391364176803131, "Mech": 6.216106974545927, "Caramel": 6.216106974545927, "Q3": 6.216106974545927, "Twelve": 6.216106974545927, "Screen": 6.055380714324871, "Aspire": 5.992963423231718, "Bumper": 5.992963423231718, "Subscription": 5.810641866437763, "Hawk": 5.810641866437763, "Variable": 5.810641866437763, "Juice": 5.810641866437763, "Tour": 5.596760581865123, ":": 5.567502333669152, "Legal": 5.522959793985982, "Twist": 5.522959793985982, "Honey": 5.522959793985982, "Starter": 5.405176758329599, "Jabra": 5.405176758329599, "Activity": 5.405176758329599, "General": 5.299816242671772, "Pictures": 5.299816242671772, "(": 5.2434027482431995, "Era": 5.2045060628674475, "Battery": 5.130897466504378, ")": 5.128842318045211, "Announced": 5.117494685877818, "Fruit": 5.037451978204281, "Siri": 4.963344006050559, "Tracker": 4.963344006050559, "Fitness": 4.894351134563609, "EDC": 4.829812613426037, "Protector": 4.712029577769654, "Voltage": 4.712029577769654, "2014": 4.657962356499378, "Reviews": 4.657962356499378, "5": 4.601409524914369, "Golden": 4.557878897942396, "7": 4.499528223156748, "Carry": 4.4669071197366685, "Cleaner": 4.424347505317873, "Proof": 4.3443047976443365, "Gadget": 4.3443047976443365, "Cube": 4.3443047976443365, "Cover": 4.2351055056793445, "South": 4.2351055056793445, "Everyday": 4.168414131180672, "Mount": 4.136665432866092, "Welcome": 4.105893774199338, "Universal": 4.105893774199338, "Shark": 4.076040811049657, "Mechanical": 4.076040811049657, "Liquid": 4.018882397209708, "Flex": 3.991483423021594, "LA": 3.731200324757927, "UK": 3.6705757029414925, "C": 3.6705757029414925, "Start": 3.577049644930669, "Metal": 3.559350067831268, "E": 3.428014065770181, "Feature": 3.4127465936393926, "Cloud": 3.3828936304897117, "April": 3.3539060936164593, "Where": 3.3539060936164593, "Every": 3.2203747009919366, "Kit": 3.2079521809933795, "Show": 3.1956820884015653, "Box": 3.125064521187612, "&": 3.086108404078555, "WWDC": 3.0806127586167777, "Smartphone": 2.977428522381547, "Monitor": 2.875013516953478, "Now": 2.7983802909325615, "Case": 2.734866885210236, "Features": 2.7120522074440645, "Not": 2.639556705405911, "Black": 2.5398063026388513, "Build": 2.50253490784162, "Day": 2.324286676435301, "for": 2.317822794460179, "[": 2.2745251668762374, "]": 2.2745251668762374, "#": 2.049079955889543, "Can": 1.9640466663320726, "On": 1.9569544380225805, "|": 1.8990766126249425, "13": 1.8372102328809736, "Unboxing": 1.8002829602887553, "at": 1.4079959445611459, "1": 1.0628153800481488, "2": 0.8270352447294268, "to": 0.5993358768793563, "and": 0.5938961535835382, ",": 0.3878969215146746}