{"Install": 27.11589098972713, "Wiring": 22.657789877030098, "Torque": 19.535235988934183, "To": 18.6457067180579, "Dehumidifier": 15.220715236625676, "Knob": 15.220715236625676, "Osmosis": 13.834420875505785, "Mustang": 13.834420875505785, "How": 13.33285201418925, "Recessed": 13.023490659289456, "Refrigerator": 13.023490659289456, "Leak": 12.448126514385894, "&": 11.311479969839374, "Reverse": 11.061832153266003, "or": 11.03840118220279, "Wire": 10.826266081953236, "Settings": 10.424924691028934, "Replace": 10.424924691028934, "Tube": 10.424924691028934, "Pump": 10.090816521702601, "Single": 9.038630329909044, "Panel": 8.949726804767376, "Adding": 8.864607575929783, "Lights": 8.782963586889274, "Using": 8.757029208251081, "Water": 8.596276469848762, "Line": 8.227700113692714, "Old": 8.16002547027325, "a": 8.053244067255953, "Should": 7.759431292399682, "Wafer": 7.610357618312838, "R410a": 7.610357618312838, "Flaring": 7.610357618312838, "Nylog": 7.610357618312838, "Hookup": 7.610357618312838, "MKC": 7.610357618312838, "Drywall": 7.610357618312838, "Lath": 7.610357618312838, "Blu-Mol": 7.610357618312838, "Humidity": 7.610357618312838, "Sahlstrom": 7.610357618312838, "Paneling": 7.610357618312838, "Abandon": 7.610357618312838, "Ceiling": 7.610357618312838, "Occurrences": 7.610357618312838, "Sheared": 7.610357618312838, "120v": 7.610357618312838, "In-Use": 7.610357618312838, "Propane": 7.610357618312838, "QUALIFIED": 7.610357618312838, "Wiha": 7.610357618312838, "Burned": 7.610357618312838, "Screwdrivers": 7.610357618312838, "Geothermal": 7.610357618312838, "Crimp": 7.610357618312838, "Ethernet": 7.610357618312838, "RJ-45": 7.610357618312838, "Cat6": 7.610357618312838, "Cat5": 7.610357618312838, "Cat5e": 7.610357618312838, "Powering": 7.610357618312838, "SWER": 7.610357618312838, "EMT": 7.610357618312838, "Conditioner/Heat": 7.610357618312838, "Refrigerant": 7.610357618312838, "Freon": 7.610357618312838, "R134A": 7.610357618312838, "2005-2009": 7.610357618312838, "Plugged": 7.610357618312838, "Sump": 7.610357618312838, "FLIES": 7.610357618312838, "Bug-A-Salt": 7.610357618312838, "sap": 7.610357618312838, "Redwing": 7.610357618312838, "Ductwork": 7.610357618312838, "Crimping": 7.610357618312838, "Crimper": 7.610357618312838, "vs": 7.105831809759584, "Efficiency": 6.9172104377528925, "Polished": 6.9172104377528925, "REPAIR": 6.9172104377528925, "Modified": 6.9172104377528925, "Breaker": 6.9172104377528925, "NG": 6.9172104377528925, "Conduit": 6.9172104377528925, "Electrician": 6.9172104377528925, "Apprentice": 6.9172104377528925, "Freezer": 6.9172104377528925, "Passenger": 6.9172104377528925, "Cowl": 6.9172104377528925, "Duct": 6.9172104377528925, "GFCI": 6.9172104377528925, "Receptacles": 6.9172104377528925, "Light": 6.723724752526957, "Milwaukee": 6.511745329644728, "Plaster": 6.511745329644728, "Wallpaper": 6.511745329644728, "Thermostat": 6.511745329644728, "Bolts": 6.511745329644728, "Screwdriver": 6.511745329644728, "LP": 6.511745329644728, "Termination": 6.511745329644728, "Recharge": 6.511745329644728, "Appliance": 6.511745329644728, "Eliminating": 6.511745329644728, "Disk": 6.224063257192947, "RO": 6.224063257192947, "Efficient": 6.224063257192947, "HVAC": 6.224063257192947, "Fixes": 6.224063257192947, "Scrap": 6.224063257192947, "Hose": 6.224063257192947, "Walnut": 6.224063257192947, "-": 6.153705212376538, "Test": 6.134125672085667, "Existing": 6.000919705878737, "Differential": 6.000919705878737, "Connector": 6.000919705878737, "Plug": 6.000919705878737, "Boots": 6.000919705878737, "BLOCK": 6.000919705878737, "an": 5.873605314132561, "Location": 5.8185981490847825, "Nest": 5.8185981490847825, "Circuit": 5.8185981490847825, "Source": 5.8185981490847825, "Drain": 5.8185981490847825, "due": 5.8185981490847825, "Bathroom": 5.8185981490847825, "Alternate": 5.664447469257524, "Benjamin": 5.664447469257524, "Gen": 5.664447469257524, "Checking": 5.664447469257524, "Electrical": 5.664447469257524, "Loose": 5.664447469257524, "Connections": 5.664447469257524, "Heating": 5.664447469257524, "Deals": 5.530916076633002, "Sub": 5.530916076633002, "Fence": 5.530916076633002, "Portable": 5.530916076633002, "Situation": 5.413133040976618, "Cable": 5.413133040976618, "Methods": 5.307772525318792, "Bowl": 5.212462345514467, "Tire": 5.212462345514467, "IF": 5.212462345514467, "Demonstration": 5.212462345514467, "HOUSE": 5.212462345514467, "Both": 5.212462345514467, "/": 5.199444648433164, "Maker": 5.125450968524837, "Options": 5.125450968524837, "Fuel": 5.125450968524837, "Dual": 5.125450968524837, "Split": 5.045408260851301, "Connect": 5.045408260851301, "Website": 5.045408260851301, "Example": 5.045408260851301, "Probably": 5.045408260851301, "Protection": 5.045408260851301, "Standard": 4.971300288697579, "Ford": 4.971300288697579, "Dust": 4.902307417210627, "Drinking": 4.837768896073056, "New": 4.804633298610727, "Heat": 4.777144274256622, "400": 4.777144274256622, "With": 4.768002806889934, "3rd": 4.7199858604166725, "ONLY": 4.7199858604166725, "Bought": 4.7199858604166725, "WORST": 4.7199858604166725, "Top": 4.695334858815904, "Comparison": 4.665918639146397, "Post": 4.665918639146397, "Essential": 4.614625344758847, "Saw": 4.565835180589414, "Possible": 4.519315164954522, "Seen": 4.519315164954522, "on": 4.502889530710343, "Discussion": 4.474863402383688, "Rare": 4.432303787964892, "Tank": 4.432303787964892, "Return": 4.391481793444637, "Finally": 4.391481793444637, "Hole": 4.352261080291355, "Round": 4.314520752308509, "Oil": 4.209160236650682, "Paint": 4.144621715513111, "Con": 4.113850056846357, "Shop": 4.055009556823424, "Best": 4.031292477421997, "Can": 4.023871318628926, "Electric": 3.999439705668613, "Buy": 3.946795972183191, "Some": 3.946795972183191, "You": 3.9232159277037972, "Fix": 3.921478164198901, "I": 3.912246994094466, "Room": 3.8967855516085295, "Wall": 3.872688000029469, "Works": 3.849157502619275, "On": 3.7347088610067103, "Google": 3.718537320202211, "Side": 3.718537320202211, "Rock": 3.6591138997314103, "REAL": 3.6400657047607154, "Off": 3.6400657047607154, "Pro": 3.585005927577688, "Worst": 3.532820174407118, "Air": 3.5160130560907366, "'ve": 3.4994837541395265, "Set": 3.4832232332677457, "Guide": 3.467222891921305, "My": 3.4099915405165344, "ON": 3.4056649989218712, "Mini": 3.376251113715578, "Got": 3.333691499296782, "NOT": 3.240909765845816, "End": 3.2159084636403987, "US": 3.167706361822521, "Two": 3.1560103220593296, "Need": 3.088569041263797, "Bad": 3.0777581251595816, "Inside": 3.0670628360428336, "Ice": 3.0564807267122966, "Your": 3.0380954724702787, "Find": 3.0253901396422656, "System": 2.94691852420077, "Earth": 2.937528783850931, "Ever": 2.874159169918342, "Made": 2.8145670727160965, "Home": 2.683103933155633, "Black": 2.683103933155633, "as": 2.654530560711577, "Things": 2.5227612830804533, "THE": 2.5044121444122567, "Not": 2.498369829956294, "Know": 2.4686940618101776, "Be": 2.4063509312360423, "No": 2.3373580597490906, "First": 2.263250087595369, "One": 2.253771343640825, "?": 2.2201790998923427, "We": 2.0231089599125878, "in": 1.981503489936195, "!": 1.9700202223269019, "Day": 1.8389164951828216, "The": 1.6963575035504004, "'s": 1.651801111350388, "Why": 1.6015444328702424, "2022": 1.5796723580515744, "(": 1.5162300985219186, ")": 1.4972925556642145, "For": 1.4966754384806062, "5": 1.3917574986211083, "to": 1.2383614623832562, "is": 1.2201169512474876, "What": 1.2184405049202354, "the": 1.198287261924941, "with": 0.9383246728517702, "for": 0.8124172053379071, "of": 0.632143875682139, ",": 0.4955881699463743}