{"Beyaz": 228.5622713301124, "Show": 76.49514526350545, "Fatih": 60.949939021363306, "Erko\u00e7": 45.712454266022476, "Mithat": 22.856227133011238, "Serhat": 22.856227133011238, "\u015eoray": 22.856227133011238, "ve": 20.176117196071516, "-": 17.11067906845592, "Rasim": 15.237484755340827, "\u00d6ztekin": 15.237484755340827, "A\u00e7\u0131klad\u0131": 15.237484755340827, "K\u00f6rler": 15.237484755340827, "Erko\u00e7'un": 15.237484755340827, "\u015eoray'\u0131n": 15.237484755340827, "Sahnede": 15.237484755340827, "!": 11.298067170328839, "Show'un": 7.618742377670413, "Jenerik": 7.618742377670413, "M\u00fczi\u011fini": 7.618742377670413, "Yapan": 7.618742377670413, "Grup": 7.618742377670413, "St\u00fcdyoda": 7.618742377670413, "At\u0131\u015fmas\u0131": 7.618742377670413, "Bilmem": 7.618742377670413, "E\u015fim": 7.618742377670413, "Bilir": 7.618742377670413, "Program\u0131n\u0131n": 7.618742377670413, "Ma\u011fduru": 7.618742377670413, "\u00d6d\u00fcllerini": 7.618742377670413, "Y\u00fcreklere": 7.618742377670413, "Dokundu": 7.618742377670413, "Kariyer": 7.618742377670413, "Basamaklar\u0131": 7.618742377670413, "2000'lerde": 7.618742377670413, "Unutulmayacak": 7.618742377670413, "\u015eeyler": 7.618742377670413, "Bas\u00e7\u0131s\u0131na": 7.618742377670413, "Yapt\u0131": 7.618742377670413, "Bas\u00e7\u0131s\u0131": 7.618742377670413, "Aras\u0131nda": 7.618742377670413, "Ge\u00e7en": 7.618742377670413, "Hikaye": 7.618742377670413, "K\u0131l\u0131\u00e7'tan": 7.618742377670413, "\u00d6nemli": 7.618742377670413, "A\u00e7\u0131klama": 7.618742377670413, "T\u00fcrk": 7.618742377670413, "Sanat": 7.618742377670413, "M\u00fczi\u011fi": 7.618742377670413, "S\u00f6yledi": 7.618742377670413, "Herkesin": 7.618742377670413, "Unutamad\u0131\u011f\u0131": 7.618742377670413, "\u015eark\u0131lar\u0131": 7.618742377670413, "Seslendirdi": 7.618742377670413, "\u00dczerine": 7.618742377670413, "Att\u0131": 7.618742377670413, "Show'da": 7.618742377670413, "Ortal\u0131k": 7.618742377670413, "Kar\u0131\u015ft\u0131": 7.618742377670413, "-Yana": 7.618742377670413, "Yana": 7.618742377670413, "80'lerde": 7.618742377670413, "Unutulmayanlar": 7.618742377670413, "Duygusal": 7.618742377670413, "Konu\u015fma": 7.618742377670413, "Yapamad\u0131": 7.618742377670413, "Kimse": 7.618742377670413, "Tutam\u0131yor": 7.618742377670413, "80'ler": 7.618742377670413, "Deyince": 7.618742377670413, "Neyi": 7.618742377670413, "Hat\u0131rlat\u0131yor": 7.618742377670413, "Herkesi": 7.618742377670413, "Ge\u00e7mi\u015fe": 7.618742377670413, "G\u00f6t\u00fcrd\u00fc": 7.618742377670413, "S\u00f6ylerse": 7.618742377670413, "K\u00f6rler'in": 7.618742377670413, "Unutulmaz": 7.618742377670413, "An\u0131s\u0131": 7.618742377670413, "K\u0131l\u0131\u00e7": 7.618742377670413, "Sitem": 7.618742377670413, "Etti": 7.618742377670413, "Bilinmeyen": 7.618742377670413, "Hikayesi": 7.618742377670413, "Parma\u011f\u0131nda": 7.618742377670413, "Marifet": 7.618742377670413, "Eski": 7.618742377670413, "Aras\u0131n\u0131": 7.618742377670413, "Anlatt\u0131": 7.618742377670413, "S\u00fcrpriz": 6.925595197110468, "Gitti": 6.925595197110468, "Uzun": 6.925595197110468, "Caz": 6.925595197110468, "Mustafa": 6.520130089002303, "Sandal": 6.520130089002303, "Yeni": 6.2324480165505225, "Bir": 5.6728322286151, "Size": 5.6728322286151, "u": 4.399866552802212, "Ben": 4.184755173185267, "'": 4.0480619961371485, "Fake": 3.726922079559787, ",": 3.4119982091818186, "On": 1.8661697388447802, "a": 0.7538945996995527, "?": 0.5582660116706124}