{"Homestead": 55.053315359323626, "Big": 26.816426024616966, "Family": 26.190691460779476, "News": 21.12198845235149, "Tonight": 19.26486680341955, "GOOD": 12.14014953969854, "Freeze": 11.221384103180378, "Dried": 10.070655813373255, "LIVE": 9.490577189355108, "NEWS": 9.433748351136185, "Good": 9.011686752579456, "|": 8.132338721534897, "Necessary": 7.807916628926408, "6/12": 7.807916628926408, "Degenerative": 7.807916628926408, "5/29": 7.807916628926408, "CHOICES": 7.807916628926408, "ARTHRITIS": 7.807916628926408, "Announced": 7.807916628926408, "5/22": 7.807916628926408, "Additions": 7.807916628926408, "UNDECIDED": 7.807916628926408, "05/08/22": 7.807916628926408, "LIFE": 7.746509865639622, "But": 7.675249430748574, "Food": 7.311835802396238, "Tribe": 7.114769448366463, "Dehydrated": 7.114769448366463, "Differences": 7.114769448366463, "Prayers": 7.114769448366463, "Appreciated": 7.114769448366463, "MORINGA": 7.114769448366463, "5/15": 7.114769448366463, "COOP": 7.114769448366463, "Request": 6.709304340258298, "Becomes": 6.709304340258298, "HOOP": 6.709304340258298, "TONIGHT": 6.709304340258298, "RANT": 6.421622267806518, "001": 6.421622267806518, "Meaning": 6.421622267806518, "WORSE": 6.421622267806518, "Is": 6.414107117837666, "Inflation": 6.198478716492308, "Nearly": 6.198478716492308, "Aid": 6.198478716492308, "FEW": 6.198478716492308, "Gon": 6.198478716492308, "...": 6.193340659445942, "Chores": 6.016157159698354, "Sides": 5.862006479871095, "past": 5.728475087246572, "IS": 5.607940645961898, "Symptoms": 5.5053315359323625, "Afternoon": 5.5053315359323625, "Crisis": 5.5053315359323625, "Tractor": 5.5053315359323625, "SOME": 5.5053315359323625, "A": 5.476648200015216, "This": 5.471941044717655, "About": 5.428332856239292, "Warning": 5.3230099791384085, "Filled": 5.242967271464872, "Trust": 5.242967271464872, "FUTURE": 5.242967271464872, "Formula": 5.1688592993111495, "GONE": 5.1688592993111495, "Solutions": 5.035327906686628, "STEP": 4.974703284870192, "Winner": 4.917544871030244, "Fight": 4.812184355372417, "Solution": 4.763394191202986, "Farm": 4.629862798578463, "LOSS": 4.629862798578463, "FUN": 4.406719247264253, "OVER": 4.373929424441262, "Well": 4.373929424441262, "AWESOME": 4.373929424441262, "No": 4.317884781530405, "live": 4.311409067459929, "CA": 4.252568567436995, "Rolls": 4.196998716282184, "There": 4.170330469200023, "NOW": 4.119037174812473, "YEARS": 4.0943445622221, "Complete": 4.046716513232846, "Do": 4.03591291605831, "Truth": 4.023726995008147, "Hard": 4.023726995008147, "SHOULD": 4.001254139156089, "Relaxing": 3.95776902721635, "It": 3.940372363520937, "Some": 3.916096330815782, "Worst": 3.8958936234982624, "Has": 3.8958936234982624, "too": 3.8958936234982624, "Giveaway": 3.8189325823621343, "Really": 3.7474736183799893, "REALLY": 3.730379185020689, "Doing": 3.730379185020689, "na": 3.6490335455667364, "Too": 3.618261886899983, "Great": 3.603224009535442, "Bad": 3.573810124329149, "Step": 3.5594213868770495, "Crispy": 3.490428515390098, "just": 3.490428515390098, "OUR": 3.4771832886400773, "The": 3.424577858109988, "Kit": 3.3535693326729006, "Here": 3.3192802591942687, "If": 3.2435684374585723, "N'T": 3.2332056504230255, "Better": 3.153956278768885, "2022": 3.1081756347018707, "Real": 3.080528810214068, "Not": 3.080528810214068, "You": 3.0550415799324275, "Egg": 3.0372320044607437, "By": 3.0121260833296675, "Need": 2.963729542467817, "New": 2.935114650397313, "NOT": 2.932719305725257, "Baby": 2.8806629437692037, "When": 2.797281334830153, "Our": 2.777478707533973, "Work": 2.764491512007162, "Live": 2.70805020110221, "Q": 2.6604221521129556, "be": 2.6431306550028943, "Chicken": 2.582169955213207, "One": 2.5661696138667662, "All": 2.5349170703626616, "Vlog": 2.514611804201916, "YOU": 2.509599262378372, "And": 2.437278600798746, "EASY": 2.4234215661373195, "20": 2.3698373200032132, "NO": 2.3398564877912773, "for": 2.3364871943302394, "Time": 2.327277705584417, "Can": 2.2985282922984314, "vs": 2.235762596748644, "VLOG": 2.209494669928034, "First": 2.202114562630411, "BEST": 2.1875157632092583, "8": 2.1484344131667874, "From": 2.1484344131667874, "$": 2.0617134383862554, "n't": 2.024091446596671, "?": 1.9156998367674267, "'s": 1.9092350714806605, "Day": 1.646709307231332, "Your": 1.6196525058438187, "is": 1.5637497282626722, "What": 1.535039622380241, "For": 1.5200580687646241, "With": 1.4728623774283496, "and": 1.3717134945945322, "on": 1.2611312181658845, ".": 1.1258080314765997, ",": 0.8816791380907927, "the": 0.82970288629571, "in": 0.7397446285383668, "!": 0.6891071668127753, "-": 0.6690496289808848, "a": 0.6263246843145436}