{"NYC": 31.084819831257278, "BOYS": 28.713174201685185, "D": 21.560344121611585, "SCREAMING": 19.56039026700691, "Experiment": 18.296879759787963, "2016": 17.96695343467632, "HOOD": 15.948471854029101, "PRANK": 14.591310059389986, "IN": 13.937848847858433, "PSYCHO": 13.851190394220936, "PRANKS": 13.44974448522379, "COP": 12.018608930472626, "Social": 10.834227577313827, "Hood": 9.959370096110309, "POLICE": 9.821384353136406, "SWIPING": 7.618742377670413, "LOOTING": 7.618742377670413, "CRIMINALS": 7.618742377670413, "LACKING": 7.618742377670413, "DISTANCING": 7.618742377670413, "LEADS": 7.618742377670413, "SKATERS": 7.618742377670413, "CHICK-FIL-A": 7.618742377670413, "POPEYES": 7.618742377670413, "ERRYBODY": 7.618742377670413, "YERRRRRRRRRRR": 7.618742377670413, "BUN": 7.618742377670413, "Demonetization": 7.618742377670413, "BURIAL": 7.618742377670413, "BACKWOOH": 7.618742377670413, "BIH": 7.618742377670413, "VOTED": 7.618742377670413, "PUKING": 7.618742377670413, "Legalize": 7.618742377670413, "CAR": 7.453844159119574, "SWIPER": 6.925595197110468, "SURVIVED": 6.925595197110468, "PLASTIC": 6.925595197110468, "NERDY": 6.925595197110468, "NEIGHBORHOOD": 6.925595197110468, "Supporter": 6.925595197110468, "Trump": 6.828099516558894, "MTA": 6.520130089002303, "BUST": 6.520130089002303, "PATROL": 6.520130089002303, "Outbreak": 6.520130089002303, "HORN": 6.520130089002303, "Bans": 6.520130089002303, "GROUND": 6.520130089002303, "Cocaine": 6.520130089002303, "CHANGING": 6.520130089002303, "AT": 6.352182242360194, "SHOWDOWN": 6.2324480165505225, "MAFIA": 6.2324480165505225, "SMOKE": 6.2324480165505225, "STREETS": 6.2324480165505225, "VOMIT": 6.2324480165505225, "Suburbs": 6.2324480165505225, "(": 6.1949162627491745, ")": 6.1653231528068515, "OUT": 6.047245055071647, "CHASE": 6.009304465236313, "RAT": 6.009304465236313, "BATHROOM": 6.009304465236313, "SIGNS": 6.009304465236313, "THRU": 5.826982908442358, "SECURITY": 5.826982908442358, "BAG": 5.826982908442358, "WORKING": 5.826982908442358, "Luxury": 5.826982908442358, "Resort": 5.826982908442358, "Mall": 5.826982908442358, "ELEVATOR": 5.826982908442358, "CALLED": 5.826982908442358, "AIR": 5.6728322286151, "EXPLORING": 5.6728322286151, "COPS": 5.6728322286151, "Prank": 5.5969216241307524, "DRIVING": 5.539300835990577, "MASK": 5.539300835990577, "TOILET": 5.539300835990577, "BIKE": 5.421517800334194, "GIVING": 5.421517800334194, "CREEPY": 5.421517800334194, "DUDE": 5.316157284676367, "ABANDONED": 5.316157284676367, "Giveaway": 5.316157284676367, "BREAKS": 5.316157284676367, "Vote": 5.316157284676367, "ATTACKED": 5.316157284676367, "TRAIN": 5.220847104872043, "SOCIAL": 5.220847104872043, "AF": 5.220847104872043, "Theater": 5.220847104872043, "WHITE": 5.133835727882413, "Subway": 5.133835727882413, "McDonalds": 5.053793020208877, "Xbox": 5.053793020208877, "Shadow": 4.979685048055154, "SHOPPING": 4.910692176568203, "TRUMP": 4.910692176568203, "DRIVE": 4.846153655430632, "HIGH": 4.785529033614197, "Abandoned": 4.785529033614197, "THE": 4.685875093325366, "Chaos": 4.674303398503973, "EXPOSED": 4.574219939946991, "GOES": 4.527699924312097, "HERE": 4.483248161741264, "SCARY": 4.483248161741264, "EXTREME": 4.440688547322468, "Coronavirus": 4.440688547322468, "CAUGHT": 4.360645839648932, "PUBLIC": 4.322905511666084, "ULTIMATE": 4.25144654768394, "FACE": 4.1222348162039335, "FREE": 4.063394316180999, "FIGHT": 4.063394316180999, "Future": 4.035223439214303, "Friday": 3.9811562179440276, "FAKE": 3.8345527437521523, "On": 3.7323394776895604, "Gone": 3.7067193722422673, "FUNNY": 3.6297583311061388, "Free": 3.593390686935264, "GONE": 3.558299367123994, "BAD": 3.4916079926253216, "BIG": 3.444355107774776, "WRONG": 3.4290876356439877, "Wrong": 3.2749369558167296, "In": 3.269612193966446, "Black": 2.839618884558884, "FOR": 2.7359404550840423, "YouTube": 2.6914886925132087, "or": 2.621530103906298, "One": 2.531146042438029, "NO": 2.48884366274734, "VS": 2.216064995798134, "TO": 2.046588345492649, "*": 1.938569768653346, "vs": 1.9182988042797269, "The": 1.907638878604413, "I": 1.7611797661489126, "#": 1.7236199768457199, "2": 1.6216148679409745, "!": 1.6140095957612628, "3": 1.2020100951580874, "-": 1.1407119378970614, "&": 1.0381032403854644, "of": 0.900937682646722, "A": 0.7878681430242339, ",": 0.6823996418363637, "?": 0.5582660116706124}