{"mc.kaoshkraft.net": 187.12645375611248, "Livestream": 88.13295661241656, "Minecraft": 46.68442522026055, "IP": 31.720866513884175, "|": 21.785709883122696, "Server": 19.296333264944177, "Survival": 11.884587192325506, "GIVEAWAY": 8.944742251750489, "House": 8.650978031874782, "Biggs87x": 8.13593277200489, "Wheeler": 8.13593277200489, "Launch": 7.164111760808699, "New": 6.662137571982763, "Modern": 6.567805016170547, "DUNGEONS": 6.52649485957079, "Eco": 6.190022622949577, "Awkward": 5.65102612221689, "Mike": 5.570983414543353, "Present": 5.570983414543353, "-": 5.524641233604506, "MINECRAFT": 5.269349122920326, "Comeback": 4.8400959060005615, "Well": 4.803728261829686, "Stranger": 4.525014859360666, "HUNT": 4.422360705300583, "SURVIVAL": 4.351743138086629, "EASTER": 4.285785170294832, "Roleplay": 4.264731761096999, "SERVER": 4.223909766576744, "CUSTOM": 4.223909766576744, "EGG": 4.2041071392805645, "Setup": 4.165640858452769, ":": 3.7133483862052623, "Tour": 3.592637989734887, "Christmas": 3.4631039375429844, "25": 3.145500185226154, "Things": 3.02998729810431, "Make": 2.9597830394310614, "2020": 2.756035418464431, "!": 2.688272716881513, "Is": 1.6902129526193121, "This": 1.5158595654745344, "To": 1.4550780932146754, "How": 1.441370713483795, "NEW": 1.361708885647276, "...": 0.9681235876884466, "A": 0.7912137178552181, "'s": 0.7675930856935094, ",": 0.7058186334430898}