{"BoB": 63.87049240645285, "\ud83d\ude0a": 25.754056147197236, "BoBs": 14.193442756989521, "Everybody": 12.80714839586963, "\ud83c\udf38": 10.301622458878894, "God": 8.648265312509958, "\ud83e\udd70": 7.755691107253119, "LiL": 7.0967213784947605, "Shall": 7.0967213784947605, "Grace-My": 7.0967213784947605, "Gone\ud83c\udf38": 7.0967213784947605, "Talking\ud83d\udc4d\ud83d\udc4f\ud83d\ude03": 7.0967213784947605, "\ud83d\ude0a\ud83d\udc26": 7.0967213784947605, "mummy": 7.0967213784947605, "natter": 7.0967213784947605, "Coventry": 7.0967213784947605, "\ud83d\udc4f\ud83d\ude0a": 7.0967213784947605, "Abiding": 7.0967213784947605, "shadow": 7.0967213784947605, "Unfolding": 7.0967213784947605, "Jubilate": 7.0967213784947605, "Ball": 6.766298623580905, "Faithful": 6.403574197934815, "Kamikaze": 6.403574197934815, "press": 6.403574197934815, "narrow": 6.403574197934815, "path": 6.403574197934815, "burger": 6.403574197934815, "Dwelling": 6.403574197934815, "saving": 5.9981090898266505, "lil": 5.9981090898266505, "dat": 5.9981090898266505, "Vision": 5.9981090898266505, "Boo": 5.71042701737487, "Mothers": 5.71042701737487, "sing": 5.71042701737487, "Jesus": 5.71042701737487, "\ud83c\udf54": 5.71042701737487, "Larry": 5.71042701737487, "Sent": 5.48728346606066, "Moved": 5.304961909266705, "Yes": 5.304961909266705, "Sing": 5.304961909266705, "playtime": 5.304961909266705, "\ud83d\ude03": 5.150811229439447, "\ud83d\ude00": 5.150811229439447, "Budgie": 5.150811229439447, "Peek": 5.017279836814924, "Chain": 5.017279836814924, "hands": 5.017279836814924, "enjoying": 4.899496801158541, "Thoughts": 4.899496801158541, "Tunnel": 4.794136285500715, "have": 4.72104586020053, "Joy": 4.69882610569639, "Evening": 4.61181472870676, "gone": 4.531772021033223, "Happy": 4.489382229150286, "his": 4.473817948266176, "place": 4.457664048879502, "child": 4.38867117739255, "Stick": 4.263508034438544, "Playtime": 4.206349620598596, "\ud83d\ude06": 4.206349620598596, "song": 4.100989104940769, "Father": 3.9612271625656104, "Thank": 3.8778455536265595, "ball": 3.8778455536265595, "Garden": 3.8386248404732783, "\ud83e\udd23": 3.8386248404732783, "Merry": 3.8386248404732783, "loves": 3.8386248404732783, "tries": 3.7645168683195562, "I": 3.733556696160858, "Song": 3.7294255485082863, "June": 3.662734174009614, "Where": 3.6309854756950335, "am": 3.6309854756950335, "happy": 3.51320244003865, "much": 3.4858034658505357, "Green": 3.4331597323651137, "As": 3.4331597323651137, "world": 3.2900588887244404, ":": 3.2563626122717957, "Friends": 3.2255203675868693, "just": 3.2049010803841336, "Morning": 3.184698373066614, "too": 3.0893881932622893, "little": 3.0713696877596113, "back": 3.0023768162726596, "Let": 2.8920287591037943, "Be": 2.8772136733186535, "Good": 2.8772136733186535, "Family": 2.714694743820879, "home": 2.714694743820879, "into": 2.690002131230507, "15": 2.6423740822412527, "Not": 2.6080850087626204, "Amazing": 2.57493280144572, "a": 2.5535323805998815, "Our": 2.511753899824188, "Christmas": 2.511753899824188, "His": 2.511753899824188, "Little": 2.5016015283601702, ")": 2.4942604972711515, "as": 2.4915511925066687, "One": 2.4238925440328543, "time": 2.334547443697004, "We": 2.268407641192459, "me": 2.198881578543849, "your": 2.1694676933375554, "s": 1.996854950670562, "are": 1.8656127616401736, "Day": 1.8237218199310135, "you": 1.7884536810935554, "2022": 1.7835153994529729, "\u2019": 1.7354292127853352, "A": 1.689634990657743, "To": 1.5995531532015583, "to": 1.5197912946966385, "in": 1.4264294872215089, "the": 1.2988310319070941, "is": 1.1382966854649785, "on": 1.1203704691968264, "&": 1.0564666672173462, "for": 0.9941627838811914, "with": 0.9292048876064191, "'s": 0.8371399144298374, "of": 0.7251095312629039, "and": 0.6964639331859391, "?": 0.6182117362861911, ",": 0.5064203302980743, "!": 0.4171221926503772}