{"BOOS": 172.63463958109529, "GEEN": 27.7372674906825, "NIET": 24.72202285497813, "|": 22.49089556367356, "EN": 21.152073976797713, "HOE": 17.373922775242256, "EURO": 17.189325164791363, "GELD": 16.90339462537839, "RALPH": 16.064720295849, "HUURDERS": 16.064720295849, "LOON": 16.064720295849, "XPOSE": 16.064720295849, "WESSEL": 16.064720295849, "IJSEBAERT": 16.064720295849, "KLANTEN": 16.064720295849, "SYWERT": 16.064720295849, "maar": 15.972929840466872, "en": 15.285379286603074, ":": 15.208846195553821, "VASCO": 14.67842593472911, "ROUW": 14.67842593472911, "KOSTEN": 14.67842593472911, "DE": 12.4948532959849, "TE": 12.186204703117134, "1/2": 11.90583721248933, "maakt": 11.670271141176562, "TEGEN": 10.934821580925927, "van": 9.42603305910824, "met": 9.125782683437293, "aan": 8.686961387621128, "bij": 8.086752202720453, "HOCKEYLOVERZ": 8.0323601479245, "GEDING": 8.0323601479245, "S07E13": 8.0323601479245, "SWHEELS": 8.0323601479245, "BINNENGEHARKT": 8.0323601479245, "ELEKTRISCHE": 8.0323601479245, "S07E12": 8.0323601479245, "DEFENSIE": 8.0323601479245, "ORANJES": 8.0323601479245, "HOEVEN": 8.0323601479245, "S07E11": 8.0323601479245, "COSMAGIQ": 8.0323601479245, "MISLEIDING": 8.0323601479245, "DREIGEMENTEN": 8.0323601479245, "S07E10": 8.0323601479245, "CHANGE=": 8.0323601479245, "STEENRIJKE": 8.0323601479245, "MAMADEUS": 8.0323601479245, "UITKNIJPT": 8.0323601479245, "WOONCRISIS": 8.0323601479245, "S07E09": 8.0323601479245, "VERLOREN": 8.0323601479245, "RECHTSZAKEN": 8.0323601479245, "S07E08": 8.0323601479245, "PERFORMERS": 8.0323601479245, "PERSONEEL": 8.0323601479245, "OPSLUITEN": 8.0323601479245, "S07E07": 8.0323601479245, "OVERMARS": 8.0323601479245, "GEUS": 8.0323601479245, "INVESTEERDERS": 8.0323601479245, "LIJKEN": 8.0323601479245, "MISLEIDEN": 8.0323601479245, "S07E06": 8.0323601479245, "AGRESSIEVE": 8.0323601479245, "VERKOOPTECHNIEKEN": 8.0323601479245, "WURGCONTRACTEN": 8.0323601479245, "S07E05": 8.0323601479245, "GEZONDHEIDSKLACHTEN": 8.0323601479245, "GLADDE": 8.0323601479245, "PRAATJES": 8.0323601479245, "S07E04": 8.0323601479245, "TELEFOONDISCOUNTER": 8.0323601479245, "S07E03": 8.0323601479245, "BERT": 8.0323601479245, "VERHUUR": 8.0323601479245, "DIERENLEED": 8.0323601479245, "OVERLAST": 8.0323601479245, "S07E02": 8.0323601479245, "IQSQUARE": 8.0323601479245, "MILJOEN": 8.0323601479245, "OPGEHAALD": 8.0323601479245, "S07E01": 8.0323601479245, "CRYPTOMUNT": 8.0323601479245, "DUMP": 8.0323601479245, "ADVISEUR": 8.0323601479245, "S06E19": 8.0323601479245, "OPLICHTER": 8.0323601479245, "levert": 8.0323601479245, "PAARDENSPULLEN": 8.0323601479245, "LIJKT": 8.0323601479245, "FAMILIESCAM": 8.0323601479245, "S06E18": 8.0323601479245, "CAPABEL": 8.0323601479245, "ONDERWIJS": 8.0323601479245, "STAGEPUNTEN": 8.0323601479245, "S06E17": 8.0323601479245, "AFHANDIG": 8.0323601479245, "GENOEG": 8.0323601479245, "S06E16": 8.0323601479245, "LIVING27": 8.0323601479245, "HESSEL": 8.0323601479245, "VERDWIJNT": 8.0323601479245, "TIENDUIZENDEN": 8.0323601479245, "S06E15": 8.0323601479245, "SCHREEUW": 8.0323601479245, "ABORTUSKLINIEKEN": 8.0323601479245, "MISINFORMATIE": 8.0323601479245, "S06E14": 8.0323601479245, "WILLEM-ALEXANDER": 8.0323601479245, "PREDICAAT": 8.0323601479245, "ONZUIVERE": 8.0323601479245, "BEDRIJVEN": 8.0323601479245, "S06E13": 8.0323601479245, "COMPAGNONS": 8.0323601479245, "ROL": 8.0323601479245, "VWS": 8.0323601479245, "S06E12": 8.0323601479245, "CAMILLE": 8.0323601479245, "BERND": 8.0323601479245, "VERDIENDEN": 8.0323601479245, "BELASTINGGELD": 8.0323601479245, "S06E11": 8.0323601479245, "123GESLAAGD.NL": 8.0323601479245, "LANGSKOMEN": 8.0323601479245, "OPLOSSING": 8.0323601479245, "S06E10": 8.0323601479245, "DWERGKONIJNEN.COM": 8.0323601479245, "verkoopt": 8.0323601479245, "KONIJNTJES": 8.0323601479245, "S06E09": 8.0323601479245, "INTIMIDEERT": 8.0323601479245, "S06E08": 8.0323601479245, "VOORDEELDROGIST.EU": 8.0323601479245, "KLANTENSERVICE": 8.0323601479245, "LEVERINGEN": 8.0323601479245, "S06E07": 8.0323601479245, "KAMERNET": 8.0323601479245, "BELOFTES": 8.0323601479245, "S06E06": 8.0323601479245, "HUISSLEUTEL": 8.0323601479245, "vroeg": 8.0323601479245, "FOUTE": 8.0323601479245, "WEIGERT": 8.0323601479245, "S06E05": 8.0323601479245, "SMEDERIJ": 8.0323601479245, "ROEKEL": 8.0323601479245, "LEVERT": 8.0323601479245, "S06E04": 8.0323601479245, "\u00c9N": 7.339212967364555, "KORT": 7.339212967364555, "30.000": 7.339212967364555, "MARKT": 7.339212967364555, "ACHTERVOLGING": 7.339212967364555, "JONGE": 7.339212967364555, "BRANDS": 7.339212967364555, "BV": 7.339212967364555, "MARC": 7.339212967364555, "KOTS": 7.339212967364555, "EIGENAAR": 7.339212967364555, "ILLEGALE": 7.339212967364555, "PRAKTIJKEN": 7.339212967364555, "lijkt": 7.339212967364555, "VERDIENEN": 7.339212967364555, "SCHOON": 7.339212967364555, "CONFRONTEREN": 7.339212967364555, "klinkt": 7.339212967364555, "BELT": 7.339212967364555, "CONFRONTATIE": 7.339212967364555, "jarenlang": 7.339212967364555, "BETALEN": 7.339212967364555, "int": 7.339212967364555, "DUIZENDEN": 7.339212967364555, "\u00e9n": 7.339212967364555, "LIEGT": 7.339212967364555, "voor": 7.275821986504123, "een": 6.9360239129133285, "EDITIE": 6.933747859256391, "NEPPE": 6.933747859256391, "WAPENS": 6.933747859256391, "MARINA": 6.933747859256391, "valt": 6.933747859256391, "LASTIG": 6.933747859256391, "MILJOENEN": 6.933747859256391, "'S": 6.71803961862107, "VAN": 6.700457841600562, "GEN": 6.64606578680461, "JACUZZI": 6.64606578680461, "PUMP": 6.64606578680461, "MARKTPLAATS": 6.64606578680461, "werkt": 6.64606578680461, "SHIRT": 6.64606578680461, "CRISIS": 6.64606578680461, "BENDE": 6.64606578680461, "IEDEREEN": 6.64606578680461, ",": 6.546691591585285, "WERKEN": 6.4229222354904, "BAY": 6.4229222354904, "VROUWEN": 6.4229222354904, "KONING": 6.4229222354904, "mag": 6.4229222354904, "VROUW": 6.4229222354904, "STRAAT": 6.4229222354904, "WEET": 6.4229222354904, "SERVICE": 6.4229222354904, "SALES": 6.240600678696445, "KUNNEN": 6.086449998869187, "PRODUCTEN": 6.086449998869187, "WEL": 5.952918606244665, "PRODUCT": 5.952918606244665, "geeft": 5.952918606244665, "SNEL": 5.952918606244665, "zelf": 5.952918606244665, "POLITIE": 5.952918606244665, "LEUK": 5.835135570588281, "DOOD": 5.835135570588281, "KOMEN": 5.835135570588281, "komt": 5.729775054930455, "STEP": 5.63446487512613, "PETS": 5.63446487512613, "DEEL": 5.63446487512613, "STUDENT": 5.63446487512613, "WEG": 5.467410790462964, "SPA": 5.32430994682229, "ANIMAL": 5.32430994682229, "BIJNA": 5.32430994682229, "LEVEN": 5.32430994682229, "GROTE": 5.199146803868285, "tegen": 5.141988390028335, "VOICE": 5.08792116875806, "OM": 4.854306317576555, "GAAN": 4.774263609903018, "dit": 4.736523281920172, "wat": 4.700155637749297, "BIJ": 4.631162766262345, "als": 4.631162766262345, "die": 4.394773988198114, "AAN": 4.394773988198114, "N": 4.294690529641132, "NIEUWE": 3.971917137378081, "MAN": 3.812852442748394, "NA": 3.662912295457479, "HET": 3.6135195401279026, "EEN": 3.5325504775942353, "OP": 3.52150064140765, "S": 3.4576491694211176, "IN": 3.423183707347836, "op": 3.350228920800281, "||": 3.350228920800281, "over": 3.1345203479735892, "\u2019": 3.123121288283797, "REAL": 3.1197052621884485, "we": 2.8012515310699135, "AND": 2.502931060413077, "THIS": 2.4602061157467356, "IS": 2.3556063456562186, "de": 2.168728972326403, "THE": 1.5787351490318087, "is": 1.4216641032067412, "3": 1.2918407883182772, "in": 0.8684134635819533, "&": 0.8134504403054402}