{"Boskamp": 241.54978670525858, "versprekingen": 241.54978670525858, "-": 16.302623464898716, "Stressfractuur": 8.051659556841953, "Brom": 8.051659556841953, "Mark-Jan": 8.051659556841953, "Fledderus": 8.051659556841953, "Toure": 8.051659556841953, "Basacikoglu": 8.051659556841953, "Porto": 8.051659556841953, "Sturridge": 8.051659556841953, "Lambert": 8.051659556841953, "Koevermans": 8.051659556841953, "Kongolo": 8.051659556841953, "Simeone": 8.051659556841953, "Higuain": 8.051659556841953, "Fiorentina": 8.051659556841953, "Jermain": 8.051659556841953, "Defoe": 8.051659556841953, "Dijkshoorn": 8.051659556841953, "Bilbao": 8.051659556841953, "Cillessen": 8.051659556841953, "Immers": 8.051659556841953, "Georgie": 7.358512376282008, "Tapia": 7.358512376282008, "Yaya": 7.358512376282008, "Suarez": 7.358512376282008, "Rickie": 7.358512376282008, "Karim": 7.358512376282008, "Cahill": 7.358512376282008, "John": 6.953897156677142, "Lukaku": 6.953047268173844, "Janssen": 6.953047268173844, "Renato": 6.953047268173844, "Terence": 6.953047268173844, "Gonzalo": 6.953047268173844, "Ahmadi": 6.953047268173844, "Stones": 6.442221644407853, "Athletic": 6.442221644407853, "Jasper": 6.442221644407853, "RTL": 6.259900087613898, "Lex": 6.259900087613898, "Bilal": 6.10574940778664, "Leicester": 6.10574940778664, "Nico": 5.972218015162118, "Silva": 5.854434979505734, "Gary": 5.749074463847908, "Vincent": 5.653764284043583, "den": 5.486710199380417, "Diego": 5.343609355739743, "Canada": 5.218446212785738, "FC": 5.161287798945789, "Danny": 4.440741644197729, "Late": 4.414073397115568, "Daniel": 4.290459441148391, "Jordan": 4.267469922923692, "David": 3.4873113653741172, "El": 3.2894856220441975, "City": 3.2233458195396523, "van": 2.8868735829184393, "Night": 2.809912541782311}