{"GLMM": 64.258881183396, "~": 54.07199547970007, "Alpha": 47.62334884995732, "Alphas": 40.1618007396225, "Pup": 31.203003393482227, "Episode": 23.451602445601967, "Original": 21.473452648205658, "Part": 17.689200283944963, "\ud83d\udc3a": 16.064720295849, "disguise": 16.064720295849, "Celebrity": 14.823953083698555, "suggestions": 13.29213157360922, "\ud83d\udc3e": 12.8458444709808, "s": 12.428128849807361, "1": 12.366543727509862, "Shy": 12.172899997738375, "S1": 11.90583721248933, "EP1": 11.670271141176562, "brothers": 11.26892975025226, "Season": 10.69935608780975, "READ": 10.519542851369438, "series": 10.39829360773657, "SERIES": 9.6269686461126, "Any": 9.133248490249548, "The": 8.756228856871724, "Big": 8.340260159633612, "Baby": 8.340260159633612, "\u30b7": 8.0323601479245, "\ud835\ude94\ud835\ude92\ud835\ude8d\ud835\ude97\ud835\ude8a\ud835\ude99\ud835\ude99\ud835\ude8e\ud835\ude8d": 8.0323601479245, "\ud835\ude8b\ud835\udea2": 8.0323601479245, "\ud835\ude9d\ud835\ude91\ud835\ude8e": 8.0323601479245, "\ud835\ude96\ud835\ude8a\ud835\ude8f\ud835\ude92\ud835\ude8a": 8.0323601479245, "Bodyguard-": 8.0323601479245, "U-U": 8.0323601479245, "XxGachaGothxX": 8.0323601479245, "Srry": 8.0323601479245, "\ud83d\ude02\ud83d\udc95": 8.0323601479245, "\u2019": 7.807803220709493, "Living": 7.655335057067068, "Two": 6.956966512647919, "DESC": 6.933747859256391, "thumbnail": 6.933747859256391, "PINNED": 6.933747859256391, "COMMENT": 6.933747859256391, "Disguise": 6.933747859256391, "lazy": 6.64606578680461, "OC": 6.64606578680461, "3": 6.459203941591386, "schools": 6.4229222354904, "2/2": 6.4229222354904, "Bodyguard": 6.240600678696445, "Criminals": 6.086449998869187, "Girl": 6.04344970765649, "1/2": 5.952918606244665, "Lock": 5.952918606244665, "ORIGINAL": 5.835135570588281, "nothing": 5.835135570588281, "Zach": 5.729775054930455, "Remake": 5.63446487512613, "kinda": 5.63446487512613, "CHANNEL": 5.467410790462964, "Seven": 5.467410790462964, "Kitty": 5.32430994682229, "Introduction": 5.199146803868285, "All": 4.982193205532148, "2": 4.950369879923786, "|": 4.819477620787191, "Nothing": 4.566624245124774, "Dating": 4.505999623308339, "sister": 4.394773988198114, "short": 4.22569765815418, "NEW": 4.17387907863585, "Gift": 4.140539849813874, "My": 4.111516222137568, "*": 4.10189187334004, "Ep": 4.081116429343073, "//": 3.9052257628794087, "Sister": 3.889225421532968, "Boy": 3.827667528533534, "for": 3.7133207011440037, "Final": 3.6885547260708167, "Short": 3.6885547260708167, "With": 3.503928617928611, "Down": 3.2961616995300047, "Trailer": 3.2040464106221993, "Bad": 3.1960782409730224, "\u201c": 2.9571863326906733, "BACK": 2.9447638126921163, "\u201d": 2.938609947117738, "By": 2.7800867198778705, "Family": 2.699641354659131, "Our": 2.543422421767814, "-": 2.541646181213946, "/": 2.471678516908973, "No": 2.3975705447552507, "IS": 2.3556063456562186, "Of": 2.038398720617931, "+": 1.9365355854922757, "For": 1.8502752412078687, "?": 1.788996994717956, "in": 1.7368269271639065, "New": 1.6556332000258736, "THE": 1.5787351490318087, "In": 1.5724556935469656, "...": 1.45728430732488, "and": 1.0103837248523406, "the": 0.8855879684718633, "(": 0.7447995076147765, ")": 0.7298637241971746, ",": 0.5951537810532077, "!": 0.40335625827154326}