{"ENTITLED": 99.04365090971537, "PARENTS": 58.28222610263643, "entitled": 53.33119664369289, "most": 49.10858223665102, "literally": 39.7098256003057, "all": 33.59833604822835, "time": 31.052470152810397, "parents": 28.37022371864549, "these": 26.89948897044758, "ever": 21.349796202743967, "r/AmITheA": 20.776785591331404, "hole": 17.480948725327075, "the": 15.321548386365757, "CHOOSING": 15.237484755340827, "choosing": 13.851190394220936, "BEGGARS": 13.851190394220936, "will": 13.368305034617432, "DISTURBING": 12.464896033101045, "see": 11.436239663700281, "you": 10.651187763834322, "entire": 10.632314569352735, "REVENGE": 10.107586040417754, "of": 9.910314509113942, "CRAZIEST": 9.821384353136406, "seen": 9.348606797007946, "worst": 8.881377094644936, "have": 8.347381412156807, "INSANE": 8.015648930052377, "think": 7.859725847112954, "than": 7.715084523953702, "malicious": 7.618742377670413, "compliance": 7.618742377670413, "imagined": 7.618742377670413, "beggars": 7.618742377670413, "hijacked": 7.618742377670413, "beggar": 7.618742377670413, "SELFISH": 7.618742377670413, "NASTIEST": 7.618742377670413, "DISGRACEFUL": 7.618742377670413, "PETTY": 7.618742377670413, "BELLIGERENT": 7.618742377670413, "are": 7.195159657776266, "engagement": 6.925595197110468, "agree": 6.925595197110468, "WORST": 6.602508528268206, "made": 6.524067101961643, "quitting": 6.520130089002303, "sisters": 6.520130089002303, "me": 6.08326619147867, "evil": 6.009304465236313, "Entitled": 6.009304465236313, "i": 5.818424352716159, "*": 5.815709305960038, "worse": 5.6728322286151, "taken": 5.6728322286151, "steal": 5.6728322286151, "AWFUL": 5.6728322286151, "ruin": 5.539300835990577, "KAREN": 5.539300835990577, "ruined": 5.421517800334194, "HORRIBLE": 5.421517800334194, "quit": 5.316157284676367, "driving": 5.053793020208877, "ANNOYING": 4.910692176568203, "turn": 4.846153655430632, "today": 4.785529033614197, "might": 4.674303398503973, "party": 4.527699924312097, "WILD": 4.440688547322468, "week": 4.322905511666084, "actually": 4.322905511666084, "WAY": 4.286537867495209, "PRO": 4.217544996008258, "tried": 4.153006474870687, "guy": 3.9051703109661053, "house": 3.9051703109661053, "want": 3.7475413667625226, "my": 3.5854845405799263, "Parents": 3.4756076512788807, "day": 3.301254264134103, "more": 3.2749369558167296, "his": 3.054394186202577, "is": 2.684197776657538, "about": 2.6629153200691524, "that": 2.4539564037468993, "your": 2.202641975465993, "this": 2.129804651513727, "from": 2.0503978739093167, "it": 1.9592601619107923, "to": 1.8434162600078579, "a": 1.5077891993991055, "for": 1.4470417802594981, "with": 1.276620958949262}