{"Bushcraft": 126.33930035366544, "Woodland": 77.0594672136782, "Shelter": 66.17772875668189, "Survival": 50.92849078436309, "Cabin": 48.69019220515234, "Log": 36.700770900254106, "Wilderness": 36.09694295819013, "Hand": 29.979788947039914, "Tools": 27.81746630912062, "Project": 24.915949708139348, "PRIMITIVE": 23.423749886779227, "Building": 22.077693951382194, "Stove": 21.64008542451215, "Primitive": 17.185425261739717, "Off-Grid": 16.83207615477057, "Woods": 15.969029937415225, "Woodstove": 15.615833257852817, "Stealth": 15.615833257852817, "Secret": 14.93817531660686, "Camp": 14.590432949279904, "Wood": 14.473047547599933, "Bed": 14.412896038141769, "BUSHCRAFT": 14.229538896732926, "SHELTER": 14.229538896732926, "LOG": 14.229538896732926, "In": 12.891780009055104, "BUNKER": 12.843244535613035, "SURVIVAL": 12.396957432984616, "WW2": 12.396957432984616, "CABIN": 12.396957432984616, "Cedar": 12.396957432984616, "using": 11.436626954192961, "DOG": 10.820042712256075, "Deer": 10.485934542929744, "in": 10.356424799537134, "Grid": 10.337718598622299, "Sleeping": 10.199732855648397, "|": 9.383467755617188, "Hunting": 9.259725597156926, "Solo": 8.747858848882524, "tools": 8.747858848882524, "Wild": 8.340660938400045, "hand": 8.288709965593524, "with": 8.195034469268169, "KNOW": 8.047453990016294, "-": 8.028595547770617, "Overnighter": 7.807916628926408, "PALLET": 7.807916628926408, "Dense": 7.807916628926408, "knowledge": 7.807916628926408, "1.4kg": 7.807916628926408, "ROOF": 7.807916628926408, "STEALTH": 7.807916628926408, "WOODLAND": 7.807916628926408, "'SECRET": 7.807916628926408, "Campfire": 7.807916628926408, "OUTDOORS": 7.807916628926408, "Wartime": 7.807916628926408, "Air-Raid": 7.807916628926408, "Located": 7.807916628926408, "MUSHROOMS": 7.807916628926408, "TAOUTDOORS": 7.807916628926408, "Fire": 7.637865164724269, "WOODEN": 7.114769448366463, "Hides": 7.114769448366463, "CAMP": 7.114769448366463, "Feasts": 7.114769448366463, "bushcraft": 7.114769448366463, "wilderness": 7.114769448366463, "CAMPFIRE": 7.114769448366463, "ep.4": 7.114769448366463, "Step-By-Step": 6.709304340258298, "LIGHTING": 6.709304340258298, "Foraging": 6.709304340258298, "the": 6.63762309036568, "Off": 6.616213917192287, "GRILL": 6.421622267806518, "SOMEONE": 6.421622267806518, "MOSS": 6.421622267806518, "Solved": 6.421622267806518, "sleeping": 6.421622267806518, "ep.3": 6.421622267806518, "A": 6.259026514303104, "COOKED": 6.198478716492308, "EXPLORING": 6.198478716492308, "WOODS": 6.198478716492308, "Cooking": 6.143436361063826, "an": 6.0447090616267936, "DESTROYED": 6.016157159698354, "SUBSCRIBER": 6.016157159698354, "CAUGHT": 6.016157159698354, "Build": 5.943269443949861, "TIP": 5.862006479871095, "EDIBLE": 5.862006479871095, "STEAK": 5.728475087246572, "100,000": 5.728475087246572, "TA": 5.610692051590189, "cooked": 5.610692051590189, "WRAP": 5.5053315359323625, "PROJECT": 5.5053315359323625, "Possible": 5.410021356128038, "DOOR": 5.410021356128038, "hidden": 5.3230099791384085, "Caught": 5.242967271464872, "Nights": 5.242967271464872, "BUILDING": 5.1688592993111495, "WILD": 5.1688592993111495, "BUILD": 5.099866427824199, "TOOLS": 5.099866427824199, "Cooked": 5.099866427824199, "built": 5.099866427824199, "Axe": 5.099866427824199, "Abandoned": 5.099866427824199, "COOK": 5.035327906686628, "YOU": 5.019198524756744, "a": 5.010597474516349, "Bow": 4.974703284870192, "Catch": 4.974703284870192, "THIS": 4.960080920273655, "FIRE": 4.917544871030244, "SQUID": 4.917544871030244, "Food": 4.874557201597492, "dog": 4.863477649759968, "and": 4.800997231080863, "COOKING": 4.672422412997259, "PIZZA": 4.672422412997259, "Exploring": 4.629862798578463, "GIANT": 4.589040804058207, "Forest": 4.549820090904927, "Built": 4.549820090904927, "Floor": 4.549820090904927, "project": 4.549820090904927, "SPECIAL": 4.512079762922079, "Expert": 4.512079762922079, "my": 4.434587170211136, "Basics": 4.373929424441262, "Chair": 4.373929424441262, "find": 4.373929424441262, "The": 4.2807223226374855, "Is": 4.2760714118917775, "Improve": 4.252568567436995, "Future": 4.252568567436995, "Drill": 4.196998716282184, "Wrap": 4.119037174812473, "Stick": 4.119037174812473, "Pancakes": 4.119037174812473, "Plastic": 4.07024701064304, "Opening": 4.07024701064304, "Mystery": 4.07024701064304, "Door": 4.07024701064304, "Mushroom": 4.07024701064304, "SHOULD": 4.001254139156089, "STOP": 3.9792752324373133, "Tip": 3.95776902721635, "DID": 3.8566729103449813, "should": 3.782564938191259, "MY": 3.7093465892772484, "Channel": 3.6970427647530975, "60": 3.680782243881317, "Finally": 3.680782243881317, "THE": 3.6682140341142944, "WHY": 3.6490335455667364, "To": 3.6487286907532512, "Dog": 3.6335293590307716, "TO": 3.6130035019305167, "Cook": 3.5594213868770495, "Table": 3.531250509910353, "minutes": 3.5038515357222386, "Create": 3.4771832886400773, "Days": 3.4641112070727247, "know": 3.377099830083095, "TIME": 3.3420085102718247, "50": 3.2229491502558365, "NEED": 3.202746442938317, "Guide": 3.116568746697265, "For": 3.0401161375292483, "Free": 2.9716347219749304, "With": 2.945724754856699, "HUGE": 2.932719305725257, "Let": 2.8591567385482404, "Water": 2.852089571325148, "FIRST": 2.7580606216768717, "Will": 2.70805020110221, "House": 2.6205308230856534, "Chicken": 2.582169955213207, "Skin": 2.571474666096459, "Update": 2.5661696138667662, "up": 2.4655823769615974, "Using": 2.46080909820894, "Try": 2.441940613904557, "out": 2.3785709999719677, "'": 2.3698373200032132, "Ideas": 2.3698373200032132, "NO": 2.3398564877912773, "ON": 2.335645955254934, "Style": 2.331453076994898, "HOW": 2.2784875414149854, ".": 2.2516160629531994, "5": 2.185066485183455, "Tips": 2.127744019909341, "It": 1.9701861817604684, "IN": 1.9357988394509926, "?": 1.9156998367674267, "This": 1.823980348239218, "it": 1.8065017509652583, "you": 1.7942014728836067, "I": 1.7373253657698007, "Home": 1.7302743855773741, "Day": 1.646709307231332, "Your": 1.6196525058438187, "How": 1.5790296597144156, "What": 1.535039622380241, "at": 1.529395204760564, "You": 1.5275207899662138, "on": 1.2611312181658845, "&": 1.1721616072759191, "3": 1.0556462527846664, "'s": 0.9546175357403303, "2": 0.9493515941350432, ":": 0.9368253343158628, ",": 0.8816791380907927, "(": 0.7735286990109054, ")": 0.7526037855866569, "!": 0.6891071668127753, "to": 0.6119794024508394}