{"Roblox": 85.88799640323431, "In": 38.82959523657849, "HATED": 30.282456151625272, "Boyfriend": 20.1795612745863, "Brother": 18.807782270078977, "Girl": 15.168509400604826, "Sister": 14.105836702559234, "School": 14.004815135101019, "EARTH": 12.380045245899154, "TWIN": 12.380045245899154, "BIRTH": 12.112982460650109, "SISTERS": 12.112982460650109, "LOVE": 11.978394136840073, "Adopted": 11.47607499841304, "TURNING": 11.47607499841304, "My": 10.220766852590298, "STOLE": 9.607456523659373, "GAMER": 9.161169421030953, "Can": 8.699709729526468, "Step-Sister": 8.13593277200489, "E-GIRL": 8.13593277200489, "E-BOY": 8.13593277200489, "!": 8.06481815064454, "RED": 7.482967234664903, "Family": 7.410231946323154, "His": 7.185275979469774, "Older": 7.037320483336781, "ME": 6.974375337084569, "MINDS": 6.749638410885, "DAUGHTER": 6.52649485957079, "Predict": 6.52649485957079, "POPULAR": 6.52649485957079, "FORCED": 6.52649485957079, "E-Girl": 6.52649485957079, "SWITCHED": 6.52649485957079, "On": 6.359326836919612, "Hated": 6.344173302776835, "Sisters": 6.190022622949577, "By": 6.05997459620862, "RICHEST": 6.056491230325054, "FAT": 6.056491230325054, "ONLY": 6.023937585203263, "At": 5.976876590382875, "FREEZE": 5.9387081946686715, "Kicked": 5.9387081946686715, "PARENTS": 5.833347679010845, "VILLAIN": 5.833347679010845, "With": 5.710454266363103, "NERD": 5.65102612221689, "MARRIED": 5.65102612221689, "SUPERHERO": 5.65102612221689, "TALK": 5.496875442389632, "Every": 5.448573440299701, "ANIMALS": 5.42788257090268, "POOR": 5.3027194279486745, "Read": 5.3027194279486745, "Brothers": 5.3027194279486745, "Joining": 5.3027194279486745, "FAVORITE": 5.140200498450899, "CRUSH": 5.140200498450899, "ANIME": 5.140200498450899, "FAMOUS": 5.091410334281467, "BULLY": 5.044890318646575, "BROTHER": 5.044890318646575, "BOY": 5.000438556075741, "BOYS": 4.957878941656944, "GIRLS": 4.768636942018416, "I": 4.758921496038267, "FAMILY": 4.609572247388729, "FUTURE": 4.580584710515477, "HATE": 4.525014859360666, "IRON": 4.525014859360666, "RICH": 4.3072913755157956, "Finding": 4.285785170294832, "m": 4.264731761096999, "GUYS": 4.264731761096999, "GIRL": 4.244112473894264, "Their": 4.110581081269741, "BAD": 3.636123101674625, "MAN": 3.417433900709796, "Little": 3.417433900709796, "Is": 3.3804259052386243, "Has": 3.006034057081817, "Vs": 2.965448776966739, "To": 2.910156186429351, "Was": 2.837615405456854, "REAL": 2.812922792866482, "Out": 2.7514377092158013, "Last": 2.7287610005447718, "That": 2.479940961185038, "Get": 2.37703099812761, "Time": 2.3069871543946836, "\u2019": 2.1905121633983153, "at": 2.013439962490504, "in": 1.9885910519180792, "THE": 1.205438006053264, "(": 1.2054344060297562, ")": 1.2054344060297562, "is": 1.1438363445890025, "The": 0.9403586802863836, "A": 0.7912137178552181}