{"2018": 34.172396310832404, "AC/DC": 32.129440591698, "DC": 29.927026261206464, "Ebay": 25.6916889419616, "Dorking": 24.0970804437735, "BONFEST": 24.0970804437735, "DIRTY": 23.340542282353123, "Jan": 21.039085702738877, "10/11/13": 16.064720295849, "Kirriemuir": 16.064720295849, "KOKO": 14.67842593472911, "Oct": 13.867495718512782, "Camden": 12.8458444709808, "Boy": 11.483002585600602, "London": 9.588234722919067, "UK": 9.517643230688485, "01": 9.400311275498593, "George": 9.196745886878709, "UP": 8.94751242202489, "Moon": 8.45139531630836, "DIRTY\u26a1\ufe0fDC": 8.0323601479245, "EasyJet": 8.0323601479245, "EZY5102": 8.0323601479245, "turbine": 8.0323601479245, "disturbing": 8.0323601479245, "24vdv": 8.0323601479245, "Cheerios": 8.0323601479245, "Magnets": 8.0323601479245, "Marillion": 8.0323601479245, "Misplaced": 8.0323601479245, "D7200": 8.0323601479245, "Celestron": 8.0323601479245, "C9.25": 8.0323601479245, "DMOUSE": 8.0323601479245, "Crescent": 8.0323601479245, "Shootin": 8.0323601479245, "BOSCH": 8.0323601479245, "HOB": 8.0323601479245, "1Lt": 8.0323601479245, "\u26a1\ufe0f\ud83d\ude1c\ud83e\udd18": 8.0323601479245, "Sansui": 8.0323601479245, "SP-X7900": 8.0323601479245, "ZEROSTAT": 8.0323601479245, "MILTY": 8.0323601479245, "ANTI-STATIC": 8.0323601479245, "SLADE": 8.0323601479245, "TIMELINE": 8.0323601479245, "DRUM": 8.0323601479245, "BULLICIO": 8.0323601479245, "PUPPETS": 8.0323601479245, "DISTORTION": 8.0323601479245, "\\m/": 8.0323601479245, "Bachmann": 8.0323601479245, "DCC": 8.0323601479245, "Liliput": 8.0323601479245, "E44": 8.0323601479245, "unit": 8.0323601479245, "B": 7.596507286654482, "Align": 7.339212967364555, "Dientes": 7.339212967364555, "Nikon": 7.339212967364555, "Choo": 7.339212967364555, "ASTRO": 7.339212967364555, "ROCKER": 7.339212967364555, "INDUCTION": 7.339212967364555, "BOILING": 7.339212967364555, "STRIPPER": 7.339212967364555, "Stiff": 7.339212967364555, "-": 6.989526998338352, "Checks": 6.933747859256391, "Vi\u00f1a": 6.933747859256391, "1977": 6.933747859256391, "clouds": 6.933747859256391, "Waxing": 6.933747859256391, "SOUL": 6.933747859256391, "panel": 6.933747859256391, "Ladder": 6.64606578680461, "Lapse": 6.64606578680461, "range": 6.64606578680461, "sec": 6.64606578680461, "Squirrel": 6.4229222354904, "backstage": 6.4229222354904, "Boogie": 6.4229222354904, "Upper": 6.240600678696445, "Deluxe": 6.086449998869187, "\u2601\ufe0f": 6.086449998869187, "\u26a1\ufe0f": 6.086449998869187, "CHRIS": 6.086449998869187, "UPS": 6.086449998869187, "Unit": 6.086449998869187, "Those": 5.952918606244665, "Mar": 5.835135570588281, "JACK": 5.835135570588281, "starts": 5.729775054930455, "cold": 5.729775054930455, "GUN": 5.729775054930455, "SOUND": 5.729775054930455, "bit": 5.63446487512613, "flight": 5.5474534981365, "Jacob": 5.467410790462964, "pets": 5.467410790462964, "Lip": 5.467410790462964, "250": 5.32430994682229, "Dirty": 5.32430994682229, "sound": 5.259771425684719, "Wales": 5.259771425684719, "Half": 5.199146803868285, "garden": 5.0366278743705095, "Childhood": 4.941317694566185, "train": 4.941317694566185, "October": 4.896865931995351, "August": 4.854306317576555, "\u2026": 4.8134843230563, "02": 4.8134843230563, "Iron": 4.774263609903018, "Dan": 4.700155637749297, "SOLO": 4.700155637749297, "channel": 4.665064317938026, "Sound": 4.631162766262345, "free": 4.477012086435087, "Record": 4.421442235280276, "...": 4.37185292197464, "working": 4.343480693810564, "water": 4.294690529641132, "test": 4.140539849813874, "Gone": 4.140539849813874, "TEST": 4.043376101360226, "II": 3.954822704018781, "del": 3.755694028908445, "part": 3.662912295457479, "Beautiful": 3.5664520292699167, "CAN": 3.5664520292699167, "my": 3.545557367719155, "\ud83d\ude33": 3.52150064140765, "Box": 3.52150064140765, "....": 3.1960782409730224, "Bad": 3.1960782409730224, "Just": 3.1420110197027467, "La": 3.1345203479735892, "25": 3.1123792220963757, "(": 2.979198030459106, ")": 2.9194548967886984, "new": 2.5899424374027067, "en": 2.5475632144338456, "/": 2.471678516908973, "are": 2.3693996677885543, "Time": 2.3556063456562186, "..": 2.302260364950926, "'": 2.079116813636716, "s": 2.0713548083012268, "from": 2.043398731034637, "2021": 2.040895600816518, "!": 2.016781291357716, "For": 1.8502752412078687, "the": 1.7711759369437265, "``": 1.7482259868536985, "''": 1.7224418696979837, "4": 1.6920008441967482, "at": 1.6832211565447024, "\u2019": 1.5615606441418985, "3": 1.2918407883182772, "with": 1.2145295764703505, ".": 1.140734250872247, "and": 1.0103837248523406, "a": 0.8903235732176977, "in": 0.8684134635819533, "&": 0.8134504403054402}