{".mp4": 46.847499773558454, "University": 19.453910599039872, "UNIVERSITY": 17.586019439613285, "Cerys": 15.615833257852817, "Davies": 15.615833257852817, "CLOTHES-": 15.615833257852817, "HALLS": 15.615833257852817, "MANCHESTER": 13.418608680516597, "UNI": 11.221384103180378, "VLOG": 11.04747334964017, "ACNE": 9.835089742060488, "VEGAN": 9.259725597156926, "DIY": 8.191529482174763, "\u00a39.99": 7.807916628926408, "LAKESIDE": 7.807916628926408, "LODGE": 7.807916628926408, "RIDES": 7.807916628926408, "CYSTIC": 7.807916628926408, "normalisingacne": 7.807916628926408, "Normalising": 7.807916628926408, "WALES": 7.807916628926408, "Kaitlin": 7.807916628926408, "CAMDEN": 7.807916628926408, "MARKET//": 7.807916628926408, "choker": 7.807916628926408, "Wilko": 7.807916628926408, "-aka": 7.807916628926408, "homely": 7.807916628926408, "VEGAN-": 7.807916628926408, "MY": 7.418693178554497, "NIGHTLIFE": 7.114769448366463, "CLEARED": 7.114769448366463, "Nero": 7.114769448366463, "PARTS": 7.114769448366463, "SKIRT": 7.114769448366463, "CALORIE": 6.709304340258298, "LOCATION": 6.709304340258298, "SCARF": 6.709304340258298, "FLIGHT": 6.421622267806518, "EDINBURGH": 6.421622267806518, "uni": 6.421622267806518, "WORSE": 6.421622267806518, "//": 6.3658876312842745, "CHALLENGE": 6.30791255753777, "STAYCATION": 6.198478716492308, "Portobello": 6.198478716492308, "\u00a3100": 6.198478716492308, "COUPLE": 6.016157159698354, "NATURALLY": 6.016157159698354, "DOGS": 6.016157159698354, "DENIM": 6.016157159698354, "TOOK": 5.862006479871095, "STUDENT": 5.862006479871095, "TOPS": 5.862006479871095, "IN": 5.807396518352978, "Tops": 5.728475087246572, "UGLY": 5.610692051590189, "Uni": 5.610692051590189, "JEANS": 5.610692051590189, "literally": 5.5053315359323625, "WHAT": 5.440640587388049, "TO": 5.419505252895775, "Documentary": 5.410021356128038, "SUSHI": 5.3230099791384085, "Tour": 5.263533792705159, "FRIED": 5.242967271464872, "House": 5.241061646171307, "ITS": 5.1688592993111495, "jeans": 5.1688592993111495, "LIFE": 5.164339910426414, "EXPERIENCE": 5.099866427824199, "FINAL": 5.035327906686628, "PHOTOSHOOT": 5.035327906686628, "Emma": 4.974703284870192, "BEING": 4.917544871030244, "Cafe": 4.812184355372417, "CLOTHES": 4.763394191202986, "10,000": 4.629862798578463, "Move": 4.629862798578463, "Cost": 4.629862798578463, "Tie": 4.629862798578463, "Market": 4.589040804058207, "HAUL": 4.564927379589249, "PACK": 4.549820090904927, "KFC": 4.512079762922079, "Haul": 4.48679244320743, "INTO": 4.342180726126682, "DECOR": 4.311409067459929, "take": 4.311409067459929, "CHICKEN": 4.281556104310247, "Front": 4.2243976904702984, "AFTER": 4.196998716282184, "EDITION": 4.170330469200023, "+": 4.149142815063062, "Road": 4.144354982796762, "IKEA": 4.07024701064304, "Acne": 4.023726995008147, "Trailer": 4.023726995008147, "minute": 4.023726995008147, "LIKE": 3.8958936234982624, "THINGS": 3.837624715374287, "HOT": 3.8005834436939376, "FASHION": 3.782564938191259, "London": 3.7474736183799893, "UK": 3.713572066704308, "MOVING": 3.6970427647530975, "YEAR": 3.618261886899983, "OLD": 3.588408923750302, "things": 3.5594213868770495, "they": 3.545236751885093, "FOOD": 3.531250509910353, "Moving": 3.5038515357222386, "2017": 3.4771832886400773, "Outfits": 3.438468776459387, "-": 3.3452481449044242, "Day": 3.293418614462664, "Eat": 3.2753171357731525, "UPDATE": 3.2646218466564045, "WE": 3.2229491502558365, "TOP": 3.2229491502558365, "week": 3.2127967787918186, "Everyday": 3.1829438156421372, "A": 3.129513257151552, "w/": 3.125785401802189, "MORE": 3.0983864276140745, "(": 3.0941147960436215, "SUMMER": 3.062984500563158, "2019": 3.054326437820044, ")": 3.0104151423466274, "Shopping": 2.9796028916241073, "AT": 2.9481042245647364, "NOT": 2.932719305725257, "IS": 2.803970322980949, "DO": 2.7709640265127793, "VS": 2.764491512007162, "into": 2.7019711550258276, "DAY": 2.545226440021523, "Vlog": 2.514611804201916, "THIS": 2.4800404601368276, "day": 2.4655823769615974, "Challenge": 2.451330354254396, "Quick": 2.3698373200032132, "AND": 2.352595513568707, "&": 2.3443232145518382, "1": 2.297245418485542, "HOW": 2.2784875414149854, "FOR": 2.235762596748644, "BEST": 2.1875157632092583, "WITH": 2.0974896115515387, "make": 2.0149030205422647, "THE": 1.8341070170571472, "I": 1.7373253657698007, "!": 1.722767917031938, "What": 1.535039622380241, "in": 1.4794892570767335, ",": 1.322518707136189, "|": 1.2511290340822918, "5": 1.0925332425917276, "3": 1.0556462527846664, "#": 0.921384986395898, "the": 0.82970288629571, "and": 0.6858567472972661, "a": 0.6263246843145436, "to": 0.6119794024508394}