{"episode": 109.44347226714423, "Hut": 70.63784494587169, "Primitive": 68.74170104695887, "Adobe": 46.89605183896876, "Camp": 19.453910599039872, "(": 18.56468877626173, "Survival": 18.519451194313852, ")": 18.062490854079766, "Mass": 17.586019439613285, "Heater": 16.83207615477057, "Rocket": 16.230064068384113, "Agriculture": 15.615833257852817, "Adventure": 14.75263461309073, "Bark": 13.418608680516597, "Shelter": 12.032314319396708, "Fireplace": 12.032314319396708, "Pottery": 11.72401295974219, "Roof": 11.010663071864725, "Chat": 10.721430372987447, "Trap": 10.485934542929744, "the": 9.95643463554852, "Catch": 9.949406569740384, "Desert": 9.835089742060488, "Building": 9.461868836306655, "Mountain": 9.099640181809853, "Stone": 8.88124159787987, "Raw": 8.563112208620494, "Clay": 8.047453990016294, "Q": 7.981266456338867, "Rufo": 7.807916628926408, "Fingernails": 7.807916628926408, "Languages": 7.807916628926408, "Javelina": 7.807916628926408, "Juniper": 7.807916628926408, "Kiln": 7.807916628926408, "Prickly": 7.807916628926408, "Cook": 7.118842773754099, "Shave": 7.114769448366463, "Dakota": 7.114769448366463, "Branches": 7.114769448366463, "Making": 6.788217553340538, "Encounter": 6.709304340258298, "Plunge": 6.709304340258298, "Oral": 6.709304340258298, "Firing": 6.709304340258298, "Fish": 6.661159628896404, "Mice": 6.421622267806518, "Sowing": 6.198478716492308, "Aid": 6.198478716492308, "Pods": 6.198478716492308, "Dirt": 6.198478716492308, "and": 6.172710725675395, "Pots": 6.016157159698354, "Insulation": 6.016157159698354, "Peeling": 5.862006479871095, "Processing": 5.862006479871095, "Pear": 5.728475087246572, "Storm": 5.610692051590189, "of": 5.5221843435707445, "Yarn": 5.410021356128038, "more": 5.403942310051655, "Preview": 5.3230099791384085, "Beginning": 5.3230099791384085, "Harvest": 5.3230099791384085, "Lobster": 5.242967271464872, "Jungle": 5.1688592993111495, "Hygiene": 5.1688592993111495, "41": 5.099866427824199, "39": 5.035327906686628, "37": 5.035327906686628, "a": 5.010597474516349, "Tile": 4.974703284870192, "Mexico": 4.917544871030244, "42": 4.863477649759968, "Basket": 4.863477649759968, "More": 4.846843132274639, "Seeds": 4.812184355372417, "Preparing": 4.763394191202986, "38": 4.763394191202986, "Fishing": 4.716874175568092, "Rain": 4.716874175568092, "for": 4.672974388660479, "Mexican": 4.672422412997259, "Finishing": 4.672422412997259, "36": 4.629862798578463, "Bean": 4.629862798578463, "Skills": 4.629862798578463, "Hole": 4.629862798578463, "Stream": 4.549820090904927, "Floor": 4.549820090904927, "Frame": 4.512079762922079, "34": 4.475712118751205, "32": 4.475712118751205, "33": 4.342180726126682, "Rock": 4.252568567436995, "29": 4.252568567436995, "35": 4.2243976904702984, "Starting": 4.196998716282184, "31": 4.196998716282184, "Door": 4.07024701064304, "27": 4.07024701064304, "28": 4.046716513232846, "Snow": 4.023726995008147, "26": 4.023726995008147, "Saw": 4.023726995008147, "Scenes": 4.001254139156089, "Much": 3.95776902721635, "Fire": 3.8189325823621343, "Cutting": 3.8005834436939376, "23": 3.8005834436939376, "Cold": 3.764865361091858, ":": 3.747301337263451, "in": 3.6987231426918337, "Finally": 3.680782243881317, "Wood": 3.618261886899983, "Wall": 3.545236751885093, "&": 3.516484821827757, "22": 3.490428515390098, "Double": 3.4771832886400773, "review": 3.4771832886400773, "21": 3.4771832886400773, "My": 3.4305228257280023, "Behind": 3.4258899942525267, "40": 3.377099830083095, "year": 3.377099830083095, "Under": 3.2753171357731525, "25": 3.202746442938317, "ASMR": 3.054326437820044, "Egg": 3.0372320044607437, "Testing": 3.028793135814879, "Good": 3.003895584193152, "Big": 2.9796028916241073, "Build": 2.9716347219749304, "#": 2.764154959187694, "24": 2.6374326338882566, "Tour": 2.6317668963525795, "Look": 2.4996489315252037, "Challenge": 2.451330354254396, "30": 2.418844899109908, "Top": 2.4097539274086555, "A": 2.347134942863664, "First": 2.202114562630411, "-": 2.0071488869426544, "by": 1.8998336907574775, "2021": 1.8392090689410427, "with": 1.639006893853634, "is": 1.5637497282626722, "at": 1.529395204760564, "my": 1.4781957234037122, "New": 1.4675573251986564, "to": 1.2239588049016787, "1": 1.148622709242771, "3": 1.0556462527846664, "2": 0.9493515941350432, "!": 0.34455358340638764}