{"LONDON": 21.26462913870547, "London": 19.405363796935223, "\u00a31,000": 15.237484755340827, "EBAY": 15.237484755340827, "\u00a30": 13.851190394220936, "FLIPPING": 13.851190394220936, "*": 13.569988380573422, "In": 13.078448775865784, "McDonald": 12.754339643051818, "HYPE": 12.464896033101045, "REVIEWED": 12.018608930472626, "Eating": 11.8655421946223, "At": 10.327159101027137, "Drinking": 8.799733105604425, "FT.": 8.721291679297863, "Turning": 8.645811023332168, "MONEY": 8.573075734990418, "Burger": 8.50289309536788, "WEEK": 8.306012949741374, "FREE": 8.126788632361999, "\u00a325,000": 7.618742377670413, "LIGHTBOX": 7.618742377670413, "BLENDED": 7.618742377670413, "TAKEAWAY": 7.618742377670413, "WETHERSPOONS": 7.618742377670413, "MOULD": 7.618742377670413, "99p": 7.618742377670413, "WELSH": 7.618742377670413, "CLASHING": 7.618742377670413, "Callum": 7.618742377670413, "Markie": 7.618742377670413, "SESH": 7.618742377670413, "W/BAMBINOBECKY": 7.618742377670413, "'Chicken": 7.618742377670413, "Homestyle": 7.618742377670413, "ICELAND": 7.618742377670413, "MOONS": 7.618742377670413, "MOCHI": 7.618742377670413, "BAMBINOBECKY": 7.618742377670413, "NEW": 7.227768674486978, "Sat": 6.925595197110468, "Deliveroo": 6.925595197110468, "Tube": 6.925595197110468, "\u00a3____": 6.925595197110468, "SICK": 6.925595197110468, "HYGIENE": 6.925595197110468, "CORNER": 6.925595197110468, "ENGLAND": 6.925595197110468, "Wetherspoons": 6.925595197110468, "Mcdonalds": 6.925595197110468, "PRANKSTERS": 6.925595197110468, "WORST": 6.602508528268206, "Arsenal": 6.520130089002303, "McPlant": 6.520130089002303, "NERD": 6.520130089002303, "UNLIMITED": 6.520130089002303, "GERMANY": 6.520130089002303, "uploading": 6.520130089002303, "Pubs": 6.520130089002303, "Crispy": 6.520130089002303, "Into": 6.473431485993063, "Review": 6.3758511576542, "Wonderland": 6.2324480165505225, "Bet": 6.2324480165505225, "Crawl": 6.2324480165505225, "Slang": 6.2324480165505225, "Curtis": 6.2324480165505225, "vegan": 6.2324480165505225, "PART": 6.215765742307126, "2021": 6.174182239964657, "CHINESE": 6.009304465236313, "RATED": 6.009304465236313, "MCDONALD": 6.009304465236313, "MAC": 6.009304465236313, "DRINKS": 5.826982908442358, "Scotland": 5.826982908442358, "i": 5.818424352716159, "SNEAKING": 5.6728322286151, "have": 5.564920941437871, "Private": 5.539300835990577, "Worked": 5.539300835990577, "Festive": 5.539300835990577, "FESTIVAL": 5.421517800334194, "Ate": 5.421517800334194, "VEGAN": 5.421517800334194, "Restaurants": 5.316157284676367, "Pub": 5.316157284676367, "THAN": 5.316157284676367, "WORTH": 5.316157284676367, "Price": 5.220847104872043, "NEXT": 5.133835727882413, "READING": 5.133835727882413, "SHOP": 5.053793020208877, "BEAT": 5.053793020208877, "Menu": 4.979685048055154, "CHICKEN": 4.979685048055154, "NO": 4.97768732549468, "'S": 4.919374156911768, "ON": 4.862713143659317, "VIP": 4.846153655430632, "Vegan": 4.846153655430632, "DRUNK": 4.846153655430632, "fast": 4.846153655430632, "Mukbang": 4.728370619774249, "GETTING": 4.728370619774249, "Shop": 4.674303398503973, "ENTIRE": 4.623010104116422, "COMING": 4.623010104116422, "Covid": 4.623010104116422, "STAR": 4.574219939946991, "0": 4.440688547322468, "BETTER": 4.440688547322468, "review": 4.440688547322468, "LITTLE": 4.440688547322468, "TOK": 4.440688547322468, "Winter": 4.399866552802212, "W/": 4.399866552802212, "Testing": 4.399866552802212, "DOG": 4.360645839648932, "Open": 4.360645839648932, "FIRE": 4.286537867495209, "TIK": 4.217544996008258, "INTO": 4.184755173185267, "VERY": 4.184755173185267, "Using": 4.153006474870687, "food": 4.153006474870687, "REVIEW": 4.153006474870687, "Box": 4.063394316180999, "HOME": 4.063394316180999, "Cream": 4.063394316180999, "HOURS": 4.0078244650261885, "IN": 3.9822425279595524, "EVERY": 3.9811562179440276, "FOOD": 3.955180731540767, "Taking": 3.929862923556477, "UK": 3.929862923556477, "GOOD": 3.929862923556477, "Ice": 3.881072759387045, "ONLY": 3.8120798879000937, "WAS": 3.8120798879000937, "been": 3.8120798879000937, "Chicken": 3.790100981181318, "EDITION": 3.7475413667625226, "With": 3.7196812075862655, "Fans": 3.6869167449460876, "why": 3.6297583311061388, "AS": 3.6114091924379426, "Lost": 3.558299367123994, "BAD": 3.4916079926253216, "BIG": 3.444355107774776, "VLOG": 3.4290876356439877, "19": 3.384635873073154, "X": 3.3702471356210544, "Trying": 3.249294525203392, "The": 3.179398131007355, "so": 3.141405563192207, "Made": 3.107882871153563, "(": 3.0974581313745873, ")": 3.0826615764034258, "Friends": 3.013572191682322, "To": 2.9405481635055333, "FOR": 2.7359404550840423, "IT": 2.7134675992319837, "He": 2.7060874919343614, "WITH": 2.6914886925132087, "And": 2.6081070835741578, "...": 2.553241917898524, "24": 2.5498381754501818, "'s": 2.519872439955709, "Challenge": 2.50675458931387, "First": 2.4202453464045877, "VS": 2.216064995798134, "1": 2.2110245335162126, "Day": 2.1506822365352822, "&": 2.076206480770929, "Best": 2.0580607466548857, "'": 2.0240309980685742, "Do": 1.928382923346353, "For": 1.8789494654911794, "I": 1.7611797661489126, "n't": 1.6864971902224026, "?": 1.6747980350118372, "A": 1.5757362860484678, "THE": 1.5619583644417887, "How": 1.4745567435447675, "My": 1.378466532499644, "!": 1.210507196820947, "|": 0.9467094322093462, "2": 0.8108074339704873, "the": 0.8063972834929346}