{"ARRIVAL": 111.38831787661401, "Arrival": 69.88777161441494, "|": 25.583773687555233, "ride-hail": 22.96475114354496, "Microfactory": 22.96475114354496, "Van": 22.32306250435616, "Making": 18.419697415066494, "driver": 17.436320727375968, "Roborace": 15.30983409569664, "Cities": 13.112609518360422, "Vehicles": 12.385669569696478, "Powered": 12.131997405612289, "Research": 12.090958270828441, "Bus": 11.751742288694857, "Improving": 11.726315157240531, "Radical": 11.15095101233697, "Inside": 10.997799003852139, "London": 10.83559734004131, "Autonomous": 10.70466390970855, "AI": 10.031719436466124, "Electric": 9.695233723974937, "Design": 9.567026787581211, "Meet": 9.031578446120845, "Climatic": 7.65491704784832, "rounds": 7.65491704784832, "Kasey": 7.65491704784832, "Ride-hailing": 7.65491704784832, "Parcel": 7.65491704784832, "Robopilot": 7.65491704784832, "CIIG": 7.65491704784832, "Chairman": 7.65491704784832, "ex-Marvel": 7.65491704784832, "Cuneo": 7.65491704784832, "ARVL": 7.65491704784832, "Accessible": 7.65491704784832, "Future": 6.992067928977297, "Giovanni": 6.961769867288376, "Payload": 6.961769867288376, "the": 6.804381368232754, "Sustainable": 6.556304759180211, "UX": 6.556304759180211, "Charlotte": 6.556304759180211, "Driver": 6.401139503189626, "Chamber": 6.26862268672843, "Completes": 6.26862268672843, "Materials": 6.26862268672843, "saw": 6.26862268672843, "Sleigh": 6.26862268672843, "Testing": 6.0994937237204585, "Depot": 6.0454791354142206, "UPS": 6.0454791354142206, "by": 5.944781342030484, "Lucas": 5.863157578620266, "Traditional": 5.575475506168485, "Industry": 5.575475506168485, "Lab": 5.575475506168485, "prototype": 5.457692470512101, "Method": 5.352331954854275, "Charlie": 5.25702177504995, "Places": 5.25702177504995, "Software": 5.25702177504995, "More": 5.134641425231873, "Approach": 5.089967690386784, "CEO": 5.015859718233062, "a": 4.983260266831408, "beat": 4.9468668467461105, "Innovation": 4.8823283256085395, "Peter": 4.8823283256085395, "Needs": 4.8823283256085395, "Walkthrough": 4.821703703792105, "Quality": 4.764545289952156, "Time": 4.763834978569148, "Impact": 4.71047806868188, "Racing": 4.70322427957849, "Everyone": 4.610394610124898, "Changing": 4.610394610124898, "Transport": 4.563874594490005, "Champion": 4.43604122298012, "Think": 4.3968205098268385, "Commercial": 4.359080181843992, "racing": 4.189181145048594, "Makes": 3.9660375937343844, "Drivers": 3.8937169321547582, "Demo": 3.8262756513592255, "its": 3.8262756513592255, "Introducing": 3.8262756513592255, "D": 3.804769446138262, "just": 3.763096749737694, "Automotive": 3.723091415123995, "What": 3.611184535802923, "Story": 3.5605724856262198, "Who": 3.4502244284573544, "look": 3.392237170807005, "Experience": 3.33742893431201, "than": 3.298208221158729, "x": 3.166280678116181, "%": 3.0699495691777487, "Better": 3.000956697690797, ":": 2.9335007598035543, "first": 2.9187185994538254, "Our": 2.8266033105460195, "Live": 2.8107299613897294, "15": 2.7496422694098914, "at": 2.664703615842073, "to": 2.621578265736423, "Project": 2.5986712425000125, "Can": 2.423808430993734, "Air": 2.356599681300284, "for": 2.3012577486233496, "World": 2.2750196943078613, "R": 2.2750196943078613, "The": 2.2027366307989116, "It": 2.1019574629267033, "Test": 2.013009976910207, "A": 1.983568703715035, "an": 1.9679416915085008, "$": 1.961184909045621, "?": 1.8801468473709493, "from": 1.8055922679014615, ".": 1.7454499836830584, "vs": 1.714745795127889, "First": 1.6887703087246286, "in": 1.4863394951932922, "is": 1.466652924765731, "How": 1.3782735585066763, "Car": 1.3395590463259859, "New": 1.1718096963911218, "'s": 0.9640747704297573, "of": 0.85697663487339, "&": 0.7900692698774602, "and": 0.7683854053178102}