{"ChiChi": 241.54978670525858, "Nh\u1ed9n": 186.63022548021777, "Tr\u00f2": 183.1724822335992, "Vui": 183.1724822335992, "Ch\u01a1i": 167.0025872116186, "\u2764": 144.9835119592126, "\u0110\u00ecnh": 105.3798296311032, "Gia": 94.6347994199172, "TV": 78.1476655552693, "B\u1ea1n": 60.35381219318458, "S\u00e2n": 48.309957341051714, "Trong": 40.98104485654014, "L\u00e0m": 37.88821559058687, "Ken": 34.115240085458055, "ReviewToys": 32.20663822736781, "H\u1ecdc": 26.718046778698717, "COn": 24.154978670525857, "Th\u1ee3": 22.075537128846026, "Th\u1eed": 21.946840797521666, "Pin": 19.32666493322356, "C\u00e1": 17.916654045486354, "Th\u00e1ch": 17.247223391543724, "Nh\u00e0": 16.70025872116186, "\u0102n": 16.460130598141248, "\u0110i": 16.237806681680084, "\u0110\u1ed9ng": 14.717024752564017, "Nh\u1ecf": 14.717024752564017, "B\u01a1i": 13.906094536347688, "R\u1ed3i": 13.906094536347688, "M\u00f9a": 12.884443288815707, "Kem": 12.884443288815707, "V\u1eadt": 12.884443288815707, "H\u1ed9p": 12.884443288815707, "M\u00ec": 12.519800175227797, "Bi\u1ebft": 12.519800175227797, "G\u00ec": 12.519800175227797, "Con": 12.359501772352882, "V\u1edbi": 11.708869959011468, "T\u00ecm": 11.498148927695816, "Nh\u1eefng": 11.307528568087166, "C\u00f3": 11.307528568087166, "Family": 10.385353765937008, "Ai": 10.322575597891579, "Show": 10.120794555918827, "Review": 8.712495240085502, "H\u00e8": 8.051659556841953, "B\u1ed9t": 8.051659556841953, "D\u1ebbo": 8.051659556841953, "Ngh\u0129a": 8.051659556841953, "Ch\u00edp": 8.051659556841953, "Phao": 8.051659556841953, "Ch\u00e0o": 8.051659556841953, "N\u1eefa": 8.051659556841953, "Nghe": 8.051659556841953, "QU\u00e0": 8.051659556841953, "z\u1ebb": 8.051659556841953, "Socolate": 8.051659556841953, "b\u00e1c": 8.051659556841953, "Xoay": 8.051659556841953, "Ph\u1ea9m": 8.051659556841953, "Th\u1ecf": 8.051659556841953, "C\u1ecf": 8.051659556841953, "Bi\u1ec3n": 7.358512376282008, "Ch\u1edf": 7.358512376282008, "L\u1ef1c": 7.358512376282008, "v\u1eadt": 7.358512376282008, "D\u1ec5": 7.358512376282008, "Th\u00f9ng": 7.358512376282008, "U\u1ed1ng": 7.358512376282008, "Nhanh": 7.358512376282008, "Cua": 7.358512376282008, "\u0110ang": 7.358512376282008, "Bu\u1ed5i": 7.358512376282008, "Ti\u1ec7c": 7.358512376282008, "Ngo\u00e0i": 7.358512376282008, "Tr\u1eddi": 7.358512376282008, "\u0110i\u1ec3m": 7.358512376282008, "N\u00e0ng": 7.358512376282008, "Thi\u1ebft": 7.358512376282008, "D\u00e3": 7.358512376282008, "\u01a0i": 7.358512376282008, "D\u01b0\u1edbi": 7.358512376282008, "L\u00faa": 7.358512376282008, "\u0110\u1ebfm": 7.358512376282008, "Phi\u00eau": 7.358512376282008, "L\u01b0u": 7.358512376282008, "C\u00e1t": 6.953047268173844, "Chi\u1ebfc": 6.953047268173844, "Kho": 6.953047268173844, "T\u01b0\u01a1ng": 6.953047268173844, "\u0110en": 6.953047268173844, "Gi\u1ea5y": 6.953047268173844, "H\u01a1n": 6.953047268173844, "Nu\u00f4i": 6.953047268173844, "Thi\u1ebfu": 6.953047268173844, "Nh\u1ea3y": 6.953047268173844, "Ti\u00ean": 6.953047268173844, "\u0110\u00e2u": 6.953047268173844, "Ng\u00f4i": 6.953047268173844, "s\u0129": 6.953047268173844, "Th\u1ebf": 6.953047268173844, "\u0110\u00f3": 6.953047268173844, "V\u00e0ng": 6.953047268173844, "T\u00f3c": 6.953047268173844, "H\u00e1t": 6.953047268173844, "Thang": 6.953047268173844, "Ch\u1ebf": 6.665365195722063, "Th\u1ea7n": 6.665365195722063, "K\u1ef3": 6.665365195722063, "L\u00ean": 6.665365195722063, "\u00dd": 6.665365195722063, "S\u1ed1ng": 6.665365195722063, "B\u00e1o": 6.665365195722063, "B\u1eafp": 6.665365195722063, "T\u1ebf": 6.665365195722063, "M\u1edf": 6.665365195722063, "Tai": 6.665365195722063, "Nh\u1ea1c": 6.665365195722063, "K\u1ebf": 6.665365195722063, "G\u1eb7p": 6.665365195722063, "Chuy\u00ean": 6.665365195722063, "Nghi\u1ec7p": 6.665365195722063, "\u0110\u01b0\u1ee3c": 6.442221644407853, "Tr\u00ean": 6.442221644407853, "Gi\u1edbi": 6.442221644407853, "Hoang": 6.442221644407853, "N\u01b0\u1edbc": 6.442221644407853, "M\u00e1y": 6.442221644407853, "M\u00e0u": 6.442221644407853, "\u0110\u1ed3ng": 6.442221644407853, "Xe": 6.259900087613898, "T\u1ef1": 6.259900087613898, "C\u00e2y": 6.259900087613898, "V\u1ec1": 6.259900087613898, "B\u00e1nh": 6.259900087613898, "Th\u1ef1c": 6.259900087613898, "M\u1eb7t": 6.10574940778664, "Vi\u1ec7c": 6.10574940778664, "Nhi": 6.10574940778664, "Kh\u1ed5ng": 6.10574940778664, "L\u1ed3": 6.10574940778664, "Cao": 6.10574940778664, "Lang": 6.10574940778664, "Ra": 5.972218015162118, "Th\u01b0\u01a1ng": 5.972218015162118, "Cu\u1ed9c": 5.972218015162118, "Nh\u1eadt": 5.972218015162118, "B\u00e0i": 5.972218015162118, "C\u00f4ng": 5.854434979505734, "Qu\u1ed1c": 5.854434979505734, "l\u00e0m": 5.854434979505734, "V\u00e0": 5.749074463847908, "Cho": 5.653764284043583, "Ham": 5.653764284043583, "Trang": 5.653764284043583, "M\u1edbi": 5.566752907053953, "Sinh": 5.566752907053953, "T\u1eadp": 5.412602227226695, "Nice": 4.916165340912804, "Lucky": 4.525299032225792, "Superhero": 4.244997067071634, "Box": 3.095832499240693, "Funny": 2.758354732117461, "Super": 2.558598113501405, "5": 1.5280972506924413, "In": 1.4436589315458666}