{"contraband": 138.31085712408313, "skyblock": 117.47690747227422, "hypixel": 101.50677284442936, "no": 50.509495567383404, "Hypixel": 39.33645557709352, "[": 36.96148423686212, "]": 36.96148423686212, "Skyblock": 31.148962757030702, "HYPIXEL": 18.57006786884873, "THIS": 16.633190070210127, "TALISMANS": 16.27186554400978, "SKYBLOCK": 15.736683042326177, "1,000,000,000": 14.88557118288989, "ALLOY": 14.88557118288989, "JUDGEMENT": 14.074640966673561, "ironman": 14.074640966673561, "CORE": 12.68834660555367, "(": 10.045286716914635, ")": 10.045286716914635, "NETHER": 9.83411389427338, "DROP": 9.83411389427338, "Running": 9.27885042107682, "GOT": 9.220013216933772, "HOUR": 9.104827667097561, "HARDEST": 8.408214278561129, "BANNABLE": 8.13593277200489, "VOIDGLOOMS": 8.13593277200489, "VROOM": 8.13593277200489, "VROOMMM": 8.13593277200489, "slayer": 8.13593277200489, "RECOLOR": 8.13593277200489, "mqryo": 8.13593277200489, "cchloe": 8.13593277200489, "900M": 8.13593277200489, "NOOOOO": 8.13593277200489, "BROOOOOOOOO": 8.13593277200489, "nucleus": 8.13593277200489, "300M+": 8.13593277200489, "RECOMBOBULATE": 8.13593277200489, "T4": 8.13593277200489, "DIVAN": 8.13593277200489, "850m+": 8.13593277200489, "EARLY": 7.954099377290437, "INSANE": 7.819511053480402, "40,000,000": 7.442785591444945, "ender": 7.442785591444945, "PRIMROSE": 7.442785591444945, "THE": 7.232628036319584, "I": 7.138382244057401, "Contraband": 6.749638410885, "16x": 6.749638410885, "wheel": 6.749638410885, "Speed": 6.631302412799707, "EXP": 6.52649485957079, "GET": 6.374345763253444, "SO": 6.346176283489966, "THEN": 6.344173302776835, "MONTHS": 6.344173302776835, "Valentines": 6.344173302776835, "$": 6.195585132007201, "DEFEATED": 6.190022622949577, "BOW": 6.056491230325054, "Ironman": 6.056491230325054, "runs": 6.056491230325054, "decides": 6.056491230325054, "DROPS": 5.9387081946686715, "USELESS": 5.9387081946686715, "GAVE": 5.833347679010845, "SPENDING": 5.833347679010845, "Whats": 5.73803749920652, "drop": 5.73803749920652, "MINING": 5.496875442389632, "ENDERMAN": 5.496875442389632, "INVINCIBLE": 5.42788257090268, "TOOK": 5.42788257090268, "setup": 5.42788257090268, "IS": 5.36563068704664, "TO": 5.3342715164903725, "MILLIONS": 5.3027194279486745, "CANT": 5.245561014108726, "hour": 5.245561014108726, "SKILL": 5.19149379283845, "PER": 5.140200498450899, "UPDATE": 5.097368227209282, "COINS": 5.044890318646575, "became": 4.91705694713669, "WORTH": 4.877836233983408, "BLUE": 4.8400959060005615, "IN": 4.819541801227996, "Youtubers": 4.768636942018416, "MAKING": 4.670196869205164, "SETUP": 4.609572247388729, "PLAYED": 4.580584710515477, "!": 4.570063618698572, "HARDCORE": 4.552413833548781, "BELIEVE": 4.552413833548781, "SHOULD": 4.498346612278505, "PET": 4.472371125875244, "TIER": 4.422360705300583, "hours": 4.422360705300583, "ITEMS": 4.351743138086629, "RICH": 4.3072913755157956, "CHANGES": 4.244112473894264, "MONEY": 4.2041071392805645, "LOOT": 4.184689053423463, "finally": 4.184689053423463, "NEW": 4.085126656941828, "THESE": 4.058395328099171, "GAME": 4.026879924981008, "MUST": 4.025058907831579, "BROKE": 4.008798386959799, "LUCKY": 3.9164250668287837, "WAY": 3.8454733308564992, "every": 3.7664849195378687, "Items": 3.681585475751383, "update": 3.6585959575266838, "EASY": 3.6033332788516343, "BE": 3.592637989734887, "CAN": 3.5408129218703004, "now": 3.530762586016799, "40": 3.520812255163631, "BOSS": 3.510959958720619, "HAVE": 3.5012037837752548, "Minecraft": 3.458105571871152, "FROM": 3.3737588372071343, "best": 3.356809278893361, "Release": 3.356809278893361, "x": 3.2531308494185196, "NOW": 3.245583643783137, "Pack": 3.2086790868476855, "what": 3.1319864660594314, "will": 3.1319864660594314, "time": 3.0860767647553535, "can": 3.0119687926016314, "ARE": 3.0001343349546286, "1000": 2.9209970143959048, "HOW": 2.8836593439582607, "for": 2.8704033249141596, "i": 2.862933213441144, "get": 2.697853463081695, "do": 2.667872630869759, "ONE": 2.655293848662899, "FREE": 2.598598504986354, "FOR": 2.5752511409893626, "WITH": 2.556202946018668, "24": 2.490485874361653, "20": 2.4123476700525095, "Challenge": 2.37703099812761, "ME": 2.32479177902819, "ALL": 2.318821612041686, "No": 2.292388354973531, "but": 2.2036875845568797, "MY": 2.1246655976007287, "'S": 2.051433358929719, "9": 1.9896035143359931, "in": 1.9885910519180792, "this": 1.941527380900218, "BEST": 1.899563181801186, "100": 1.8592892826632461, "OF": 1.838823452070955, "*": 1.8151644777543081, "+": 1.7885435623488801, "vs": 1.5415193122551119, "?": 1.5295500417975294, "1": 1.4865705025665343, ",": 1.4116372668861796, "4": 1.0601239080265037, "2": 0.9896970456599526, "...": 0.9681235876884466, "#": 0.9392462011705405, "a": 0.8649242337238984, "A": 0.7912137178552181, "the": 0.710574884977739, "-": 0.4603867694670422}