{"Hull": 132.9213157360922, "Christian": 100.73255748741019, "|": 15.261679132492775, "Contract": 12.8458444709808, "Guess": 12.546637638643325, "Naughty": 11.26892975025226, "Trying": 9.517643230688485, "Bath": 9.26232553252469, "Making": 8.986222636532613, "!": 8.873837681973951, "own": 8.789547976396229, "yell": 8.0323601479245, "Evilcorp": 8.0323601479245, "LNP": 8.0323601479245, "LGBTQI+": 8.0323601479245, "Doubles": 8.0323601479245, "Students/Parents": 8.0323601479245, "Bigoted": 8.0323601479245, "Aus": 8.0323601479245, "thiscallsfor": 8.0323601479245, "Abbreviation": 8.0323601479245, "Massager": 7.339212967364555, "Discomfort": 7.339212967364555, "Bookshelf": 7.339212967364555, "Attend": 7.339212967364555, "UberEats": 7.339212967364555, "ads": 7.339212967364555, "INJURIES": 7.339212967364555, "my": 7.09111473543831, "maze": 6.933747859256391, "Artwork": 6.933747859256391, "Principal": 6.933747859256391, "Slang": 6.933747859256391, "CRYSTAL": 6.933747859256391, "advent": 6.933747859256391, "calendar": 6.933747859256391, "Interviewing": 6.933747859256391, "Diner": 6.64606578680461, "abuse": 6.64606578680461, "Gadget": 6.64606578680461, "Mardi": 6.64606578680461, "Gras": 6.64606578680461, "NAMES": 6.64606578680461, "staff": 6.4229222354904, "Themed": 6.4229222354904, "Waffles": 6.4229222354904, "HARDER": 6.4229222354904, "SMITH": 6.4229222354904, "Lipstick": 6.240600678696445, "Scratch": 6.240600678696445, "Tingle": 6.240600678696445, "Minister": 6.240600678696445, "Oculus": 6.240600678696445, "the": 6.1991157793030425, "School": 6.125093696696999, "Reviewing": 6.086449998869187, "Brisbane": 6.086449998869187, "challenges": 6.086449998869187, "Anti": 6.086449998869187, "understand": 6.086449998869187, "Advent": 6.086449998869187, "Karen": 5.952918606244665, "horror": 5.952918606244665, "Vending": 5.835135570588281, "Hiking": 5.835135570588281, "Ingredients": 5.729775054930455, "mountain": 5.729775054930455, "Bluey": 5.63446487512613, "Chats": 5.63446487512613, "Guessing": 5.63446487512613, "Calendar": 5.63446487512613, "Zone": 5.5474534981365, "Celebrities": 5.5474534981365, "Xmas": 5.5474534981365, "Sign": 5.467410790462964, "check": 5.467410790462964, "asked": 5.393302818309242, "THAN": 5.393302818309242, "Masks": 5.32430994682229, "Called": 5.32430994682229, "WISH": 5.32430994682229, "Quest": 5.32430994682229, "Survive": 5.259771425684719, "Embarrassing": 5.259771425684719, "mum": 5.199146803868285, "Laura": 5.199146803868285, "Machines": 5.141988390028335, "Maze": 5.141988390028335, "Shots": 5.141988390028335, "Colour": 5.0366278743705095, "THINK": 4.941317694566185, "Revealed": 4.854306317576555, "Teen": 4.854306317576555, "Haunted": 4.8134843230563, "VR": 4.774263609903018, "ART": 4.736523281920172, "List": 4.736523281920172, "\u2019": 4.684681932425695, "Hack": 4.665064317938026, "to": 4.57577322380078, "Products": 4.505999623308339, "me": 4.460483545094875, "Scary": 4.44884120946839, "Announcement": 4.394773988198114, "ad": 4.394773988198114, "\ud83d\udc40": 4.294690529641132, "through": 4.271160032230938, "Reacting": 4.271160032230938, "found": 4.161159137016609, "s": 4.1427096166024535, "Open": 4.120337142496354, "Huge": 4.100534515200175, "Taking": 4.081116429343073, "Opening": 3.954822704018781, "Worst": 3.9380155857024, "Own": 3.9380155857024, "Mystery": 3.921486283751189, "went": 3.921486283751189, "Toy": 3.769680270883185, "Team": 3.769680270883185, "WILL": 3.769680270883185, "their": 3.755694028908445, "birthday": 3.71487203438819, "Beauty": 3.7016268076381693, "house": 3.6756513212349087, "Building": 3.6015433490811866, "Face": 3.5664520292699167, "a": 3.561294292870791, "Where": 3.555023333446294, "Box": 3.52150064140765, "\u2018": 3.51057157087546, ".": 3.422202752616741, "made": 3.378399797766977, "Down": 3.2961616995300047, "HUGE": 3.253236654812971, "Amazing": 3.220175792552083, "Trailer": 3.2040464106221993, "best": 3.1960782409730224, "REAL": 3.1197052621884485, "To": 2.9768966047194163, "life": 2.8906965914218405, "first": 2.8675741740009864, "time": 2.8505765976324153, "My": 2.7410108147583787, "day": 2.6852526172070315, "Official": 2.6251883764643815, "out": 2.6162597457200802, "Make": 2.5899424374027067, "YOU": 2.5189314017595184, "for": 2.4755471340960025, "with": 2.429059152940701, "ME": 2.415589050257929, "an": 2.415589050257929, "OF": 2.1434821895916194, "I": 2.045902430431727, "from": 2.043398731034637, "you": 1.9570141168358164, "This": 1.9342858657582602, "at": 1.6832211565447024, "...": 1.45728430732488, "is": 1.4216641032067412, "-": 1.270823090606973, "#": 1.0175457966489556, "and": 1.0103837248523406, "'s": 0.9796390986921775, "of": 0.9770473045847486, "in": 0.8684134635819533, "&": 0.8134504403054402}