{"Splatoon": 166.40308747698907, "\u2013": 114.44206286937549, "Episode": 76.2874358461033, ":": 21.537420639990522, "Blaster": 17.500043037032533, "Dualies": 16.27186554400978, "Brella": 16.27186554400978, "Splattershot": 16.27186554400978, "2": 14.350607162069313, "Explosher": 8.13593277200489, "L-3": 8.13593277200489, "Nozzlenose": 8.13593277200489, "Bamboozler": 8.13593277200489, "Squelcher": 8.13593277200489, "Marooner": 8.13593277200489, "Glooga": 8.13593277200489, "Callie": 8.13593277200489, "Blush": 8.13593277200489, "Squeezer": 8.13593277200489, "Tri-Slosher": 8.13593277200489, ".52": 8.13593277200489, "Sloshing": 8.13593277200489, "Squiffer": 8.13593277200489, "Dualie": 8.13593277200489, "Squelchers": 8.13593277200489, "Bloblobber": 8.13593277200489, "Sploosh-o-Matic": 8.13593277200489, "Octobrush": 8.13593277200489, "Splat": 8.13593277200489, "N-ZAP": 8.13593277200489, "Tetra": 7.442785591444945, "Polaris": 7.442785591444945, "Gal": 7.037320483336781, "Spawning": 7.037320483336781, "Grounds": 6.749638410885, "Luna": 6.344173302776835, "Undercover": 6.344173302776835, "Rapid": 6.190022622949577, "14th": 5.9387081946686715, "Jr": 5.363344049765109, "Bringing": 5.19149379283845, "Ruins": 5.140200498450899, "Bomb": 5.000438556075741, "Bay": 4.957878941656944, "Range": 4.957878941656944, "Jet": 4.877836233983408, "Ark": 4.670196869205164, "Banned": 4.422360705300583, "Rush": 4.184689053423463, "41": 4.165640858452769, "38": 4.110581081269741, "Machine": 4.110581081269741, "37": 4.041588209782789, "39": 4.025058907831579, "36": 4.008798386959799, "Anniversary": 3.9615455021092534, "33": 3.9312401526139245, "35": 3.8874375299555313, "34": 3.873252894963575, "29": 3.7414836173324515, "Weapons": 3.7170921642082924, "32": 3.705115973161577, "28": 3.681585475751383, "31": 3.636123101674625, "27": 3.6033332788516343, "Videos": 3.6033332788516343, "26": 3.5408129218703004, "40": 3.520812255163631, "Home": 3.5012037837752548, "Custom": 3.3652481475392255, "23": 3.3484410292228444, "25": 3.145500185226154, "Making": 3.105494850612455, "21": 2.9768774727903615, "Pro": 2.9485469661641357, "18": 2.9155769469265658, "19": 2.8836593439582607, "17": 2.7746406062954656, "30": 2.756035418464431, "16": 2.667872630869759, "22": 2.655293848662899, "14": 2.541221392403051, "24": 2.490485874361653, "15": 2.4321502973486893, "13": 2.4221999664955214, "20": 2.4123476700525095, "of": 1.5798451241831961, ".": 1.4792062478264987, "My": 1.4601095503700425, "The": 1.4105380204295754, "'s": 0.7675930856935094, "!": 0.5376545433763026}