{"Claudipia": 429.43541459095246, "PROBANDO": 166.67506074882468, "DE": 103.8442269203181, "ROPA": 84.90373516022566, "\ud83d\ude31": 51.92354944294075, "MI": 49.64612357070774, "RAROS": 46.89605183896876, "NOVIO": 45.82780069797258, "M\u00c1S": 41.44354982796762, "LA": 39.47650344528869, "\u00bfFuncionan": 35.57384724183231, "TOK": 34.82292299409134, "QUE": 32.753171357731524, "TIK": 32.70695689098081, "RARA": 32.10811133903259, "FUI": 32.10811133903259, "|": 31.90379036909844, "Y": 29.477854221958374, "LAS": 28.16608896505703, "LOS": 27.271255364487835, "SHEIN": 25.879299353271684, "REACCIONA": 24.79391486596923, "EN": 24.715342061050514, "TODA": 24.060921776862084, "WISH": 24.060921776862084, "VEZ": 23.149313992892317, "TAN": 22.442768206360757, "MIS": 22.203103994699674, "MAQUILLAJE": 21.55704533729964, "EL": 21.187503059462117, "?": 21.072698204441693, "\u00bfES": 20.127913020774894, "DICEN": 20.127913020774894, "PRIMERA": 19.453910599039872, "\u00bfPOR": 19.26486680341955, "SEGUIDORES": 19.26486680341955, "COMO": 18.737368091899945, "FAMOSA": 18.595436149476924, "TRUCOS": 17.76248319575974, "U\u00d1AS": 17.586019439613285, "QU\u00c9": 16.515994607797087, "pena": 16.230064068384113, "VIRALES": 16.230064068384113, "BIKINIS": 15.969029937415225, "KARDASHIAN": 15.969029937415225, "HACERME": 15.615833257852817, "\ud83d\ude31\u00bfES": 15.615833257852817, "\ud83d\ude31\u00bfFuncionan": 15.615833257852817, "HICIERON": 15.615833257852817, "|Claudipia": 15.615833257852817, "\u00bfEN": 15.615833257852817, "\ud83d\ude31\ud83d\udc9e": 15.615833257852817, "JENNER": 14.590432949279904, "BUENA": 14.229538896732926, "TIENDA": 14.229538896732926, "ES": 14.017267238991776, "KYLIE": 13.767122412174622, "NUEVA": 13.64946027271478, "PEDIR": 13.418608680516597, "SEXYS": 13.418608680516597, "ME": 13.103394736434419, "M\u00c9XICO": 12.843244535613035, "virales": 12.396957432984616, "\ud83d\ude31|": 12.396957432984616, "RIHANNA": 12.396957432984616, "POR": 12.2830336866663, "TODO": 12.210741031929121, "LOAIZA": 12.032314319396708, "COMPR\u00c9": 12.032314319396708, "COMPRE": 11.72401295974219, "KIMBERLY": 11.456950174493144, "de": 11.392437707074928, "la": 11.162547168445936, "CON": 10.63571025565528, "\ud83d\ude30": 10.485934542929744, "ARTIST": 10.337718598622299, "FOTOS": 10.070655813373255, "HACKS": 9.66884745076751, "KIM": 9.624368710744834, "A": 9.388539771454656, "SEXY": 9.259725597156926, "PRODUCTOS": 9.259725597156926, "TOUR": 9.11169601338223, "COMIDA": 9.024159525844158, "NAIL": 9.024159525844158, "X": 8.987196820661973, "con": 8.844312673694208, "AL": 8.448795380940597, "!": 8.269286001753304, "LO": 8.093433026465693, "m\u00e1s": 7.9155380544327, "DEL": 7.9155380544327, "UNA": 7.873431236037035, "TANTA": 7.807916628926408, "\u00bf": 7.807916628926408, "\ud83c\uddfa\ud83c\uddf2\ud83c\udf34": 7.807916628926408, "Apartamento": 7.807916628926408, "vacio": 7.807916628926408, "MUDANZA": 7.807916628926408, "POL\u00c9MICOS": 7.807916628926408, "compar\u00e9": 7.807916628926408, "USADA": 7.807916628926408, "\u00bfValieron": 7.807916628926408, "D\u00f3lares": 7.807916628926408, "\ud83d\ude31SKIMS": 7.807916628926408, "DECID\u00cd": 7.807916628926408, "SACARME": 7.807916628926408, "IMPLANTES": 7.807916628926408, "BOOBIES": 7.807916628926408, "lipotransferencia": 7.807916628926408, "mamaria": 7.807916628926408, "\ud83d\udd25\ud83d\ude31Lo": 7.807916628926408, "dejamos": 7.807916628926408, "\ud83e\udd30\ud83c\udffbLE": 7.807916628926408, "REVELE": 7.807916628926408, "\ud83e\udd7a\u2728": 7.807916628926408, "\ud83d\ude31No": 7.807916628926408, "creen": 7.807916628926408, "AMARA": 7.807916628926408, "CALLEJ\u00d3N": 7.807916628926408, "\ud83d\ude31\ud83c\uddf2\ud83c\uddfd": 7.807916628926408, "LOCURAAAA": 7.807916628926408, "COLOMBIANO\ud83d\ude31\ud83c\udde8\ud83c\uddf4\u00bfSERA": 7.807916628926408, "MEJIA": 7.807916628926408, "TIANGUIS": 7.807916628926408, "PESOS": 7.807916628926408, "MERCADITO/FERIA": 7.807916628926408, "PULGAS": 7.807916628926408, "CLAUDIPIA": 7.807916628926408, "\ud83c\uddf2\ud83c\uddfd\ud83d\ude31": 7.807916628926408, "\ud83d\ude31\ud83d\udc57Cupshe": 7.807916628926408, "ENFERMEDAD": 7.807916628926408, "AUTOINMUNE": 7.807916628926408, "\ud83d\ude13Mi": 7.807916628926408, "HASHIMOTO": 7.807916628926408, "CALIFICA": 7.807916628926408, "\ud83d\udd25\ud83d\ude31Cupshe": 7.807916628926408, "CONOCIMIENTO": 7.807916628926408, "DESMAYE": 7.807916628926408, "\ud83d\ude22BR0MA": 7.807916628926408, "\ud83d\ude16\ud83d\udc94|": 7.807916628926408, "TATUAMOS": 7.807916628926408, "\ud83d\ude31BR0MA": 7.807916628926408, "SUEGRITOS": 7.807916628926408, "COREANOS": 7.807916628926408, "\ud83c\uddf0\ud83c\uddf7REACCIONARON": 7.807916628926408, "\ud83d\ude2d|": 7.807916628926408, "\ud83d\udd25QUE": 7.807916628926408, "\ud83d\ude31QUEDO": 7.807916628926408, "SEGUIR": 7.807916628926408, "\ud83d\ude31DESMINTIENDO": 7.807916628926408, "\ud83d\ude16|": 7.807916628926408, "\ud83d\ude31Me": 7.807916628926408, "\ud83d\ude10LOS": 7.807916628926408, "35CM": 7.807916628926408, "PENSABA": 7.807916628926408, "\ud83d\ude10\u00bfVali\u00f3": 7.807916628926408, "\ud83c\uddf0\ud83c\uddf7\ud83d\ude31Ay": 7.807916628926408, "se\u00f1or": 7.807916628926408, "\ud83d\ude31MAKEUP": 7.807916628926408, "\ud83c\udf5f\ud83c\udf69\ud83d\ude31Comida": 7.807916628926408, "JAP\u00d3N": 7.807916628926408, "\ud83d\ude31DE": 7.807916628926408, "ESTABA": 7.807916628926408, "BORR4CHAS": 7.807916628926408, "NALU": 7.807916628926408, "\ud83e\udd74HABLAMOS": 7.807916628926408, "\ud83d\udc57TAG": 7.807916628926408, "\ud83d\ude30\u00bfCOMO": 7.807916628926408, "\ud83d\ude31\u00bfSUS": 7.807916628926408, "FAJAS": 7.807916628926408, "ELIGIERON": 7.807916628926408, "\ud83d\ude31\ud83d\udc57": 7.807916628926408, "LENCERIA": 7.807916628926408, "\ud83d\ude31\u00bfPORQUE": 7.807916628926408, "\ud83d\ude31\ud83d\udc84Fenty": 7.807916628926408, "\ud83d\ude30\u00bfME": 7.807916628926408, "DECEPCIONE": 7.807916628926408, "\ud83d\ude31\ud83d\udc57|Claudipia": 7.807916628926408, "\ud83d\ude31QUED\u00d3O": 7.807916628926408, "SHOCK\ud83d\ude30": 7.807916628926408, "\ud83d\ude31TE\u00d1I": 7.807916628926408, "x10": 7.807916628926408, "\ud83d\ude31\ud83d\ude16": 7.807916628926408, "\ud83d\ude2d\ud83d\udc94": 7.807916628926408, "\u00bfTERMINAMOS": 7.807916628926408, "LOCURA": 7.807916628926408, "M\u00c1GICAS": 7.807916628926408, "por": 7.427144133408616, "OUTFITS": 7.118842773754099, "TIKTOK": 7.118842773754099, "POL\u00c9MICA": 7.114769448366463, "ANITTA": 7.114769448366463, "DEPA": 7.114769448366463, "DEJO": 7.114769448366463, "LUJO": 7.114769448366463, "FENDI": 7.114769448366463, "COREANO": 7.114769448366463, "BLING": 7.114769448366463, "YUYA": 7.114769448366463, "Bailando": 7.114769448366463, "Juntos": 7.114769448366463, "CDMX": 7.114769448366463, "ECONOMICA": 7.114769448366463, "\ud83d\ude30\u00bfVale": 7.114769448366463, "PERD\u00cd": 7.114769448366463, "\u00a1NOS": 7.114769448366463, "TATUAJE": 7.114769448366463, "ROS\u00c9": 7.114769448366463, "ALTOS": 7.114769448366463, "MAQUILLA": 7.114769448366463, "QUEDE": 7.114769448366463, "TRANSFORME": 7.114769448366463, "CABEZA": 7.114769448366463, "PENSANDO": 7.114769448366463, "MAQUILLAMOS": 7.114769448366463, "COREA": 7.114769448366463, "INFIEL": 7.114769448366463, "BARBIES": 7.114769448366463, "\u00bfREALMENTE": 7.114769448366463, "DISFRACES": 7.114769448366463, "los": 7.090473503770186, "VIRAL": 6.902415604473633, "Haul": 6.730188664811145, "CASITA": 6.709304340258298, "BUENO": 6.709304340258298, "Historia": 6.709304340258298, "SUSTO": 6.709304340258298, "FALSO": 6.709304340258298, "hicieron": 6.709304340258298, "MINIATURA": 6.709304340258298, "\u00bfFunciona": 6.709304340258298, "\u00bfVALE": 6.709304340258298, "PARA": 6.550634271546305, "Vale": 6.421622267806518, "CASI": 6.421622267806518, "NOTICIA": 6.421622267806518, "CARDI": 6.421622267806518, "puedo": 6.421622267806518, "LINDA": 6.421622267806518, "COREANA": 6.421622267806518, "PICANTE": 6.421622267806518,