{"Geoengineering": 62.18328739595285, "Weather": 35.73525695789335, "ClimateViewer": 30.409605342663273, "Modification": 27.61479896992991, "HAARP": 22.807204006997456, "News": 16.164767415993985, "Radio": 15.272846806990229, "Ionospheric": 15.204802671331636, "May": 14.79005218262223, "Sunday": 14.307563974828806, "Chat": 13.82000718633548, "Heaters": 13.818508310211746, "Anonymous": 12.432213949091855, "&": 11.57290651529458, "Airlines": 10.409012125734895, "5-15-2022": 7.602401335665818, "5/8/2022": 7.602401335665818, "Anonymity": 7.602401335665818, "BlackRock": 7.602401335665818, "FakeAnonymous": 7.602401335665818, "Biolabs": 7.602401335665818, "Bioweapons": 7.602401335665818, "OpRussia": 7.602401335665818, "Individuals": 7.602401335665818, "Reining": 7.602401335665818, "Mandate": 7.602401335665818, "Protestors": 7.602401335665818, "Blot": 7.602401335665818, "Newbs": 7.602401335665818, "NeoCoV": 7.602401335665818, "Twitter": 7.547519878353446, "War": 7.50450746791152, "Fleming": 6.909254155105873, "Historian": 6.909254155105873, "Havana": 6.909254155105873, "Pulsed": 6.909254155105873, "Brighter": 6.909254155105873, "Controls": 6.503789046997708, "Bots": 6.503789046997708, "Vanguard": 6.503789046997708, "Censorship": 6.503789046997708, "Targeted": 6.503789046997708, "Sunlight": 6.503789046997708, "2022": 6.282266663130921, "Warriors": 6.216106974545927, "Links": 6.216106974545927, "Reflecting": 6.216106974545927, ":": 6.186113704076836, "Spam": 5.992963423231718, "Discord": 5.992963423231718, "Recommendations": 5.992963423231718, "Governance": 5.992963423231718, "Solar": 5.935344694872365, "Melt": 5.810641866437763, "Syndrome": 5.810641866437763, "Protecting": 5.810641866437763, "Batman": 5.656491186610505, "Vaccine": 5.656491186610505, "Warming": 5.656491186610505, "Frequency": 5.522959793985982, "Skies": 5.299816242671772, "Jim": 5.117494685877818, "Status": 5.117494685877818, "Arctic": 5.037451978204281, "Delete": 5.037451978204281, "Ahead": 5.037451978204281, "Labs": 4.963344006050559, "Evidence": 4.894351134563609, "Current": 4.769187991609602, "Weapon": 4.769187991609602, "Hunting": 4.712029577769654, "Sonic": 4.712029577769654, "Banned": 4.712029577769654, "Part": 4.417547578626913, "Cold": 4.3443047976443365, "Cyber": 4.3443047976443365, "Privacy": 4.3443047976443365, "Happened": 4.306564469661489, ",": 4.26686613666142, "31": 4.2351055056793445, "26": 4.2351055056793445, "Secure": 4.201203954003663, "Australia": 4.136665432866092, "Used": 4.076040811049657, "What": 4.068883710552766, "Fight": 4.047053274176404, "World": 3.830851958651997, "Research": 3.7957388458954986, "Sun": 3.773759939176723, "Still": 3.6903783302376723, "Going": 3.6511576170843907, "Ukraine": 3.613417289101544, "Global": 3.577049644930669, "Musk": 3.491527471492507, "History": 3.4127465936393926, "Elon": 3.4127465936393926, "April": 3.3539060936164593, "But": 3.325735216649763, "17": 3.2079521809933795, "Control": 2.977428522381547, "Monitor": 2.875013516953478, "Out": 2.782119770060781, "10": 2.775586474487253, "3D": 2.6465742780645574, "Windows": 2.585121498850894, "the": 2.375584614334153, "is": 2.2975526735462535, "5G": 2.1259377837343076, "1": 2.1256307600962976, "#": 2.049079955889543, "On": 1.9569544380225805, "11": 1.9019577622751318, "3": 1.886214831964362, "by": 1.8124411647685648, "?": 1.7786634056636472, "In": 1.7617596782924199, "'s": 1.6358885460563495, "Your": 1.5838081211695836, "To": 1.5573960216298066, "for": 1.5452151963067862, "vs": 1.524759092316784, "-": 1.2853290477270733, "New": 1.255012126009808, "2": 0.8270352447294268, "with": 0.8078147547893193, "in": 0.6699534440933097, "The": 0.6392113497955807, "to": 0.5993358768793563, "and": 0.5938961535835382, "!": 0.4659181270755709}