{"coches.net": 451.6401058230509, "espa\u00f1ol": 316.61050924549437, "Prueba": 171.27020696379023, "en": 165.22904867654145, "/": 104.14891005650796, "Review": 96.07878854752876, "Test": 64.41631926112663, "|": 63.959434218888084, "Primer": 52.5702177504995, "vistazo": 52.45043807344169, "2022": 35.11144303214175, "Primera": 26.225219036720844, "SUV": 24.34561222769996, "prueba": 23.452630314481063, "Novedad": 22.96475114354496, "de": 22.619281422110948, "fondo": 20.885309601865128, "y": 20.08665444060967, "coches": 19.668914277540633, "Volkswagen": 17.716671479115433, "la": 16.891254644161325, "contacto": 15.30983409569664, "un": 14.89236566049598, "para": 14.663732005136184, "marcas": 13.923539734576751, "Presentaci\u00f3n": 13.112609518360422, "coche": 12.53724537345686, "Cupra": 12.385669569696478, "h\u00edbrido": 11.418013797586015, "MK2": 11.15095101233697, "CX-60": 11.15095101233697, "VZ5": 10.179935380773568, "Awards": 10.031719436466124, "Renault": 9.972551122685969, "Juke": 9.764656651217079, "Challenge": 9.636797374074014, "las": 9.529090579904311, "Formentor": 9.42095613736376, "CV": 9.31836954858866, "Niro": 8.793641019653677, "Los": 8.441859686726348, "Golf": 8.339159173941507, "por": 8.199137972717814, "El": 8.087998270408193, "Porsche": 7.953961438943554, "obligatorias": 7.65491704784832, "julio": 7.65491704784832, "Afriq": 7.65491704784832, "\u00a1un": 7.65491704784832, "extremo": 7.65491704784832, "\u00bfSustituir\u00e1": 7.65491704784832, "traemos": 7.65491704784832, "LYNK": 7.65491704784832, "chino": 7.65491704784832, "suscripci\u00f3n": 7.65491704784832, "premios": 7.65491704784832, "sorteo": 7.65491704784832, "\u00a1A": 7.65491704784832, "desierto": 7.65491704784832, "COCHES.NET": 7.65491704784832, "\u00a1Estamos": 7.65491704784832, "cami\u00f3n": 7.65491704784832, "F-Max": 7.65491704784832, "plazas": 7.65491704784832, "moda": 7.65491704784832, "podr\u00e1": 7.65491704784832, "CAP.2": 7.65491704784832, "Preparaci\u00f3n": 7.65491704784832, "Ecorally": 7.65491704784832, "250e": 7.65491704784832, "est\u00e1tica": 7.65491704784832, "logos": 7.65491704784832, "autom\u00f3viles": 7.65491704784832, "Finlandia": 7.65491704784832, "Gana": 7.65491704784832, "votando": 7.65491704784832, "Furgoneta": 7.65491704784832, "marzo": 7.65491704784832, "Mujer": 7.65491704784832, "Carrera": 7.331866002568092, "Skoda": 7.223731560027541, "RS": 7.1766805768303055, "Ayudas": 6.961769867288376, "novedades": 6.961769867288376, "faltaba": 6.961769867288376, "origen": 6.961769867288376, "Entrega": 6.961769867288376, "\u00bfQU\u00c9": 6.961769867288376, "PASANDO": 6.961769867288376, "celebraci\u00f3n": 6.961769867288376, "\ud83e\udd37\ud83c\udffb\u200d\u2642\ufe0f": 6.961769867288376, "\u00bfQui\u00e9n": 6.961769867288376, "2030": 6.961769867288376, "957": 6.961769867288376, "Primeras": 6.961769867288376, "impresiones": 6.961769867288376, "GRECALE": 6.961769867288376, "Comparativa": 6.961769867288376, "T-ROC": 6.961769867288376, "El\u00e9ctrico": 6.961769867288376, "h\u00edbridos": 6.961769867288376, "D\u00eda": 6.961769867288376, "Novedades": 6.556304759180211, "\u00bfEl": 6.556304759180211, "Menos": 6.556304759180211, "caros": 6.556304759180211, "\u00bf": 6.556304759180211, "nieve": 6.556304759180211, "c\u00f3mo": 6.556304759180211, "el\u00e9ctricos": 6.556304759180211, "nuevos": 6.556304759180211, "el\u00e9ctrica": 6.556304759180211, "conducci\u00f3n": 6.26862268672843, "Kamiq": 6.26862268672843, "circuito": 6.26862268672843, "924": 6.26862268672843, "ARIYA": 6.26862268672843, "Comparativo": 6.26862268672843, "BUZZ": 6.26862268672843, "hacer": 6.0454791354142206, "sus": 6.0454791354142206, "pero": 6.0454791354142206, "Austria": 6.0454791354142206, "CHEROKEE": 6.0454791354142206, "Nissan": 5.8734706840287485, "desde": 5.863157578620266, "Te": 5.863157578620266, "UrbanRebel": 5.863157578620266, "Sahara": 5.863157578620266, "T7": 5.863157578620266, "Tecnica": 5.863157578620266, "el\u00e9ctrico": 5.863157578620266, "AVANT": 5.863157578620266, "S-Cross": 5.863157578620266, "todas": 5.709006898793008, "crossover": 5.709006898793008, "2.7": 5.709006898793008, "Sc\u00e9nic": 5.709006898793008, "aventura": 5.709006898793008, "funciona": 5.709006898793008, "4xe": 5.575475506168485, "\u00bfQu\u00e9": 5.575475506168485, "Enyaq": 5.575475506168485, "Serie": 5.575475506168485, "Grandland": 5.575475506168485, "Kia": 5.514154495794818, "Motor": 5.499284538819783, "Hybrid": 5.484524324224537, "Cap": 5.457692470512101, "2025": 5.352331954854275, "EST\u00c1": 5.352331954854275, "Multivan": 5.352331954854275, "Captur": 5.352331954854275, "Austral": 5.352331954854275, "iX1": 5.25702177504995, "nueva": 5.25702177504995, "iV": 5.25702177504995, "EQA": 5.25702177504995, "BMX": 5.17001039806032, "Staria": 5.17001039806032, "ID.5": 5.17001039806032, "comprar": 5.17001039806032, "Cabrio": 5.17001039806032, "GLA": 5.17001039806032, "premium": 5.089967690386784, "Mission": 5.089967690386784, "Ultimae": 5.089967690386784, "offroad": 5.015859718233062, "CO": 5.015859718233062, "concept": 5.015859718233062, "moto": 4.9468668467461105, "Lamborghini": 4.92392039391622, "Hyundai": 4.91284003316499, "T-Cross": 4.8823283256085395, "son": 4.821703703792105, "m\u00e1s": 4.821703703792105, "CUPRA": 4.764545289952156, "Hurac\u00e1n": 4.764545289952156, "Tonale": 4.71047806868188, "01": 4.65918477429433, "GRAND": 4.65918477429433, "XC40": 4.610394610124898, "Tourer": 4.610394610124898, "Un": 4.563874594490005, "CS": 4.563874594490005, "Born": 4.563874594490005, "A6": 4.563874594490005, "''": 4.538638926782893, "ID": 4.5194228319191705, "2024": 4.43604122298012, "CIVIC": 4.43604122298012, "Active": 4.43604122298012, "MAZDA": 4.3968205098268385, "1972": 4.359080181843992, "los": 4.359080181843992, "SL": 4.322712537673117, "Citro\u00ebn": 4.322712537673117, "una": 4.322712537673117, "Tribute": 4.189181145048594, "C5": 4.15840948638184, "es": 4.1285565232321595, "718": 4.07139810939221, "e-tron": 4.07139810939221, "Coup\u00e9": 4.043999135204096, "BMW": 4.024107004713676, "el": 4.0173308881219345, "Cayenne": 4.0173308881219345, "Vision": 3.9913554017186743, "X1": 3.9660375937343844, "EN": 3.9660375937343844, "PHEV": 3.9413449811440127, ":": 3.911334346404739, "con": 3.8937169321547582, "HR-V": 3.8937169321547582, "del": 3.848254558078001, "M2": 3.848254558078001, "Cayman": 3.763096749737694, "?": 3.7602936947418986, "Opel": 3.7428940424201746, "Smart": 3.723091415123995, "Honda": 3.6756117757702325, "GT4": 3.6295653571131714, "Yaris": 3.6295653571131714, "Concept": 3.5773796039426013, "Maserati": 3.5605724856262198, "Y": 3.511782321456788, "que": 3.4960339644886487, "Competition": 3.4960339644886487, "Romeo": 3.4805297779526834, "250": 3.4805297779526834, "o": 3.4805297779526834, "Seat": 3.4502244284573544, "Alfa": 3.435409342672214, "400": 3.435409342672214, "La": 3.392237170807005, "Mercedes-AMG": 3.350851954644151, "Aventador": 3.350851954644151, "Experience": 3.33742893431201, "a": 3.3221735112209387, "Cross": 3.311111625994637, "``": 3.307004339774341, "M4": 3.2122657913580044, "GTS": 3.177580233370114, "Rally": 3.0397965310070614, "Coupe": 3.0397965310070614, "Suzuki": 2.8186351408968426, "Volvo": 2.7873825973927384, "Mazda": 2.764567919626567, "EV": 2.706157157470152, "Rover": 2.6713104261399843, "911": 2.6577047740842055, "500": 2.6179644454346915, "Tesla": 2.586012845628089, "Range": 2.5735126828638575, "Model": 2.5550506200241223, "X": 2.54897157394774, "Performance": 2.513253491345661, "Driving": 2.4026436198016907, "Racing": 2.351612139789245, "Jeep": 2.3270408790587394, "VW": 2.3221982545829514, "R": 2.2750196943078613, "!": 2.089290108617916, "8": 2.0714207390666215, "7": 2.020127444679071, "Audi": 2.009470150205083, "Mercedes": 2.005942809687115, ",": 1.8811515805240242, ".": 1.7454499836830584, "Toyota": 1.6659556309584571, "Ford": 1.5749838527527305, "#": 1.1611632079966343, "3": 1.1167772240806506, "1": 0.9994766974806731, "-": 0.9881422823680434, "(": 0.8058507652148631,