{"Trailer": 66.30623410609161, "2022": 48.717892935293094, "(": 18.417875468557533, ")": 18.383456287825105, "TRAILERS": 13.330730391444126, "Sci-Fi": 11.708869959011468, "2023": 11.708869959011468, "Weekly": 11.307528568087166, "THOR": 10.973420398760833, "ADAM": 10.973420398760833, "THE": 10.019061236615133, "WARS": 9.921234206967275, "Teaser": 9.439154335210572, "STAR": 8.828146794231136, "BLACK": 8.62797987711717, "ALIENOID": 8.051659556841953, "'Teen": 8.051659556841953, "DESCENT": 8.051659556841953, "'Claire": 8.051659556841953, "RUBIKON": 8.051659556841953, "MOVIE": 7.914629989239706, "POLICEMAN": 7.358512376282008, "REEF": 7.358512376282008, "STALKED": 7.358512376282008, "VESPER": 7.358512376282008, "IMPERFECTS": 7.358512376282008, "PINOCCHIO": 7.358512376282008, "WILLOW": 7.358512376282008, "Marvel": 7.218016600703274, "MIDNIGHT": 6.953047268173844, "SUNS": 6.953047268173844, "PYTHON": 6.953047268173844, "BLASTED": 6.953047268173844, "PASSENGER": 6.953047268173844, "PREDATOR": 6.665365195722063, "UHD": 6.665365195722063, "GRAY": 6.665365195722063, "TERMINAL": 6.442221644407853, "TROLL": 6.259900087613898, "MIKE": 6.259900087613898, "Hunted": 6.259900087613898, "TITANIC": 6.259900087613898, "Andor": 6.259900087613898, "ALIENS": 5.972218015162118, "Prey": 5.972218015162118, "Reboot": 5.972218015162118, "LIES": 5.854434979505734, "Pratt": 5.749074463847908, "DOMINION": 5.566752907053953, "Survivor": 5.566752907053953, "Groot": 5.486710199380417, "JURASSIC": 5.412602227226695, "LIST": 5.343609355739743, ":": 5.135052631941585, "SQUID": 4.960617103483638, "ISLAND": 4.755822690837625, "Jedi": 4.684363726855479, "TRUE": 4.684363726855479, "NEW": 4.591834686510083, "Styles": 4.585923654042227, "DARK": 4.440741644197729, "Thunder": 4.313989938558585, "Netflix": 4.201511955131895, "4K": 3.8772722869463165, "Harry": 3.788979679800638, "MAN": 3.788979679800638, "Shark": 3.7612001156935624, "GAME": 3.5857514381873696, "Being": 3.5298709797929133, "'": 3.501747524357419, "Chris": 3.4977826652414126, "WORLD": 3.333160685546859, "4": 3.234226076109001, "CHALLENGE": 2.758354732117461, "2": 2.747916629441429, "Movie": 2.464410898441704, "MY": 2.442187761656994, "And": 2.3150872593627616, "Love": 2.2227139392317463, "#": 1.9198348834936012, "5": 1.5280972506924413, "|": 1.4609420002049505, "1": 1.2132543559946098}