{"CookingShooking": 468.4749977355845, "Recipe": 112.62471712235434, "Style": 60.617780001867345, "Veg": 55.660229356033206, "Crunchy": 40.948380818144344, "-": 40.14297773885309, "Eggless": 35.247295346806396, "CRUNCHY": 27.526657679661813, "Restaurant": 26.996710372414867, "Dominos": 24.79391486596923, "Crispy": 24.432999607730686, "Panir": 23.423749886779227, "Chocolate": 23.38587428476489, "Paneer": 23.149313992892317, "Minute": 21.440891503942108, "Monsoon": 19.26486680341955, "Cafe": 19.24873742148967, "Burger": 18.651895925103446, "Crisp": 18.595436149476924, "Recipes": 17.642293070824955, "Starter": 16.83207615477057, "Pillowy": 15.615833257852817, "Mithai": 15.615833257852817, "Dukaan": 15.615833257852817, "Snack": 15.58357449399305, "RECIPE": 15.130259752765037, "[": 14.053521775811467, "]": 14.053521775811467, "Sandwich": 14.015406142888954, "/": 13.550591876156949, "Ingredient": 13.427136356253616, "Min": 13.321862396819803, "Shaadi": 12.843244535613035, "Rolls": 12.59099614884655, "Hyderabadi": 11.72401295974219, "Dhaba": 11.72401295974219, "POTATO": 10.820042712256075, "Frying": 10.820042712256075, "Nuggets": 10.646019958276817, "Sweets": 10.485934542929744, "Dessert": 10.240402422761909, "Microwave": 10.070655813373255, "Grinder": 9.949406569740384, "Chaat": 9.835089742060488, "Cheese": 9.519562922090318, "Sponge": 9.344844825994517, "Easy": 9.267110198008709, "Corn": 9.259725597156926, "Wet": 9.178081608116415, "MIN": 8.95142423750241, "No": 8.63576956306081, "SOFT": 8.622818134919857, "Toast": 8.622818134919857, "From": 8.59373765266715, "Creamy": 8.563112208620494, "Work": 8.293474536021487, "Mix": 8.288709965593524, "Aloo": 8.288709965593524, "10": 8.278868137450875, "Pancakes": 8.238074349624945, "Super": 8.179536791825837, "SECRET": 8.14049402128608, "Masala": 8.002508278312177, "Cake": 7.9293919650086835, "Noodles": 7.873431236037035, "-15": 7.807916628926408, "McAloo": 7.807916628926408, "mcdonald": 7.807916628926408, "IDLY": 7.807916628926408, "PILLOWY": 7.807916628926408, "SHAKKARKANDI": 7.807916628926408, "WAFERS": 7.807916628926408, "Kurkura": 7.807916628926408, "Karol": 7.807916628926408, "Bagh": 7.807916628926408, "10-15": 7.807916628926408, "Khao": 7.807916628926408, "Suey": 7.807916628926408, "Burmese": 7.807916628926408, "Khow": 7.807916628926408, "Swe": 7.807916628926408, "Assorted": 7.807916628926408, "Tempuras": 7.807916628926408, "PAKODA": 7.807916628926408, "Raghavendra": 7.807916628926408, "Chap": 7.807916628926408, "Lollipops": 7.807916628926408, "Parathe": 7.807916628926408, "Makai": 7.807916628926408, "Manchuria": 7.807916628926408, "Chekkalu": 7.807916628926408, "Indore": 7.807916628926408, "Makhani": 7.807916628926408, "Amul": 7.807916628926408, "GMS/CMC": 7.807916628926408, "Pakoras": 7.807916628926408, "Gulgule": 7.807916628926408, "Pyazi": 7.807916628926408, "Wich": 7.807916628926408, "Method": 7.7133458206899626, "&": 7.619050447293474, "Soup": 7.427144133408616, "Snacks": 7.394085529506195, "Roll": 7.361564487762634, "Sauce": 7.267058718061543, "Street": 7.206448019070884, "Nizami": 7.114769448366463, "Moonglet": 7.114769448366463, "TRENDING": 7.114769448366463, "VEGETABLES": 7.114769448366463, "Syrups": 7.114769448366463, "Duplex": 7.114769448366463, "Mathri": 7.114769448366463, "Thattai": 7.114769448366463, "Crackle": 7.114769448366463, "Crinkle": 7.114769448366463, "Chutneys": 7.114769448366463, "Chilly": 7.114769448366463, "Comforting": 7.114769448366463, "French": 7.090473503770186, "Home": 6.9210975423094965, "Butter": 6.826934948507939, "Patta": 6.709304340258298, "Medu": 6.709304340258298, "Chaap": 6.709304340258298, "Atta": 6.709304340258298, "Drums": 6.709304340258298, "Sheets": 6.709304340258298, "Johny": 6.709304340258298, "Coleslaw": 6.709304340258298, "Potato": 6.594114244819117, "Pizza": 6.4871368749171445, "ALOO": 6.421622267806518, "CUSTARD": 6.421622267806518, "Boondi": 6.421622267806518, "Bachelor": 6.421622267806518, "Kurkure": 6.421622267806518, "PURE": 6.421622267806518, "Without": 6.251570803604378, "Bread": 6.23313749339453, "Crackers": 6.198478716492308, "Soft": 6.178835515262628, "Peri": 6.016157159698354, "TEXTURE": 6.016157159698354, "Burst": 6.016157159698354, "MASALA": 6.016157159698354, "CHEESY": 6.016157159698354, "Cutlet": 6.016157159698354, "Secret": 5.9752701266427435, "in": 5.917957028306934, "TRY": 5.865438611450514, "Heaven": 5.862006479871095, "Flavors": 5.862006479871095, "LG": 5.728475087246572, "FRUIT": 5.728475087246572, "Handi": 5.728475087246572, "Palak": 5.728475087246572, "TOMATO": 5.728475087246572, "Strips": 5.728475087246572, "Manchurian": 5.728475087246572, "Enchiladas": 5.728475087246572, "2": 5.696109564810259, "Sambar": 5.610692051590189, "Tortilla": 5.610692051590189, "Ladoo": 5.5053315359323625, "Laddu": 5.5053315359323625, "WRAP": 5.5053315359323625, "Syrup": 5.5053315359323625, "Plum": 5.5053315359323625, "Tikka": 5.410021356128038, "Tikki": 5.410021356128038, "CHIPS": 5.410021356128038, "Mug": 5.410021356128038, "Besan": 5.3230099791384085, "Diwali": 5.3230099791384085, "powder": 5.3230099791384085, "Soya": 5.3230099791384085, "Mouth": 5.3230099791384085, "Pakora": 5.3230099791384085, "Pakoda": 5.3230099791384085, "Maggi": 5.3230099791384085, "Events": 5.242967271464872, "Lava": 5.242967271464872, "Peas": 5.242967271464872, "Tandoori": 5.242967271464872, "Chipotle": 5.1688592993111495, "Veggie": 5.1688592993111495, "Brownie": 5.1688592993111495, "SWEET": 5.099866427824199, "Oily": 5.099866427824199, "Idli": 5.035327906686628, "Wheat": 5.035327906686628, "Mushrooms": 5.035327906686628, "Non": 5.035327906686628, "Vada": 4.974703284870192, "oven": 4.974703284870192, "Shocking": 4.974703284870192, "Brownies": 4.974703284870192, "Roti": 4.917544871030244, "Melt": 4.917544871030244, "with": 4.917020681560902, "Sabzi": 4.863477649759968, "Vanilla": 4.863477649759968, "Cooker": 4.863477649759968, "Matar": 4.863477649759968, "EASY": 4.846843132274639, "Cloud": 4.812184355372417, "Sand": 4.763394191202986, "20": 4.7396746400064265, "CHEESE": 4.716874175568092, "Velvet": 4.716874175568092, "Pull": 4.716874175568092, "Popcorn": 4.716874175568092, "BREAD": 4.716874175568092, "Cucumber": 4.716874175568092, "PIZZA": 4.672422412997259, "=": 4.629862798578463, "Roasted": 4.629862798578463, "65": 4.629862798578463, "Paratha": 4.589040804058207, "Scratch": 4.589040804058207, "Mousse": 4.589040804058207, "PASTA": 4.549820090904927, "Juicy": 4.549820090904927, "Fries": 4.549820090904927, "Caramel": 4.512079762922079, "KFC": 4.512079762922079, "ke": 4.475712118751205, "Dal": 4.475712118751205, "4": 4.450672999635293, "With": 4.418587132285049, "Chilli": 4.406719247264253, "Fluffy": 4.373929424441262, "Cheesy": 4.311409067459929, "Pancake": 4.281556104310247, "Grilled": 4.252568567436995, "Rich": 4.2243976904702984, "Grill": 4.2243976904702984, "Pepper": 4.2243976904702984, "Biryani": 4.196998716282184, "Friendly": 4.170330469200023, "Whole": 4.170330469200023, "Heat": 4.170330469200023, "Evening": 4.170330469200023, "Taste": 4.144354982796762, "Wrap": 4.119037174812473, "Potatoes": 4.0943445622221, "Stuffed": 4.0943445622221, "Fry": 4.0943445622221, "Onion": 4.0943445622221, "Mushroom": 4.07024701064304, "Pan": 4.023726995008147, "Cakes": 4.023726995008147, "King": 4.023726995008147, "Indian": 3.837624715374287, "Korean": 3.8189325823621343, "Oven": 3.8189325823621343, "Classic": 3.8005834436939376, "Tasty": 3.8005834436939376, "Tomato": 3.764865361091858, "Mango": 3.730379185020689, "Dog": 3.6335293590307716, "Fast": 3.490428515390098, "Fruit": 3.4512078022368167, "Spicy": 3.377099830083095, "style": 3.330579814448202, "MUST": 3.2753171357731525, "Paper": 3.2435684374585723, "recipe": 3.054326437820044, "Winter": 3.0457426941286525, "Egg": 3.0372320044607437, "Rice": 3.0204248861443626, "Ice": 2.932719305725257, "like": 2.852089571325148, "Hot": 2.852089571325148, "Like": 2.8450719986665014, "Red": 2.8381033293504077, "Homemade": 2.810704355162293,