{"Sponge": 57.09755972499152, "Cool": 45.00394700468167, "XCOM": 44.409213119437844, "Ghosts": 43.23355435646718, "Daft": 33.748192054425, "Squad": 33.23953363963116, "Souls": 26.38957892232913, "Ep": 20.55841542415534, "Untold": 20.248915232655, ":": 16.338732899303153, "Gunstar": 16.27186554400978, "Episode": 15.783607416435167, "Constructor": 14.074640966673561, "Jill": 14.074640966673561, "Signal": 13.49927682177, "Stories": 13.267082115901747, "Ever": 11.155300965149687, "Matt": 10.726688099530218, "Came": 10.3829875856769, "From": 9.905802224981077, "Jungle": 9.050029718721332, "Desert": 8.844721410601165, "Numenera": 8.13593277200489, "Swimwear": 8.13593277200489, "Worf": 8.13593277200489, "Frowned": 8.13593277200489, "Choux": 8.13593277200489, "Complicity": 8.13593277200489, "Lees": 8.13593277200489, "Congress": 8.13593277200489, "Brutale": 8.13593277200489, "Tolva": 8.13593277200489, "T\u00f6lva": 8.13593277200489, "Yolkfolk": 8.13593277200489, "Heroes": 8.050117815663159, "Best": 7.6773066836801025, "Traditional": 7.442785591444945, "Crackle": 7.442785591444945, "Lunchbox": 7.442785591444945, "Cultural": 7.442785591444945, "FFXV": 7.442785591444945, ",": 7.058186334430898, "Pinata": 7.037320483336781, "Passpartout": 7.037320483336781, "Norwood": 7.037320483336781, "Nier": 7.037320483336781, "Nioh": 7.037320483336781, "Dizzy": 7.037320483336781, "with": 6.780054322663192, "Jams": 6.749638410885, "1997": 6.749638410885, "Automata": 6.749638410885, "Cleveland": 6.749638410885, "Viva": 6.52649485957079, "XII": 6.52649485957079, "Suite": 6.52649485957079, "Gamescom": 6.52649485957079, "Sexy": 6.52649485957079, "Theatre": 6.52649485957079, "Abandon": 6.52649485957079, "-": 6.445414772538591, "Catalogue": 6.344173302776835, "Photoshop": 6.344173302776835, "Silence": 6.190022622949577, "Tides": 6.056491230325054, "died": 5.73803749920652, "Interactive": 5.73803749920652, "Childhood": 5.65102612221689, "of": 5.5294579346411865, "Game": 5.511353070308639, "Charlie": 5.42788257090268, "Snap": 5.363344049765109, "son": 5.245561014108726, "Honor": 5.19149379283845, "The": 5.17197274157511, "Prince": 5.140200498450899, "Panic": 5.091410334281467, "Pop": 5.091410334281467, "Mania": 5.044890318646575, "Justice": 5.044890318646575, "91": 5.044890318646575, "Fury": 5.000438556075741, "93": 5.000438556075741, "92": 4.957878941656944, "89": 4.957878941656944, "2": 4.948485228299763, "Breath": 4.803728261829686, "Step": 4.803728261829686, "Steve": 4.670196869205164, "Underground": 4.498346612278505, "Please": 4.498346612278505, "90": 4.3072913755157956, "the": 4.263449309866434, "Zelda": 4.1285995867724194, "Scenes": 4.058395328099171, "ca": 3.9770496886452187, "It": 3.8466533525067437, "Fantasy": 3.8454733308564992, "use": 3.8454733308564992, "Amazing": 3.8454733308564992, "Behind": 3.81844465846858, "2017": 3.805199431718559, "n't": 3.6303289555086162, "Wild": 3.6250732654880404, "Horizon": 3.4724936778928233, "Week": 3.3910006436416404, "Lost": 3.1801057144036298, "@": 3.0545284070204275, "Dark": 3.006034057081817, "so": 2.9768774727903615, "Sonic": 2.910186098291689, "House": 2.8836593439582607, "An": 2.842627947280398, "Out": 2.7514377092158013, "Final": 2.622504025839908, "PC": 2.6104798328731067, "War": 2.5375108130065156, "3": 2.29333043037184, "Do": 2.292388354973531, "and": 2.0701617261216807, "Update": 2.0333741773913214, "For": 1.9960482197786351, "9": 1.9896035143359931, "my": 1.9313750094362, "8": 1.7524261371208847, "7": 1.5949027728149872, "6": 1.5212071718011297, "1": 1.4865705025665343, ".": 1.4792062478264987, "My": 1.4601095503700425, "on": 1.3526075714009305, "4": 1.0601239080265037, "5": 0.9505457564244738, "a": 0.8649242337238984, "&": 0.8649242337238984, "I": 0.7931535826730446, "'s": 0.7675930856935094, "(": 0.4018114686765854, ")": 0.4018114686765854, "!": 0.2688272716881513}