{"Cowboy": 46.52246050763227, "Cook": 35.158191905584914, "Chuck": 25.6916889419616, "|": 22.49089556367356, "Best": 22.212191549478, "Fried": 22.10721117640138, "Rollins": 22.017638902093665, "Kent": 20.80124357776917, "Cooking": 18.778470144542226, "Perfect": 18.778470144542226, "Wagon": 18.721802036089336, "Recipe": 16.992682056024957, "How": 16.792336965758988, "Easy": 16.22434202571227, "1800s": 16.064720295849, "Steak": 15.597440411604854, "Way": 13.872047825826657, "Tips": 13.83059667768447, "History": 12.483477411049828, "Restoring": 12.172899997738375, "to": 11.897010381882028, "Needed": 11.45955010986091, "Chicken": 11.267082086725335, "Oven": 10.934821580925927, "Bacon": 10.934821580925927, "Dutch": 10.17584233751612, "Traditional": 9.793731863990702, "Bread": 9.793731863990702, "Homemade": 9.133248490249548, "Cheese": 8.954024172870174, "Deep": 8.05005392538406, "Barbacoa": 8.0323601479245, "Chefstemp": 8.0323601479245, "Finaltouch": 8.0323601479245, "Mole": 8.0323601479245, "Discada": 8.0323601479245, "|Top": 8.0323601479245, "Damper": 8.0323601479245, "Sear": 8.0323601479245, "Mozzarella": 8.0323601479245, "Tenders": 8.0323601479245, "Poach": 8.0323601479245, "Hasenpfeffer": 8.0323601479245, "Make": 7.76982731220812, "Vide": 7.339212967364555, "Leches": 7.339212967364555, "Meatloaf": 7.339212967364555, "X10": 7.339212967364555, "Sharpening": 7.339212967364555, "Sharpen": 7.339212967364555, "Cristo": 6.933747859256391, "Poached": 6.933747859256391, "Sous": 6.64606578680461, "Tres": 6.64606578680461, "Ribeye": 6.64606578680461, "Mexicana": 6.64606578680461, "Cinnamon": 6.64606578680461, "Burrito": 6.64606578680461, "Tender": 6.64606578680461, "Equipment": 6.4229222354904, "Dew": 6.4229222354904, "Monte": 6.4229222354904, "Bananas": 6.4229222354904, "Incredibly": 6.4229222354904, "Grilling": 6.240600678696445, "the": 6.1991157793030425, "Ingredient": 6.086449998869187, "Wrapped": 6.086449998869187, "Potatoes": 5.952918606244665, "Stuffed": 5.952918606244665, "Sticks": 5.835135570588281, "Fluffy": 5.835135570588281, "Smoked": 5.63446487512613, "Knife": 5.63446487512613, "Tomato": 5.63446487512613, "Pancake": 5.63446487512613, "Tacos": 5.5474534981365, "Soup": 5.5474534981365, "Along": 5.467410790462964, "Bean": 5.32430994682229, "Outdoor": 5.199146803868285, "Wings": 5.141988390028335, "Mexican": 5.141988390028335, "Sauce": 5.08792116875806, "Rabbit": 5.08792116875806, "Part": 5.054057223984275, "Sushi": 5.0366278743705095, "Changing": 4.987837710201077, "Sandwich": 4.896865931995351, "Cast": 4.854306317576555, "Dollar": 4.854306317576555, "an": 4.831178100515858, "Monkey": 4.8134843230563, "No": 4.795141089510501, "The": 4.77612483102094, "Meat": 4.774263609903018, "Iron": 4.774263609903018, "Australian": 4.700155637749297, "Rice": 4.665064317938026, "Survival": 4.631162766262345, "Breakfast": 4.5983729434393545, "Mountain": 4.505999623308339, "Recipes": 4.477012086435087, "a": 4.451617866088489, "Eye": 4.368798501794854, "Life": 4.158233627273432, "Machine": 4.140539849813874, "Egg": 4.140539849813874, "Quick": 4.081116429343073, "and": 4.0415348994093625, "Ways": 4.007008457189351, "Ideas": 3.954822704018781, "Million": 3.954822704018781, "Light": 3.954822704018781, "Cake": 3.889225421532968, "Chocolate": 3.8734770645648284, "Ultimate": 3.7838649058751415, "Two": 3.4784832563239596, "Ever": 3.055626405503926, "Review": 3.021724853828245, "LIVE": 2.9889350310052536, "An": 2.9825041406749633, "Top": 2.8906965914218405, "Most": 2.714240154080284, "in": 2.60524039074586, "Our": 2.543422421767814, "for": 2.4755471340960025, "BEST": 2.4526303219382783, "Day": 2.016202988226147, "5": 1.563109831128728, "1": 1.2366543727509862, "with": 1.2145295764703505, ":": 1.086346156825273, "2": 0.9900739759847571, "of": 0.9770473045847486, ",": 0.5951537810532077}