{"\u00c7ukur": 465.876888579621, "Vartolu": 56.2265210354715, "|": 48.19477620787192, "\ud83d\udd25\ud83d\udd25": 41.67043024371265, "Yama\u00e7": 40.1618007396225, "Sahneler": 24.96240271478578, "Emrah": 24.0970804437735, "\u0130dris": 24.0970804437735, "\u00c7ukur'un": 24.0970804437735, "\ud83d\udd25\ud83d\udd25\ud83d\udd25": 18.721802036089336, "!": 16.537606589133272, "Unutulmaz": 16.064720295849, "Kumburgazl\u0131": 16.064720295849, "Medet": 16.064720295849, "\ud83e\udd23\ud83e\udd23": 15.263763506274179, "Senin": 14.67842593472911, "\ud83d\ude05\ud83d\ude05": 14.67842593472911, "\ud83d\udd25\ud83d\udcaa": 14.67842593472911, "Serdar": 14.67842593472911, "\u0130\u015f": 13.867495718512782, "Sahneleri": 13.867495718512782, "Benim": 13.29213157360922, "Ay\u0131": 13.29213157360922, "...": 13.11555876592392, "\u00d6zel": 12.48120135739289, "Ben": 11.96792664026985, "\ud83c\udfc6": 10.64861989364458, "Babam\u0131z\u0131n": 8.0323601479245, "Katilini": 8.0323601479245, "Bulaca\u011f\u0131m": 8.0323601479245, "Beklenmedik": 8.0323601479245, "Sald\u0131r\u0131": 8.0323601479245, "Ali\u00e7o'yu": 8.0323601479245, "Kurtar\u0131yor": 8.0323601479245, "Ali\u00e7o'ya": 8.0323601479245, "E\u011fitim": 8.0323601479245, "Dokunamaz": 8.0323601479245, "Kimse": 8.0323601479245, "Sevdiklerime": 8.0323601479245, "\u26a1\u26a1": 8.0323601479245, "Baykal'\u0131n": 8.0323601479245, "O\u011flumsun": 8.0323601479245, "Karde\u015fin": 8.0323601479245, "Geleceksin": 8.0323601479245, "Artiz": 8.0323601479245, "Lakab\u0131": 8.0323601479245, "Laz": 8.0323601479245, "Kavu\u015fma": 8.0323601479245, "Heyecanl\u0131": 8.0323601479245, "Kovalama": 8.0323601479245, "Bize": 8.0323601479245, "Yard\u0131m": 8.0323601479245, "Baykal'\u0131m": 8.0323601479245, "Ate\u015fe": 8.0323601479245, "Atl\u0131yor": 8.0323601479245, "Zulay\u0131": 8.0323601479245, "Patlat\u0131yor": 8.0323601479245, "Medet'ini": 8.0323601479245, "Sena'y\u0131": 8.0323601479245, "Al\u0131koydular": 8.0323601479245, "Sena'n\u0131n": 8.0323601479245, "Vartolu'dan": 8.0323601479245, "Ricas\u0131": 8.0323601479245, "Nisan": 8.0323601479245, "Sinir": 8.0323601479245, "K\u00fcp\u00fcne": 8.0323601479245, "D\u00f6nd\u00fc": 8.0323601479245, "Hal\u0131sahan\u0131n": 8.0323601479245, "Alt\u0131ndaki": 8.0323601479245, "Depo": 8.0323601479245, "Kar\u015f\u0131ya": 8.0323601479245, "Ac\u0131mas\u0131zl\u0131\u011f\u0131": 8.0323601479245, "\u00c7ocu\u011fuyum": 8.0323601479245, "Olacaksan": 8.0323601479245, "Cumali'ye": 8.0323601479245, "Y\u0131lan\u0131n": 8.0323601479245, "Oyununa": 8.0323601479245, "Geldik": 8.0323601479245, "Kimsenin": 8.0323601479245, "Sadi\u015f": 8.0323601479245, "Kendi": 8.0323601479245, "Kafas\u0131n\u0131": 8.0323601479245, "Yar\u0131yor": 8.0323601479245, "Kemal": 8.0323601479245, "Atarsa": 8.0323601479245, "Ho\u015fgeldin": 8.0323601479245, "Amcac\u0131\u011f\u0131m": 8.0323601479245, "\u00d6lelim": 8.0323601479245, "Ya\u015fas\u0131n": 8.0323601479245, "Tutma": 8.0323601479245, "Numaram\u0131": 8.0323601479245, "\u0130stiyorsan": 8.0323601479245, "Babalar\u0131n\u0131": 8.0323601479245, "Ya\u015fatacaks\u0131n": 8.0323601479245, "Kocad\u0131": 8.0323601479245, "San\u0131yorlar": 8.0323601479245, "Birli\u011fi": 8.0323601479245, "Gemide": 8.0323601479245, "Selim'in": 8.0323601479245, "Bak\u0131yorsunuz": 8.0323601479245, "D\u00fcd\u00fckler": 8.0323601479245, "G\u00f6zlerim": 8.0323601479245, "A\u00e7\u0131k": 8.0323601479245, "Gidece\u011fim": 8.0323601479245, "Sofras\u0131": 8.0323601479245, "Ba\u015f\u0131nda": 8.0323601479245, "Geri": 8.0323601479245, "D\u00f6neceksin": 8.0323601479245, "Vartolu'nun": 8.0323601479245, "Evine": 8.0323601479245, "Operasyon": 8.0323601479245, "Hamama": 8.0323601479245, "Gelirse": 8.0323601479245, "Kimseye": 8.0323601479245, "Borcun": 8.0323601479245, "\u26a1\ud83d\udd25": 8.0323601479245, "Vartolu'yu": 8.0323601479245, "Uyand\u0131r\u0131rsa": 8.0323601479245, "\u0130dris'ten": 8.0323601479245, "Anlaml\u0131": 8.0323601479245, "Baba'n\u0131n": 8.0323601479245, "O\u011flu": 8.0323601479245, "\ud83d\ude05": 7.8760311714048, "ve": 7.6854108117961495, "Askeri": 7.339212967364555, "Art\u0131k": 7.339212967364555, "Sena": 7.339212967364555, "Nereye": 7.339212967364555, "Etti": 7.339212967364555, "\u0130stiyorum": 7.339212967364555, "Babas\u0131": 7.339212967364555, "\u00c7a\u011fr\u0131": 7.339212967364555, "\ud83d\ude00\ud83d\ude02": 7.339212967364555, "\u0130ptal": 7.339212967364555, "Y\u00f6ntemi": 7.339212967364555, "Almak": 7.339212967364555, "Emmi": 7.339212967364555, "\u00c7at\u0131\u015fma": 7.339212967364555, "Plan\u0131": 7.339212967364555, "Elektrik": 7.339212967364555, "Olarak": 7.339212967364555, "Hikaye": 7.339212967364555, "Ziyareti": 7.339212967364555, "TOP": 7.132904058539833, "\ud83d\udd25": 7.0874475563847215, "May\u0131s": 6.933747859256391, "De\u011filim": 6.933747859256391, "Nikah": 6.933747859256391, "Efsane": 6.933747859256391, "Anlar": 6.933747859256391, "Hamam": 6.933747859256391, "Sonu": 6.64606578680461, "Neden": 6.64606578680461, "\u0130stiyor": 6.64606578680461, "Kar\u015f\u0131": 6.64606578680461, "Bal\u0131k": 6.64606578680461, "Yol": 6.64606578680461, "Biz": 6.4229222354904, "Komik": 6.4229222354904, "Yok": 6.4229222354904, "Amir": 6.086449998869187, "Kurt": 6.086449998869187, "Lan": 6.086449998869187, "i": 6.0702957483207705, "Elvis": 5.952918606244665, "\u0130lk": 5.952918606244665, "Baba": 5.835135570588281, "ile": 5.393302818309242, "Su": 5.32430994682229, "Sen": 5.259771425684719, "Bir": 5.199146803868285, "Ne": 4.8134843230563, "5": 4.689329493386184, "mi": 4.22569765815418, "'": 4.158233627273432, "Trip": 3.4576491694211176, "-": 3.1770577265174325, "Shorts": 2.9571863326906733, "?": 2.385329326290608, "``": 1.7482259868536985, "''": 1.7224418696979837, "4": 1.6920008441967482, "3": 1.2918407883182772, ",": 1.1903075621064154, "#": 1.0175457966489556, "2": 0.9900739759847571}