{"curly": 22.02132614372945, "hair": 21.190890637695034, "my": 17.738348680844545, "cuz": 15.615833257852817, "...": 13.93501648375337, "D": 13.64946027271478, "style": 13.322319257792808, "improved": 12.396957432984616, "crisis": 12.032314319396708, "lol": 11.873307081649049, "tried": 11.748288992447346, "short": 11.512874146122861, "I": 10.423952194618805, "time": 8.685785229571069, "cut": 8.1886891244442, "checks": 7.807916628926408, "memes\ud83d\udd0d": 7.807916628926408, "skydiving": 7.807916628926408, "quarter": 7.807916628926408, "esthetician": 7.807916628926408, "straightening": 7.807916628926408, "icon": 7.807916628926408, "Quintanilla": 7.807916628926408, "nurse": 7.114769448366463, "Tovar": 7.114769448366463, "pixie": 7.114769448366463, "apparently": 7.114769448366463, "cleared": 7.114769448366463, "identity": 7.114769448366463, "highschool": 7.114769448366463, "fixed": 7.114769448366463, "My": 6.8610456514560045, "routine": 6.802394763324311, "\ud83d\udc89": 6.709304340258298, "fact": 6.709304340258298, "Salem": 6.709304340258298, "pierced": 6.709304340258298, "esteem": 6.709304340258298, "shift": 6.421622267806518, "chopped": 6.421622267806518, "approved": 6.421622267806518, "minimal": 6.421622267806518, "\u2728": 6.405492885876634, "professional": 6.198478716492308, "disaster": 6.198478716492308, "Coronavirus": 6.016157159698354, "first": 5.865438611450514, "Nurse": 5.862006479871095, "ruined": 5.862006479871095, "confidence": 5.728475087246572, "cry": 5.728475087246572, "wanted": 5.728475087246572, "Girly": 5.728475087246572, "Selena": 5.728475087246572, ":": 5.620952005895177, "2021": 5.5176272068231285, "Enough": 5.5053315359323625, "Recreated": 5.5053315359323625, "Childhood": 5.410021356128038, "kinda": 5.410021356128038, "acne": 5.3230099791384085, "\ud83d\udc80": 5.3230099791384085, "mind": 5.242967271464872, "haircut": 5.242967271464872, "dye": 5.1688592993111495, "life": 5.111286401759557, "truth": 5.099866427824199, "habits": 5.035327906686628, "\ud83c\udf39": 5.035327906686628, "Transforming": 4.863477649759968, "\ud83d\ude0e": 4.763394191202986, "aesthetic": 4.716874175568092, "hour": 4.629862798578463, "different": 4.549820090904927, "around": 4.549820090904927, "finally": 4.475712118751205, "\u2600\ufe0f": 4.406719247264253, "health": 4.373929424441262, "self": 4.373929424441262, "while": 4.342180726126682, "everyday": 4.342180726126682, "favorite": 4.252568567436995, "Had": 4.252568567436995, "care": 4.170330469200023, "skincare": 4.046716513232846, "face": 4.046716513232846, "healthy": 4.023726995008147, "body": 4.023726995008147, "\ud83d\ude33": 4.023726995008147, "Acne": 4.023726995008147, "never": 3.95776902721635, "FINALLY": 3.95776902721635, "Hairstyles": 3.95776902721635, "How": 3.947574149286039, "too": 3.8958936234982624, "worth": 3.8760909962020826, "products": 3.8566729103449813, "Curly": 3.837624715374287, "should": 3.782564938191259, "long": 3.764865361091858, "real": 3.6970427647530975, "Turning": 3.6970427647530975, "ready": 3.680782243881317, "off": 3.680782243881317, "own": 3.618261886899983, "years": 3.603224009535442, "getting": 3.573810124329149, "!": 3.445535834063876, "when": 3.438468776459387, "Self": 3.3890760211298105, "update": 3.3420085102718247, "after": 3.2753171357731525, "week": 3.2127967787918186, "Not": 3.080528810214068, "ft.": 3.071718180531913, "to": 3.059897012254197, "These": 3.0457426941286525, "all": 2.995732273553991, "makeup": 2.9481042245647364, "look": 2.9481042245647364, "Getting": 2.932719305725257, "can": 2.8952617431903565, "like": 2.852089571325148, "have": 2.8174840421476723, "about": 2.777478707533973, "Our": 2.777478707533973, "+": 2.766095210042041, "into": 2.7019711550258276, "'m": 2.529801969695891, "9": 2.4655823769615974, "12": 2.414289082574047, "Routine": 2.352595513568707, "We": 2.3107484036332067, "new": 2.290463732461701, ")": 2.2578113567599707, "Hair": 2.049014855049128, "an": 2.0149030205422647, "It": 1.9701861817604684, "it": 1.8065017509652583, "you": 1.7942014728836067, "shorts": 1.7724351964016523, "is": 1.5637497282626722, "for": 1.557658129553493, "in": 1.4794892570767335, ".": 1.1258080314765997, "'s": 0.9546175357403303, "#": 0.921384986395898, "of": 0.9203640572617908, "The": 0.856144464527497, "and": 0.6858567472972661, "-": 0.6690496289808848, "?": 0.6385666122558089, "a": 0.6263246843145436}