{"Cybertamizha": 372.5176654476251, "..": 115.2093037395461, "PAMI": 68.42161202099237, "|": 47.476915315623565, "\u0b87\u0ba4\u0bc1": 43.24141406663679, "\u0b95\u0bae\u0bcd\u0bae\u0bbf": 34.546270775529365, "\u0baa\u0bc1\u0ba4\u0bc1": 34.546270775529365, "\u0b87\u0bb0\u0bc1\u0b95\u0bcd\u0b95\u0bc1": 29.96481711615859, "PHONE": 28.615127949657612, "TAGG": 27.63701662042349, "\ud83d\udd25": 26.068767310497076, "\ud83d\ude44": 22.807204006997456, "\u0bb5\u0bbf\u0bb2\u0bc8": 22.807204006997456, "GADGET": 22.091839175943928, "GADGETS": 22.091839175943928, "UNBOXING": 20.94916482895504, "MIVI": 20.727762465317618, "MY": 19.20600609986128, "DUOPODS": 15.204802671331636, "\u0bb5\u0bbe\u0b99\u0bcd\u0b95\u0bbf\u0baf": 15.204802671331636, "PRODUCTs": 15.204802671331636, "\u0baa\u0bbe\u0ba4\u0bbf": 15.204802671331636, "\u0b95\u0bca\u0b9e\u0bcd\u0b9a\u0bae\u0bcd": 15.204802671331636, "TRICKs": 15.204802671331636, "VERVE": 15.204802671331636, "\u0bb5\u0bbf\u0ba4\u0bcd\u0ba4\u0bbf\u0baf\u0bbe\u0b9a\u0bae\u0bbe\u0ba9": 15.204802671331636, "\u0b95\u0ba3\u0bcd\u0b9f\u0bbf\u0baa\u0bcd\u0baa\u0bbe": 15.204802671331636, "\u0bb5\u0bbe\u0b99\u0bcd\u0b95\u0bbf\u0baf\u0bbe\u0b9a\u0bcd\u0b9a\u0bc1": 15.204802671331636, "OFFICE-\u0b95\u0bcd\u0b95\u0bc1": 15.204802671331636, "...": 14.431182963472217, "\u0b87\u0bb0\u0bc1\u0ba8\u0bcd\u0ba4\u0bbe": 13.818508310211746, "\u0b87\u0bb0\u0bc1\u0b95\u0bcd\u0b95\u0bc1\u0bae\u0bcd": 13.818508310211746, "\u0baf\u0bbe\u0bb0\u0bc1\u0b95\u0bcd\u0b95\u0bc1\u0bae\u0bcd": 13.818508310211746, "\ud83e\udd74": 13.818508310211746, "\u0b95\u0bc1\u0b9f\u0bcd\u0b9f\u0bbf": 13.818508310211746, "PRODUCT": 13.007578093995416, "\u0ba4\u0bc6\u0bb0\u0bbf\u0baf\u0bbe\u0ba4\u0bc1": 13.007578093995416, "\u0baa\u0ba3\u0bcd\u0ba3\u0bb2\u0bbe\u0bae\u0bcd": 13.007578093995416, "\u0baa\u0ba3\u0bcd\u0ba3\u0bc1\u0b99\u0bcd\u0b95": 13.007578093995416, "\u0bb5\u0bc7\u0bb1": 13.007578093995416, "\u0b87\u0ba9\u0bbf": 12.432213949091855, "\u0b87\u0ba4": 11.985926846463435, "Bought": 11.894445527818299, "NEW": 11.595988034639149, "\u0b87\u0ba8\u0bcd\u0ba4": 11.31298237322101, "OUR": 11.31298237322101, "DREAM": 11.045919587971964, "GOT": 10.810353516659198, "FOR": 10.330554756918438, "WORTH": 10.074903956408562, "AMAZON": 9.538375983219204, "WHATSAPP": 9.538375983219204, "WATER": 9.213338124223654, "DAY": 9.115757795884791, "GAME": 8.688609595288673, "``": 8.458023458126455, "inside": 8.037764794419417, "ANDROID": 7.827043763103764, "APPLE": 7.636423403495114, "\u0b9a\u0bc1\u0bae\u0bcd\u0bae\u0bbe": 7.602401335665818, "\u20b953000": 7.602401335665818, "\u0bb5\u0bbf\u0ba4\u0bcd\u0ba4\u0bbf\u0baf\u0bbe\u0b9a\u0bae\u0bbe": 7.602401335665818, "F60": 7.602401335665818, "PHONE-\u0bb2": 7.602401335665818, "\u200cCHARGE": 7.602401335665818, "\u0b86\u0b95\u0bbe\u0ba4\u0bc1": 7.602401335665818, "Powe": 7.602401335665818, "HOUSE-\u0b95\u0bcd\u0b95\u0bc1": 7.602401335665818, "\u20b92000-\u0ba4\u0bcd\u0ba4\u0bc1\u0bb2": 7.602401335665818, "SMARTWATCHs": 7.602401335665818, "\u0bb5\u0bbe\u0b99\u0bcd\u0b95\u0bbf": 7.602401335665818, "\u0b87\u0bb0\u0bc1\u0b95\u0bcd\u0b95\u0bc7\u0ba9\u0bcd": 7.602401335665818, "\u20b9100000": 7.602401335665818, "Pami": 7.602401335665818, "\u0bb5\u0bc0\u0b9f\u0bcd\u0b9f": 7.602401335665818, "THEATRE-\u0b86": 7.602401335665818, "\u0bae\u0bbe\u0bb1\u0bcd\u0bb1\u0bb2\u0bbe\u0bae\u0bcd": 7.602401335665818, "PHONE-\u0ba9": 7.602401335665818, "\u0b87\u0ba4\u0bc1\u0ba4\u0bbe": 7.602401335665818, "RATE-\u0b95\u0bcd\u0b95\u0bc1": 7.602401335665818, "\u0ba8\u0bbf\u0bb1\u0bc8\u0baf": 7.602401335665818, "PAMI-\u0b95\u0bcd\u0b95\u0bc1": 7.602401335665818, "EASY-\u0b85": 7.602401335665818, "\u0baa\u0b9f\u0b99\u0bcd\u0b95\u0bb3\u0bcd": 7.602401335665818, "\u0baa\u0bbe\u0bb0\u0bcd\u0b95\u0bcd\u0b95\u0bb2\u0bbe\u0bae\u0bcd": 7.602401335665818, "BIRTHDAY-\u0b95\u0bcd\u0b95\u0bc1": 7.602401335665818, "\u0bb5\u0ba8\u0bcd\u0ba4\u0bc1\u0b9a\u0bcd\u0b9a\u0bc1": 7.602401335665818, "Currency-\u0bb2": 7.602401335665818, "\u0baa\u0ba3\u0bcd\u0ba3\u0bbe": 7.602401335665818, "\u0b9a\u0bae\u0bcd\u0baa\u0bbe\u0ba4\u0bbf\u0b95\u0bcd\u0b95\u0bb2\u0bbe\u0bae\u0bcd.": 7.602401335665818, "PHONEs": 7.602401335665818, "REPUBLIC": 7.602401335665818, "CYBERTAMIZHA": 7.602401335665818, "\u0bb5\u0bbf\u0bb3\u0bc8\u0baf\u0bbe\u0b9f": 7.602401335665818, "\u0b9a\u0bc6\u0bae\u0bcd\u0bae\u0baf\u0bbe": 7.602401335665818, "unfortunately": 7.602401335665818, "\u0b95\u0bbf\u0bb2\u0bcb": 7.602401335665818, "\u0bae\u0bb0\u0ba3": 7.602401335665818, "\u20b91899-\u0b95\u0bcd\u0b95\u0bc1": 7.602401335665818, "GRAM": 7.602401335665818, "GETHAaa": 7.602401335665818, "TRIMMING": 7.602401335665818, "\u20b96": 7.602401335665818, "LAKHs": 7.602401335665818, "NIKKI": 7.602401335665818, "REPAIRED": 7.602401335665818, "\u20b913,999-\u0b95\u0bcd\u0b95\u0bc1": 7.602401335665818, "SLOW-\u0b86": 7.602401335665818, "\u0b85\u0baa\u0bcd\u0baa\u0bcb": 7.602401335665818, "\u0b95\u0bbe\u0baf\u0bcd\u0b9a\u0bcd\u0b9a\u0bb2\u0bcd": 7.602401335665818, "\u0bae\u0bca\u0b9f\u0bcd\u0b9f\u0bc8": 7.602401335665818, "\u0bae\u0bbe\u0b9f\u0bbf": 7.602401335665818, "\u0ba8\u0bae\u0bcd\u0bae": 7.602401335665818, "\u0b8a\u0bb0\u0bc1": 7.602401335665818, "BRAND\u0bb2": 7.602401335665818, "\u0b8e\u0bb2\u0bcd\u0bb2\u0bbe": 7.602401335665818, "PRODUCTs-\u0b9a\u0bc1": 7.602401335665818, "FLIPKART": 7.602401335665818, "APPs-\u0b85": 7.602401335665818, "MASAI": 7.602401335665818, "\u0bb5\u0bb0\u0bc1\u0bae\u0bbe\u0ba9\u0bae\u0bcd": 7.602401335665818, "\u0b93\u0b9f": 7.602401335665818, "CAMERAs": 7.602401335665818, "\u0b86\u0ba9": 7.602401335665818, "\u0b89\u0bb3\u0bcd\u0bb3\u0bc7": 7.602401335665818, "CyberTamizha": 7.602401335665818, "\u0bb5\u0bbe\u0b99\u0bcd\u0b95\u0bbf\u0ba9\u0ba4\u0bc1": 7.602401335665818, "\u0bb5\u0bbf\u0ba4\u0bae\u0bbe\u0ba9": 7.602401335665818, "Coocaa": 7.602401335665818, "32S3U-Pro": 7.602401335665818, "FISHTANK": 7.602401335665818, "TESTing": 7.602401335665818, "SIZE-\u0bb2": 7.602401335665818, "\u0bae\u0bbe\u0ba4\u0bbf\u0bb0\u0bbf": 7.602401335665818, "\u0bb0\u0bca\u0bae\u0bcd\u0baa": 7.602401335665818, "SETTINGS": 7.602401335665818, "\u0b87\u0baa\u0bcd\u0baa\u0bb5\u0bc7": 7.602401335665818, "PRINTER.\ud83d\udd25": 7.602401335665818, "PRIVATE": 7.602401335665818, "FRIEND-\u0b95\u0bcd\u0b95\u0bc1": 7.602401335665818, "YOUR": 7.547519878353446, "''": 7.237716208247003, "\u0baa\u0bcb\u0b9a\u0bcd\u0b9a\u0bc7": 6.909254155105873, "ENC": 6.909254155105873, "GOVO": 6.909254155105873, "\u0bb2\u0b9f\u0bcd\u0b9a\u0bae\u0bcd": 6.909254155105873, "\u0b95\u0bc6\u0ba4\u0bcd\u0ba4\u0bc1": 6.909254155105873, "\u0baa\u0bc1\u0ba4\u0bc1\u0b9a\u0bc1": 6.909254155105873, "UNLOCKING": 6.909254155105873, "PHOTO": 6.909254155105873, "HAIR": 6.909254155105873, "EXPECTED": 6.909254155105873, "COSTLY": 6.909254155105873, "\ud83d\ude03": 6.909254155105873, "SHE": 6.909254155105873, "\u0b85\u0baa\u0bcd\u0baa\u0b9f\u0bbf": 6.909254155105873, "\u0b9a\u0bc6\u0baf\u0bcd\u0baf\u0bc1\u0b99\u0bcd\u0b95": 6.909254155105873, "TERRACE": 6.909254155105873, "\u0b87\u0bb0\u0bc1\u0ba8\u0bcd\u0ba4\u0bc1": 6.909254155105873, "MISTAKES": 6.909254155105873, "\u0baa\u0bc1\u0ba4\u0bc1\u0b9a\u0bbe": 6.909254155105873, "\u0bb5\u0bbe\u0b99\u0bcd\u0b95": 6.909254155105873, "RESULTS": 6.909254155105873, "CALL": 6.909254155105873, "DO": 6.596672484923297, "INVEST": 6.503789046997708, "\u0b8e\u0bb2\u0bcd\u0bb2\u0bbe\u0bae\u0bcd": 6.503789046997708, "GIFT": 6.503789046997708, "2.8": 6.503789046997708, "\u0bae\u0bbe\u0bb8\u0bcd": 6.503789046997708, "PHOTOGRAPHY": 6.503789046997708, "PLAYING": 6.503789046997708, "SAD": 6.503789046997708, "FRIEND": 6.503789046997708, "\u0b87\u0ba4\u0bc1\u0bb2": 6.503789046997708, "PRODUCTS": 6.503789046997708, "\ud83d\ude04": 6.503789046997708, "PRINTING": 6.503789046997708, "\u0ba8\u0bc0\u0b99\u0bcd\u0b95\u0bb3\u0bc1\u0bae\u0bcd": 6.503789046997708, "\u0b9a\u0bc6\u0baf\u0bcd\u0baf\u0bb2\u0bbe\u0bae\u0bcd": 6.503789046997708, "F40": 6.216106974545927, "\u0b8e\u0ba4\u0bc1": 6.216106974545927, "SHOCKED": 6.216106974545927,