{"EATTING": 240.970804437735, "MyYouTubeRecipe": 240.970804437735, "YUM": 240.970804437735, "ICECREAM": 199.3819736041383, "PRIDE": 169.0339462537839, "SOUNDS": 166.423604944095, "CRINGE": 166.423604944095, "CANDY": 144.404529691689, "CAKE": 143.22790829709055, "SHORTS": 142.09569845760515, "OMG": 126.7709297446254, "MUKBANG": 124.83477411049827, "ASMR": 108.40558620383707, "FOOD": 101.63907746349383, "#": 30.52637389946867}