{"S-Rank": 105.76712603606357, "Devil": 83.58996810132372, "Dante": 68.09024885244534, "Cry": 67.60984470696872, "May": 61.44045131424945, "Must": 49.19608238462769, "Die": 41.557247250515815, "Aztez": 40.679663860024455, "Mission": 37.170921642082924, "[": 35.113410025019014, "]": 35.113410025019014, "Demo": 25.14846592814421, "Boss": 22.70092324365483, "Combo": 22.491733061392523, "Automata": 20.248915232655, "Gamescom": 19.57948457871237, "NieR": 19.57948457871237, "Urizen": 16.27186554400978, "Off-screen": 16.27186554400978, "5": 16.159277859216054, "-": 13.351216314544224, "Video": 13.350816767786178, "Blood": 11.793720457841774, "Hard": 11.299454758613606, "Mode": 10.705389031442925, "Walkthrough": 10.121276511621403, "Gameplay": 9.24967338748013, "Isshin": 8.13593277200489, "Geryon": 8.13593277200489, "Nidhogg": 8.13593277200489, "Qliphoth": 8.13593277200489, "12922": 8.13593277200489, "Combat/Combo": 8.13593277200489, "flaws": 8.13593277200489, "V0.14": 8.13593277200489, "122,753,520": 8.13593277200489, "MAE/VAR/HL": 8.13593277200489, "Drinker": 8.13593277200489, "samples": 8.13593277200489, "CMV": 8.13593277200489, "BBCF": 8.13593277200489, "Ascending": 8.13593277200489, "Gilgamesh": 7.442785591444945, "SSS": 7.442785591444945, "Bayonetta": 7.442785591444945, "1CC": 7.442785591444945, "Tsubaki": 7.442785591444945, "Artemis": 7.037320483336781, "Goliath": 7.037320483336781, "critical": 7.037320483336781, "Pascal": 7.037320483336781, "REVOLVER": 6.749638410885, "CLEAR": 6.52649485957079, "Saint": 6.344173302776835, "Root": 6.344173302776835, "Parallel": 6.344173302776835, "Realms": 6.190022622949577, "Twice": 6.056491230325054, "Shattered": 6.056491230325054, "Part": 5.892696523781925, "Failed": 5.496875442389632, "Sekiro": 5.42788257090268, "Defeating": 5.42788257090268, "combo": 5.42788257090268, "Final": 5.245008051679816, ":": 5.198687740687367, "Points": 5.140200498450899, "later": 5.140200498450899, "ending": 5.091410334281467, "week": 5.044890318646575, "Shadows": 5.000438556075741, "Prologue": 4.957878941656944, "Wish": 4.877836233983408, "BLUE": 4.8400959060005615, "C": 4.734735390342735, "3rd": 4.63942521053841, "GUIDE": 4.552413833548781, "run": 4.552413833548781, "2nd": 4.498346612278505, "Stage": 4.472371125875244, "RANK": 4.422360705300583, "Style": 4.398263153721522, "Forever": 4.374732656311328, "Bosses": 4.264731761096999, "look": 4.2041071392805645, "Rush": 4.184689053423463, "Sword": 4.041588209782789, "Some": 4.041588209782789, "D": 3.9770496886452187, "Knight": 3.946278029978465, "Perfect": 3.805199431718559, "#": 3.756984804682162, "Tower": 3.7414836173324515, "28": 3.681585475751383, "EASY": 3.6033332788516343, "27": 3.6033332788516343, "Teaser": 3.561221793501508, "E": 3.561221793501508, "26": 3.5408129218703004, "S": 3.4724936778928233, "Ending": 3.4445848897757467, "God": 3.435452406212474, "Fight": 3.0860767647553535, "Secret": 2.6387645467116885, "(": 2.4108688120595123, ")": 2.4108688120595123, "ALL": 2.318821612041686, "1": 2.2298557538498014, "at": 2.013439962490504, "9": 1.9896035143359931, "2": 1.9793940913199053, "this": 1.941527380900218, "+": 1.7885435623488801, "8": 1.7524261371208847, "7": 1.5949027728149872, "'s": 1.5351861713870187, "3": 1.5288869535812266, "6": 1.5212071718011297, "10": 1.446333502825924, "the": 1.421149769955478, "4": 1.0601239080265037, "&": 0.8649242337238984, "A": 0.7912137178552181, ",": 0.7058186334430898, "?": 0.5098500139325098, "!": 0.2688272716881513}