{"DAGames": 175.2310746864195, "Aficionados": 83.80616615437455, "Chris": 37.55454734107392, "@": 33.426872651421576, "Will": 31.297285002889893, "Way": 20.052457551926146, "Pt": 19.905781089720136, "Animated": 19.649314617782384, "Out": 16.864793573802945, "Saster": 15.237484755340827, "|": 14.200641483140194, "&": 13.495342125011037, "Freaky": 12.464896033101045, "FNF": 12.464896033101045, "Indie": 12.464896033101045, "Cross": 11.653965816884716, "(": 11.35734648170682, "OST": 11.3456644572302, ")": 11.303092446812562, "ESCAPE": 10.267671455764827, "Breach": 9.821384353136406, "WE": 9.290861401864118, "Ryan": 9.246020208232844, "Machine": 8.645811023332168, "Security": 8.369510346370534, "FOOTSIES": 7.618742377670413, "Footsies": 7.618742377670413, "Haha": 7.618742377670413, "Vegala": 7.618742377670413, "Transmission": 7.618742377670413, "IRIS": 7.618742377670413, "DAGAMES": 7.618742377670413, "MOMOCON": 7.618742377670413, "GLOVE": 7.618742377670413, "Crashers": 7.618742377670413, "DACrew": 7.618742377670413, "Pt.7": 7.618742377670413, "LAWNMOWER": 7.618742377670413, "All-Star": 7.618742377670413, "VINCENT": 7.618742377670413, "INSTRUMENTAL": 7.618742377670413, "Nidhogg": 7.618742377670413, "Hagord": 7.618742377670413, "Lament": 7.618742377670413, "MASTERS": 7.618742377670413, "Explodes": 6.925595197110468, "EVERYWHERE": 6.925595197110468, "SLEEPY": 6.925595197110468, "ARE": 6.656565873044045, "THOSE": 6.520130089002303, "PRIVATE": 6.520130089002303, "SPIDERS": 6.520130089002303, "SPLASH": 6.520130089002303, "Sesame": 6.520130089002303, "SHEET": 6.520130089002303, "Monty": 6.520130089002303, "PRINCESS": 6.2324480165505225, "Devil": 6.2324480165505225, "Shirt": 6.2324480165505225, "Bottom": 6.009304465236313, "Slave": 6.009304465236313, "MOUNTAIN": 6.009304465236313, "Brought": 6.009304465236313, ".": 5.960100057974744, "died": 5.826982908442358, "Clock": 5.826982908442358, "SIMULATOR": 5.826982908442358, "HEY": 5.826982908442358, "LIKES": 5.826982908442358, "LYRIC": 5.826982908442358, "Bikini": 5.6728322286151, "DADDY": 5.6728322286151, "Brawl": 5.6728322286151, "PLAYTIME": 5.6728322286151, "Simulator": 5.6728322286151, "Castle": 5.539300835990577, "POPPY": 5.539300835990577, "Factory": 5.539300835990577, "Already": 5.539300835990577, "CLEAN": 5.421517800334194, "Wallace": 5.421517800334194, "\u200b": 5.316157284676367, "Speedrun": 5.316157284676367, "PUT": 5.220847104872043, "SAVE": 5.220847104872043, "ATTACK": 5.133835727882413, "CHRIS": 5.053793020208877, "THERE": 5.053793020208877, "OH": 5.053793020208877, "BATMAN": 4.979685048055154, "FNAF": 4.979685048055154, "'S": 4.919374156911768, "AWAY": 4.846153655430632, "!": 4.842028787283788, "BOYS": 4.785529033614197, "Nobody": 4.728370619774249, "GUYS": 4.728370619774249, "Guns": 4.728370619774249, "A": 4.727208858145404, "KID": 4.623010104116422, "COMING": 4.623010104116422, "Die": 4.623010104116422, "-": 4.5628477515882455, "HERE": 4.483248161741264, "MY": 4.4502296626361035, "Keep": 4.399866552802212, "'RE": 4.399866552802212, "Escape": 4.399866552802212, "Around": 4.286537867495209, "Nick": 4.286537867495209, "LAUGH": 4.217544996008258, "Line": 4.217544996008258, "NIGHT": 4.184755173185267, "TO": 4.093176690985298, "HOME": 4.063394316180999, "SONG": 4.063394316180999, "OLD": 3.9811562179440276, "Talking": 3.955180731540767, "GO": 3.929862923556477, "'M": 3.929862923556477, "TRY": 3.8345527437521523, "PEOPLE": 3.8345527437521523, "Street": 3.8120798879000937, "TOUR": 3.7475413667625226, "Room": 3.7067193722422673, "TIKTOK": 3.667498659088986, "FUNNY": 3.6297583311061388, "HOUSE": 3.575691109835863, "BE": 3.575691109835863, "THAT": 3.558299367123994, "BACK": 3.3992346724943068, "Over": 3.3282829365220223, "Parody": 3.2749369558167296, "Now": 3.2120231304061604, "feat": 3.0236225275358235, "Just": 2.9647820275128898, "To": 2.9405481635055333, "VIDEO": 2.774555291211822, "NOT": 2.720902577719502, "I": 2.641769649223369, "At": 2.581789775256784, "NEW": 2.4092562248289924, "6": 1.9557818975344674, "The": 1.907638878604413, "Is": 1.8535512748855687, "4": 1.550316789426303, "5": 1.4660096829663092, ",": 1.3647992836727274, "...": 1.276620958949262, "3": 1.2020100951580874, "and": 1.070523274908041, "'s": 0.8399574799852364, "2": 0.8108074339704873}