{"Op": 27.21511551874812, "Rellen": 24.0970804437735, "Door": 23.32532158969013, "Tijdens": 19.93819736041383, "Wordt": 19.2687667064712, "Geslagen": 16.064720295849, "Reageert": 16.064720295849, "Word": 15.779314277054159, "Wahib": 14.67842593472911, "Winkel": 14.67842593472911, "Compilatie": 14.67842593472911, "Politie": 12.8458444709808, "Fout": 12.8458444709808, "Bilal": 12.8458444709808, "Protest": 12.8458444709808, "Gaat": 12.48120135739289, "Het": 12.361011427489064, "Van": 12.075080888076089, "!": 11.293975231603211, "En": 11.184885164160992, "Amsterdam": 9.400311275498593, "Beat": 9.196745886878709, "Een": 8.686961387621128, "ISHOWSPEED": 8.0323601479245, "Geizelnemer": 8.0323601479245, "Aangereden": 8.0323601479245, "LeidsePlein": 8.0323601479245, "Overval/Gijzeling": 8.0323601479245, "Ado": 8.0323601479245, "DenHaag": 8.0323601479245, "Kapot": 8.0323601479245, "Ronde": 8.0323601479245, "louisVos": 8.0323601479245, "Trap/Drill": 8.0323601479245, "Blaadje": 8.0323601479245, "GELEKT": 8.0323601479245, "Ellens": 8.0323601479245, "HHHhhhhh": 8.0323601479245, "Anders": 8.0323601479245, "Geklapt": 8.0323601479245, "Gevecht": 8.0323601479245, "MAASTRICHT": 8.0323601479245, "DutchPerformante": 8.0323601479245, "Chahid": 8.0323601479245, "Scheld": 8.0323601479245, "Kanker": 8.0323601479245, "Luchthaven": 8.0323601479245, "Agenten": 8.0323601479245, "Tonnano": 8.0323601479245, "Mocro": 8.0323601479245, "Maffia": 8.0323601479245, "Ousamma": 8.0323601479245, "Oussama": 8.0323601479245, "PrankCall": 8.0323601479245, "Harrie": 8.0323601479245, "Snijders": 8.0323601479245, "Jopie": 8.0323601479245, "SNAPMAP": 8.0323601479245, "VERANDEREN": 8.0323601479245, "Zakt": 8.0323601479245, "Ijs": 8.0323601479245, "SugarCrush": 8.0323601479245, "Vervolgens": 8.0323601479245, "Meegenomen": 8.0323601479245, "Whoopty~Beatbox": 8.0323601479245, "Berywam": 8.0323601479245, "AVONDKLOK": 8.0323601479245, "Mobicep": 8.0323601479245, "Geplundert": 8.0323601479245, "Snol": 8.0323601479245, "AvondKlok": 8.0323601479245, "Roelvink": 8.0323601479245, "Demonstratie": 8.0323601479245, "Museumplein": 8.0323601479245, "WASBENZINE": 8.0323601479245, "Met": 8.014016914378702, "Ft.": 7.6854108117961495, "/": 7.415035550726918, "Leidseplein": 7.339212967364555, "Stadion": 7.339212967364555, "Einstein": 7.339212967364555, "Achtervolging": 7.339212967364555, "Jongens": 7.339212967364555, "Josylvio": 7.339212967364555, "LiveStream": 7.339212967364555, "Tegen": 7.339212967364555, "Vechten": 7.339212967364555, "WILT": 7.339212967364555, "Jongen": 7.339212967364555, "Doet": 7.339212967364555, "Mee": 7.339212967364555, "Ouders": 7.339212967364555, "COMPILATIE": 7.339212967364555, "LITER": 7.339212967364555, "ACTS": 6.933747859256391, "Trobi": 6.933747859256391, "Mula": 6.933747859256391, "Kimberly": 6.933747859256391, "Maakt": 6.933747859256391, "RELLEN": 6.933747859256391, "MUSLIM": 6.64606578680461, "MASHUP": 6.64606578680461, "Iedereen": 6.64606578680461, "Twee": 6.64606578680461, "Cor": 6.64606578680461, "Komt": 6.64606578680461, "Rutte": 6.64606578680461, "FIETS": 6.64606578680461, "Wint": 6.4229222354904, "Wil": 6.4229222354904, "In": 6.289822774187862, "Countries": 6.240600678696445, "ROTTERDAM": 6.240600678696445, "COBRA": 6.240600678696445, "Laatste": 6.086449998869187, "Bully": 6.086449998869187, "BOEF": 6.086449998869187, "Eunice": 5.952918606244665, "Prix": 5.952918606244665, "De": 5.864987440200604, "Racist": 5.835135570588281, "\ud83d\ude02": 5.781393182843681, "Scooter": 5.729775054930455, "Zijn": 5.729775054930455, "Naar": 5.63446487512613, "OUDE": 5.5474534981365, "ALLE": 5.467410790462964, "Nederland": 5.467410790462964, "FIFA": 5.393302818309242, "Dhabi": 5.393302818309242, "Corona": 5.393302818309242, "WAAR": 5.32430994682229, "Abu": 5.259771425684719, "WHILE": 5.199146803868285, "VLOGS": 5.199146803868285, "Fastest": 5.08792116875806, "Dave": 4.987837710201077, "PACK": 4.854306317576555, "Auto": 4.854306317576555, "OPENING": 4.665064317938026, "Storm": 4.566624245124774, "Apple": 4.505999623308339, "Grand": 4.505999623308339, "Cars": 4.394773988198114, "TUTORIAL": 4.343480693810564, "Different": 4.343480693810564, "Podcast": 4.318788081220193, "Mark": 4.203718751435406, "LIKE": 4.161159137016609, "NAAR": 4.161159137016609, "JE": 4.140539849813874, "Store": 4.120337142496354, "Ik": 4.081116429343073, "Max": 4.007008457189351, "Young": 3.889225421532968, "Instagram": 3.889225421532968, "Police": 3.8427054058980747, "B": 3.798253643327241, "(": 3.7239975380738826, ")": 3.649318620985873, "Remix": 3.625640900660247, "m": 3.6015433490811866, "Compilation": 3.4997606547712445, "Ice": 3.4890653656544965, "TikTok": 3.341012265695357, "X": 3.2120785823194637, "\u2019": 3.123121288283797, "School": 3.0625468483484997, "\ud83d\ude31": 3.0351478741603852, "\u201c": 2.9571863326906733, "\u201d": 2.938609947117738, "By": 2.7800867198778705, "en": 2.5475632144338456, "Live": 2.4640156441634034, "VS": 2.456411044778184, "s": 2.0713548083012268, "2021": 2.040895600816518, "6": 2.021092973520339, "It": 1.9755761346958758, "On": 1.8946330938382663, "IN": 1.711591853673918, "A": 1.6430833889045602, "5": 1.563109831128728, "-": 1.270823090606973, "I": 1.0229512152158635, "in": 0.8684134635819533, "&": 0.8134504403054402}