{"REACTION": 91.43026005423786, "GRM": 37.55940052568339, "Video": 28.765456698882794, "Official": 27.214012494146594, "Daily": 26.97786897211524, "Tion": 26.661460782888252, "Music": 23.44549292093078, "Wayne": 20.428882310702054, "\ud83c\uddec\ud83c\udde7": 16.96129285213075, "M24": 14.717024752564017, "Digga": 14.717024752564017, "-": 14.672361118408842, "|": 13.87894900194703, "ONEFOUR": 13.330730391444126, "Plugged": 13.330730391444126, "W/Fumez": 13.330730391444126, "Russ": 12.884443288815707, "Engineer": 12.519800175227797, "Millions": 11.307528568087166, "Lil": 11.283600347080688, "]": 10.597071846969715, "[": 10.58382680611183, "Lamar": 10.558141669204344, "Kendrick": 10.436892425571475, "(": 9.208937734278766, ")": 9.191728143912552, "x": 8.92945722482438, "NBA": 8.828146794231136, "CHOPPED": 8.051659556841953, "Vocals\ud83d\udde3": 8.051659556841953, "\ud83d\udc4b\ud83c\udffd": 8.051659556841953, "theyre": 8.051659556841953, "DoRoad": 8.051659556841953, "Bruk": 8.051659556841953, "Macks": 8.051659556841953, "Oslo": 8.051659556841953, "Hazey": 8.051659556841953, "\ud83d\ude2e\u200d\ud83d\udca8": 8.051659556841953, "J1": 8.051659556841953, "ArrDee": 8.051659556841953, "Izzpot": 8.051659556841953, "ft.": 8.029143447473366, "D": 7.522400231387125, "D-Block": 7.358512376282008, "Benzz": 7.358512376282008, "Tussi": 7.358512376282008, "INVITED": 7.358512376282008, "IFTK": 7.358512376282008, "Roux": 7.358512376282008, "-REACTION": 7.358512376282008, "Loski": 7.358512376282008, "TUNE": 7.358512376282008, "Yxng": 7.358512376282008, "\ud83e\udd14|": 7.358512376282008, "Cee": 7.358512376282008, "DURK": 7.358512376282008, "Elegant": 6.953047268173844, "M'appelle": 6.953047268173844, "Abra": 6.953047268173844, "Cadabra": 6.953047268173844, "CADABRA": 6.953047268173844, "Toma": 6.953047268173844, "N95": 6.953047268173844, "PressPlay": 6.953047268173844, "FORFEITS": 6.953047268173844, "OFB": 6.953047268173844, "AHHH": 6.953047268173844, "BABA": 6.665365195722063, "Headie": 6.665365195722063, "dropping": 6.665365195722063, "Pressplay": 6.665365195722063, "A1": 6.665365195722063, "Moneybagg": 6.665365195722063, "UK": 6.528335628119815, "Huncho": 6.442221644407853, "haven": 6.442221644407853, "Duppy": 6.259900087613898, "CAP": 6.259900087613898, "\ud83c\uddeb\ud83c\uddf7": 6.259900087613898, "YoungBoy": 6.259900087613898, "Starlight": 6.10574940778664, "\ud83e\udd2c": 5.972218015162118, "Bane": 5.972218015162118, "\ud83c\uddea\ud83c\uddf8": 5.854434979505734, "ALBUM": 5.854434979505734, "Durk": 5.854434979505734, "HA": 5.854434979505734, "PRIVATE": 5.653764284043583, "\ud83c\udfa8": 5.653764284043583, "Burns": 5.653764284043583, "Wick": 5.653764284043583, "Eurovision": 5.653764284043583, "Knock": 5.566752907053953, "Go": 5.516709464234922, "Montana": 5.486710199380417, "FREESTYLE": 5.486710199380417, "\ud83c\uddfa\ud83c\uddf8": 5.486710199380417, "Lock": 5.486710199380417, "THEME": 5.412602227226695, "DONE": 5.279070834602172, "Central": 5.161287798945789, "3rd": 5.0559272832879625, "Came": 5.00713711911853, "any": 5.00713711911853, "ITS": 5.00713711911853, "Dave": 4.960617103483638, "Europe": 4.873605726494008, "Gang": 4.793563018820471, "GUESS": 4.7194550466667495, "Chip": 4.650462175179798, "Yo": 4.6176723523568075, "Cruise": 4.525299032225792, "Hate": 4.525299032225792, "Je": 4.49631149535254, "French": 4.49631149535254, "reaction": 4.440741644197729, "\ud83e\udd14": 4.414073397115568, "MUKBANG": 4.3880979107123075, "Freestyle": 4.338087490137646, "In": 4.3309767946376, "TO": 4.298052446881175, "Control": 4.267469922923692, "PARTY": 4.201511955131895, "been": 4.159839258731327, "\ud83e\udd2f": 4.159839258731327, "videos": 4.062675510277679, "REVIEW": 4.044326371609483, "M": 3.9912165462955342, "HE": 3.9407856926686424, "Feat": 3.924525171796862, "Promo": 3.892776473482282, "Heart": 3.832151851665847, "G": 3.788979679800638, "Away": 3.5857514381873696, "Come": 3.5857514381873696, "\ud83d\ude33": 3.5857514381873696, "w/": 3.5518498865116888, "Cat": 3.5298709797929133, "John": 3.476948578338571, "US": 3.4565397067073635, "23": 3.4266867435576827, "ft": 3.416930568612318, "Scene": 3.416930568612318, "\u2018": 3.416930568612318, "GOT": 3.3882204627298864, "back": 3.378830722380047, "Art": 3.369528329717734, "LIFE": 3.184125106386371, "we": 3.1613104286201996, "Down": 3.1316786310138287, "X": 3.034379720027029, "La": 3.008234439922707, "WE": 2.982755354621722, "\ud83d\ude02": 2.9336657444251983, "\u2019": 2.9172300453990334, "&": 2.879778348461951, "t": 2.8587027059517434, "Dance": 2.847652869765158, "Night": 2.809912541782311, "AND": 2.7286495777035453, "Why": 2.5103960116835276, "ON": 2.494831495142416, "The": 2.441356668497346, "Out": 2.3921773410823324, "One": 2.3512159834512674, "+": 2.318318279944208, "VS": 2.286468454057109, "Part": 2.228613661358935, "Day": 2.1247335308715427, "This": 1.931362137891003, "A": 1.7816273003553091, "THE": 1.6698435394358555, "``": 1.5948899012697901, "''": 1.5886300999212835, "5": 1.5280972506924413, "...": 1.4878040303098259, "is": 1.384702764412747, "!": 1.2767303963087189, ".": 1.2111130275532667, "I": 1.0828091785000056, "#": 0.9599174417468006, "2": 0.9159722098138096}