{"\u2606": 166.15164467011525, "Dana": 157.5486604058836, "Sofia": 142.15268055203705, "Weekvlog": 101.1996163061593, "||": 67.00457841600561, "pakketjes": 27.734991437025563, "met": 21.29349292802035, "Shoplog": 19.2687667064712, "&": 17.895909686719683, "Vlogmas": 16.40223237138889, "bestellingen": 16.064720295849, "Groothandel": 16.064720295849, "pakketje": 14.67842593472911, "meiden": 13.867495718512782, "vrienden": 13.867495718512782, "Op": 13.60755775937406, "KAPOT": 12.48120135739289, "SUSHI": 10.934821580925927, "ZARA": 10.519542851369438, "vakantie": 10.519542851369438, "Mukbang": 9.400311275498593, "!": 8.873837681973951, "gestolen": 8.0323601479245, "ongelukje": 8.0323601479245, "Sinterkerst": 8.0323601479245, "Mariokart": 8.0323601479245, "Bestellingen": 8.0323601479245, "schoonmaken": 8.0323601479245, "Dasojewels": 8.0323601479245, "leather": 8.0323601479245, "flared": 8.0323601479245, "KVK": 8.0323601479245, "DONEREN": 8.0323601479245, "AFFAIR": 8.0323601479245, "Luxemburg": 8.0323601479245, "menen": 8.0323601479245, "Sieraden": 8.0323601479245, "Sorteren": 8.0323601479245, "CORONATEST": 8.0323601479245, "MISKOOP": 8.0323601479245, "uittesten": 8.0323601479245, "Pakketjes": 8.0323601479245, "Varen": 8.0323601479245, "shoplogs": 8.0323601479245, "71\u2606": 8.0323601479245, "Snoeks": 8.0323601479245, "Leukste": 8.0323601479245, "jurkje": 8.0323601479245, "Aardbeien": 8.0323601479245, "Zuid-Holland": 8.0323601479245, "Costes/sieraden": 8.0323601479245, "SHOPT": 8.0323601479245, "SIERADEN": 8.0323601479245, "VREEMDE": 8.0323601479245, "verrast": 7.339212967364555, "Letterlijk": 7.339212967364555, "tel": 7.339212967364555, "priv\u00e9": 7.339212967364555, "NAKD": 7.339212967364555, "zoveel": 7.339212967364555, "veranderen": 7.339212967364555, "Slecht": 7.339212967364555, "Vrienden": 7.339212967364555, "bril": 7.339212967364555, "THUISBEZORGD": 7.339212967364555, "BESTELLEN": 7.339212967364555, "een": 6.9360239129133285, "Parijs": 6.933747859256391, "fout": 6.933747859256391, "pants": 6.933747859256391, "Herfst": 6.933747859256391, "BERSHKA": 6.933747859256391, "konijn": 6.933747859256391, "leuke": 6.933747859256391, "KRULTANG": 6.933747859256391, "18TH": 6.933747859256391, "UNBOXEN": 6.933747859256391, "varen": 6.933747859256391, "Gezellig": 6.933747859256391, "Vriend": 6.64606578680461, "nooit": 6.64606578680461, "gehad": 6.64606578680461, "inpakken": 6.64606578680461, "Damien": 6.64606578680461, "Kleding": 6.64606578680461, "telefoon": 6.64606578680461, "gekocht": 6.64606578680461, "jarig": 6.64606578680461, "Nog": 6.4229222354904, "Kamer": 6.4229222354904, "mensen": 6.4229222354904, "nieuws": 6.4229222354904, "QUARANTAINE": 6.4229222354904, "lens": 6.4229222354904, "SLECHTSTE": 6.4229222354904, "Huis": 6.240600678696445, "KLEINE": 6.240600678696445, "beelden": 6.240600678696445, "GEZELLIG": 6.240600678696445, "UITSLAG": 6.086449998869187, "ZUS": 6.086449998869187, "alles": 5.952918606244665, "Nieuw": 5.952918606244665, "gesprek": 5.835135570588281, "86": 5.729775054930455, "79": 5.729775054930455, "ASOS": 5.63446487512613, "82": 5.63446487512613, "ga": 5.63446487512613, "grote": 5.63446487512613, "KLEDING": 5.63446487512613, "shoppen": 5.5474534981365, "83": 5.5474534981365, "OOIT": 5.5474534981365, "MOEDER": 5.5474534981365, "XXL": 5.467410790462964, "SAMEN": 5.467410790462964, "85": 5.467410790462964, "84": 5.393302818309242, "81": 5.393302818309242, "Corona": 5.393302818309242, "78": 5.393302818309242, "74": 5.393302818309242, "73": 5.259771425684719, "\ud83e\udd0d": 5.199146803868285, "18th": 5.199146803868285, "BESTE": 5.199146803868285, "68": 5.199146803868285, "eerste": 5.141988390028335, "77": 5.141988390028335, "76": 5.141988390028335, "67": 5.141988390028335, "Mac": 5.08792116875806, "drive": 5.08792116875806, "dag": 5.0366278743705095, "VEEL": 4.987837710201077, "69": 4.987837710201077, "maken": 4.941317694566185, "66": 4.941317694566185, "jaar": 4.8134843230563, "haar": 4.774263609903018, "VAKANTIE": 4.774263609903018, "Mama": 4.774263609903018, ",": 4.761230248425662, "72": 4.736523281920172, "..": 4.604520729901852, "unboxing": 4.5983729434393545, "gaat": 4.566624245124774, "Dit": 4.477012086435087, "niet": 4.477012086435087, "70": 4.368798501794854, "Mijn": 4.343480693810564, "de": 4.337457944652806, "80": 4.318788081220193, "FIRE": 4.294690529641132, "MINI": 4.1822125462144415, "mijn": 4.140539849813874, "je": 4.043376101360226, "Camera": 3.98930888008995, "NIEUWE": 3.971917137378081, "naar": 3.954822704018781, "UNBOXING": 3.954822704018781, "MIJN": 3.7419007067761094, "birthday": 3.71487203438819, "voor": 3.6379109932520617, "trip": 3.6015433490811866, "op": 3.350228920800281, "HAUL": 3.3138612766294058, "BIRTHDAY": 3.188173061465909, "Q": 2.790613132864858, "VS": 2.456411044778184, "(": 2.2343985228443297, ")": 2.189591172591524, "2": 1.9801479519695142, "+": 1.9365355854922757, "in": 1.7368269271639065, "4": 1.6920008441967482, "...": 1.45728430732488, "My": 1.3705054073791894, "3": 1.2918407883182772, "1": 1.2366543727509862, "A": 0.8215416944522801, "?": 0.596332331572652}