{"Blitz": 45.20820897773512, "Skywars": 27.139412854513402, "blitz": 24.40779831601467, "1v1": 19.437187649777655, "Survival": 17.82688078848826, "skywars": 16.27186554400978, "DANIEL": 14.88557118288989, "100K": 14.751170841410069, "Random": 13.564002574566562, "Games": 12.988025593286569, "BLITZ": 11.877416389337343, "alive": 11.30205224443378, "read": 11.141966829086707, "Grind": 10.3829875856769, "kills": 10.08978063729315, "PLAYS": 8.703486276173258, "BSG": 8.13593277200489, "NoDebuff": 8.13593277200489, "duels": 8.13593277200489, "desc": 8.13593277200489, "uploads": 8.13593277200489, "morgan": 8.13593277200489, "GHOSTCLIENT": 8.13593277200489, "been": 7.954099377290437, "tage": 7.442785591444945, "9,000": 7.442785591444945, "overall": 7.442785591444945, "masters": 7.442785591444945, "'m": 7.207774485321434, "Where": 7.101930586668637, "grind": 7.037320483336781, "Uploads": 7.037320483336781, "rust": 6.749638410885, "btw": 6.749638410885, "plans": 6.749638410885, "average": 6.749638410885, "duel": 6.52649485957079, "3/4": 6.52649485957079, "clutch": 6.344173302776835, "Removing": 6.190022622949577, "SG": 6.190022622949577, "suck": 6.190022622949577, "sort": 6.190022622949577, "trash": 6.056491230325054, "armor": 6.056491230325054, "fighting": 6.056491230325054, "internet": 5.833347679010845, "months": 5.73803749920652, "Below": 5.65102612221689, "Arcane": 5.65102612221689, "description": 5.570983414543353, "Fair": 5.496875442389632, "Duels": 5.496875442389632, "combo": 5.42788257090268, "mini": 5.363344049765109, "Playing": 5.220959665746213, "wins": 5.091410334281467, "-": 5.0642544641374645, "future": 4.957878941656944, "Hypixel": 4.91705694713669, "everything": 4.877836233983408, "game": 4.8378101411973375, "LOL": 4.701945567519744, "Chill": 4.609572247388729, "fight": 4.525014859360666, "Combo": 4.498346612278505, "Small": 4.498346612278505, "PvP": 4.498346612278505, "OG": 4.351743138086629, "think": 4.329270282234571, "year": 4.285785170294832, "Hello": 4.244112473894264, "gameplay": 4.058395328099171, "I": 3.965767913365223, "player": 3.9615455021092534, "stream": 3.9164250668287837, "my": 3.8627500188724, "Diamond": 3.805199431718559, "Kills": 3.7664849195378687, "again": 3.7414836173324515, "good": 3.7170921642082924, "200": 3.7170921642082924, "now": 3.530762586016799, "Minecraft": 3.458105571871152, "back": 3.3910006436416404, "first": 3.3823425808985257, "(": 3.2144917494126832, ")": 3.2144917494126832, "Level": 3.0796869666565825, "'ve": 3.0119687926016314, "MORE": 2.965448776966739, "ft.": 2.954149221712805, "for": 2.8704033249141596, "have": 2.8680746129415624, "to": 2.6794045476334043, "is": 2.287672689178005, "First": 2.0446228899271923, "in": 1.9885910519180792, "``": 1.7991070408584495, "+": 1.7885435623488801, "''": 1.776358903332513, "8": 1.7524261371208847, "a": 1.7298484674477967, "of": 1.5798451241831961, ".": 1.4792062478264987, "the": 1.421149769955478, "New": 1.3324275143965525, "|": 1.0892854941561347, "and": 1.0350808630608404, "?": 1.0197000278650197, "!": 0.8064818150644539, ":": 0.7426696772410525, ",": 0.7058186334430898}