{"CADU": 95.40976857573922, "CAIO": 90.13872217033308, "Cadu": 44.03527780418733, "E": 42.93615422005191, "Caio": 39.87639472082766, "e": 31.792954298348118, "DANY": 29.35685186945822, "APRENDEM": 24.0970804437735, "UMA": 22.6792629322901, "VALENTINA": 22.017638902093665, "ESCOLA": 21.869643161851855, "uma": 19.097054439612073, "NA": 18.314561477287395, "QUARTO": 18.25934999660756, "Hist\u00f3ria": 18.25934999660756, "COM": 17.475194007179415, "classe": 16.064720295849, "Regras": 16.064720295849, "Conduta": 16.064720295849, "DA": 15.431891512115453, "DE": 14.993823955181881, "NOVA": 14.440452969168899, "Engra\u00e7ada": 13.29213157360922, "de": 13.012373833958419, "Aprenda": 12.8458444709808, "O": 12.659302789875671, "VIROU": 12.48120135739289, "em": 12.243349288029219, "PANDA": 11.90583721248933, "HIST\u00d3RIA": 11.670271141176562, "AMIGA": 11.094906996273, "SURPRESA": 10.934821580925927, "na": 9.636235746958391, "01": 9.400311275498593, "OS": 9.133248490249548, "Ft": 8.789547976396229, "EM": 8.686961387621128, "UM": 8.496341028012479, "com": 8.45139531630836, "DO": 8.187165719596274, "DESFILE": 8.0323601479245, "FAVORITAS": 8.0323601479245, "BRIGOU": 8.0323601479245, "ARRANCANDO": 8.0323601479245, "PONTES": 8.0323601479245, "DENTISTA": 8.0323601479245, "ENCHERAM": 8.0323601479245, "SON\u00c2MBULOS": 8.0323601479245, "HEROI": 8.0323601479245, "Dany": 8.0323601479245, "PRIMOS": 8.0323601479245, "URSO": 8.0323601479245, "AJUDAMOS": 8.0323601479245, "POLICIAL": 8.0323601479245, "PROTEGER": 8.0323601479245, "Contada": 8.0323601479245, "NOVOS": 8.0323601479245, "GEOM\u00c9TRICAS": 8.0323601479245, "APAVORANTE": 8.0323601479245, "OUTRAS": 8.0323601479245, "HSTORIAS": 8.0323601479245, "DIVERTEM": 8.0323601479245, "Gra": 8.0323601479245, "cansada": 8.0323601479245, "SOZINHOS": 8.0323601479245, "SENTIDOS": 8.0323601479245, "senses": 8.0323601479245, "COLEGA": 8.0323601479245, "SUPER": 7.596507286654482, "PARA": 7.42974406877638, "KUNG": 7.339212967364555, "FU": 7.339212967364555, "DENTE": 7.339212967364555, "TUBAR\u00c3O": 7.339212967364555, "VIRARAM": 7.339212967364555, "Finge": 7.339212967364555, "Brincar": 7.339212967364555, "CI\u00daMES": 7.339212967364555, "ESQUELETO": 7.339212967364555, "ENGRA\u00c7ADAS": 7.339212967364555, "brincam": 7.339212967364555, "DINOSSAUROS": 7.339212967364555, "divertem": 7.339212967364555, "HEROIS": 7.339212967364555, "AMBIENTE": 7.339212967364555, "DOIS": 7.339212967364555, "IGOR": 7.339212967364555, "FORMAS": 7.339212967364555, "BRINCAM": 7.339212967364555, "Vov\u00f3": 7.339212967364555, "ajudam": 7.339212967364555, "CONDUTA": 7.339212967364555, "colega": 7.339212967364555, "FAZEM": 6.933747859256391, "salva": 6.933747859256391, "HIST\u00d3RIAS": 6.933747859256391, "BRINCAR": 6.933747859256391, "MEIO": 6.933747859256391, "mam\u00e3e": 6.933747859256391, "AREIA": 6.933747859256391, "Igor": 6.933747859256391, "Barroso": 6.933747859256391, "REGRAS": 6.933747859256391, "CORPO": 6.933747859256391, "ENGRA\u00c7ADA": 6.933747859256391, "animais": 6.933747859256391, "ENCONTROU": 6.933747859256391, "se": 6.756799595533954, "ROUPAS": 6.64606578680461, "BOO": 6.64606578680461, "VIRAMOS": 6.64606578680461, "P\u00e1scoa": 6.64606578680461, "IRM\u00c3OS": 6.64606578680461, "PRAIA": 6.64606578680461, "Piscina": 6.64606578680461, "BOA": 6.64606578680461, "ERRADO": 6.4229222354904, "\u00c1GUA": 6.4229222354904, "PEAK": 6.4229222354904, "FINGE": 6.4229222354904, "PROFESSORA": 6.4229222354904, "HUMANO": 6.4229222354904, "FIZEMOS": 6.240600678696445, "Conduct": 6.240600678696445, "amiga": 6.240600678696445, "MELHORES": 6.086449998869187, "PESSOAS": 6.086449998869187, "m\u00e3e": 6.086449998869187, "DORMIR": 6.086449998869187, "CRIAN\u00c7AS": 6.086449998869187, "hist\u00f3ria": 6.086449998869187, "QUER": 6.086449998869187, "Clara": 6.086449998869187, "Crian\u00e7as": 5.952918606244665, "teacher": 5.952918606244665, "fam\u00edlia": 5.952918606244665, "escola": 5.952918606244665, "human": 5.952918606244665, "hora": 5.835135570588281, "nova": 5.835135570588281, "IRM\u00c3": 5.63446487512613, "DEU": 5.5474534981365, "V\u00cdDEO": 5.5474534981365, "ANIVERS\u00c1RIO": 5.5474534981365, "teaches": 5.5474534981365, "HORA": 5.467410790462964, "SER": 5.467410790462964, "NO": 5.399282709318262, "sua": 5.393302818309242, "ANOS": 5.32430994682229, "PARQUE": 5.32430994682229, "PISCINA": 5.199146803868285, "GIGANTE": 5.141988390028335, "os": 5.08792116875806, "TUDO": 4.987837710201077, "M\u00c3E": 4.896865931995351, "MINHA": 4.8134843230563, "DOS": 4.774263609903018, "Maria": 4.774263609903018, "Rules": 4.665064317938026, "stories": 4.5983729434393545, ".": 4.562937003488988, "Por": 4.505999623308339, "Scary": 4.44884120946839, "A": 4.1077084722614, "other": 4.100534515200175, "PRO": 3.98930888008995, "Children": 3.98930888008995, "Fashion": 3.971917137378081, "AS": 3.971917137378081, "da": 3.921486283751189, "Learn": 3.812852442748394, "Show": 3.055626405503926, "no": 2.817424390315515, "a": 2.670970719653093, "!": 2.4201375496292594, "-": 1.9062346359104596, "4": 1.6920008441967482, "5": 1.563109831128728, "for": 1.2377735670480012, ",": 1.1903075621064154, "and": 1.0103837248523406, "of": 0.9770473045847486, "|": 0.8032462701311986, "(": 0.7447995076147765, ")": 0.7298637241971746, "?": 0.596332331572652}