{"Battlefront": 73.58512376282009, "Wars": 34.16930568612318, "Star": 26.671644940528644, "Killstreak": 24.154978670525857, "Maul": 19.996095587166188, "|": 17.531304002459407, "Shots": 14.748496022738411, "Grievous": 13.906094536347688, "Naboo": 13.906094536347688, "Tribute": 13.322224932593187, "Shorts": 12.691154053384857, "Gameplay": 12.301247514781577, "Trilogy": 11.944436030324235, "Wick": 11.307528568087166, "Victory": 10.687218711479487, "||": 10.400076234514145, "Imagine": 10.111854566575925, "Dragons": 9.747211452988015, "Natural": 9.665567463947506, "Darth": 9.665567463947506, "Luke": 9.587126037640942, "Jedi": 9.368727453710958, "way": 8.125351020555359, "Skywalkers": 8.051659556841953, "Greivous": 8.051659556841953, "'Till": 8.051659556841953, "Streak": 8.051659556841953, "Bossk": 8.051659556841953, "goating": 8.051659556841953, "Cad": 8.051659556841953, "9E": 8.051659556841953, "Archives": 8.051659556841953, "Separatists": 8.051659556841953, "invasion": 8.051659556841953, "w/Darth": 8.051659556841953, "brrrrrrrr": 8.051659556841953, "Fisk": 8.051659556841953, "History": 7.664303703331694, "Original": 7.577959359601276, "rushes": 7.358512376282008, "clone": 7.358512376282008, "Rasputin": 7.358512376282008, "2": 7.3277776785104765, "John": 6.953897156677142, "RAGES": 6.953047268173844, "Carried": 6.953047268173844, "Commando": 6.953047268173844, "SURVIVOR": 6.953047268173844, "Tano": 6.953047268173844, "The": 6.713730838367701, "Collapse": 6.665365195722063, "launch": 6.665365195722063, "Droids": 6.665365195722063, "Palpatine": 6.665365195722063, "claw": 6.442221644407853, "Supreme": 6.442221644407853, "JOKER": 6.442221644407853, "Anakin": 6.442221644407853, "Locals": 6.259900087613898, "Stardust": 6.259900087613898, "XP": 6.259900087613898, "Ren": 6.10574940778664, "Bunch": 6.10574940778664, "Noobs": 6.10574940778664, "tears": 6.10574940778664, "army": 6.10574940778664, "Invincible": 6.10574940778664, "Ahsoka": 6.10574940778664, "Han": 6.10574940778664, "Sunflower": 6.10574940778664, "his": 5.978129047629974, "Bane": 5.972218015162118, "CS": 5.972218015162118, "BB": 5.972218015162118, "(": 5.920031400607778, ")": 5.908968092515211, "Best": 5.874269360390453, "Fought": 5.854434979505734, "Carnage": 5.854434979505734, "Fett": 5.749074463847908, "Unlimited": 5.749074463847908, "Eminem": 5.749074463847908, "Claw": 5.653764284043583, "Boba": 5.566752907053953, "Leader": 5.486710199380417, "Fallen": 5.412602227226695, "DESTROYED": 5.343609355739743, "Matrix": 5.343609355739743, "General": 5.279070834602172, "Rogue": 5.279070834602172, "Mandalorian": 5.279070834602172, "Glitch": 5.218446212785738, "GOD": 5.218446212785738, "\ud83d\ude08": 5.161287798945789, "Villain": 5.161287798945789, "Wilson": 5.161287798945789, "Skywalker": 5.1072205776755135, "Cinematic": 5.1072205776755135, "Rabbit": 5.1072205776755135, "Industry": 5.1072205776755135, "61": 5.0559272832879625, "Savage": 5.00713711911853, "RAP": 5.00713711911853, "WARS": 4.960617103483638, "Warriors": 4.960617103483638, "4th": 4.916165340912804, "Rush": 4.873605726494008, "Strong": 4.832783731973753, "#": 4.799587208734003, "Yourself": 4.7194550466667495, "Vader": 4.684363726855479, "Spider": 4.585923654042227, "Obi-Wan": 4.555151995375473, "Kenobi": 4.555151995375473, "Knight": 4.525299032225792, "of": 4.485220999641453, "Lose": 4.468140618385844, "STAR": 4.414073397115568, "Solo": 4.414073397115568, "Characters": 4.313989938558585, "through": 4.244997067071634, "48": 4.159839258731327, "Many": 4.100415838260526, "Hit": 4.026307866106804, "Spider-Man": 3.9912165462955342, "Huge": 3.974122112936234, "Book": 3.9407856926686424, "Style": 3.892776473482282, "4K": 3.8772722869463165, "-": 3.8039454751430335, "May": 3.7209262165556227, "OP": 3.62084275799864, "\ud83d\ude33": 3.5857514381873696, "w/": 3.5518498865116888, "White": 3.5298709797929133, "Way": 3.4666920781713815, "Road": 3.407268657700581, "2018": 3.1244058716847487, "like": 3.074925814421379, "Special": 2.9276955774386946, "be": 2.8587027059517434, "Home": 2.768455828103965, "2020": 2.7237833880523725, "Baby": 2.4719297308557313, "Man": 2.4385314504538833, "an": 2.399170376573303, "Trailer": 2.368079789503272, "One": 2.3512159834512674, "No": 2.344549292093078, "8": 2.3248118092547565, "Life": 2.151762203259462, "it": 2.111488304121522, "to": 1.9315161849526852, "It": 1.9139325027557195, "vs": 1.9117750046156983, "My": 1.5339882839296786, "!": 1.2767303963087189, "on": 1.2638145745323741, "I": 1.0828091785000056, "a": 0.9223620079125806, "A": 0.8908136501776546, "'s": 0.8239970581132987, "the": 0.8038669750741074, "&": 0.7199445871154877}