{"Explained": 100.89857134273355, "Wars": 83.32403490990015, "Star": 75.1319044982345, "|": 31.58927933052791, "Kenobi": 30.548462005688805, "Fett": 23.33339071604338, "Boba": 22.60410448886756, "Theory": 20.1795612745863, "SHOCKING": 16.090032149295325, "Ahsoka": 14.88557118288989, "Book": 13.828716742166186, "Jedi": 12.921874126547387, "Breakdown": 12.732337421682791, "Inquisitor": 12.68834660555367, "Mandalorian": 12.380045245899154, "Identity": 12.112982460650109, "Reason": 10.993750884779264, "Obi-Wan": 10.08978063729315, "Reaction": 9.49835841728667, "Survivor": 9.46947078068547, "Truth": 8.844721410601165, "KNOW": 8.529463522193998, "REVEALED": 8.408214278561129, "Kenoibi": 8.13593277200489, "Reva": 8.13593277200489, "SURPRISINGLY": 8.13593277200489, "Lucasfilm": 8.13593277200489, "Dent": 8.13593277200489, "IRONICALLY": 8.13593277200489, "Tuskens": 8.13593277200489, "Cad": 8.13593277200489, "Breather": 8.13593277200489, "Kotor": 8.13593277200489, "Behind": 7.63688931693716, "HORRID": 7.442785591444945, "FREAKOUT": 7.442785591444945, "Batch": 7.442785591444945, "Darksaber": 7.442785591444945, "PROVES": 7.037320483336781, "Mothers": 7.037320483336781, "X-Wing": 7.037320483336781, "CONTROVERSY": 7.037320483336781, "CRITICAL": 7.037320483336781, "Grogu": 7.037320483336781, "Tatooine": 7.037320483336781, "Trailer": 6.92979799387332, "is": 6.863018067534015, "AMAZING": 6.782001287283281, "Starkiller": 6.749638410885, "Bane": 6.749638410885, "Reference": 6.52649485957079, "the": 6.3951739647996515, "Signature": 6.190022622949577, "Lightsaber": 6.190022622949577, "Detail": 6.056491230325054, "Understand": 6.056491230325054, "Luke": 6.056491230325054, "WORST": 5.88595184222936, "PREDICTIONS": 5.833347679010845, "Scared": 5.73803749920652, "UNEXPECTED": 5.73803749920652, "Frame": 5.65102612221689, "Gives": 5.570983414543353, "SURPRISING": 5.570983414543353, "Fate": 5.496875442389632, "PROOF": 5.496875442389632, "LOT": 5.42788257090268, "Will": 5.361223313294378, "ALREADY": 5.3027194279486745, "Clone": 5.245561014108726, "KILLING": 5.19149379283845, "reason": 5.19149379283845, "4th": 5.091410334281467, "Why": 4.911520325975647, "Choose": 4.803728261829686, "of": 4.739535372549589, "Move": 4.701945567519744, "Heavy": 4.701945567519744, "Single": 4.63942521053841, "Times": 4.609572247388729, "'s": 4.605558514161056, "Season": 4.533271717742232, "Incredible": 4.498346612278505, "Origins": 4.498346612278505, "Help": 4.498346612278505, "find": 4.472371125875244, "Footage": 4.422360705300583, "Desert": 4.422360705300583, "think": 4.329270282234571, "for": 4.30560498737124, "Leaks": 4.285785170294832, "Kids": 4.285785170294832, "Fans": 4.223909766576744, "Come": 4.09288150417034, "CONFIRMED": 4.0754897614584715, "We": 3.9792070286719863, "RARE": 3.8874375299555313, "Details": 3.8318676788007204, "Became": 3.8318676788007204, "The": 3.7614347211455343, "Finale": 3.753906137331009, "than": 3.6585959575266838, "May": 3.61414419495585, "Return": 3.592637989734887, "to": 3.5725393968445394, "Teaser": 3.561221793501508, "NEVER": 3.5408129218703004, "Grand": 3.520812255163631, "did": 3.4445848897757467, "Know": 3.291745685546299, "up": 3.1942903493955863, "Bad": 3.1319864660594314, "will": 3.1319864660594314, "and": 3.105242589182521, "Real": 3.0733377389779237, "This": 3.0317191309490688, "Has": 3.006034057081817, "so": 2.9768774727903615, "About": 2.9264466191634693, "How": 2.88274142696759, "REAL": 2.812922792866482, "Every": 2.7242867201498506, "Review": 2.6594692200733796, "in": 2.651454735890772, "that": 2.634674561460163, "Story": 2.626544435376913, "NOT": 2.6025432832773703, "was": 2.571412364682197, "More": 2.501143168835641, "That": 2.479940961185038, "Most": 2.4058329890313157, "by": 2.2894939969471664, "First": 2.0446228899271923, "you": 2.0003678809231515, "For": 1.9960482197786351, "What": 1.9213246735826988, "Best": 1.9193266709200256, "2022": 1.702992679265711, "10": 1.446333502825924, "New": 1.3324275143965525, "THE": 1.205438006053264, "!": 1.0753090867526052, "?": 1.0197000278650197, "2": 0.9896970456599526, "a": 0.8649242337238984, "(": 0.8036229373531708, ")": 0.8036229373531708, "A": 0.7912137178552181, ",": 0.7058186334430898}