{"Laptop": 31.05605626809718, "Review": 24.393042361217113, "Alienware": 19.076751966438408, "MacBook": 15.63113437141022, "+": 12.904496932519764, "Thoughts": 12.60361186201099, "Laptops": 12.409996298598276, "This": 11.86022878247821, "My": 11.841232841377039, "Apple": 10.69391043188074, "ASUS": 10.678050203493804, "The": 10.227381596729291, "XPS": 9.659625226852073, "!": 9.318362541511418, "13": 9.186051164404867, "2021": 8.77981280304047, "Pro": 8.461674072006305, "Faster": 8.402407908007326, "Deck": 8.152081622099313, "-": 8.140417302271464, "M1": 8.113684607144721, "iPhone": 8.104935622056688, "Studio": 8.04726122951308, "About": 7.982276739169542, "GS77": 7.602401335665818, "Dethroned": 7.602401335665818, "Max/Pro": 7.602401335665818, "Dial": 7.602401335665818, "TRANSFORM": 7.602401335665818, "Questioning": 7.602401335665818, "Love": 7.547519878353446, "Steam": 7.341151405882985, "iPad": 7.330038109353867, "ROG": 7.118700135662536, "Surface": 7.049727783520197, "AMAZING": 6.983054942985014, "NEW": 6.957592820783489, "FOLDING": 6.909254155105873, "CRAZIEST": 6.909254155105873, "Fakes": 6.909254155105873, "Samsung": 6.898662215544716, "Has": 6.651470433299526, "Talk": 6.651470433299526, "Got": 6.6238837890348545, "Than": 6.569826444259015, "X15": 6.503789046997708, "X17": 6.503789046997708, "Gaming": 6.44124066092435, "Let": 6.183083658297936, "Mini": 6.079356697558507, "\u201c": 6.055380714324871, "LOL": 5.992963423231718, "X16": 5.992963423231718, "G14": 5.992963423231718, "X14": 5.992963423231718, "Gon": 5.992963423231718, "Ridiculous": 5.992963423231718, "650": 5.992963423231718, "ear": 5.992963423231718, "Keychron": 5.810641866437763, "Q1": 5.810641866437763, "Framework": 5.810641866437763, "Triton": 5.810641866437763, "\u201d": 5.750027033906956, "Hate": 5.656491186610505, "Doesn": 5.656491186610505, "NOTHING": 5.656491186610505, "Made": 5.596760581865123, "Killing": 5.522959793985982, "Nobody": 5.522959793985982, "Picks": 5.522959793985982, "It": 5.48354937036423, "Better": 5.439198826158894, "$": 5.428163181845024, "Mac": 5.409123071429814, "ta": 5.405176758329599, "Suck": 5.299816242671772, "Slate": 5.299816242671772, "Pixel": 5.251335186490488, "Zephyrus": 5.2045060628674475, "Listen": 5.2045060628674475, "Already": 5.2045060628674475, "Cheaper": 5.2045060628674475, "New": 5.020048504039232, "SE": 4.98082709461855, "5i": 4.963344006050559, "SPEED": 4.894351134563609, "ROBOT": 4.894351134563609, "Valve": 4.894351134563609, "And": 4.830031059650127, "Best": 4.8253197250777475, "Needs": 4.769187991609602, "Folding": 4.712029577769654, "Stealth": 4.657962356499378, "MASSIVE": 4.657962356499378, "SEE": 4.657962356499378, "14": 4.6383952138556594, "VERY": 4.606669062111827, "vs": 4.574277276950352, "Strix": 4.557878897942396, "600": 4.557878897942396, "Phone": 4.549050333752475, "EVERYTHING": 4.511358882307502, "Max": 4.501086404379504, "Cleaner": 4.424347505317873, "Legion": 4.424347505317873, "Speakers": 4.3443047976443365, "16": 4.302725764200235, "AWESOME": 4.270196825490615, "Android": 4.251875567468615, "Thing": 4.2351055056793445, "Acer": 4.2351055056793445, "Do": 4.210466220745233, "N": 4.168414131180672, "Flow": 4.105893774199338, "Ultra": 4.083439409300581, "MSI": 4.047053274176404, "WHAT": 3.991483423021594, "(": 3.9325520611824, "Care": 3.913521881551882, "150": 3.913521881551882, "ve": 3.8888292689615103, "NEED": 3.8888292689615103, "Air": 3.851295066795073, ")": 3.846631738533908, "Asus": 3.818211701747557, "Different": 3.7957388458954986, "A": 3.782699245949707, "School": 3.75225373395576, "Phones": 3.7105810375551918, "Mystery": 3.6903783302376723, "Buying": 3.6511576170843907, "Incredible": 3.6321094221136963, "Unboxing": 3.6005659205775107, "Oppo": 3.577049644930669, "Nintendo": 3.577049644930669, "Galaxy": 3.5646368106269133, "Fastest": 3.541958325119399, "Desktop": 3.541958325119399, "Nord": 3.541958325119399, "FE": 3.5080567734437174, "Lenovo": 3.4592666092742856, "Fold": 3.4592666092742856, "is": 3.4463290103193804, "Flip": 3.4435182523061463, "NOT": 3.428014065770181, "na": 3.3828936304897117, "Cool": 3.3397214586245028, "500": 3.3397214586245028, "REAL": 3.325735216649763, "Before": 3.3119418945174273, "Keyboard": 3.3119418945174273, "Custom": 3.2983362424616485, "YOU": 3.2849132221295076, "'s": 3.271777092112699, "Switch": 3.2585959138121345, "S8": 3.2456925089762265, "See": 3.2329534831987967, "Awesome": 3.2329534831987967, "\u2019": 3.231898660762761, "S21": 3.2203747009919366, "17": 3.2079521809933795, "...": 3.2069295474382704, "M2": 3.1835607278692204, "Was": 3.159750079175502, "Is": 3.14824563087024, "6": 3.14824563087024, "Tab": 3.1480540394123104, "2022": 3.1411333315654604, "than": 3.1364932170112345, "t": 3.125064521187612, "Upgrade": 3.1137649659336786, "AirPods": 3.102591665335553, "OLED": 3.102591665335553, "THIS": 3.091541829148968, "Impressions": 2.977428522381547, "Need": 2.9676723474361824, "Back": 2.9676723474361824, "Guide": 2.9389622415537513, "TO": 2.9389622415537513, "Way": 2.8839024643707236, "Find": 2.8839024643707236, "I": 2.844769364026491, "Be": 2.840227400868062, "OnePlus": 2.6897464499297663, "be": 2.6465742780645574, "Setup": 2.5785208148195418, "Plus": 2.4607377791631584, "iOS": 2.371292718811232, "S22": 2.355377263505332, "Of": 2.3397111467609326, "?": 2.223329257079559, "Are": 2.1952295642056994, "PC": 2.1907552838107787, "Series": 2.1818663363935324, "n't": 1.9604942647277046, ".": 1.951367172833587, "Watch": 1.942919119906197, "8": 1.8309602125358024, "to": 1.798007630638069, "an": 1.7882708038407518, "a": 1.7627609531708202, "Your": 1.5838081211695836, "To": 1.5573960216298066, "7": 1.4998427410522495, "You": 1.4517985672195388, "''": 1.4475432416494005, "from": 1.3798250675944497, "5": 1.1503523812285923, "1": 1.0628153800481488, "on": 0.9521222870783963, "3": 0.943107415982181, "How": 0.8761679333070715, "2": 0.8270352447294268, "for": 0.7726075981533931, "&": 0.7715271010196387, "in": 0.6699534440933097}