{"Driving": 57.619949243543594, "Test": 30.670628360428335, "Learner": 30.004598529393686, "DRIVING": 24.89625302877179, "TEST": 23.885721371283108, "She": 20.27504778411712, "ROUNDABOUTS": 15.220715236625676, "TOTALLY": 13.834420875505785, "WRONG": 12.72918536497909, "FAILED": 12.448126514385894, "Was": 11.324936500805233, "On": 11.20412658302013, "Situation": 10.826266081953236, "FAIL": 10.090816521702601, "Driver": 10.090816521702601, "This": 8.863135855734487, "Thinking": 8.782963586889274, "Goes": 7.998879411337226, "SPIRAL": 7.610357618312838, "Roundabouts": 7.610357618312838, "Observation": 7.610357618312838, "LAUGHS": 7.610357618312838, "Handbrake": 7.610357618312838, "Faults": 7.610357618312838, "HILLS": 7.610357618312838, "NIGHTMATRE": 7.610357618312838, "Many": 7.520420033205558, "During": 7.318227799462821, "'ve": 6.998967508279053, "|": 6.9668850693219335, "MISTAKE": 6.9172104377528925, "Stall": 6.9172104377528925, "VICTIM": 6.9172104377528925, "PASSED": 6.9172104377528925, "He": 6.902949069906331, "First": 6.789750262786107, "PAY": 6.511745329644728, "STRESSED": 6.511745329644728, "Launched": 6.511745329644728, "REVERSE": 6.511745329644728, "BAY": 6.511745329644728, "SCARED": 6.224063257192947, "Hills": 6.224063257192947, "TROUBLE": 6.224063257192947, "SERIOUS": 6.224063257192947, "LUCKY": 6.224063257192947, "BOTH": 6.000919705878737, "PASS": 6.000919705878737, "WELL": 6.000919705878737, "Brandon": 6.000919705878737, "THEORY": 5.8185981490847825, "MINI": 5.8185981490847825, "HAD": 5.8185981490847825, "PARK": 5.8185981490847825, "SIDE": 5.8185981490847825, "So": 5.713534854412946, "Thinks": 5.664447469257524, "SECONDS": 5.664447469257524, "MUCH": 5.530916076633002, "Asked": 5.413133040976618, "To": 5.327344776587972, "FAILS": 5.307772525318792, "Told": 5.212462345514467, "NEXT": 5.125450968524837, "WAS": 5.125450968524837, "Stopped": 5.125450968524837, "'d": 5.125450968524837, "Sister": 5.045408260851301, "HE": 5.045408260851301, "Tips": 5.008824288824513, "TIPS": 4.971300288697579, "GOING": 4.902307417210627, "DANGEROUS": 4.837768896073056, "VERY": 4.7199858604166725, "WORST": 4.7199858604166725, "Roll": 4.7199858604166725, "Thought": 4.665918639146397, "BIGGEST": 4.614625344758847, "DID": 4.614625344758847, "Pass": 4.565835180589414, "BEFORE": 4.474863402383688, "Done": 4.474863402383688, "Guess": 4.432303787964892, "Between": 4.391481793444637, "Mistake": 4.352261080291355, "Difference": 4.314520752308509, "Brother": 4.314520752308509, "SO": 4.278153108137634, "Shows": 4.144621715513111, "USA": 4.026838679856728, "Even": 4.026838679856728, "WE": 4.026838679856728, "STOP": 3.999439705668613, "'ll": 3.999439705668613, "I": 3.912246994094466, "Or": 3.8967855516085295, "How": 3.8093862897683572, "MY": 3.803695128542518, "n't": 3.793249625606937, "Gets": 3.6591138997314103, "What": 3.655321514760706, "Lesson": 3.6030244330803667, "Important": 3.5499146077664183, "Common": 3.532820174407118, "Still": 3.467222891921305, "But": 3.420702876286412, "Her": 3.420702876286412, "IT": 3.3618623762634785, "UK": 3.333691499296782, "HOW": 3.2796242780265064, "Has": 3.179540819469524, "See": 3.1560103220593296, "Getting": 3.1560103220593296, "Just": 3.133020803834631, "Look": 3.1217212485806978, "Help": 3.1105479479825724, "Your": 3.0380954724702787, "Never": 3.0356466398094546, "In": 2.975729617596903, "Ever": 2.874159169918342, "The": 2.827262505917334, "Back": 2.79817326294042, "Car": 2.766170531854246, "TO": 2.735160295111686, "Did": 2.6615977279346694, "!": 2.6266936297692025, "You": 2.615477285135865, "Should": 2.586477097466561, "Me": 2.5477625852858705, "20": 2.510491190488639, "Not": 2.498369829956294, "Out": 2.480458903389764, "Have": 2.411860587047012, "When": 2.4008714654714165, "Get": 2.379249001458251, "Top": 2.347667429407952, "Most": 2.2873476391744294, "Will": 2.2584994848367708, "?": 2.2201790998923427, "or": 2.207680236440558, "Time": 2.1050260823804745, "Video": 1.975568015143588, "Of": 1.9613833801516314, "'s": 1.651801111350388, "``": 1.6442108791891454, "A": 1.640520765597866, "''": 1.6213962014229741, "For": 1.4966754384806062, "5": 1.3917574986211083, "&": 0.8079628549885267, "the": 0.5991436309624705, "and": 0.5865986635743944}