{"Deadliest": 81.87991497404509, "Afraid": 78.04546856397249, "Catch": 72.92606236707833, "Outlaws": 69.09254155105873, "Naked": 67.87789423932605, "|": 56.02276007243581, "Grylls": 53.21680934966073, "Rush": 52.295776797939865, "Gold": 45.54886615074598, "Street": 44.24347505317873, "List": 39.451729597178556, "America": 34.570810979750306, "Bear": 33.80868829398226, "Wild": 33.09332346292874, "shorts": 28.714059261074937, "Sig": 27.63701662042349, "Bandit": 27.63701662042349, "His": 24.819992597196553, "Survivalists": 22.807204006997456, "Rescue": 22.789394489711977, "Man": 22.284925095084542, "Mine": 21.620707033318396, "Deckhand": 20.727762465317618, "Hoffman": 17.978890269695153, "Todd": 16.568879381957945, "Kye": 15.204802671331636, "Kelley": 15.204802671331636, "Turin": 15.204802671331636, "JJ": 15.204802671331636, "Lizzy": 15.204802671331636, "Musi": 15.204802671331636, "Disqualified": 15.204802671331636, "Huge": 14.842324150220767, "Dave": 14.683053403690826, "'s": 13.90505264147897, "Counts": 13.818508310211746, "Goes": 13.534076646922507, "#": 13.31901971328203, "Plant": 13.27304251595362, "Climbs": 13.007578093995416, "Freddy": 13.007578093995416, "Shelter": 13.007578093995416, "Moonshiners": 13.007578093995416, "Pots": 12.432213949091855, "Digger": 12.432213949091855, "Liquor": 12.432213949091855, "Gets": 12.409996298598276, "Helicopter": 12.317681322598016, "Time": 12.159586703138332, "Dodge": 11.985926846463435, "Jungle": 11.985926846463435, "Patricia": 11.985926846463435, "Season": 11.974450269064782, "Their": 11.523603659916768, "Ryan": 11.31298237322101, "Miner": 11.31298237322101, "Saga": 11.31298237322101, "and": 11.284026918087227, "Norway": 11.045919587971964, "Family": 10.953472851253172, "Parker": 10.810353516659198, "Repairs": 10.599632485343545, "Boss": 10.234989371755637, "Near": 10.074903956408562, "Lee": 10.074903956408562, "Finds": 9.926688012101119, "Mistake": 9.788702269127217, "Martin": 9.788702269127217, "Da": 9.788702269127217, "College": 9.788702269127217, "Forces": 9.538375983219204, "Hunting": 9.424059155539307, "Total": 9.424059155539307, "vs.": 9.341294897801035, "Lets": 9.022717764615004, "a": 8.8138047658541, "Boat": 8.688609595288673, "Find": 8.65170739311217, "He": 8.402407908007326, "Machines": 8.273330865732184, "Mark": 8.211787548398677, ":": 8.041947815299887, "Lost": 7.877679379072344, "Try": 7.877679379072344, "Makes": 7.827043763103764, "Call": 7.827043763103764, "Jagged": 7.602401335665818, "Beehive": 7.602401335665818, "Near-Impossible": 7.602401335665818, "Doubles": 7.602401335665818, "All-Women": 7.602401335665818, "Bain": 7.602401335665818, "Cornelia": 7.602401335665818, "Argue": 7.602401335665818, "Axman": 7.602401335665818, "Confrontation": 7.602401335665818, "Mosquitos": 7.602401335665818, "Leopards": 7.602401335665818, "Skulls": 7.602401335665818, "Injures": 7.602401335665818, "Inexperienced": 7.602401335665818, "!": 7.454690033209134, "Incredible": 7.2642188442273925, "the": 7.126753843002458, "Finally": 7.049727783520197, "Searches": 6.909254155105873, "Lions": 6.909254155105873, "Crosses": 6.909254155105873, "Celebrations": 6.909254155105873, "Barefoot": 6.909254155105873, "Mansplaining": 6.909254155105873, "Burst": 6.909254155105873, "Weighs": 6.909254155105873, "Beets": 6.909254155105873, "Hyenas": 6.909254155105873, "Lifts": 6.909254155105873, "Steals": 6.909254155105873, "Hyena": 6.909254155105873, "Has": 6.651470433299526, "Jake": 6.503789046997708, "Closest": 6.503789046997708, "Survivalist": 6.503789046997708, "Weigh": 6.503789046997708, "Is": 6.29649126174048, "Seal": 6.216106974545927, "Daddy": 6.216106974545927, "Performs": 6.216106974545927, "Spear": 6.216106974545927, "Teaches": 6.216106974545927, "Races": 6.216106974545927, "Floods": 6.216106974545927, "Empty": 6.216106974545927, "Surrounded": 6.216106974545927, "40,000": 6.216106974545927, "vs": 6.099036369267136, "Coconut": 5.992963423231718, "Score": 5.992963423231718, "Difficult": 5.992963423231718, "Marie": 5.992963423231718, "Leopard": 5.992963423231718, "Stopped": 5.992963423231718, "Buffalo": 5.992963423231718, "Freezing": 5.992963423231718, "Rick": 5.992963423231718, "Finish": 5.810641866437763, "on": 5.712733722470378, "Leaves": 5.656491186610505, "Waterfall": 5.656491186610505, "Lucky": 5.656491186610505, "Rabbit": 5.656491186610505, "Loses": 5.656491186610505, "Volcanic": 5.522959793985982, "Fires": 5.522959793985982, "Tony": 5.522959793985982, "Shocked": 5.522959793985982, "Snakes": 5.522959793985982, "Member": 5.522959793985982, "Haul": 5.405176758329599, "Cause": 5.405176758329599, "Milk": 5.405176758329599, "Rocks": 5.299816242671772, "Captain": 5.299816242671772, "Degree": 5.299816242671772, "Breaks": 5.299816242671772, "Eat": 5.2045060628674475, "Elephant": 5.2045060628674475, "Car": 5.183532083139125, "Whole": 5.117494685877818, "Africa": 5.117494685877818, "Packs": 5.117494685877818, "Big": 5.054455040863982, "Promo": 5.037451978204281, "Guard": 5.037451978204281, "Hits": 5.037451978204281, "Chance": 5.037451978204281, "Dirty": 5.037451978204281, "Helps": 5.037451978204281, "Failure": 5.037451978204281, "Alone": 5.037451978204281, "Stuck": 4.963344006050559, "Fishing": 4.963344006050559, "Shoes": 4.963344006050559, "Says": 4.894351134563609, "110": 4.894351134563609, "Risk": 4.829812613426037, "Lava": 4.829812613426037, "Walking": 4.829812613426037, "Eric": 4.829812613426037, "Coast": 4.769187991609602, "Rainbow": 4.769187991609602, "Had": 4.769187991609602, "Fighting": 4.769187991609602, "Returns": 4.769187991609602, "Hide": 4.769187991609602, "Extremely": 4.712029577769654, "Legend": 4.712029577769654, "Pipe": 4.712029577769654, "Avoid": 4.657962356499378, "Guy": 4.606669062111827, "Disaster": 4.606669062111827, "Ground": 4.557878897942396, "Number": 4.557878897942396, "While": 4.557878897942396, "Bird": 4.511358882307502, "Moving": 4.511358882307502, "Bill": 4.4669071197366685, "Police": 4.4669071197366685, "Weather": 4.4669071197366685, "Looks": 4.424347505317873, "Takes": 4.383525510797617, "Island": 4.383525510797617, "Eggs": 4.383525510797617, "Spot": 4.383525510797617, "Crew": 4.306564469661489, "Sleep": 4.270196825490615, "South": 4.2351055056793445, "Survive": 4.2351055056793445, "Tree": 4.201203954003663, "to": 4.195351138155494, "Close": 4.168414131180672, "Crash": 4.168414131180672, "Win": 4.168414131180672, "from": 4.139475202783349, "Heat": 4.136665432866092, "Wave": 4.136665432866092, "Ca": 4.105893774199338, "Shark": 4.076040811049657, "Race": 4.076040811049657, "Flash": 4.076040811049657, "Stick": 4.047053274176404, "Photo": 4.047053274176404, "Breaking": 4.047053274176404, "Fight": 4.047053274176404, "in": 4.019720664559858, "Storm": 4.018882397209708, "Team": 3.8888292689615103, "Keep": 3.8888292689615103, "Changes": 3.8888292689615103, "Test": 3.8581561369886517, "Kids": 3.75225373395576, "HUGE": 3.7105810375551918, "Run": 3.6511576170843907, "Food": 3.613417289101544, "Save": 3.613417289101544, "Zero": 3.577049644930669, "Last": 3.559350067831268, "Week": 3.491527471492507, "AND": 3.3828936304897117, "Down": 3.368294831068559, "Biggest": 3.3397214586245028, "But": 3.325735216649763, "'ve": 3.2456925089762265, "for": 3.0904303926135723, "Fast": 3.0591065533958144, "Quick": 2.977428522381547, "By": 2.977428522381547, "Did": 2.9110534534366748, "Ever": 2.875013516953478, "Good": 2.840227400868062, "Be": 2.840227400868062, "Out": 2.782119770060781, "Setup": 2.5785208148195418, "Up": 2.514805000433434, "New": 2.510024252019616, "Making": 2.490413547309275, "with": 2.4234442643679577, "Day": 2.324286676435301, "Power": 2.2133296058493173, "Make": 2.113463609509132, "From": 2.072972248154395, "n't": 1.9604942647277046, "The": 1.917634049386742, "s": 1.8498286968401851, "With": 1.834080339872046, "It": 1.82784979012141, "12": 1.821657819873489, "by": 1.8124411647685648, "$": 1.8093877272816745, "an": 1.7882708038407518, "In": 1.7617596782924199, "First": 1.7135233773329372,