{"Dinosaur": 68.89761115473304, "Dinosaurs": 64.52347207865728, "Prehistoric": 12.432213949091855, "Dance": 9.115757795884791, "Beavers": 7.602401335665818, "Daring": 7.602401335665818, "Nighttime": 7.602401335665818, "MEGA-HUGE": 7.602401335665818, "Feathered": 7.602401335665818, "Gruesome": 7.602401335665818, "Roars": 7.602401335665818, "HORNED": 7.602401335665818, "Hunted": 7.602401335665818, "Hides": 7.602401335665818, "ROMANCE": 7.602401335665818, "Small": 7.2642188442273925, "!": 6.988771906133564, "KIDS": 6.909254155105873, "DANGER": 6.909254155105873, "Ancestors": 6.909254155105873, "Mating": 6.909254155105873, "Deaths": 6.909254155105873, "Mammoths": 6.909254155105873, "GROSS": 6.909254155105873, "Flight": 6.825493187278785, "Squirrels": 6.503789046997708, "Revenge": 6.503789046997708, "Completed": 6.216106974545927, "CUTE": 6.216106974545927, "Poison": 6.216106974545927, "SCARY": 6.216106974545927, "Fossils": 5.992963423231718, "Heroes": 5.992963423231718, "KILLER": 5.992963423231718, "Extinct": 5.992963423231718, "Babies": 5.810641866437763, "Danger": 5.656491186610505, "INSIDE": 5.656491186610505, "Sleeping": 5.522959793985982, "ATTACK": 5.522959793985982, "Eats": 5.405176758329599, "BATTLE": 5.405176758329599, "Bugs": 5.299816242671772, "Mushrooms": 5.299816242671772, "BEST": 5.237589427914964, "Deadly": 5.117494685877818, "Look": 4.921475558326317, "Went": 4.894351134563609, "Stuff": 4.712029577769654, "Strong": 4.606669062111827, "Escape": 4.511358882307502, "Bird": 4.511358882307502, "SO": 4.3443047976443365, "Attack": 4.2351055056793445, "Survive": 4.2351055056793445, "Revealed": 4.136665432866092, "Think": 3.938839689536172, "Their": 3.841201219972256, "Baby": 3.773759939176723, "their": 3.773759939176723, "Flying": 3.4127465936393926, "Only": 3.4127465936393926, "Crazy": 3.3828936304897117, "Biggest": 3.3397214586245028, "But": 3.325735216649763, "Take": 3.2456925089762265, "Inside": 3.1835607278692204, ":": 3.093056852038418, "When": 2.9389622415537513, "Ever": 2.875013516953478, "So": 2.8488111445594537, "A": 2.83702443446228, "Amazing": 2.660758913056514, "The": 2.556845399182323, "Big": 2.527227520431991, "Get": 2.371292718811232, "Most": 2.3501279076191883, "of": 2.141486628301366, "Make": 2.113463609509132, "Can": 1.9640466663320726, "In": 1.7617596782924199, "First": 1.7135233773329372, "for": 1.5452151963067862, "You": 1.4517985672195388, "?": 0.8893317028318236, "How": 0.8761679333070715, "2": 0.8270352447294268, "'s": 0.8179442730281747, "the": 0.5938961535835382}