{"grow": 69.44794197867695, "propagate": 42.68861669019878, "home": 34.9259490983847, "plastic": 29.848219709221155, "bottles": 29.310032399355475, "roots": 26.837217361033193, "produce": 26.837217361033193, "many": 26.440315483585522, "tubers": 23.423749886779227, "at": 21.411532866647896, "water": 20.72177491398381, "hanging": 18.595436149476924, "How": 18.15884108671578, "beginners": 17.01027426974798, "growing": 16.83207615477057, "Growing": 16.787994865128734, "to": 15.911464463721824, "rooting": 15.615833257852817, "fruit": 15.299599283472595, "method": 14.590432949279904, "propagating": 14.229538896732926, "garden": 13.536239288766238, "lot": 13.536239288766238, "branches": 13.418608680516597, "in": 13.315403313690602, "without": 12.974273749834289, "bag": 12.84466831293074, "extremely": 12.843244535613035, "trees": 12.843244535613035, "fruits": 11.72401295974219, "spinach": 11.456950174493144, "vegetables": 11.010663071864725, "very": 10.85478566069995, "seeds": 10.820042712256075, "save": 10.646019958276817, "space": 10.337718598622299, "potatoes": 10.337718598622299, "plant": 10.199732855648397, "easy": 8.43211306548688, "fast": 8.393997432564367, "kale": 7.807916628926408, "fruity": 7.807916628926408, "vertically": 7.807916628926408, "cucumbers": 7.807916628926408, "produces": 7.807916628926408, "asparagus": 7.807916628926408, "Unexpectedly": 7.807916628926408, "Graft": 7.807916628926408, "graft": 7.807916628926408, "Adenium": 7.807916628926408, "obesum": 7.807916628926408, "coconuts": 7.807916628926408, "indoor": 7.807916628926408, "landfill": 7.807916628926408, "Geotextile": 7.807916628926408, "malabar": 7.807916628926408, "for": 7.788290647767465, "Grow": 7.176817847500604, "aloe": 7.114769448366463, "upside": 7.114769448366463, "bitter": 7.114769448366463, "guava": 7.114769448366463, "broccoli": 7.114769448366463, "carrots": 7.114769448366463, "styrofoam": 7.114769448366463, "purify": 7.114769448366463, "Purifying": 7.114769448366463, "Aroid": 7.114769448366463, "watering": 6.709304340258298, "okra": 6.709304340258298, "melon": 6.709304340258298, "radish": 6.709304340258298, "gardening": 6.709304340258298, "Propagate": 6.709304340258298, "Straw": 6.709304340258298, "Lemons": 6.709304340258298, "soil": 6.421622267806518, "peppers": 6.421622267806518, "mint": 6.421622267806518, "from": 6.3334327986041945, "vera": 6.198478716492308, "Cucumbers": 6.198478716492308, "tomatoes": 6.198478716492308, "surprising": 6.016157159698354, "picked": 6.016157159698354, "productivity": 5.862006479871095, "Butternut": 5.862006479871095, "Surprised": 5.862006479871095, "roses": 5.862006479871095, "bananas": 5.862006479871095, "with": 5.736524128487719, "saving": 5.728475087246572, "Papaya": 5.728475087246572, "a": 5.636922158830892, "gives": 5.610692051590189, "Bananas": 5.610692051590189, "of": 5.5221843435707445, "coconut": 5.5053315359323625, "chili": 5.5053315359323625, "sand": 5.5053315359323625, "bags": 5.410021356128038, "Coriander": 5.3230099791384085, "large": 5.3230099791384085, "plants": 5.3230099791384085, "Palm": 5.3230099791384085, "garlic": 5.242967271464872, "jeans": 5.1688592993111495, "banana": 5.035327906686628, "leaves": 5.035327906686628, "Squash": 4.974703284870192, "lots": 4.974703284870192, "Indoor": 4.974703284870192, "air": 4.917544871030244, "Tomatoes": 4.863477649759968, "sweet": 4.812184355372417, "white": 4.672422412997259, "down": 4.629862798578463, "Plants": 4.549820090904927, "high": 4.373929424441262, "Tips": 4.255488039818682, "help": 4.144354982796762, ",": 3.967556121408567, "It": 3.940372363520937, "box": 3.782564938191259, "way": 3.4641112070727247, "Bag": 3.3890760211298105, "old": 3.3535693326729006, "|": 3.1278225852057293, "was": 3.071718180531913, "Air": 3.071718180531913, "so": 2.9876350633213717, "how": 2.545226440021523, "up": 2.4655823769615974, "The": 1.712288929054994, "the": 1.65940577259142, "New": 1.4675573251986564, "and": 1.3717134945945322, "'s": 0.9546175357403303, "&": 0.5860808036379596}