{"REACTION": 65.82978723905126, "Youngboy": 39.992191174332376, "``": 36.68246772920517, "''": 34.949862198268235, "Ghost": 29.662833079906157, "DJ": 28.686011505498957, "NBA": 26.484440382693407, "Lil": 26.328400809854937, "NLE": 18.779700262841693, "Choppa": 18.317248223359922, "Durk": 17.563304938517202, "Nardo": 14.717024752564017, "Keed": 13.906094536347688, "Yak": 13.330730391444126, "Dababy": 13.330730391444126, "Reaction": 13.226909713914814, "YSL": 12.884443288815707, "While": 12.734991201214903, "Reacting": 12.47951777619398, "Flow": 11.708869959011468, "Sponsored": 11.708869959011468, "Wick": 11.307528568087166, "Killed": 9.747211452988015, "Called": 9.665567463947506, "Was": 8.660620748755317, "Gnar": 8.051659556841953, "Homies": 8.051659556841953, "Sayin": 8.051659556841953, "Nomore": 8.051659556841953, "GetARealJob": 8.051659556841953, "Socked": 8.051659556841953, "ItsWill": 8.051659556841953, "Fredo": 8.051659556841953, "EBG": 8.051659556841953, "Ejizzle": 8.051659556841953, "DoughSoOfficial": 8.051659556841953, "Publicity": 8.051659556841953, "DaniLeigh": 8.051659556841953, "Squabble": 8.051659556841953, "Sum": 8.051659556841953, "FBG": 7.358512376282008, "Loner": 7.358512376282008, "Krazy": 7.358512376282008, "Murderers": 7.358512376282008, "Shotta": 7.358512376282008, "Gotti": 6.953047268173844, "AHHH": 6.953047268173844, "Grim": 6.953047268173844, "Denied": 6.665365195722063, "Federal": 6.665365195722063, "Computer": 6.259900087613898, "Mane": 6.259900087613898, "ROCKY": 6.259900087613898, "Raid": 6.10574940778664, "Kodak": 6.10574940778664, "Alley": 5.972218015162118, "x": 5.9529714832162535, "HA": 5.854434979505734, "Reaper": 5.749074463847908, "Gucci": 5.486710199380417, "Youtuber": 5.412602227226695, "Bang": 5.412602227226695, "AP": 5.412602227226695, "Visiting": 5.343609355739743, "Thug": 5.279070834602172, "Lamar": 5.279070834602172, "Bond": 5.218446212785738, "Kendrick": 5.218446212785738, "On": 5.176530251060562, "Bowling": 5.161287798945789, "|": 5.113297000717327, "Telling": 5.1072205776755135, "Doja": 5.1072205776755135, "His": 5.100802692594454, "At": 5.092656041819182, "Chicago": 4.960617103483638, "Stunt": 4.960617103483638, "Baby": 4.943859461711463, "Rapper": 4.916165340912804, "Cash": 4.793563018820471, "Bowl": 4.755822690837625, "Concert": 4.7194550466667495, "Its": 4.7194550466667495, "No": 4.689098584186156, "Reason": 4.684363726855479, "Stage": 4.650462175179798, "And": 4.630174518725523, "Trouble": 4.555151995375473, "Hate": 4.525299032225792, "Female": 4.49631149535254, "Start": 4.468140618385844, "Bag": 4.468140618385844, "Part": 4.45722732271787, "Minute": 4.414073397115568, "Child": 4.3880979107123075, "Up": 4.376056762487713, "I": 4.331236714000022, "To": 4.274825422778787, "Shot": 4.267469922923692, "Brand": 4.159839258731327, "Golden": 4.026307866106804, "Brother": 3.9085248304504208, "Or": 3.892776473482282, "Heart": 3.832151851665847, "Mr": 3.7078541349882697, "Him": 3.6822117043749323, "Dead": 3.6449403095777004, "Everything": 3.6328189490453555, "Young": 3.609008300351637, "A": 3.5632546007106183, "Future": 3.5190600636886975, "Want": 3.4666920781713815, "Found": 3.369528329717734, "Set": 3.351179191049537, "Last": 3.0147069544283243, "NOT": 2.9396717684854106, "After": 2.92176084191888, "In": 2.887317863091733, "Black": 2.836723799232968, "Got": 2.8152175940120046, "Night": 2.809912541782311, "He": 2.7786599982782065, "ft.": 2.6763811491577885, "Back": 2.5878277518163437, "Super": 2.558598113501405, "Song": 2.52620661771017, "Music": 2.344549292093078, "$": 2.289608174061777, "Love": 2.2227139392317463, "Do": 2.151762203259462, "Life": 2.151762203259462, "6": 2.119414369393943, "Me": 2.0379444007991516, "n't": 1.9694406464655074, "New": 1.602770162695096, "5": 1.5280972506924413, "(": 1.3155625334683951, ")": 1.313104020558936, "The": 1.220678334248673, "1": 1.2132543559946098, ".": 1.2111130275532667, "#": 0.9599174417468006, "'s": 0.8239970581132987, "&": 0.7199445871154877}