{"Chiropractic": 112.72323379578734, "CHIROPRACTIC": 72.46493601157758, "*": 64.88344795527219, "CRACKING": 51.50958663397406, "Adjustment": 36.792561881410045, "Strap": 29.434049505128034, "Y": 28.184155062747628, "Adjustments": 24.154978670525857, "ADJUSTMENT": 24.154978670525857, "Back": 23.290449766347095, "gets": 17.98656130294223, "Relief": 17.563304938517202, "LOUD": 16.70025872116186, "PAIN": 16.460130598141248, "STRAP": 16.103319113683906, "Cipriano": 16.103319113683906, "ADJUSTMENTS": 16.103319113683906, "Pain": 15.021411357355591, "after": 14.033459098287798, "Chiropractor": 13.330730391444126, "CRACK": 12.884443288815707, "GIRL": 12.541375637802187, "PAINFUL": 11.708869959011468, "INTENSE": 10.82520445445339, "Joseph": 10.558141669204344, "Surgery": 10.436892425571475, "EMOTIONAL": 9.921234206967275, "Crash": 8.62797987711717, "Dr": 8.534939845847385, "SURVIVES": 8.051659556841953, "TheBubbaArmy": 8.051659556841953, "Headaches": 8.051659556841953, "Osteoarthritis": 8.051659556841953, "FORMER": 8.051659556841953, "GYMNAST": 8.051659556841953, "MIGRAINES": 8.051659556841953, "BARISTA": 8.051659556841953, "RELIEF": 8.051659556841953, "CRACKS": 8.051659556841953, "SCOLIOSIS": 8.051659556841953, "HYPERKYPHOSIS": 8.051659556841953, "Extremity": 8.051659556841953, "Y-Strap": 8.051659556841953, "TECH": 8.051659556841953, "for": 7.4557215047938445, "INK": 7.358512376282008, "Scoliosis": 7.358512376282008, "Strapped": 7.358512376282008, "THERAPIST": 7.358512376282008, "Enthusiast": 7.358512376282008, "Accordion": 7.358512376282008, "KART": 7.358512376282008, "Harrington": 7.358512376282008, "UNCUT": 7.358512376282008, "CRAZY": 7.339265844336143, "CRACKED": 6.953047268173844, "Cracks": 6.953047268173844, "FREAKY": 6.953047268173844, "NAIL": 6.953047268173844, "Cracking": 6.665365195722063, "REMOVED": 6.665365195722063, "Years": 6.596138731471178, "ACCIDENT": 6.442221644407853, "STARBUCKS": 6.442221644407853, "Rods": 6.442221644407853, "FIRST": 6.352924467281604, "Jaw": 6.259900087613898, "MASSAGE": 6.259900087613898, "WALKING": 6.259900087613898, "BOTTLE": 6.259900087613898, "Since": 6.10574940778664, "FITNESS": 5.972218015162118, "!": 5.958075182774021, "She": 5.867331488850397, "INSTANT": 5.854434979505734, "SCAMMED": 5.854434979505734, "LIVE": 5.808330160057001, "Paid": 5.749074463847908, "Neck": 5.566752907053953, "MASTER": 5.486710199380417, "Joke": 5.412602227226695, "German": 5.343609355739743, "Cop": 5.343609355739743, "Her": 5.280027009973828, "Opens": 5.279070834602172, "Loud": 5.218446212785738, "STUDIO": 5.161287798945789, "Low": 5.161287798945789, "RAW": 5.1072205776755135, "Man": 4.877062900907767, "Texas": 4.873605726494008, "Fitness": 4.832783731973753, "Leaves": 4.755822690837625, "Spider": 4.585923654042227, "Even": 4.555151995375473, "SCARY": 4.525299032225792, "Needs": 4.49631149535254, "Release": 4.414073397115568, "Having": 4.338087490137646, "been": 4.159839258731327, "Beat": 4.100415838260526, "GO": 4.062675510277679, "Wants": 4.062675510277679, "by": 4.032356248634395, "OMG": 3.9912165462955342, "AGAIN": 3.9912165462955342, "years": 3.957314994619853, "BIRTHDAY": 3.957314994619853, "old": 3.9407856926686424, "BAD": 3.862004814815528, "Emotional": 3.862004814815528, "SUPER": 3.817553052244694, "SO": 3.8031643147925944, "Gone": 3.7475944636377836, "Everything": 3.6328189490453555, "Getting": 3.597312260588446, "TIME": 3.36031167461281, "has": 3.2233458195396523, "Crazy": 3.207472470383362, "Never": 3.074925814421379, "his": 2.989064523814987, "her": 2.982755354621722, "Ever": 2.9396717684854106, "30": 2.9336657444251983, "11": 2.8983679623441745, "Like": 2.8421734040005324, "Got": 2.8152175940120046, "up": 2.809912541782311, "Car": 2.7433918594407487, "By": 2.695073282169941, "20": 2.658032010489592, "Why": 2.5103960116835276, "an": 2.399170376573303, "No": 2.344549292093078, "Up": 2.1880283812438566, "&": 2.159833761346463, "Me": 2.0379444007991516, "IN": 1.918261513845305, "from": 1.9117750046156983, "For": 1.778782550295786, "in": 1.659647463107009, "4": 1.6171130380545005, "the": 1.6077339501482149, "is": 1.384702764412747, "3": 1.3350647833209754, ",": 1.189254935439146, "to": 0.9657580924763426, "a": 0.9223620079125806, "2": 0.9159722098138096, "of": 0.8970441999282907}