{"Den": 164.6013059814125, "Dragons": 141.3345660683262, "'": 50.77533910318258, "Investment": 24.154978670525857, "This": 23.176345654692035, "|": 21.914130003074256, "COMPILATION": 17.98524598141016, "Products": 15.483863396837368, "Invest": 14.717024752564017, "Entrepreneurs": 14.717024752564017, "Company": 14.620817179482023, "Entrepreneur": 12.884443288815707, "``": 12.759119210158321, "''": 12.709040799370268, "shorts": 12.30146807328482, "An": 11.593471849376698, "Will": 10.267450493405194, "'re": 9.817608191191272, "In": 8.6619535892752, "Devey": 8.051659556841953, "Rudest": 8.051659556841953, "Morals": 8.051659556841953, "Businessman": 8.051659556841953, "Forehead": 8.051659556841953, "Waterless": 8.051659556841953, "Xenophobe": 8.051659556841953, "'Disrespects": 8.051659556841953, "\ud83d\ude21\ud83d\ude33": 8.051659556841953, "'Look-A-Like": 8.051659556841953, "Resemble": 8.051659556841953, "Sexualised": 8.051659556841953, "Multitalented": 8.051659556841953, "Synergy": 8.051659556841953, "Revolutionise": 8.051659556841953, "The": 7.934409172616374, "Than": 7.724009629631056, "Top": 7.688165492055801, "You": 7.589353594543049, "Would": 7.577959359601276, "Is": 7.511493811760068, "?": 7.364887102148851, "Equestrian": 7.358512376282008, "Stamping": 7.358512376282008, "Invention": 7.358512376282008, "Barking": 7.358512376282008, "\ud83d\ude15": 7.358512376282008, "Bannatyne": 7.358512376282008, "Achieving": 7.358512376282008, "Reed": 7.358512376282008, "Pitches": 7.358512376282008, "For": 7.115130201183144, "Can": 7.08390030755368, "Hilary": 6.953047268173844, "Eiffel": 6.953047268173844, "Offers": 6.953047268173844, "Such": 6.953047268173844, "Harm": 6.953047268173844, "Bionic": 6.953047268173844, "Information": 6.665365195722063, "Trike": 6.665365195722063, "Nervous": 6.442221644407853, "Bump": 6.442221644407853, "Shade": 6.259900087613898, "Designers": 6.259900087613898, "Engagement": 6.10574940778664, "Glove": 6.10574940778664, "Alternative": 5.854434979505734, "Scheme": 5.854434979505734, "Inventions": 5.854434979505734, "#": 5.759504650480803, "Tested": 5.749074463847908, "Basic": 5.749074463847908, "Duncan": 5.749074463847908, "Nuts": 5.653764284043583, "Washing": 5.566752907053953, "Pyramid": 5.566752907053953, "Understand": 5.566752907053953, "Else": 5.566752907053953, "Totally": 5.486710199380417, "Sell": 5.486710199380417, "Across": 5.412602227226695, "\ud83d\ude2c": 5.412602227226695, "Nation": 5.412602227226695, "Proposal": 5.412602227226695, "Mile": 5.412602227226695, "A": 5.344881901065928, "Instrumental": 5.343609355739743, "Success": 5.218446212785738, "Rather": 5.218446212785738, "Shake": 5.218446212785738, "On": 5.176530251060562, "Shocked": 5.161287798945789, "Sunny": 5.0559272832879625, "Disaster": 5.0559272832879625, "Drinks": 5.0559272832879625, "Why": 5.020792023367055, "Get": 4.928821796883408, "Tower": 4.873605726494008, "Market": 4.832783731973753, "Entire": 4.793563018820471, "Soft": 4.793563018820471, "Leaves": 4.755822690837625, "Mad": 4.755822690837625, "Horse": 4.650462175179798, "Mountain": 4.555151995375473, "Your": 4.505133804762855, "Became": 4.49631149535254, "Single": 4.49631149535254, "Hands": 4.3880979107123075, "From": 4.370382999817314, "Ring": 4.362780102728017, "Paint": 4.338087490137646, "Do": 4.303524406518924, "To": 4.274825422778787, "Think": 4.223018160352859, "Times": 4.201511955131895, "Business": 4.201511955131895, "\ud83e\udd2f": 4.159839258731327, "Drive": 4.119833924117628, "Actually": 4.119833924117628, "Something": 4.081367643289831, "3": 4.005194349962927, "Book": 3.9407856926686424, "Makes": 3.924525171796862, "Doll": 3.862004814815528, "Dragon": 3.774993437825898, "Easy": 3.774993437825898, "Hair": 3.7078541349882697, "Could": 3.6822117043749323, "Run": 3.6696329221680717, "Call": 3.6572104021695147, "Free": 3.62084275799864, "Going": 3.62084275799864, "\ud83d\ude33": 3.5857514381873696, "Want": 3.4666920781713815, "Road": 3.407268657700581, "But": 3.407268657700581, "With": 3.319484886898703, "DIY": 3.3067274284787036, "I": 3.2484275355000167, "Amazing": 3.2233458195396523, "'ve": 3.2153776498904754, "Their": 3.1996292929223364, "Good": 3.1316786310138287, "5": 3.0561945013848826, "She": 2.9336657444251983, "Car": 2.7433918594407487, "Be": 2.6311245575696676, "More": 2.600621103276253, "Make": 2.5920740426977944, "Back": 2.5878277518163437, "Kids": 2.4719297308557313, "That": 2.413304887508208, "Out": 2.3921773410823324, "Music": 2.344549292093078, "All": 2.274007233619297, "First": 2.228613661358935, "Life": 2.151762203259462, "n't": 1.9694406464655074, "Of": 1.8350534557570888, ",": 1.783882403158719, "What": 1.7381115105648584, "'s": 1.6479941162265974, "How": 1.577768860489679, "...": 1.4878040303098259, ":": 1.0270105263883171, "!": 0.42557679876957294}