{"Wrestling": 42.395438612275385, "Shiny": 38.72076724800449, "Empire": 32.06409297360834, "Career": 25.71471102176899, "Rammers": 24.40779831601467, "Sobble": 22.328356774334836, "Wreckfest": 18.169473690975163, "Part": 17.678089571345776, "Gameplay": 16.649412097464232, "Sudowoodo": 16.27186554400978, "Mode": 16.058083547164387, "Alpha": 15.97119218245343, "Retro": 13.91827563161523, "Shield": 13.124197968933984, "Playthrough": 11.577799958966505, "Highlight": 10.3829875856769, "Pack": 9.626037260543058, "Pokemon": 9.395959398178295, "Car": 9.395959398178295, "DLC": 8.199766170397833, "Perfecting": 8.13593277200489, "Ninetales": 8.13593277200489, "Snorunt": 8.13593277200489, "Zigzagoon": 8.13593277200489, "Medievil": 8.13593277200489, "3000th": 8.13593277200489, "Daymare": 8.13593277200489, "PC": 7.83143949861932, "Unown": 7.442785591444945, "Spiritomb": 7.442785591444945, "Spaceland": 7.442785591444945, "BUMPER": 7.442785591444945, "WINGMAN": 7.037320483336781, "Lived": 6.749638410885, "1988": 6.749638410885, "Dex": 6.52649485957079, "Timed": 6.190022622949577, "Mountains": 6.190022622949577, "Downhill": 6.190022622949577, "BUGGY": 6.056491230325054, "Lonely": 5.833347679010845, "Ghostbusters": 5.833347679010845, "Sandbox": 5.65102612221689, "Workshop": 5.42788257090268, "9th": 5.363344049765109, "Letter": 5.245561014108726, "Duel": 4.768636942018416, "Walking": 4.701945567519744, "58": 4.609572247388729, "Tycoon": 4.552413833548781, "Access": 4.525014859360666, "Arceus": 4.285785170294832, "Royal": 4.285785170294832, "Arcade": 4.223909766576744, "Remastered": 4.025058907831579, "Double": 3.9770496886452187, "Hunting": 3.901826267407631, "Pok\u00e9mon": 3.779223945315299, "Short": 3.7414836173324515, "1": 3.716426256416336, "Early": 3.670024653350307, "May": 3.61414419495585, "Demo": 3.592637989734887, "CAR": 3.5820558804043494, "Little": 3.417433900709796, "Zombie": 3.3652481475392255, "Big": 3.02998729810431, "i": 2.862933213441144, "Man": 2.742305225652529, "Legends": 2.6721009669792806, "Video": 2.225136127964363, "Battle": 2.1394806833858695, "2022": 1.702992679265711, "3": 1.5288869535812266, "6": 1.5212071718011297, ":": 1.485339354482105, "2": 1.484545568489929, "Game": 1.3778382675771597, "4": 1.0601239080265037, "5": 0.9505457564244738, "The": 0.9403586802863836, "&": 0.8649242337238984, ",": 0.7058186334430898}