{"Redcliffe": 38.012006678329094, "2018": 33.53376888471805, "KiteFest": 30.409605342663273, "Fortnite": 29.36610680738165, "Japan": 29.178898918264704, "Bantams": 22.807204006997456, "Butts": 22.807204006997456, "Fluffy": 17.978890269695153, "Kyoto": 15.204802671331636, "Pekin": 13.818508310211746, "Kite": 12.432213949091855, "Event": 9.444162118236932, "Festival": 9.115757795884791, "fire": 8.933814239473337, "drone": 8.688609595288673, "Livestream": 8.273330865732184, "Ariana": 7.602401335665818, "Wacol": 7.602401335665818, "Cootie": 7.602401335665818, "rattling": 7.602401335665818, "Hyper-lapse": 7.602401335665818, "Stanthorpe": 7.602401335665818, "Girraween": 7.602401335665818, "Wallangarra": 7.602401335665818, "Ballandean": 7.602401335665818, "Kawaguchico": 7.602401335665818, "Chureito": 7.602401335665818, "Pagoda": 7.602401335665818, "Playground": 7.602401335665818, "40\u00ba+": 7.602401335665818, "Fushimi": 7.602401335665818, "Inari": 7.602401335665818, "Osaka": 7.602401335665818, "Onomichi": 7.602401335665818, "overlooking": 7.602401335665818, "Miyajima": 7.602401335665818, "Torii": 7.602401335665818, "DroneRunner": 7.602401335665818, "Shinkansen": 7.602401335665818, "auto-edit": 7.602401335665818, "Day": 6.972860029305902, "clutch": 6.909254155105873, "meetup": 6.909254155105873, "Ownboard": 6.909254155105873, "W2": 6.909254155105873, "Bushfire": 6.909254155105873, "slept": 6.909254155105873, "discontinued": 6.909254155105873, "hill": 6.909254155105873, "DJI": 6.765787260979423, "Drone": 6.6238837890348545, "replay": 6.503789046997708, "Bamboo": 6.503789046997708, "Aquatic": 6.503789046997708, "wing": 6.503789046997708, "Eva": 6.503789046997708, "Evangelion": 6.503789046997708, "literally": 6.216106974545927, "Lakes": 6.216106974545927, "stores": 6.216106974545927, "plays": 5.992963423231718, "Mt": 5.992963423231718, "Jellyfish": 5.992963423231718, "Saturday": 5.992963423231718, "streets": 5.992963423231718, "Disco": 5.992963423231718, "2019": 5.8405402170831975, "Evolve": 5.810641866437763, "also": 5.810641866437763, "District": 5.810641866437763, "Dec": 5.810641866437763, "Gate": 5.810641866437763, "Farewell": 5.810641866437763, "GTR": 5.656491186610505, "Pyramid": 5.656491186610505, "fixed": 5.656491186610505, "-": 5.569759206817318, "Grande": 5.522959793985982, "Parrot": 5.522959793985982, "Castle": 5.522959793985982, "Fireworks": 5.405176758329599, "livestream": 5.405176758329599, "auto": 5.299816242671772, "42": 5.2045060628674475, "Gel": 5.2045060628674475, "train": 5.2045060628674475, "Chapter": 5.117494685877818, "Blaster": 5.117494685877818, "started": 5.117494685877818, "second": 5.037451978204281, "front": 5.037451978204281, "stream": 4.963344006050559, "wheels": 4.963344006050559, "edit": 4.963344006050559, "Impossible": 4.894351134563609, "issue": 4.829812613426037, "station": 4.829812613426037, "August": 4.769187991609602, "Bullet": 4.712029577769654, "Escape": 4.511358882307502, "event": 4.4669071197366685, "Holiday": 4.383525510797617, "Mavic": 4.383525510797617, "Edit": 4.383525510797617, "Ride": 4.3443047976443365, "top": 4.3443047976443365, "Type": 4.306564469661489, "end": 4.2351055056793445, "Trip": 4.201203954003663, "Crash": 4.168414131180672, "Five": 4.136665432866092, "Train": 4.136665432866092, "Fish": 4.076040811049657, "take": 4.047053274176404, "Season": 3.991483423021594, "Dead": 3.8888292689615103, "Teaser": 3.841201219972256, "year": 3.7957388458954986, "1st": 3.75225373395576, "Last": 3.559350067831268, "old": 3.559350067831268, "500": 3.3397214586245028, "time": 3.2203747009919366, "Night": 3.2079521809933795, "Show": 3.1956820884015653, "was": 3.1715845368225044, "test": 3.1480540394123104, "Music": 3.125064521187612, "Play": 3.102591665335553, "Let": 3.091541829148968, "Testing": 3.0276903571624354, "one": 2.987280818824559, "on": 2.856366861235189, "video": 2.7983802909325615, "Tour": 2.7983802909325615, "Edition": 2.618794713957482, "2": 2.4811057341882803, "That": 2.387465578056833, "Live": 2.376654661952617, "NEW": 2.3191976069278297, "in": 2.009860332279929, "Air": 1.9256475333975365, "!": 1.8636725083022836, "8": 1.8309602125358024, "the": 1.7816884607506145, "2021": 1.755962560608094, "First": 1.7135233773329372, ",": 1.5515876860586983, "&": 1.5430542020392775, "Review": 1.4348848447774771, "of": 1.4276577522009106, "I": 1.4223846820132455, "at": 1.4079959445611459, "from": 1.3798250675944497, "(": 1.3108506870607999, ")": 1.2822105795113028, "1": 1.0628153800481488, "3": 0.943107415982181, "'s": 0.8179442730281747, "with": 0.8078147547893193, "The": 0.6392113497955807}