{"Clash": 90.07777653706202, "Royale": 70.68676799649225, "Busting": 27.484377211948157, "Myths": 22.491733061392523, "Work": 16.587794901762464, "That": 14.879645767110226, "TIK": 14.41118478548906, "SECRET": 13.621433600749253, "Decks": 11.877416389337343, "TOK": 10.605438855897349, "DECK": 10.3829875856769, "Tok": 10.280400996901799, "VIRAL": 9.915757883313889, "Tik": 9.607456523659373, "GLITCHES": 9.537273884036832, "100": 9.29644641331623, "%": 8.846707898361434, "in": 8.61722789164501, "HACKS": 8.529463522193998, "funny": 8.331281716905538, "Teslas\u26a1": 8.13593277200489, "builders\ud83e\udd23": 8.13593277200489, "actually": 8.116790656198342, "Testing": 8.017596773919598, "Openings": 7.442785591444945, "V1.0": 7.037320483336781, "downloaded": 7.037320483336781, "Mobile": 6.713618557786722, "PLAYER": 6.599301730106825, "Supercell": 6.344173302776835, "PRO": 6.072132688361384, "Myth": 5.9387081946686715, "Clones": 5.833347679010845, "COUNTRY": 5.833347679010845, "EMOTES": 5.833347679010845, "TOKS": 5.73803749920652, "RAMP": 5.65102612221689, "revealed": 5.65102612221689, "FEAR": 5.570983414543353, "ROYAL": 5.496875442389632, "Logic": 5.42788257090268, "MYTHS": 5.42788257090268, "LOADOUT": 5.363344049765109, "WORK": 5.3027194279486745, "that": 5.269349122920326, "BAN": 5.245561014108726, "UNSTOPPABLE": 5.19149379283845, "re": 5.140200498450899, "Hackers": 5.140200498450899, "DOWNLOAD": 5.091410334281467, "memes": 4.957878941656944, "100K": 4.91705694713669, "CRINGE": 4.91705694713669, "LUCKIEST": 4.91705694713669, "are": 4.8312419907949575, "ANY": 4.701945567519744, "Chest": 4.701945567519744, "RAREST": 4.580584710515477, "!": 4.570063618698572, "TOURNAMENT": 4.552413833548781, "iOS": 4.498346612278505, "hours": 4.422360705300583, "Strategy": 4.398263153721522, "2016": 4.351743138086629, "Beating": 4.3072913755157956, "Royal": 4.285785170294832, "Had": 4.223909766576744, "Deck": 4.223909766576744, "SEE": 4.165640858452769, "Android": 4.110581081269741, "BANNED": 4.058395328099171, "\ud83e\udd2f": 4.058395328099171, "LEAKED": 4.041588209782789, "PLAYERS": 4.008798386959799, "you": 4.000735761846303, "OLD": 3.9770496886452187, "need": 3.9770496886452187, "YEAR": 3.9312401526139245, "'ll": 3.9164250668287837, "COD": 3.8318676788007204, "BETTER": 3.805199431718559, "*": 3.6303289555086162, "THAT": 3.592637989734887, "his": 3.592637989734887, "Insane": 3.5509652933343183, "Hidden": 3.5509652933343183, "Apex": 3.520812255163631, "they": 3.4538015448806707, "2022": 3.405985358531422, "Ghost": 3.3401422264081493, "Using": 3.2531308494185196, "NOW": 3.245583643783137, "UP": 3.1942903493955863, "\ud83d\ude31": 3.0545284070204275, "all": 3.0545284070204275, "so": 2.9768774727903615, "1": 2.9731410051330687, "MOST": 2.9264466191634693, "...": 2.90437076306534, "10": 2.892667005651848, "Made": 2.862933213441144, "CHALLENGE": 2.862933213441144, "i": 2.862933213441144, "EVERY": 2.842627947280398, "If": 2.832627863945815, "#": 2.8177386035116214, "WORLD": 2.7468610421883897, "NEW": 2.723417771294552, "Got": 2.680611656647189, "Legends": 2.6721009669792806, "Moments": 2.655293848662899, "Secret": 2.6387645467116885, "INSANE": 2.6065036844934673, "When": 2.5868566871096705, "UPDATE": 2.548684113604641, "Top": 2.5449457914940337, "24": 2.490485874361653, "From": 2.476450556245269, "EVER": 2.4557601629878234, "20": 2.4123476700525095, "Me": 2.2116769745903584, "\u2019": 2.1905121633983153, "$": 2.0651950440024005, "(": 2.009057343382927, ")": 2.009057343382927, "VS": 1.941527380900218, "&": 1.7298484674477967, "7": 1.5949027728149872, "vs": 1.5415193122551119, ":": 1.485339354482105, "How": 1.441370713483795, "the": 1.421149769955478, "with": 1.3560108645326383, "on": 1.3526075714009305, "5": 0.9505457564244738, "The": 0.9403586802863836, "to": 0.8931348492111348}