{"GIFTING": 91.48516628337815, "Itemshop": 81.8706415058944, "Fortnite": 58.71312174585654, "\ud83d\udd34": 52.98136689896013, "Live": 52.93990091696408, "JOIN": 47.72447485153807, "SKIN": 42.369151032201586, "FREE": 41.577576079781664, "COME": 38.76562237964216, "vibin": 35.186602416683904, "OBI": 35.186602416683904, "EVENT": 33.73758837207134, "\ud83d\udd34GIFTING": 32.54373108801956, "fortnitexp": 32.54373108801956, "WAN": 30.950113114747886, "PULSE": 29.77114236577978, "COUNTDOWN": 28.6901874960326, "Season": 27.199630306453393, "COLLIDER": 25.37669321110734, "FORTNITE": 21.275753760587037, "FAST": 18.407927378756913, "LEVEL": 17.653812930083994, "ALI-A": 16.95307836665067, "HAPPENING": 16.28364771270804, "gifting": 16.27186554400978, "\ud83d\udd34LEVEL": 16.27186554400978, "BATTLEPASSES": 16.27186554400978, "CODES": 15.420601495352699, "pride": 14.88557118288989, "QUINN": 14.88557118288989, "HARLEY": 13.49927682177, "SPIDERMAN": 13.267082115901747, "fortnite": 12.794195283290996, "UP": 12.777161397582345, "XP": 12.075176723494739, "HOW": 11.534637375833043, ",": 11.293098135089437, "NEW": 10.893671085178209, "*": 10.890986866525848, "(": 10.447098185591221, ")": 10.447098185591221, "LIVE": 10.0188839607341, "3": 9.937765198277972, "IN": 9.639083602455992, "COLLISION": 9.607456523659373, "SOON": 9.27885042107682, "BIRTHDAY": 9.219144494777458, "MINI": 8.944742251750489, "ZERO": 8.894106635781908, "REWARDS": 8.571570340589664, "#": 8.453215810534864, "SEASON": 8.226915676957587, "215+": 8.13593277200489, "180+": 8.13593277200489, "43RD": 8.13593277200489, "\ud83d\udd34COLLIDER": 8.13593277200489, "Chapter": 7.634837374482101, "vibing": 7.442785591444945, "Chaper": 7.442785591444945, "\ud83d\udd34FORTNITE": 7.442785591444945, "140+": 7.442785591444945, "ITEMSHOP": 7.442785591444945, "TO": 7.112362021987163, "TONIGHT": 7.037320483336781, "NOW": 6.491167287566274, "HITTING": 6.344173302776835, "RESET": 6.344173302776835, "BALLER": 6.056491230325054, "STARTED": 6.056491230325054, "DASH": 6.056491230325054, "Event": 5.953754945580723, "Simulation": 5.9387081946686715, "TOMORROW": 5.833347679010845, "STAGE": 5.833347679010845, "BOOST": 5.65102612221689, "METHOD": 5.570983414543353, "CREW": 5.570983414543353, "LAUNCH": 5.496875442389632, "250": 5.42788257090268, "VADER": 5.3027194279486745, "BUNDLE": 5.140200498450899, "ADDED": 5.091410334281467, "TODAY": 5.044890318646575, "Spoiler": 5.000438556075741, "FNCS": 4.957878941656944, "100K": 4.91705694713669, "UNLOCKED": 4.701945567519744, "TEASER": 4.701945567519744, "ARENA": 4.63942521053841, "RANK": 4.422360705300583, "SKINS": 4.285785170294832, "OMG": 4.146948725440616, "GLITCH": 4.025058907831579, "200": 3.7170921642082924, "Glitch": 3.693281515514574, "EASY": 3.6033332788516343, "Mini": 3.561221793501508, "PACK": 3.5408129218703004, "Date": 3.5408129218703004, "Release": 3.356809278893361, "OUT": 3.1319864660594314, "Level": 3.0796869666565825, "In": 2.986891941275269, "TIME": 2.94297592111468, "shorts": 2.5155319062877406, "15": 2.4321502973486893, "Time": 2.3069871543946836, "Update": 2.0333741773913214, "``": 1.7991070408584495, "''": 1.776358903332513, "7": 1.5949027728149872, "2": 1.484545568489929, "THE": 1.205438006053264, "4": 1.0601239080265037, "&": 0.8649242337238984, "in": 0.662863683972693, "!": 0.5376545433763026}