{"Underwater": 40.46680345817286, "Pool": 29.257683217356117, "Swimming": 26.028524940825875, "Water": 12.468742494845047, "Rip": 11.944436030324235, "Diving": 10.436892425571475, "Elizabeth": 10.214441155351027, "Swim": 9.832330681825608, "Open": 8.088652743218965, "Torpedo": 8.051659556841953, "CUTX": 8.051659556841953, "Asiwo": 8.051659556841953, "NaTiddy": 8.051659556841953, "Underwaterness": 8.051659556841953, "Velowave": 8.051659556841953, "LEFEET": 8.051659556841953, "Deep": 7.9824330925910685, "Full": 7.472933777479277, "Baby": 7.415789192567194, "Manta": 7.358512376282008, "Green": 7.218016600703274, "scooter": 6.953047268173844, "Reinventing": 6.953047268173844, "Swims": 6.665365195722063, "TEXAS": 6.259900087613898, "Tire": 6.10574940778664, "Cleaner": 5.972218015162118, "Pad": 5.972218015162118, "Walls": 5.854434979505734, "Miraculous": 5.854434979505734, "Pools": 5.854434979505734, "Mermaids": 5.749074463847908, "Shoots": 5.653764284043583, "Teaches": 5.653764284043583, "Dive": 5.486710199380417, "Clear": 5.486710199380417, "Holding": 5.486710199380417, "Mass": 5.486710199380417, "Breath": 5.412602227226695, "Results": 5.412602227226695, "Ranger": 5.279070834602172, "Brave": 5.218446212785738, "Big": 5.184148085395589, "S1": 5.161287798945789, "Carry": 5.1072205776755135, "Heavy": 5.0559272832879625, "Rings": 4.960617103483638, "Board": 4.916165340912804, "Riding": 4.873605726494008, "Texas": 4.873605726494008, "Fat": 4.755822690837625, "How": 4.733306581469037, "Unexpected": 4.684363726855479, "Wave": 4.650462175179798, "POOL": 4.650462175179798, "Mysterious": 4.650462175179798, "Electric": 4.650462175179798, "this": 4.585515565929346, "Moving": 4.440741644197729, "VR": 4.414073397115568, "Bike": 4.414073397115568, "Bubble": 4.3880979107123075, "Famous": 4.313989938558585, "water": 4.267469922923692, "Castle": 4.223018160352859, "in": 4.149118657767523, "Thing": 4.119833924117628, "Many": 4.100415838260526, "live": 3.9085248304504208, "3D": 3.9085248304504208, "Ready": 3.862004814815528, "Fast": 3.788979679800638, "Sister": 3.7475944636377836, "Blue": 3.7209262165556227, "Met": 3.7078541349882697, "Long": 3.6949507301523616, "Could": 3.6822117043749323, "and": 3.6448260549631804, "Machine": 3.6328189490453555, "Young": 3.609008300351637, "Pro": 3.609008300351637, "Gun": 3.597312260588446, "Rock": 3.5857514381873696, "Games": 3.324271738129613, "Ball": 3.324271738129613, "Playing": 3.2809749323762887, "Amazing": 3.2233458195396523, "the": 3.2154679002964297, "Crazy": 3.207472470383362, "Just": 3.146384778403524, "Has": 3.034379720027029, "Party": 2.945714082941373, "a": 2.767086023737742, "At": 2.546328020909591, "for": 2.485240501597948, "Get": 2.464410898441704, "Most": 2.4312586911248038, "Live": 2.416869953672704, "Your": 2.2525669023814276, "We": 2.0552074682229327, "Best": 1.9580897867968179, "of": 1.7940883998565813, "What": 1.7381115105648584, "at": 1.6091193903737548, "New": 1.602770162695096, "You": 1.5178707189086098, "To": 1.424941807592929, "is": 1.384702764412747, "The": 1.220678334248673, "with": 1.1419062751971434, "to": 0.9657580924763426, "'s": 0.8239970581132987}