{"CS": 46.99710080194541, "Shenanigans": 45.20820897773512, "Counter-Strike": 44.409213119437844, "GO": 37.74600222271385, "Offensive": 36.718927098761085, "Global": 33.88067134200393, "CSGO": 27.83655126323046, "Funny": 24.971765456659192, "Moments": 23.897644637966092, "[": 20.328816330274165, "]": 20.328816330274165, "Krunker.io": 20.248915232655, "Case": 19.831515766627778, "Overwatch": 15.220797726874236, "Krunker": 14.074640966673561, "STRAT": 13.49927682177, "that": 10.538698245840653, "Streamers": 8.944742251750489, ":": 8.91203612689263, "Tasked": 8.13593277200489, "faked": 8.13593277200489, "sponsorship": 8.13593277200489, "DEAG": 8.13593277200489, "SPIT": 8.13593277200489, "SHOUTOUT": 8.13593277200489, "AIMBOTTING": 8.13593277200489, "Masking": 8.13593277200489, "RACISM": 8.13593277200489, "\ud83d\udc4c\ud83d\udc4c\ud83d\udc4cNICE": 8.13593277200489, "CKBOY": 8.13593277200489, "KRUNKER.IO": 7.442785591444945, "analysis": 7.442785591444945, "inch": 7.442785591444945, "SHOUTCAST": 7.442785591444945, "depth": 7.442785591444945, "\ud83d\ude40": 7.442785591444945, "GARY": 7.442785591444945, "RICEGUM": 7.442785591444945, "DEVS": 7.037320483336781, "VINCE": 7.037320483336781, "Jesus": 7.037320483336781, "gain": 7.037320483336781, "Karaoke": 7.037320483336781, "IDIOT": 7.037320483336781, "FANBOY": 7.037320483336781, "trickshot": 6.749638410885, "Dobby": 6.749638410885, "except": 6.749638410885, "bully": 6.749638410885, "JOBS": 6.749638410885, "MAYBE": 6.749638410885, "INSTEAD": 6.749638410885, "SMOKE": 6.52649485957079, "streamers": 6.344173302776835, "GAIN": 6.344173302776835, "SUNDAY": 6.344173302776835, "Helped": 6.190022622949577, "JUMPING": 6.190022622949577, "PROBLEMS": 6.190022622949577, "Roulette": 6.056491230325054, "WHILE": 6.056491230325054, "adding": 6.056491230325054, "not": 6.03587791917627, "Strat": 5.9387081946686715, "lot": 5.9387081946686715, "sound": 5.833347679010845, "land": 5.833347679010845, "TRIES": 5.833347679010845, "WORKS": 5.73803749920652, "paid": 5.65102612221689, "expect": 5.570983414543353, "joke": 5.570983414543353, "RANT": 5.570983414543353, "I": 5.5520750787113125, "REACT": 5.496875442389632, "be": 5.387030122966194, "HACKING": 5.363344049765109, "Trickshot": 5.3027194279486745, "same": 5.245561014108726, "SUBSCRIBERS": 5.245561014108726, "round": 5.19149379283845, "sent": 5.000438556075741, "give": 5.000438556075741, "STEVE": 5.000438556075741, "videos": 4.957878941656944, "KILLED": 4.877836233983408, "money": 4.877836233983408, "an": 4.844399932991043, "LITTLE": 4.8400959060005615, "easy": 4.8400959060005615, "THE": 4.821752024213056, "impossible": 4.803728261829686, "Vegas": 4.803728261829686, "MONTAGE": 4.609572247388729, "F": 4.525014859360666, "SHOULD": 4.498346612278505, "Sony": 4.447053317890954, "but": 4.4073751691137595, "2016": 4.351743138086629, "moments": 4.3072913755157956, "MONEY": 4.2041071392805645, "\ud83e\udd14": 4.184689053423463, "YouTubers": 4.165640858452769, "mod": 4.165640858452769, "funny": 4.165640858452769, "JUST": 4.165640858452769, "should": 4.0754897614584715, "people": 3.9927980456133576, "way": 3.946278029978465, "it": 3.9076957305765174, "YOUTUBE": 3.8874375299555313, "win": 3.8592666529888353, "CALL": 3.8454733308564992, "never": 3.81844465846858, "BEST": 3.799126363602372, "every": 3.7664849195378687, "Twitch": 3.7170921642082924, "after": 3.705115973161577, "to": 3.5725393968445394, "NEVER": 3.5408129218703004, "CAN": 3.5408129218703004, "Apex": 3.520812255163631, "Find": 3.4264025706925563, "Tutorial": 3.3652481475392255, "make": 3.3156512063998536, "-": 3.2227073862692954, "Kill": 3.2014588388741987, "will": 3.1319864660594314, "and": 3.105242589182521, "Did": 3.0860767647553535, "\ud83d\ude31": 3.0545284070204275, "Guide": 3.006034057081817, ".": 2.9584124956529974, "HOW": 2.8836593439582607, "Was": 2.837615405456854, "SUPER": 2.837615405456854, "your": 2.7109827545234877, "Legends": 2.6721009669792806, "Review": 2.6594692200733796, "ONE": 2.655293848662899, "AND": 2.4489574156650704, "ME": 2.32479177902819, "is": 2.287672689178005, "me": 2.2866079920580313, "Fortnite": 2.2581969902252514, "Me": 2.2116769745903584, "THIS": 2.079148758776266, "this": 1.941527380900218, "All": 1.9253326949802376, "What": 1.9213246735826988, "OF": 1.838823452070955, "n't": 1.8151644777543081, "*": 1.8151644777543081, "TO": 1.7780905054967908, "a": 1.7298484674477967, "To": 1.4550780932146754, "for": 1.4352016624570798, "on": 1.3526075714009305, "?": 1.0197000278650197, "...": 0.9681235876884466, "A": 0.7912137178552181, "'s": 0.7675930856935094, "the": 0.710574884977739, "The": 0.4701793401431918, "(": 0.4018114686765854, ")": 0.4018114686765854, "!": 0.2688272716881513}