{"Enamor\u00e1ndonos": 224.906084141886, "novios": 80.323601479245, "hicieron": 72.29124133132049, "y": 69.40441891345536, "se": 64.18959615757257, "as\u00ed": 56.3446487512613, "lucieron": 32.129440591698, "de": 26.024747667916838, "una": 25.76814317784679, "declar\u00f3": 24.0970804437735, "Gonzalo": 24.0970804437735, "Bebeshita": 24.0970804437735, "Damaris": 24.0970804437735, "|": 23.294141833804762, ".": 22.814685017444937, "la": 19.883167659776433, "m\u00e1s": 18.14341034583208, "pero": 17.858755818733993, "el": 17.662752387971178, "le": 17.373922775242256, "fue": 17.189325164791363, "mejores": 17.189325164791363, "amor": 16.90339462537839, "que": 16.844605269062164, "con": 16.480808497650024, "convirtieron": 16.064720295849, "Liv": 16.064720295849, "rom\u00e1nticas": 16.064720295849, "fueron": 16.064720295849, "Magaly": 16.064720295849, "\u00a1Duelo": 16.064720295849, "amorosas": 16.064720295849, "Morquecho": 16.064720295849, "quedara": 16.064720295849, "flechado": 16.064720295849, "todo": 15.972929840466872, "en": 15.285379286603074, "cita": 14.67842593472911, "pasos": 13.867495718512782, "pelea": 13.867495718512782, "Una": 13.795118830318064, "parejas": 13.29213157360922, "las": 12.483477411049828, "\u00a1Las": 12.172899997738375, "hizo": 12.172899997738375, "c\u00f3mo": 11.90583721248933, "los": 11.8140467571072, "Ana": 10.934821580925927, "sin": 10.934821580925927, "Parte": 9.88263538913237, "sus": 9.548527219806036, "su": 9.473046563840343, ",": 8.332152934744908, "apasionada": 8.0323601479245, "sorprendi\u00f3": 8.0323601479245, "Ang\u00e9lica": 8.0323601479245, "pedida": 8.0323601479245, "rom\u00e1ntica": 8.0323601479245, "Jael": 8.0323601479245, "bate\u00f3": 8.0323601479245, "flechada": 8.0323601479245, "seguida": 8.0323601479245, "Er\u00e9ndira": 8.0323601479245, "Taide": 8.0323601479245, "Osvaldo": 8.0323601479245, "vivieron": 8.0323601479245, "Agus": 8.0323601479245, "chico": 8.0323601479245, "Enamor\u00e1donos": 8.0323601479245, "Alfonso": 8.0323601479245, "Paulina": 8.0323601479245, "lluvia": 8.0323601479245, "Mauricio": 8.0323601479245, "juraron": 8.0323601479245, "Lidio": 8.0323601479245, "rogar": 8.0323601479245, "pedidas": 8.0323601479245, "Keylin": 8.0323601479245, "muchos": 8.0323601479245, "galanes": 8.0323601479245, "Emilio": 8.0323601479245, "estables": 8.0323601479245, "Mhoni": 8.0323601479245, "Vidente": 8.0323601479245, "predice": 8.0323601479245, "ruptura": 8.0323601479245, "acierta": 8.0323601479245, "inmediato": 8.0323601479245, "pesar": 8.0323601479245, "terminaron": 8.0323601479245, "Vanda": 8.0323601479245, "Luisfer": 8.0323601479245, "Marian": 8.0323601479245, "Alann": 8.0323601479245, "Shulo": 8.0323601479245, "Paulette": 8.0323601479245, "forma": 8.0323601479245, "movida": 8.0323601479245, "pelearon": 8.0323601479245, "\u00a1Sac\u00e1ndole": 8.0323601479245, "brillo": 8.0323601479245, "amorosos": 8.0323601479245, "rituales": 8.0323601479245, "Padme": 8.0323601479245, "ense\u00f1\u00f3": 8.0323601479245, "\u00a1Jugando": 8.0323601479245, "Gladiadores": 8.0323601479245, "dieron": 8.0323601479245, "Rorro": 8.0323601479245, "oportunidad": 8.0323601479245, "ganar\u00e1": 8.0323601479245, "\u00bfPopotitos": 8.0323601479245, "Lapicito": 8.0323601479245, "tuvieron": 8.0323601479245, "Enamor\u00e1ndoos": 8.0323601479245, "\u00a1Ana": 8.0323601479245, "pulieron": 8.0323601479245, "\u00a1Karen": 8.0323601479245, "perreo": 8.0323601479245, "estuvo": 8.0323601479245, "Serrat": 8.0323601479245, "despechada": 8.0323601479245, "s\u00faper": 7.339212967364555, "perfecta": 7.339212967364555, "cazar": 7.339212967364555, "Alina": 7.339212967364555, "rob\u00f3": 7.339212967364555, "coraz\u00f3n": 7.339212967364555, "Lupita": 7.339212967364555, "tuvo": 7.339212967364555, "odio": 7.339212967364555, "ser\u00eda": 7.339212967364555, "Duelo": 7.339212967364555, "Santi": 7.339212967364555, "piso": 7.339212967364555, "twerk": 7.339212967364555, "pasi\u00f3n": 7.339212967364555, "Santiago": 6.933747859256391, "dif\u00edcil": 6.933747859256391, "Roberto": 6.933747859256391, "ella": 6.933747859256391, "unos": 6.933747859256391, "Gaby": 6.933747859256391, "Estos": 6.933747859256391, "boda": 6.933747859256391, "Hula": 6.933747859256391, "Bajo": 6.64606578680461, "Brenda": 6.64606578680461, "Steph": 6.64606578680461, "Mora": 6.64606578680461, "minutos": 6.64606578680461, "Daniela": 6.64606578680461, "pista": 6.64606578680461, "segunda": 6.64606578680461, "queda": 6.64606578680461, "El": 6.473139204655519, "Paola": 6.4229222354904, "historia": 6.4229222354904, "incre\u00edble": 6.4229222354904, "pide": 6.4229222354904, "noche": 6.4229222354904, "Despu\u00e9s": 6.240600678696445, "Pepe": 6.240600678696445, "baile": 6.240600678696445, "a": 6.232265012523884, "entre": 6.086449998869187, "\u00bfQui\u00e9n": 6.086449998869187, "tienen": 6.086449998869187, "Alexa": 5.952918606244665, "Tiffany": 5.952918606244665, "mucho": 5.835135570588281, "muy": 5.5474534981365, "Jeff": 5.467410790462964, "mal": 5.08792116875806, "Del": 5.08792116875806, "d\u00eda": 5.08792116875806, "nos": 4.854306317576555, "son": 4.343480693810564, "un": 3.971917137378081, "al": 3.9052257628794087, "del": 3.755694028908445, "En": 3.7282950547203306, "``": 3.496451973707397, "''": 3.4448837393959675, "!": 3.226850066172346, "...": 1.45728430732488, "1": 1.2366543727509862, "?": 1.192664663145304, "2": 0.9900739759847571, "A": 0.8215416944522801}