{"sims": 82.47425293609886, "lifespan": 65.08746217603912, "legacy": 56.298563866694245, "Werewolves": 36.33894738195033, "Short": 29.931868938659612, "werewolves": 29.77114236577978, "Sims": 21.646351411172855, "sim": 17.21411249761956, "townie": 16.27186554400978, "pride": 14.88557118288989, "tbh": 14.88557118288989, "4": 14.841734712371052, "kit": 13.05298971914158, "coming": 12.671729299730233, "are": 12.078104976987394, "challenge": 12.075176723494739, "I": 11.89730374009567, "family": 10.85576514180536, "is": 10.294527101301023, "ever": 10.173001930924922, "best": 10.070427836680082, "about": 9.626037260543058, "different": 9.46947078068547, "but": 8.814750338227519, "the": 8.526898619732869, "occult": 8.13593277200489, "Moonwood": 8.13593277200489, "mill": 8.13593277200489, "scenario": 8.13593277200489, "violence": 8.13593277200489, "unforgivable": 8.13593277200489, "feral": 8.13593277200489, "yikes": 8.13593277200489, "winterfest": 8.13593277200489, "goth": 8.13593277200489, "makeover\u2026": 8.13593277200489, "kits": 8.13593277200489, "chic": 8.13593277200489, "pronouns": 8.13593277200489, "froze": 8.13593277200489, "strangerville": 8.13593277200489, "recreate": 8.13593277200489, "heartstopper": 8.13593277200489, "werewolf": 8.13593277200489, "heir": 8.13593277200489, "This": 7.579297827372672, "every": 7.532969839075737, "BFF": 7.442785591444945, "Lifespan": 7.442785591444945, "missed": 7.442785591444945, "shell": 7.442785591444945, "babies": 7.442785591444945, "supernatural": 7.442785591444945, "campers": 7.442785591444945, "collab": 7.442785591444945, "brands": 7.442785591444945, "toilets": 7.442785591444945, "had": 7.410231946323154, "why": 7.3171919150533675, "'m": 7.207774485321434, "flag": 7.037320483336781, "Moonlight": 7.037320483336781, "Customisable": 7.037320483336781, "furthest": 7.037320483336781, "wedding": 7.037320483336781, "feelings": 7.037320483336781, "ranking": 7.037320483336781, "youngest": 7.037320483336781, "debate": 7.037320483336781, "possessed": 7.037320483336781, "did": 6.8891697795514935, "leak": 6.749638410885, "franchise": 6.749638410885, "in": 6.62863683972693, "overview": 6.52649485957079, "chose": 6.52649485957079, "CAS": 6.190022622949577, "drama": 6.190022622949577, "definitely": 6.190022622949577, "officially": 6.190022622949577, "characters": 6.190022622949577, "announcement": 6.056491230325054, "confirmed": 6.056491230325054, "tier": 6.056491230325054, "failed": 6.056491230325054, "'ve": 6.023937585203263, "so": 5.953754945580723, "cause": 5.9387081946686715, "reacting": 5.9387081946686715, "create": 5.833347679010845, "already": 5.833347679010845, "this": 5.824582142700654, "double": 5.73803749920652, "month": 5.65102612221689, "school": 5.570983414543353, "new": 5.549281212590931, "gon": 5.496875442389632, "bit": 5.42788257090268, "today": 5.363344049765109, "do": 5.335745261739518, "that": 5.269349122920326, "almost": 5.245561014108726, "high": 5.19149379283845, "feel": 5.19149379283845, "save": 5.19149379283845, "items": 5.140200498450899, "two": 5.091410334281467, "Fishing": 5.000438556075741, "needs": 5.000438556075741, "sorry": 4.957878941656944, "videos": 4.957878941656944, "many": 4.957878941656944, "short": 4.957878941656944, "gone": 4.877836233983408, "own": 4.877836233983408, "...": 4.840617938442233, "room": 4.803728261829686, "Creating": 4.803728261829686, "little": 4.803728261829686, "might": 4.734735390342735, "broken": 4.609572247388729, "end": 4.472371125875244, "\ud83d\ude08": 4.351743138086629, "worst": 4.351743138086629, "really": 4.351743138086629, "think": 4.329270282234571, "a": 4.324621168619492, "old": 4.244112473894264, "Legacy": 4.223909766576744, "want": 4.223909766576744, "look": 4.2041071392805645, "these": 4.2041071392805645, "mod": 4.165640858452769, "and": 4.140323452243361, "world": 4.0754897614584715, "their": 4.0754897614584715, "use": 3.8454733308564992, "here": 3.8454733308564992, "!": 3.763581803634118, "only": 3.753906137331009, "am": 3.7414836173324515, "na": 3.7414836173324515, "know": 3.7292135247406373, "News": 3.693281515514574, "n't": 3.6303289555086162, "There": 3.5820558804043494, "to": 3.5725393968445394, "first": 3.3823425808985257, "up": 3.1942903493955863, "?": 3.059100083595059, "not": 3.017938959588135, "ARE": 3.0001343349546286, "like": 2.9597830394310614, "My": 2.920219100740085, "18": 2.9155769469265658, "made": 2.8784373999771087, "for": 2.8704033249141596, "have": 2.8680746129415624, "17": 2.7746406062954656, "16": 2.667872630869759, "s": 2.622504025839908, "And": 2.6104798328731067, "14": 2.541221392403051, "15": 2.4321502973486893, "13": 2.4221999664955214, "The": 2.350896700715959, "12": 2.2415299377400397, "11": 2.1931333968781894, "\u2019": 2.1905121633983153, "at": 2.013439962490504, "you": 2.0003678809231515, "my": 1.9313750094362, "All": 1.9253326949802376, "What": 1.9213246735826988, "Gameplay": 1.8499346774960257, "Is": 1.6902129526193121, ".": 1.4792062478264987, "10": 1.446333502825924, "How": 1.441370713483795, "-": 1.3811603084011266, "with": 1.3560108645326383, "|": 1.0892854941561347, "of": 0.7899225620915981, "'s": 0.7675930856935094}