{"Adriana": 186.7646818193281, "Ali": 113.6473263895684, "y": 56.53694397158083, "con": 49.76876716772116, "jugar": 31.120316285964734, "juguetes": 31.120316285964734, "juegan": 27.66884175101157, "fingen": 27.66884175101157, "de": 27.15900105114443, "en": 24.27932459319107, "jugando": 20.751631313258677, "juego": 20.751631313258677, "playa": 20.751631313258677, "la": 20.36914076764295, "quiere": 18.672189771578843, "ni\u00f1os": 17.565927173778547, "mam\u00e1": 13.834420875505785, "su": 13.056783240874065, "el": 13.014595166492983, "juguete": 12.448126514385894, "ayuda": 12.448126514385894, "nuevo": 11.328894938515049, "colores": 10.826266081953236, "un": 10.649743823299255, "casa": 10.424924691028934, "para": 8.956154415085699, "tem\u00e1tico": 7.610357618312838, "montar": 7.610357618312838, "el\u00e9ctricas": 7.610357618312838, "disfraces": 7.610357618312838, "m\u00e1gicos": 7.610357618312838, "elige": 7.610357618312838, "profesi\u00f3n": 7.610357618312838, "bloques": 7.610357618312838, "multicolor": 7.610357618312838, "nuevos": 7.610357618312838, "televisi\u00f3n": 7.610357618312838, "gusanos": 7.610357618312838, "globos": 7.610357618312838, "Pac-Man": 7.610357618312838, "atascado": 7.610357618312838, "barro": 7.610357618312838, "arena": 7.610357618312838, "\ud83c\udf7c\ud83c\udf7c": 7.610357618312838, "biber\u00f3n": 7.610357618312838, "\ud83d\udc76\ud83c\udffb": 7.610357618312838, "hermano": 7.610357618312838, "Nuevos": 7.610357618312838, "ni\u00f1era": 7.610357618312838, "reparando": 7.610357618312838, "casas": 7.610357618312838, "almuerzo": 7.610357618312838, "inflables": 7.610357618312838, "compraron": 7.610357618312838, "tobog\u00e1n": 7.610357618312838, "inflable": 7.610357618312838, "convirtieron": 7.610357618312838, "superh\u00e9roes": 7.610357618312838, "maquillaje": 7.610357618312838, "monta": 7.610357618312838, "Sportbike": 7.610357618312838, "buscando": 7.610357618312838, "hermana": 7.610357618312838, "una": 7.478313214809893, "las": 7.318227799462821, "oso": 6.9172104377528925, "coches": 6.9172104377528925, "peque\u00f1a": 6.9172104377528925, "quieren": 6.9172104377528925, "divertidos": 6.9172104377528925, "hamburguesa": 6.9172104377528925, "cocinan": 6.9172104377528925, "escondidas": 6.9172104377528925, "Cocinar": 6.9172104377528925, "coche": 6.9172104377528925, "enorme": 6.9172104377528925, "limpieza": 6.9172104377528925, "abre": 6.9172104377528925, "perdida": 6.9172104377528925, "jard\u00edn": 6.511745329644728, "Juegan": 6.511745329644728, "amigos": 6.511745329644728, "slime": 6.511745329644728, "leche": 6.511745329644728, "Cocina": 6.511745329644728, "helado": 6.511745329644728, "comer": 6.511745329644728, "pap\u00e1": 6.511745329644728, "dormir": 6.224063257192947, "Parque": 6.000919705878737, "ruedas": 6.000919705878737, "comida": 6.000919705878737, "tiene": 6.000919705878737, "Sorpresa": 6.000919705878737, "Historias": 5.8185981490847825, "est\u00e1n": 5.8185981490847825, "auto": 5.664447469257524, "Juega": 5.664447469257524, "Ruedas": 5.664447469257524, "Juguetes": 5.530916076633002, "Lunch": 5.307772525318792, "Masha": 5.212462345514467, "infantiles": 5.212462345514467, "Beb\u00e9": 5.045408260851301, "rhymes": 5.045408260851301, "est\u00e1": 4.7199858604166725, "a": 4.697725705899305, "hacer": 4.614625344758847, "Canci\u00f3n": 4.565835180589414, "sobre": 4.278153108137634, "Shop": 4.055009556823424, "es": 3.999439705668613, "song": 3.6983346128846915, "Los": 3.621373571748563, "Dinosaur": 3.6030244330803667, "los": 3.4514745349531655, "se": 3.376251113715578, "Cream": 3.347677741271522, "del": 3.333691499296782, "El": 3.2536487916232457, "La": 3.0670628360428336, "Ice": 3.0564807267122966, "Nursery": 2.937528783850931, ".": 1.141107301517065, ",": 0.9911763398927486, "!": 0.6566734074423006, "-": 0.5128087676980448}