{"\u0432": 37.15739628095177, "\u041c\u0415\u041d\u042f": 20.001754224302964, "\u0412": 19.963990228066788, "\u042f": 16.976449895577055, "Playtime": 14.604985071979524, "Poppy": 14.497454045874708, "\u0410\u0414": 14.074640966673561, "Chapter": 12.724728957470168, "\u041c\u0410\u041c\u041e\u0427\u041a\u0410": 12.68834660555367, "\u0417\u0410\u041a\u0423\u041b\u0418\u0421\u042c\u0415": 12.112982460650109, "\u0422\u042b": 11.30205224443378, "\u041d\u0415": 8.944742251750489, "\u0421": 8.658540564469142, "Backrooms": 8.18576300834068, "\u0421\u041b\u042b\u0428\u0415\u0422": 8.13593277200489, "\u041d\u0410\u0427\u041d\u0401\u0428\u042c": 8.13593277200489, "\u0411\u041e\u042f\u0422\u042c\u0421\u042f": 8.13593277200489, "\u0413\u041b\u0423\u0411\u0418\u041d\u042b": 8.13593277200489, "\u041f\u041e\u0421\u0422\u0410\u041f\u041e\u041a\u0410\u041b\u0418\u041f\u0422\u0418\u0427\u0415\u0421\u041a\u0418\u0419": 8.13593277200489, "\u0420\u042b\u0416\u0418\u0419": 8.13593277200489, "\u041f\u0420\u0418\u041d\u0401\u0421": 8.13593277200489, "\u041d\u0430\u0448\u0451\u043b": 8.13593277200489, "\u041a\u0430\u0441\u0441\u0435\u0442\u044b": 8.13593277200489, "\u0417\u0430\u043f\u0438\u0441\u043a\u0438": 8.13593277200489, "\u0421\u043e\u0437\u0434\u0430\u043b": 8.13593277200489, "\u0420\u0410\u0419\u0421\u041a\u0423\u042e": 8.13593277200489, "\u041f\u041b\u0410\u041d\u0415\u0422\u0423": 8.13593277200489, "\u043f\u0440\u0435\u0432\u0440\u0430\u0442\u0438\u043b": 8.13593277200489, "\u041d\u0410\u0425\u041e\u0414\u0418\u041b": 8.13593277200489, "\u041a\u041e\u041d\u0426\u041e\u0412\u041a\u0423": 8.13593277200489, "Delux": 8.13593277200489, "\u0418\u0421\u041f\u041e\u0420\u0422\u0418\u041b": 8.13593277200489, "\u0414\u0415\u0422\u0421\u0422\u0412\u041e": 8.13593277200489, "\u0424\u0430\u043a\u0442\u043e\u0432": 8.13593277200489, "\u0412\u0415\u0414\u0420\u0415": 8.13593277200489, "\u041a\u043e\u0442\u043e\u0440\u044b\u0445": 8.13593277200489, "\u0417\u043d\u0430\u043b": 8.13593277200489, "\u041e\u0411\u0421\u041b\u0423\u0416\u0418\u041b": 8.13593277200489, "\u0411\u0410\u0411\u041a\u0423": 8.13593277200489, "\u0423\u041b\u042c\u0422\u0420\u0410": 8.13593277200489, "\u041a\u041e\u041d\u0422\u0415\u041d\u0422": 8.13593277200489, "\u0423\u041b\u042b\u0411\u041a\u041e\u0419": 8.13593277200489, "\u0422\u041e\u041b\u041f\u0410": 8.13593277200489, "\u041e\u041a\u0420\u0423\u0416\u0418\u041b\u0410": 8.13593277200489, "\u041f\u0420\u0418\u0428\u041b\u0410": 8.13593277200489, "\u0421\u0422\u0420\u0410\u0428\u041d\u042b\u0425": 8.13593277200489, "\u0425\u041e\u0420\u0420\u041e\u0420\u0410": 8.13593277200489, "\u041f\u0420\u041e\u041a\u041b\u042f\u0422\u0410\u042f": 8.13593277200489, "\u0420\u0410\u0414\u0418\u041e\u0421\u0422\u0410\u041d\u0426\u0418\u042f": 8.13593277200489, "\u0421\u0412\u0415\u041b\u0410": 8.13593277200489, "\u0420\u0410\u0421\u041a\u0420\u042b\u041b": 8.13593277200489, "\u041f\u0423\u0413\u0410\u041b\u0421\u042f": 8.13593277200489, "\u0421\u041a\u0420\u0418\u041c\u0415\u0420\u0410": 8.13593277200489, "\u0417\u0410\u0422\u0410\u0429\u0418\u041b\u0410": 8.13593277200489, "\u041f\u0420\u0418\u0417\u0420\u0410\u041a\u0410": 8.13593277200489, "\u041a\u0420\u041e\u0412\u041e\u0416\u0410\u0414\u041d\u0410\u042f": 8.13593277200489, "\u0428\u041a\u041e\u041b\u042c\u041d\u0418\u0426\u0410": 8.13593277200489, "\u0423\u0411\u0418\u0422\u042c": 8.13593277200489, "\u0418\u0417\u0412\u0420\u0410\u0429\u0415\u041d\u0415\u0426": 8.13593277200489, "\u041a\u0410\u041d\u0410\u041b\u0423": 8.13593277200489, "\u0413\u0420\u0410\u0411\u0418\u0422\u0415\u041b\u042c": 7.442785591444945, "\u041b\u042e\u0411\u041e\u0412\u042c": 7.442785591444945, "\u0435\u0451": 7.442785591444945, "\u041c\u0410\u0413\u0410\u0417\u0418\u041d\u0415": 7.442785591444945, "\u0423\u041c\u0420\u0418": 7.442785591444945, "\u0423\u0411\u0418\u0419\u0426\u042b": 7.442785591444945, "\u0416\u0415\u041d\u0429\u0418\u041d\u0410": 7.442785591444945, "\u041a\u041e\u041d\u041a\u0423\u0420\u0421": 7.442785591444945, "\u041a\u0410\u041c\u0415\u0420\u0423": 7.442785591444945, "\u0410\u041f\u041e\u041a\u0410\u041b\u0418\u041f\u0421\u0418\u0421\u0415": 7.442785591444945, "\u0421\u041b\u0415\u0414\u0418\u0422": 7.442785591444945, "\u0417\u0410\u0421\u0422\u0420\u042f\u041b": 7.442785591444945, "\u041f\u041e\u0418\u0413\u0420\u0410\u0422\u042c": 7.037320483336781, "\u0417\u0410\u0421\u041d\u042f\u041b": 7.037320483336781, "WorldBox": 6.749638410885, "SONIC.EYX": 6.749638410885, "\u0422\u044b": 6.749638410885, "\u041f\u043b\u0435\u0439\u0442\u0430\u0439\u043c": 6.749638410885, "\u0421\u0422\u0420\u0410\u0428\u041d\u0410\u042f": 6.749638410885, "\u0423\u041c\u0410": 6.749638410885, "\u041f\u041e\u0414\u0412\u0410\u041b": 6.749638410885, "\u041f\u041e\u041f\u0410\u041b": 6.749638410885, "\u0412\u042b\u0416\u0418\u0412\u0410\u042e": 6.749638410885, "\u0422\u0415\u041f\u0415\u0420\u042c": 6.52649485957079, "\u0421\u0435\u043a\u0440\u0435\u0442\u044b": 6.52649485957079, "\u0421\u041e\u0421\u0415\u0414\u0410": 6.52649485957079, "\u041c\u0410\u0419\u041d\u041a\u0420\u0410\u0424\u0422\u0415": 6.52649485957079, "\u0425\u041e\u0427\u0415\u0422": 6.52649485957079, "\u041c\u041d\u041e\u0419": 6.52649485957079, "\u043e": 6.344173302776835, "\u0411\u041e\u041b\u042c\u0428\u0415": 6.344173302776835, "\u0418\u0413\u0420\u0410\u042e": 6.344173302776835, "\u041f\u043e\u043f\u043f\u0438": 6.344173302776835, "\u0421\u0415\u041a\u0420\u0415\u0422\u042b": 6.344173302776835, "\u0422\u0415\u0411\u042f": 6.190022622949577, "GTAV": 6.190022622949577, "\u041d\u0435": 6.190022622949577, "\u041d\u0418\u041a\u041e\u0413\u0414\u0410": 6.056491230325054, "\u0412\u0410\u0413\u0413\u0418": 5.9387081946686715, "\u041b\u0415\u0422": 5.9387081946686715, "\u041d\u0423\u0411": 5.833347679010845, "\u0410": 5.833347679010845, "\u0422\u0410\u041a": 5.833347679010845, "\u041a\u041e\u041d\u0415\u0426": 5.73803749920652, "\u0421\u0410\u041c\u0410\u042f": 5.73803749920652, "\u042d\u0422\u0423": 5.65102612221689, "\u0425\u0410\u0413\u0413\u0418": 5.65102612221689, "\u0421\u0418\u041c\u0423\u041b\u042f\u0422\u041e\u0420": 5.65102612221689, "\u041c\u041d\u0415": 5.496875442389632, "\u0424\u0418\u041d\u0410\u041b": 5.496875442389632, "\u0418\u0413\u0420\u0410": 5.363344049765109, "\u041f\u0420\u041e": 5.363344049765109, "Parable": 5.245561014108726, "Stanley": 5.140200498450899, "\u0412\u0421\u0415": 5.044890318646575, "1998": 4.957878941656944, "\u041d\u041e\u0412\u042b\u0419": 4.957878941656944, "\u0417\u041e\u041c\u0411\u0418": 4.957878941656944, "Neighbor": 4.877836233983408, "\u041e\u0422": 4.877836233983408, "\u0417\u0410": 4.422360705300583, "ARK": 4.398263153721522, "\u0438": 4.329270282234571, "Hello": 4.244112473894264, "\u041d\u0410": 4.244112473894264, "BACKROOMS": 4.165640858452769, "RP": 3.7292135247406373, "Ultra": 3.670024653350307, "Beta": 3.435452406212474, "Survival": 2.9711467980813766, "2": 2.969091136979858, "/": 2.8578181127743734, ",": 2.1174559003292694, "[": 1.848074211843106, "]": 1.848074211843106, "+": 1.7885435623488801, "8": 1.7524261371208847, "10": 1.446333502825924, "-": 1.3811603084011266, "3": 0.7644434767906133, "?": 0.5098500139325098, "The": 0.4701793401431918, "!": 0.2688272716881513}