{"DreamonDinsdag": 46.847499773558454, "werkt": 28.459077793465852, "het": 24.060921776862084, "uitproberen": 20.127913020774894, "bepalen": 20.127913020774894, "hoe": 18.048471479095063, "van": 17.01027426974798, "testen": 16.83207615477057, "Lush": 16.515994607797087, "en": 15.62345965109768, "dreamon": 15.615833257852817, "unboxen": 15.615833257852817, "slijm": 15.615833257852817, "Zeemeermin": 15.615833257852817, "Slijm": 14.229538896732926, "zo": 12.843244535613035, "wat": 12.396957432984616, "Wat": 11.456950174493144, "mijn": 10.070655813373255, "TikTok": 8.891188627403452, "voor": 8.88124159787987, "Barbie": 8.747858848882524, "met": 8.14049402128608, "oudste": 7.807916628926408, "zingt": 7.807916628926408, "Vieren": 7.807916628926408, "bubblebars": 7.807916628926408, "citroen": 7.807916628926408, "NEE": 7.807916628926408, "moederdag": 7.807916628926408, "Goedkope": 7.807916628926408, "Hexaflexagon": 7.807916628926408, "uitleg": 7.807916628926408, "geplaatst": 7.807916628926408, "Megagrote": 7.807916628926408, "Bruisbal": 7.807916628926408, "confettie": 7.807916628926408, "huisdiertje": 7.807916628926408, "Sharpies": 7.807916628926408, "slijmpakketten": 7.807916628926408, "Creatie": 7.807916628926408, "Slijmspinnen": 7.807916628926408, "Coronamaatregelen": 7.807916628926408, "Verrassingstas": 7.807916628926408, "mostcutest.nl": 7.807916628926408, "verveling": 7.807916628926408, "ZeemeerDinnen": 7.807916628926408, "Reacties": 7.807916628926408, "Dreamondins": 7.807916628926408, "zaterdag": 7.807916628926408, "Geblinddoekt": 7.807916628926408, "\ud83c\udf38\ud83c\udf3c": 7.807916628926408, "volgers": 7.807916628926408, "Mostcutest.nl": 7.807916628926408, "Reveal": 7.601166887387875, "dochter": 7.114769448366463, "Wibra": 7.114769448366463, "DOH": 7.114769448366463, "vouwen": 7.114769448366463, "rustige": 7.114769448366463, "lang": 7.114769448366463, "kleuren": 7.114769448366463, "Elmers": 7.114769448366463, "Efteling": 7.114769448366463, "tegen": 7.114769448366463, "TikTokkers": 7.114769448366463, "Jenga": 7.114769448366463, "jou": 6.709304340258298, "Tina": 6.709304340258298, "fidgets": 6.709304340258298, "leuk": 6.709304340258298, "hebben": 6.709304340258298, "Poopsie": 6.709304340258298, "200K": 6.709304340258298, "proeven": 6.709304340258298, "Shoplog": 6.421622267806518, "geen": 6.421622267806518, "\ud83d\ude04": 6.421622267806518, "keer": 6.421622267806518, "Color": 6.251570803604378, "nu": 6.198478716492308, "Waarom": 6.198478716492308, "ons": 6.198478716492308, "Popin": 6.198478716492308, "Nieuwe": 6.016157159698354, "eerste": 6.016157159698354, "fidget": 5.862006479871095, "Cookin": 5.862006479871095, "Halloween": 5.790523486380713, "?": 5.74709951030228, "zijn": 5.728475087246572, "aan": 5.728475087246572, "Chelsea": 5.728475087246572, "Bat": 5.728475087246572, "Smash": 5.728475087246572, "|": 5.630080653370313, "LUSH": 5.610692051590189, "tie": 5.610692051590189, "Mijn": 5.5053315359323625, "\ud83c\udf4b": 5.410021356128038, "Unboxing": 5.367905299046299, "er": 5.242967271464872, "Bomb": 5.242967271464872, "maken": 5.1688592993111495, "demo": 5.1688592993111495, "dye": 5.1688592993111495, "2020": 5.08011693972616, "Shein": 5.035327906686628, "toys": 5.035327906686628, "Diy": 4.917544871030244, "Challenge": 4.902660708508792, "\ud83d\ude48": 4.863477649759968, "Awards": 4.812184355372417, "op": 4.812184355372417, "Dye": 4.763394191202986, "is": 4.691249184788017, ":": 4.684126671579314, "een": 4.672422412997259, "Tie": 4.629862798578463, "de": 4.556975082829971, "Action": 4.512079762922079, "Bath": 4.311409067459929, "SLIME": 4.281556104310247, "En": 4.252568567436995, "s": 4.066730166764001, "challenge": 4.046716513232846, "unboxing": 3.837624715374287, "Snacks": 3.6970427647530975, "2021": 3.6784181378820855, "Instagram": 3.4771832886400773, "Rainbow": 3.2540397373258676, "\u2019": 3.210762223476972, "High": 3.192796112085149, "\u201c": 3.1444775348143414, "\u201d": 3.054326437820044, "we": 3.0372320044607437, "YouTube": 3.028793135814879, "video": 2.873442695795717, "Art": 2.70805020110221, "(": 2.320586097032716, "We": 2.3107484036332067, ")": 2.2578113567599707, "Tips": 2.127744019909341, "DIY": 1.6383058964349526, "...": 1.5483351648614856, "3": 1.0556462527846664, "!": 1.033660750219163, "of": 0.9203640572617908, "in": 0.7397446285383668, ",": 0.44083956904539634}