{"Familia": 316.2048493937805, "Diamond": 303.48566696887053, "Txunamy": 80.73134264101012, "*": 43.069864670070416, "|": 40.16231350655993, "MANSION": 31.558628554108317, "Our": 22.890801795910328, "Shocking": 19.95135084080431, "MISSING": 18.721802036089336, "!": 16.537606589133272, "TXUNAMY": 16.064720295849, "Solage": 16.064720295849, "To": 14.884483023597081, "ft": 14.174895112769443, "WINS": 14.100466913247889, "SHOCKING": 13.99519295381408, "STRICT": 13.867495718512782, "SEEK": 13.795118830318064, "Idea": 13.60755775937406, "HIDE": 13.34652362840517, "MOM": 12.956364243660579, "At": 12.906608471793998, "COMES": 12.8458444709808, "WE": 12.758606122912546, "Bullied": 12.48120135739289, "EXTREME": 11.915751412134242, "ADOPTED": 11.90583721248933, "Instantly": 11.670271141176562, "KIDS": 11.267082086725335, "Walmart": 11.094906996273, "FINISH": 10.934821580925927, "Prize": 10.934821580925927, "SCHOOL": 10.734038555012978, "Gets": 10.631171334577083, "Hours": 10.404035869369993, "SPICY": 10.39829360773657, "PRIZE": 10.39829360773657, "Room": 10.372947508263353, "New": 9.933799200155242, "EXPOSED": 9.793731863990702, "This": 9.671429328791302, "Bad": 9.588234722919067, "And": 9.491511728659518, "TRUE": 9.400311275498593, "TO": 9.366323797162837, "HOUSE": 9.359115786565345, "Her": 9.208546552993779, "School": 9.187640545045499, "DAD": 9.133248490249548, "MYSTERY": 8.954024172870174, "DOG": 8.954024172870174, "24": 8.849108870288553, "EATING": 8.842884470560552, "Daughter": 8.842884470560552, "SON": 8.789547976396229, "LOST": 8.686961387621128, "REACTING": 8.686961387621128, "13": 8.619914546129914, "\ud83d\udc94": 8.542320064461876, "FOUND": 8.542320064461876, "Viral": 8.496341028012479, "Year": 8.46862198524924, "(": 8.192794583762542, "Parents": 8.05005392538406, "pt.7": 8.0323601479245, "OWNS": 8.0323601479245, "w/Walmart": 8.0323601479245, "UNDERNEATH": 8.0323601479245, "ENERGETIC": 8.0323601479245, "1OTH": 8.0323601479245, "Suri": 8.0323601479245, "CONTAGIOUS": 8.0323601479245, "Pre-Teen": 8.0323601479245, ")": 8.02850096616892, "Believe": 8.014016914378702, "Very": 8.014016914378702, "We": 7.977956912009451, "Kid": 7.943834274756162, "Finally": 7.909645408037562, "Caught": 7.8760311714048, "In": 7.862278467734828, "Mystery": 7.842972567502378, "Without": 7.810451525758817, "DREAM": 7.778450843065936, "LAST": 7.53936054176637, "AND": 7.508793181239231, "CHRISTMAS": 7.42974406877638, "A": 7.393875250070521, "OVERCOMING": 7.339212967364555, "CHARGE": 7.339212967364555, "Permission": 7.339212967364555, "PERMISSION": 7.339212967364555, "GIRL": 7.251281801320494, "\ud83d\ude33": 7.0430012828153, "SECRET": 7.0430012828153, "With": 7.007857235857222, "SPOILED": 6.933747859256391, "Tiktoks": 6.933747859256391, "Interviewed": 6.933747859256391, "ADULTS": 6.933747859256391, "CHOPS": 6.933747859256391, "WITH": 6.877701707235799, "My": 6.852527036895947, "IN": 6.846367414695672, "Ca": 6.8147746692804585, "FOOD": 6.775938497566256, "WORLD": 6.6637595642641685, "THINKS": 6.64606578680461, "MARKER": 6.64606578680461, "PLANNED": 6.64606578680461, "Wanting": 6.64606578680461, "MYSTERIOUS": 6.64606578680461, "RASH": 6.64606578680461, "RATE": 6.4229222354904, "TIKTOKER": 6.4229222354904, "\u2702\ufe0f": 6.4229222354904, "Swapping": 6.4229222354904, "Diets": 6.4229222354904, "Old": 6.3296513949378355, "N'T": 6.3143256494466975, "NEW": 6.260818617953776, "FEARS": 6.240600678696445, "Plate": 6.240600678696445, "CHIPS": 6.240600678696445, "HOME": 6.239410524376897, "2021": 6.122686802449555, "PROM": 6.086449998869187, "1-10": 6.086449998869187, "OUR": 5.990815091021743, "OUTSIDE": 5.952918606244665, "SURVIVING": 5.952918606244665, "PRESENTS": 5.952918606244665, "'s": 5.877834592153064, "Kids": 5.864987440200604, "SNEAKING": 5.835135570588281, "STATION": 5.835135570588281, "REVENGE": 5.835135570588281, "Regrets": 5.729775054930455, "WATERPARK": 5.729775054930455, "FAMILIA": 5.729775054930455, "DIAMOND": 5.729775054930455, "HORRIBLE": 5.729775054930455, "Reactions": 5.63446487512613, "Pretends": 5.63446487512613, "UNEXPECTED": 5.63446487512613, "GAS": 5.63446487512613, "\ud83e\udd2e": 5.63446487512613, "REVEALING": 5.63446487512613, "VISIT": 5.63446487512613, "By": 5.560173439755741, "For": 5.550825723623606, "KNOWS": 5.5474534981365, "HAPPEN": 5.5474534981365, "MEAN": 5.5474534981365, "Be": 5.518721178721507, "CHALLENGE": 5.508490977387966, "Dumb": 5.467410790462964, "\ud83e\udd2b": 5.467410790462964, "FOREVER": 5.467410790462964, "NO": 5.399282709318262, "TIKTOKS": 5.393302818309242, "MOVE": 5.32430994682229, "Speaking": 5.259771425684719, "POPULAR": 5.259771425684719, "Regret": 5.259771425684719, "BEING": 5.259771425684719, "SICK": 5.259771425684719, "MOVED": 5.259771425684719, "QUIT": 5.199146803868285, "PUPPY": 5.199146803868285, "Out": 5.145549267560683, "wins": 5.141988390028335, "Fit": 5.141988390028335, "HOSPITAL": 5.141988390028335, "REACT": 5.08792116875806, "Backyard": 5.0366278743705095, "Answers": 5.0366278743705095, "Spanish": 5.0366278743705095, "Cry": 4.987837710201077, "LARGEST": 4.987837710201077, "BEDROOM": 4.987837710201077, "LEAVE": 4.941317694566185, "DAUGHTER": 4.941317694566185, "GIFTS": 4.941317694566185, "THIS": 4.920412231493471, "ALONE": 4.896865931995351, "COULD": 4.896865931995351, "Challenge": 4.860482654089599, "STORE": 4.8134843230563, "GOODBYE": 4.8134843230563, "Indoor": 4.774263609903018, "Wants": 4.774263609903018, "TAKE": 4.736523281920172, "SAY": 4.736523281920172, "Beast": 4.700155637749297, "FOR": 4.643866261099261, "IDEA": 4.631162766262345, "BROTHER": 4.5983729434393545, "Child": 4.5983729434393545, "Intro": 4.5983729434393545, "VIDEOS": 4.566624245124774, "Turn": 4.566624245124774, "EMOTIONAL": 4.566624245124774, "Makeover": 4.53585258645802, "MORNING": 4.53585258645802, "BOUGHT": 4.53585258645802, "Mr": 4.505999623308339, "Saying": 4.505999623308339, "First": 4.484799954054494, "'S": 4.478693079080713, "Boys": 4.477012086435087, "HELP": 4.44884120946839, "OUTFITS": 4.421442235280276, "BETTER": 4.421442235280276, "HIM": 4.421442235280276, "STOP": 4.368798501794854, "PREGNANT": 4.368798501794854, "GONE": 4.343480693810564, "HAD": 4.271160032230938, "SURPRISING": 4.248170514006239, "'RE": 4.248170514006239, "Emotional": 4.22569765815418, "Finding": 4.22569765815418, "YOUTUBE": 4.203718751435406, "VERY": 4.1822125462144415, "Gone": 4.140539849813874, "Surprising": 4.100534515200175, "CA": 4.100534515200175, "OFFICIAL": 4.100534515200175, "I": 4.091804860863454, "MY": 4.081791201633036, "Or": 4.081116429343073, "BAD": 4.043376101360226, "Reacts": 4.02502696269203, "Doing": 4.007008457189351, "Happened": 3.98930888008995, "Chris": 3.971917137378081, "AS": 3.971917137378081, "Boyfriend": 3.954822704018781, "It": 3.9511522693917516, "Went": 3.921486283751189, "Goes": 3.889225421532968, "Sister": 3.889225421532968, "Still": 3.889225421532968, "n't": 3.8775807557587294, "ONLY": 3.8734770645648284, "TIKTOK": 3.857972878028863, "HIS": 3.8427054058980747, "WHO": 3.827667528533534, "Wrong": 3.812852442748394, "OLD": 3.798253643327241, "WRONG": 3.798253643327241, "REACTION": 3.7838649058751415, "AGAIN": 3.769680270883185, "GO": 3.755694028908445, "old": 3.7282950547203306, "ROUTINE": 3.7282950547203306, "Their": 3.71487203438819, "SHE": 3.7016268076381693, "Being": 3.625640900660247, "HOURS": 3.625640900660247, "OFF": 3.625640900660247, "DID": 3.6135195401279026, "YEAR": 3.589708891434184, "HER": 3.589708891434184, "Found": 3.589708891434184, "FAMILY": 3.555023333446294, "CRAZY": 3.52150064140765, "Compilation": 3.4997606547712445, "Dad": 3.4372402977899106, "Eating": 3.427189961936409, "Only": 3.427189961936409, "Hair": 3.3976311596948645, "US": 3.387969248783128, "Crazy": 3.378399797766977, "made": 3.378399797766977, "MOST": 3.359531313462594, "TikTok": 3.341012265695357, "Us": 3.3318797821320842, "HUGE": 3.253236654812971, "Into": 3.2448684051424546, "BABY": 3.2283391031912436, "BIRTHDAY": 3.188173061465909, "THE": 3.1574702980636173,