{"Johnson": 38.537320751526536, "Engine": 28.580365147217915, "Outboard": 28.459077793465852, ".": 22.516160629531996, "1952": 21.34430834509939, "1988": 15.615833257852817, "GMC": 15.615833257852817, "C7000": 15.615833257852817, "Metals": 15.615833257852817, "Restoration": 13.536239288766238, "Could": 12.59099614884655, "Dump": 12.396957432984616, "Farmer": 12.396957432984616, "Molten": 12.032314319396708, "Part": 11.615598477178768, "Evolution": 11.221384103180378, "Stroke": 11.010663071864725, "Antique": 10.485934542929744, "Mixing": 9.178081608116415, "Fixing": 8.88124159787987, "Truck": 8.88124159787987, "Surprising": 8.684361452253365, "Wrong": 8.288709965593524, "Saw": 8.047453990016294, "Felling": 7.807916628926408, "JLG": 7.807916628926408, "80HX": 7.807916628926408, "Rage5-s.": 7.807916628926408, "Cison": 7.807916628926408, "www.Stirlingkit.com": 7.807916628926408, "Groove": 7.807916628926408, "Persimmon": 7.807916628926408, "FarmCraft101": 7.807916628926408, "Engines": 7.807916628926408, "Strokes": 7.807916628926408, "Cylinders": 7.807916628926408, "20-inch": 7.807916628926408, "Threading": 7.807916628926408, "Nonsense": 7.807916628926408, "Buying": 7.565129876382518, "Boom": 7.114769448366463, "Tracks": 7.114769448366463, "Extinguisher": 7.114769448366463, "Davidson": 7.114769448366463, "V-twin": 7.114769448366463, "Fixable": 7.114769448366463, "Faceplate": 7.114769448366463, "Mechanism": 7.114769448366463, "Regulator": 7.114769448366463, "Tree": 7.090473503770186, "Go": 6.902415604473633, "Clickbait": 6.709304340258298, "Improvements": 6.709304340258298, "Fallen": 6.709304340258298, "Overhaul": 6.709304340258298, "sitting": 6.709304340258298, "From": 6.445303239500362, "Spreading": 6.421622267806518, "Teardown": 6.421622267806518, "Costs": 6.421622267806518, "Auction": 6.421622267806518, "?": 6.385666122558089, "Flooring": 6.198478716492308, "Diagnosis": 6.198478716492308, "Machining": 6.198478716492308, "and": 6.172710725675395, "Tongue": 6.016157159698354, "Repairing": 6.016157159698354, "Sawmill": 6.016157159698354, "Sander": 6.016157159698354, "Good": 6.007791168386304, "Rebuild": 5.862006479871095, "Disc": 5.862006479871095, "Lumber": 5.728475087246572, "Harley": 5.728475087246572, "Understanding": 5.728475087246572, "Probably": 5.610692051590189, "Cracked": 5.610692051590189, "Marvel": 5.5053315359323625, "ID": 5.5053315359323625, "Hydraulic": 5.5053315359323625, "it": 5.419505252895775, "Will": 5.41610040220442, "Oak": 5.410021356128038, "Boss": 5.410021356128038, "Putting": 5.410021356128038, "47": 5.410021356128038, "Hacks": 5.367905299046299, "Printing": 5.3230099791384085, "Were": 5.3230099791384085, "Are": 5.252266157268647, "Chainsaw": 5.242967271464872, "Ford": 5.1688592993111495, "Wheel": 5.1688592993111495, "Chop": 5.099866427824199, "Casting": 5.099866427824199, "Track": 4.974703284870192, "Vase": 4.974703284870192, "2000": 4.917544871030244, "And": 4.874557201597492, "Lift": 4.812184355372417, "Fight": 4.812184355372417, "Trees": 4.763394191202986, "Foot": 4.763394191202986, "Fail": 4.763394191202986, "Price": 4.716874175568092, "Total": 4.716874175568092, "...": 4.645005494584456, "Farm": 4.629862798578463, "Needs": 4.629862798578463, "Pump": 4.589040804058207, "Switch": 4.589040804058207, "Works": 4.589040804058207, "My": 4.574030434304003, "Seen": 4.549820090904927, "Train": 4.512079762922079, "start": 4.475712118751205, "Stone": 4.440620798939935, "80": 4.373929424441262, "Well": 4.373929424441262, "Pressure": 4.281556104310247, "Run": 4.2243976904702984, "Grill": 4.2243976904702984, "Actually": 4.144354982796762, "Or": 4.119037174812473, "Mistakes": 4.0943445622221, "Mystery": 4.07024701064304, "Drive": 4.07024701064304, "Much": 3.95776902721635, "Model": 3.9367156180185177, "Any": 3.8760909962020826, "Save": 3.837624715374287, "But": 3.837624715374287, "Repair": 3.837624715374287, "Fire": 3.8189325823621343, "Giveaway": 3.8189325823621343, "Life": 3.7888272465762767, "a": 3.7579481058872615, "Cheap": 3.6970427647530975, "Inside": 3.6970427647530975, "Wood": 3.618261886899983, "years": 3.603224009535442, "Garden": 3.545236751885093, "shorts": 3.5448703928033045, "Table": 3.531250509910353, "Tool": 3.5174571877780174, "Tools": 3.4771832886400773, "Awesome": 3.4771832886400773, "Two": 3.4011973816621555, "Oil": 3.3890760211298105, "Your": 3.2393050116876374, "Did": 3.2229491502558365, "50": 3.2229491502558365, "Design": 3.192796112085149, "Years": 3.1829438156421372, "Money": 3.1444775348143414, "Does": 3.135087794464502, "A": 3.129513257151552, "Before": 3.116568746697265, "You": 3.0550415799324275, "REAL": 3.054326437820044, "These": 3.0457426941286525, "Testing": 3.028793135814879, "Big": 2.9796028916241073, "Build": 2.9716347219749304, "NOT": 2.932719305725257, "After": 2.9175675007046546, "2": 2.8480547824051294, "Like": 2.8450719986665014, "VS": 2.764491512007162, "Work": 2.764491512007162, "Made": 2.7516708235781002, "An": 2.7453215958994415, "Have": 2.70805020110221, "Art": 2.70805020110221, "Amazing": 2.6317668963525795, "THIS": 2.4800404601368276, "Mini": 2.4326382212422435, "How": 2.3685444895716232, "Can": 2.2985282922984314, "Making": 2.262739184446846, "Up": 2.254957044004791, "vs": 2.235762596748644, "Of": 2.2244203201447097, "Review": 2.209494669928034, ",": 2.2041978452269815, "No": 2.1589423907652026, "8": 2.1484344131667874, "$": 2.0617134383862554, "n't": 2.024091446596671, "Get": 2.0210192475597006, "an": 2.0149030205422647, "``": 1.955714149151934, "''": 1.8756714414783977, "#": 1.842769972791796, "This": 1.823980348239218, "!": 1.722767917031938, "The": 1.712288929054994, "DIY": 1.6383058964349526, "(": 1.5470573980218107, "Easy": 1.5445183663347848, "What": 1.535039622380241, "For": 1.5200580687646241, ")": 1.5052075711733137, "4": 1.4835576665450976, "in": 1.4794892570767335, "With": 1.4728623774283496, "To": 1.2162428969177503, "&": 1.1721616072759191, "1": 1.148622709242771, "5": 1.0925332425917276, "3": 1.0556462527846664, "'s": 0.9546175357403303, "I": 0.8686626828849003}