{"Catfish": 57.529635426008575, "Fishing": 49.90212292615262, "Conference": 38.41098426242462, "Bait": 26.524809546333525, "Googan": 21.290164135484282, "FatBoy": 21.290164135484282, "Tackle": 19.210722593804444, "\ud83c\udfa3": 17.994327269479953, "Dan": 17.994327269479953, "Carp": 17.13128105212461, "Multi": 14.193442756989521, "Catfishing": 14.193442756989521, "Rods": 12.80714839586963, "Using": 12.156596822314011, "Outdoors": 11.996218179653301, "Gar": 11.42085403474974, "-": 11.143422930975026, "Bass": 9.798993602317083, "Raccoon": 8.915328097759003, "2019": 8.676086277311382, "Species": 8.648265312509958, "fishing": 8.30456479865664, "Lake": 8.201978209881538, "2020": 8.033642312094486, "Pond": 8.011357850272889, "&": 7.395266670521423, "\ud83e\udd8c": 7.0967213784947605, "Crossbow": 7.0967213784947605, "Pegboard": 7.0967213784947605, "Baits\ud83d\ude25The": 7.0967213784947605, "Needing": 7.0967213784947605, "Baits": 7.0967213784947605, "INVASIVE": 7.0967213784947605, "ASIAN": 7.0967213784947605, "CARP": 7.0967213784947605, "Asain": 7.0967213784947605, "Gar\ud83c\udfa3": 7.0967213784947605, "Wabash": 7.0967213784947605, "-Drone": 7.0967213784947605, "The\ud83d\udd25Hottest\ud83d\udd25Bank": 7.0967213784947605, "Magellan": 7.0967213784947605, "Wagon-": 7.0967213784947605, "fishing=Mushroom": 7.0967213784947605, "CatFishermen": 7.0967213784947605, "Bank-": 7.0967213784947605, "lure": 7.0967213784947605, "Spillway": 7.0967213784947605, "Cecil": 7.0967213784947605, "Harden": 7.0967213784947605, "Indiana-": 7.0967213784947605, "3-YouTube": 7.0967213784947605, "Douglas": 7.0967213784947605, "RigRap": 7.0967213784947605, "2019-": 7.0967213784947605, "Katfish": 7.0967213784947605, "Clothing": 7.0967213784947605, "apparel": 7.0967213784947605, "catfishing": 7.0967213784947605, "G-Juice": 7.0967213784947605, "lively": 7.0967213784947605, "fluorocarbon": 7.0967213784947605, "braid": 7.0967213784947605, "atOld": 7.0967213784947605, "Catch": 7.082746634010693, "Spill": 6.403574197934815, "Mondo": 6.403574197934815, "BOWFISHING": 6.403574197934815, "Jug": 6.403574197934815, "Lure": 6.403574197934815, "Interviews": 6.403574197934815, "Panfish": 6.403574197934815, "Crappie": 6.403574197934815, "Locations": 6.403574197934815, "panfish": 6.403574197934815, "M.": 6.403574197934815, "Hottest": 6.403574197934815, "Fever": 6.403574197934815, "catfish": 6.403574197934815, "angler": 6.403574197934815, "Dam": 6.403574197934815, "New": 6.2691691639333476, "stands": 5.9981090898266505, "\ud83c\udfaf": 5.9981090898266505, "Butcher": 5.9981090898266505, "Dale": 5.9981090898266505, "bait": 5.9981090898266505, "\u200b": 5.9981090898266505, "Flooding": 5.9981090898266505, "public": 5.71042701737487, "Cart": 5.71042701737487, "Public": 5.71042701737487, "Mill": 5.71042701737487, "Seeing": 5.48728346606066, "land": 5.48728346606066, "Storage": 5.48728346606066, "Pan": 5.48728346606066, "Valley": 5.48728346606066, "fashion": 5.48728346606066, "line": 5.48728346606066, "Location": 5.304961909266705, "Slime": 5.304961909266705, "Legends": 5.304961909266705, "keeping": 5.304961909266705, "Steve": 5.150811229439447, "fresh": 5.150811229439447, "Line": 5.150811229439447, "Academy": 5.150811229439447, "Sighting": 5.017279836814924, "Boxes": 5.017279836814924, "early": 4.899496801158541, "Interview": 4.899496801158541, "Spot": 4.899496801158541, "+": 4.866564568765386, "needs": 4.794136285500715, "Cut": 4.794136285500715, "Kit": 4.69882610569639, "Club": 4.69882610569639, "asleep": 4.531772021033223, "fire": 4.531772021033223, "Record": 4.531772021033223, "Sports": 4.531772021033223, "Mystery": 4.457664048879502, "using": 4.457664048879502, "View": 4.457664048879502, "deer": 4.38867117739255, "Catches": 4.38867117739255, "Footage": 4.38867117739255, "Famous": 4.38867117739255, "believe": 4.38867117739255, "happened": 4.324132656254979, "fall": 4.263508034438544, "Blind": 4.263508034438544, "Bite": 4.263508034438544, "im": 4.206349620598596, "\ud83d\udd25": 4.15228239932832, "End": 4.15228239932832, "Sky": 4.15228239932832, "Sick": 4.100989104940769, "at": 4.090140304791045, "Having": 4.005678925136444, "Frog": 4.005678925136444, "Many": 3.9612271625656104, "Dead": 3.9186675481468147, "Turtle": 3.8778455536265595, "Hunting": 3.7645168683195562, "Say": 3.7645168683195562, "The": 3.7204599108759693, "FISH": 3.6309854756950335, "Light": 3.6002138170282802, "n't": 3.5670307989059458, "Monster": 3.51320244003865, "getting": 3.51320244003865, "Small": 3.4858034658505357, "For": 3.4428859416211903, "Green": 3.4331597323651137, "While": 3.407841924380824, "River": 3.3831493117904525, "Way": 3.359051760211392, "'s": 3.3485596577193495, "Look": 3.3355212628011977, "way": 3.3355212628011977, "Spring": 3.2680799820056654, "Box": 3.2049010803841336, "Ca": 3.184698373066614, "FOR": 2.985847514321449, "They": 2.9535866521032275, "of": 2.9004381250516156, "Old": 2.862614873897501, "My": 2.8605893807646563, "He": 2.7529159566410764, "Top": 2.6659045796514467, "the": 2.5976620638141883, "Most": 2.5858618719779103, "not": 2.5220103999913777, "as": 2.4915511925066687, "Who": 2.4717485652104894, "Water": 2.4619923902651246, "So": 2.442761028337237, "THE": 2.2927003337615037, "Why": 2.244691114575143, "up": 2.1408943208934996, "in": 2.139644230832263, "Best": 2.1269080789187598, "and": 2.0893917995578173, "Of": 2.059768776081131, "From": 2.0153170135102974, "Do": 2.0091250432623764, "for": 1.9883255677623828, "this": 1.9376660792802312, "Time": 1.9093355726540053, "Cat": 1.8444479504481304, "Day": 1.8237218199310135, "A": 1.689634990657743, "To": 1.5995531532015583, "on": 1.1203704691968264, "(": 0.8428925669192873, ")": 0.8314201657570505, "to": 0.7598956473483193, "a": 0.6383830951499704, ",": 0.5064203302980743}