{"Origami": 119.63444821672527, "Mosquito": 28.149281933347122, "ORIGAMI": 24.40779831601467, "Resin": 22.328356774334836, "Paper": 20.560801993803597, "[": 20.328816330274165, "]": 20.328816330274165, "Rattle": 16.27186554400978, "Embedded": 16.27186554400978, "Collapse": 14.88557118288989, "Satoshi": 14.88557118288989, "AGED": 14.88557118288989, "Scales": 14.88557118288989, "Sheet": 14.88557118288989, "Creative": 13.828716742166186, "Owl": 13.49927682177, "Models": 13.05298971914158, "Mins": 12.68834660555367, "Most": 12.029164945156579, "Project": 11.577799958966505, "Made": 11.451732853764575, "To": 10.185546652502728, "Snake": 9.755672467966816, "4K": 9.691973980699384, "In": 8.960675823825806, "How": 8.64822428090277, "Under": 8.488224947788527, "Golden": 8.331281716905538, "24Caret": 8.13593277200489, "Kyohei": 8.13593277200489, "Takashi": 8.13593277200489, "Sheets": 8.13593277200489, "SmokeChi": 8.13593277200489, "RYUJIN": 8.13593277200489, "Kota": 8.13593277200489, "lmai": 8.13593277200489, "POSSIBLY": 8.13593277200489, "origami": 8.13593277200489, "Pleat": 8.13593277200489, "theplantpsychologist": 8.13593277200489, "Cranes": 8.13593277200489, "HALFWAY": 8.13593277200489, "Kamiyas": 8.13593277200489, "Fiddler": 8.13593277200489, "theplantpsycologist": 8.13593277200489, "LaFosse": 8.13593277200489, "Kei": 8.13593277200489, "Watanabe": 8.13593277200489, "Raptorex55": 8.13593277200489, "Fossilised": 8.13593277200489, "Dinh": 8.13593277200489, "Quang": 8.13593277200489, "Ryujin": 8.13593277200489, "Mould": 8.13593277200489, "Shuki": 8.13593277200489, "kato": 8.13593277200489, "Figuring": 8.13593277200489, "Crease": 8.13593277200489, "Patterns": 8.13593277200489, "satoshi": 8.13593277200489, "kamiya": 8.13593277200489, "ryujin": 8.13593277200489, "crease": 8.13593277200489, "Origami-Man": 8.13593277200489, "FearlessFlourish": 8.13593277200489, "Of": 7.9669885515169785, "DRAGON": 7.663735357601441, "Ive": 7.442785591444945, "Recently": 7.442785591444945, "Complicated": 7.442785591444945, "Spiny": 7.442785591444945, "Lobster": 7.442785591444945, "Collapsing": 7.442785591444945, "Hex": 7.442785591444945, "307": 7.442785591444945, "CONVERTIBLE": 7.442785591444945, "Bonsai": 7.442785591444945, "SLUG": 7.442785591444945, "Kamiya": 7.442785591444945, "Minh": 7.442785591444945, "pattern": 7.442785591444945, "Biggest": 7.2282883899117, "Unboxing": 7.206666557703269, "Insane": 7.101930586668637, "Date": 7.081625843740601, "DEBATE": 7.037320483336781, "COLLAPSE": 7.037320483336781, "Cub": 7.037320483336781, "Preparations": 7.037320483336781, "Is": 6.760851810477249, "MODELS": 6.749638410885, "FIT": 6.749638410885, "PAPER": 6.749638410885, "Giraffe": 6.749638410885, "Year": 6.536796643098616, "3.5": 6.52649485957079, "Process": 6.52649485957079, "plz": 6.52649485957079, "WHAT": 6.4465557725376765, "Uncut": 6.344173302776835, "craziest": 6.190022622949577, "Relaxing": 5.9387081946686715, "BANANA": 5.9387081946686715, "Honda": 5.9387081946686715, "Make": 5.919566078862123, "My": 5.84043820148017, "Smallest": 5.833347679010845, "AROUND": 5.833347679010845, "Taught": 5.833347679010845, "release": 5.73803749920652, "Shape": 5.65102612221689, "#": 5.635477207023243, "Ever": 5.577650482574843, "Volume": 5.570983414543353, "WOULD": 5.570983414543353, "SENT": 5.496875442389632, "4.0": 5.496875442389632, "Clean": 5.42788257090268, "Square": 5.363344049765109, "please": 5.363344049765109, "TINY": 5.245561014108726, "Crab": 5.19149379283845, "Venom": 5.19149379283845, "Beautiful": 5.140200498450899, "Amber": 5.044890318646575, "4k": 4.957878941656944, "From": 4.952901112490538, "Craziest": 4.8400959060005615, "Japanese": 4.768636942018416, "INSIDE": 4.768636942018416, "YOU": 4.747762778449427, "Model": 4.734735390342735, "Beyond": 4.701945567519744, "The": 4.701793401431918, "ASMR": 4.670196869205164, "Created": 4.670196869205164, "TUTORIAL": 4.63942521053841, "Incredible": 4.498346612278505, "Michael": 4.422360705300583, "46": 4.398263153721522, "Trapped": 4.351743138086629, "Hardest": 4.351743138086629, "10": 4.339000508477772, "BOX": 4.329270282234571, "COMPLETE": 4.285785170294832, "Any": 4.244112473894264, "Tree": 4.244112473894264, "THIS": 4.158297517552532, "-": 4.14348092520338, "Million": 4.0754897614584715, "Speedrun": 4.058395328099171, "Some": 4.041588209782789, "MASSIVE": 4.008798386959799, "MAKE": 3.9927980456133576, "I": 3.965767913365223, "Anniversary": 3.9615455021092534, "Record": 3.946278029978465, "Which": 3.8592666529888353, "AN": 3.8592666529888353, "Gold": 3.6472964022727505, "Going": 3.636123101674625, "Crazy": 3.592637989734887, "His": 3.592637989734887, "Teaser": 3.561221793501508, "CAN": 3.5408129218703004, "!": 3.4947545319459667, "Next": 3.4264025706925563, "FROM": 3.3737588372071343, "BIGGEST": 3.3652481475392255, "Here": 3.2761203676432182, "Old": 3.230657993566461, "Dragon": 3.1801057144036298, "GOT": 3.0733377389779237, "This": 3.0317191309490688, "'ve": 3.0119687926016314, "Be": 2.965448776966739, "Have": 2.852729043266902, "An": 2.842627947280398, "30": 2.756035418464431, "Out": 2.7514377092158013, "WORLD": 2.7468610421883897, "ONE": 2.655293848662899, "Final": 2.622504025839908, "NOT": 2.6025432832773703, "&": 2.5947727011716952, "WITH": 2.556202946018668, "Your": 2.504720990183525, "That": 2.479940961185038, "Super": 2.428822507256015, "THE": 2.410876012106528, "One": 2.3128868765218717, "No": 2.292388354973531, "%": 2.2116769745903584, "Me": 2.2116769745903584, "11": 2.1931333968781894, "4": 2.1202478160530074, "(": 2.009057343382927, ")": 2.009057343382927, "Best": 1.9193266709200256, "With": 1.9034847554543677, "World": 1.8821039604294174, "``": 1.7991070408584495, "''": 1.776358903332513, "2022": 1.702992679265711, "IN": 1.6065139337426653, "?": 1.5295500417975294, "the": 1.421149769955478, "A": 0.7912137178552181, "'s": 0.7675930856935094, "3": 0.7644434767906133, "1": 0.7432852512832672, ",": 0.7058186334430898, "2": 0.4948485228299763}