{"FightFast": 175.03822522119526, "Defense": 94.454705485254, "Self": 65.0448557347078, "Kathy": 53.27250332818986, "Vunak": 38.05178809156419, "RAT": 32.55872664822364, "Fight": 26.783175890762035, "Long": 22.092072254415307, "Paul": 19.86385729293226, "Defend": 19.535235988934183, "Choke": 18.002759117636213, "|": 17.030163502786948, "Knee": 15.923317575956375, "Fightfast": 15.220715236625676, "Grab": 12.001839411757475, "Moves": 12.001839411757475, "Naked": 11.637196298169565, "Strikes": 11.637196298169565, "How": 11.428158869305072, "Rear": 11.328894938515049, "Brutal": 10.826266081953236, "Destroy": 10.090816521702601, "4k": 9.804614834421255, "Someone": 9.331837278292793, "Against": 8.167994187393353, "To": 7.991017164881958, "Chokehold": 7.610357618312838, "Verbal": 7.610357618312838, "Arvanitis": 7.610357618312838, "FighFast": 7.610357618312838, "Distract": 7.610357618312838, "Vicious": 7.610357618312838, "Leans": 7.610357618312838, "Quarters": 7.610357618312838, "JKD": 7.610357618312838, "Disarm": 7.610357618312838, "Handgun": 7.610357618312838, "Disarms": 7.610357618312838, "DEFENSE": 7.610357618312838, "Buckler": 7.610357618312838, "Knockout": 6.9172104377528925, "Chokes": 6.9172104377528925, "Distraction": 6.9172104377528925, "Soo": 6.9172104377528925, "Elbow": 6.9172104377528925, "Punches": 6.9172104377528925, "Tight": 6.9172104377528925, "Groin": 6.9172104377528925, "Gunman": 6.9172104377528925, "PULL": 6.9172104377528925, "do": 6.705237631886018, "Fu": 6.511745329644728, "Martial": 6.511745329644728, "Kung": 6.224063257192947, "Slam": 6.224063257192947, "Escapes": 6.224063257192947, "Drills": 6.224063257192947, "Kicks": 6.224063257192947, "Strike": 6.000919705878737, "Targets": 6.000919705878737, "Throat": 6.000919705878737, "Punch": 5.8185981490847825, "Chop": 5.8185981490847825, "Shots": 5.8185981490847825, "Spike": 5.8185981490847825, "Kick": 5.8185981490847825, "THEORY": 5.8185981490847825, "fighting": 5.664447469257524, "Defeat": 5.664447469257524, "to": 5.572626580724653, "Instantly": 5.530916076633002, "FIGHT": 5.530916076633002, "Ends": 5.413133040976618, "Ground": 5.307772525318792, "Bruce": 5.307772525318792, "Blast": 5.307772525318792, "Attacks": 5.212462345514467, "Arm": 5.125450968524837, "Ear": 5.045408260851301, "Jim": 5.045408260851301, "Combat": 5.045408260851301, "style": 5.045408260851301, "HAIR": 5.045408260851301, "Fighting": 4.971300288697579, "Lee": 4.902307417210627, "3": 4.900652877260448, "Block": 4.777144274256622, "4K": 4.7199858604166725, "Hold": 4.7199858604166725, "Straight": 4.7199858604166725, "a": 4.697725705899305, "Escape": 4.614625344758847, "Front": 4.614625344758847, "San": 4.474863402383688, "Hit": 4.432303787964892, "Arts": 4.432303787964892, "Bar": 4.432303787964892, "Techniques": 4.314520752308509, "Trying": 4.278153108137634, "Shocking": 4.243061788326363, "Beat": 4.176370413827692, "Gun": 4.176370413827692, "easy": 4.144621715513111, "Pop": 4.113850056846357, "MUST": 4.113850056846357, "Win": 4.113850056846357, "-": 4.102470141584359, "A": 4.101301913994665, "Avoid": 3.946795972183191, "You": 3.9232159277037972, "Wall": 3.872688000029469, "Double": 3.8261679843945764, "learn": 3.8261679843945764, "Hair": 3.803695128542518, "Training": 3.6591138997314103, "Perfect": 3.6030244330803667, "Powerful": 3.467222891921305, "Street": 3.4514745349531655, "Ways": 3.420702876286412, "Do": 3.404549360287813, "End": 3.2159084636403987, "get": 3.1560103220593296, "Help": 3.1105479479825724, "Explained": 3.099498111795987, "Need": 3.088569041263797, "System": 2.94691852420077, "Stop": 2.9098772525204213, "Back": 2.79817326294042, "that": 2.5227612830804533, "Things": 2.5227612830804533, "Tips": 2.5044121444122567, "Know": 2.4686940618101776, "&": 2.42388856496558, "Top": 2.347667429407952, "Who": 2.292237624468621, "From": 1.919998163988777, "with": 1.8766493457035405, "In": 1.4878648087984514, "2": 1.0479135246191178, "'s": 0.825900555675194, ":": 0.825900555675194, "for": 0.8124172053379071, "in": 0.660501163312065, "The": 0.5654525011834668}