{"Complex": 161.24988640937718, "NL": 98.7607835888475, "'22": 66.22661138653808, "Champs": 39.992191174332376, "Next": 34.48936666499262, "Aflevering": 32.920261196282496, "Bull": 31.67442500761303, "Rap": 25.742756646890346, "Hotwings": 24.154978670525857, "ComplexNL": 24.154978670525857, "PHOTOBOOTH": 24.154978670525857, "|": 21.914130003074256, "Ones": 21.374437422958973, "vs.": 21.050188647431696, "Sneaker": 18.317248223359922, "Red": 17.821531151144946, "DINA": 16.103319113683906, "AYADA": 16.103319113683906, "BENTE": 16.103319113683906, "Dopebwoy": 14.717024752564017, "Bokoesam": 14.717024752564017, "MELISSA": 14.717024752564017, "LOPES": 14.717024752564017, "Samski": 13.906094536347688, "Jonna": 13.330730391444126, "ADF": 12.884443288815707, "Fraser": 12.884443288815707, "'": 12.256116335250967, "Ik": 11.922366338808702, "Shopping": 11.452659156734082, "bij": 11.324980313477694, "``": 11.164229308888531, "''": 11.120410699448984, "een": 9.972815214388838, "Hot": 9.330051402697947, "met": 9.063664906348555, "Viezerik": 8.051659556841953, "FRNKIE": 8.051659556841953, "gepost": 8.051659556841953, "'kliks": 8.051659556841953, "verleden": 8.051659556841953, "CONVO": 8.051659556841953, "S5E3": 8.051659556841953, "nek": 8.051659556841953, "Jairzinho": 8.051659556841953, "Flashy": 8.051659556841953, "Fofie": 8.051659556841953, "sor": 8.051659556841953, "Dashaeno": 8.051659556841953, "Gunpla": 8.051659556841953, "'Hot": 8.051659556841953, "Iliassopdebeat": 8.051659556841953, "Jacin": 8.051659556841953, "Qlas": 8.051659556841953, "Yade": 8.051659556841953, "pokoe": 8.051659556841953, "DYLISA": 8.051659556841953, "Chivv": 8.051659556841953, "Dylisa": 8.051659556841953, "broer": 8.051659556841953, "begon": 8.051659556841953, "'Zou": 8.051659556841953, "denken": 8.051659556841953, "zo'n": 8.051659556841953, "gevoelige": 8.051659556841953, "Marokkaan": 8.051659556841953, "schaatsen": 8.051659556841953, "liegen": 8.051659556841953, "sinds": 8.051659556841953, "moesten": 8.051659556841953, "aankleden": 8.051659556841953, "Gotu": 8.051659556841953, "schermtijd": 8.051659556841953, "8.5u": 8.051659556841953, "lijkt": 8.051659556841953, "junkie": 8.051659556841953, "uitgenodigd": 8.051659556841953, "door": 7.914629989239706, "naar": 7.914629989239706, "Kans": 7.358512376282008, "Delany": 7.358512376282008, "Hulp": 7.358512376282008, "Boven": 7.358512376282008, "Tranen": 7.358512376282008, "Trill": 7.358512376282008, "Vic9": 7.358512376282008, "meid": 7.358512376282008, "Walid": 7.358512376282008, "Marouane": 7.358512376282008, "MOCRO": 7.358512376282008, "gezien": 7.358512376282008, "Frenna": 7.358512376282008, "Quique": 7.358512376282008, "M'n": 7.358512376282008, "Nesim": 7.358512376282008, "Fraasie": 7.358512376282008, ":": 7.18907368471822, "Talkshow": 6.953047268173844, "Lopes": 6.953047268173844, "GG": 6.953047268173844, "Trobi": 6.953047268173844, "'Mijn": 6.953047268173844, "reden": 6.953047268173844, "Neem": 6.953047268173844, "Mee": 6.953047268173844, "MAFFIA": 6.953047268173844, "Ooit": 6.953047268173844, "Wahib": 6.953047268173844, "kon": 6.953047268173844, "maak": 6.953047268173844, "m'n": 6.953047268173844, "ontbijt": 6.953047268173844, "Romy": 6.953047268173844, "Sjaak": 6.665365195722063, "dingen": 6.665365195722063, "Kwebbelkop": 6.665365195722063, "Cor": 6.665365195722063, "Tabitha": 6.665365195722063, "kort": 6.665365195722063, "elke": 6.665365195722063, "&": 6.479501284039389, "Mula": 6.442221644407853, "willen": 6.442221644407853, "vrienden": 6.442221644407853, "komen": 6.442221644407853, "op": 6.414944940766724, "z'n": 6.259900087613898, "Nana": 6.259900087613898, "Fuego": 6.259900087613898, "'Ik": 6.259900087613898, "Goed": 6.259900087613898, "Shine": 6.10574940778664, "muziek": 6.10574940778664, "Bilal": 6.10574940778664, "Kleine": 5.972218015162118, "geld": 5.972218015162118, "komt": 5.854434979505734, "zou": 5.854434979505734, "listen": 5.854434979505734, "heel": 5.854434979505734, "eigen": 5.854434979505734, "Hij": 5.653764284043583, "krijgt": 5.566752907053953, "echt": 5.566752907053953, "Rani": 5.566752907053953, "-": 5.434207821632905, "Lauren": 5.412602227226695, "Niet": 5.412602227226695, "wel": 5.343609355739743, "Zo": 5.343609355739743, "goed": 5.343609355739743, "mij": 5.343609355739743, "Ricky": 5.279070834602172, "Melissa": 5.279070834602172, "Jim": 5.218446212785738, "Enough": 5.161287798945789, "heeft": 5.0559272832879625, "Nederland": 4.960617103483638, "dag": 4.916165340912804, "tijdens": 4.832783731973753, "heb": 4.755822690837625, "maken": 4.7194550466667495, "dat": 4.6176723523568075, "Mijn": 4.585923654042227, "Ray": 4.525299032225792, "gaat": 4.468140618385844, "om": 4.468140618385844, "niet": 4.313989938558585, "de": 4.254807518854843, "ik": 4.159839258731327, "Het": 3.788979679800638, "Van": 3.7612001156935624, "Stars": 3.7612001156935624, "je": 3.62084275799864, "voor": 3.5857514381873696, "B": 3.5857514381873696, "LA": 3.5408000503251036, "te": 3.5190600636886975, "het": 3.369528329717734, "Look": 3.247638512108697, "over": 3.1316786310138287, "van": 2.8868735829184393, "was": 2.820550939987367, "that": 2.794164184814172, "do": 2.5835994157068223, "me": 2.399170376573303, "Up": 2.1880283812438566, "6": 2.119414369393943, "Me": 2.0379444007991516, "n't": 1.9694406464655074, "Is": 1.877873452940017, "!": 1.7023071950782918, "in": 1.659647463107009, "4": 1.6171130380545005, "5": 1.5280972506924413, "...": 1.4878040303098259, "To": 1.424941807592929, "is": 1.384702764412747, "3": 1.3350647833209754, "1": 1.2132543559946098, ".": 1.2111130275532667, "I": 1.0828091785000056, "to": 0.9657580924763426, "2": 0.9159722098138096, "?": 0.6695351911044409, "(": 0.6577812667341976, ")": 0.656552010279468, "The": 0.6103391671243364}