{"samka": 198.08730181943073, "Fitness": 121.5318883611033, "FITNESSTONYA/": 114.2811356650562, "SHOCK": 96.4381478864567, "CHECKED": 69.25595197110468, "pranks": 63.793887416116405, "@": 62.0784777812115, "VIDEOS": 58.14209064818962, "SHOCKED": 53.33119664369289, "MY": 42.277181795042985, "Tiktok": 38.90614960499476, "HE": 37.26922079559787, "tiktok": 36.984080832931376, "SIZE": 32.60065044501152, "GUY": 29.760125833787576, "PRANKS": 26.89948897044758, "AND": 25.556569961029957, "FITNESSTONYA/TIKTOK": 22.856227133011238, "SIZE\ud83e\udd75": 22.856227133011238, "SHOCKED\ud83d\ude33": 22.856227133011238, "site": 19.56039026700691, "BY": 19.525851554830528, "WAS": 19.06039943950047, "REACTION": 18.434583724730437, "SURPRISED": 17.480948725327075, "S\u00a1ZE": 15.237484755340827, "CHECK\u20acD": 15.237484755340827, "FORMS": 15.237484755340827, "UNIFORMS": 15.237484755340827, "FITNESSSAMKA.COM": 15.237484755340827, "TIKTOK": 14.669994636355945, "Jaw": 13.851190394220936, "hotgirl": 13.851190394220936, "Shocked": 13.040260178004607, "THE": 12.49566691553431, "HUMOR": 11.653965816884716, "Pranks": 11.436239663700281, "Boys": 11.242624100287568, "BECAUSE": 11.078601671981154, "Dropping": 10.843035600668388, "'S": 9.838748313823537, "GUYS": 9.456741239548498, "ME": 9.321901387903512, "Videos": 9.163182558607732, "Collection": 9.055399848624194, "WITH": 8.074466077539626, "HER": 8.015648930052377, "THEY": 8.015648930052377, "IN": 7.964485055919105, "Resist": 7.618742377670413, "KITCHEN\ud83e\udd75": 7.618742377670413, "OFFICE\ud83d\ude33": 7.618742377670413, "WANT\u20acD": 7.618742377670413, "CH\u20acCKED": 7.618742377670413, "SHAPES": 7.618742377670413, "BEACH\ud83d\ude33": 7.618742377670413, "SHOCKED\ud83e\udd75": 7.618742377670413, "FITNESSTONYA": 7.618742377670413, "POLICEMAN": 7.618742377670413, "PUN\u00a1SHED": 7.618742377670413, "UNIFORMS\ud83d\ude33": 7.618742377670413, "L\u20acFT": 7.618742377670413, "SIZE\ud83e\udd75SHOCK": 7.618742377670413, "POL\u00a1CEMAN": 7.618742377670413, "ARR\u20acSTED": 7.618742377670413, "OUT\ud83e\udd75": 7.618742377670413, "Pt-2": 7.618742377670413, "Pt-1": 7.618742377670413, "FITNESSSAMKA.COM/HE": 7.618742377670413, "FORMS\ud83d\ude0f": 7.618742377670413, "ELEVATOR\ud83d\ude06": 7.618742377670413, "ELEVATOR\ud83d\ude33": 7.618742377670413, "FORMS\ud83e\udd23": 7.618742377670413, "FIGURE\ud83d\ude33": 7.618742377670413, "SIZE\ud83d\ude33": 7.618742377670413, "SIZE\ud83d\ude0f": 7.618742377670413, "Were": 7.373833489892175, "\ud83d\ude33": 7.015737026994204, "Expect": 6.520130089002303, "exclusive": 6.520130089002303, "yes": 6.009304465236313, "Guy": 5.713136885745314, "So": 5.713136885745314, "Blowing": 5.539300835990577, "Surprises": 5.539300835990577, "IT": 5.426935198463967, "Cheat": 5.316157284676367, "humor": 5.316157284676367, "\ud83d\ude06": 5.220847104872043, "GF": 5.053793020208877, "WERE": 5.053793020208877, "Reactions": 4.979685048055154, "Wanted": 4.674303398503973, "OF": 4.6012447676523935, "Why": 4.581732417761665, "Shocking": 4.574219939946991, "#": 4.309049942114299, "Trick": 4.217544996008258, "Oh": 4.217544996008258, "Could": 4.184755173185267, "Mind": 4.184755173185267, "Minutes": 4.184755173185267, "DID": 4.035223439214303, "Everyone": 3.955180731540767, "HIS": 3.9051703109661053, "SHE": 3.881072759387045, "GIRLFRIEND": 3.726922079559787, "my": 3.5854845405799263, "Ultimate": 3.4916079926253216, "ARE": 3.3282829365220223, "Hot": 3.301254264134103, "Did": 3.1999017698738155, "|": 2.8401282966280386, "Girl": 2.8147213329371565, "His": 2.7904286403681122, "They": 2.7824604707189353, ":": 2.750346035003619, "The": 2.543518504805884, "IS": 2.4770788211677535, "ON": 2.4313565718296584, "TO": 2.046588345492649, "!": 2.0175119947015787, "Me": 1.9768353067323, "For": 1.8789494654911794, "to": 1.8434162600078579, "I": 1.7611797661489126, "n't": 1.6864971902224026, "?": 1.6747980350118372, "What": 1.6733217690638382, "How": 1.4745567435447675, "5": 1.4660096829663092, "My": 1.378466532499644, ",": 1.3647992836727274, "in": 0.929143108491447, "A": 0.7878681430242339, "-": 0.5703559689485307}