{"SoRare": 73.22339494804402, "INVEST": 65.08746217603912, "\u00a310": 60.746745697965, "Ultimate": 57.87674378775305, "FIFA": 57.1155865514097, "22": 55.76117082192088, "Team": 54.24243692874873, "INVESTMENTS": 52.09949914011462, "UNDERDOG": 49.26124338335747, "Glory": 45.82269300853321, "INVESTMENT": 32.63247429785395, "GRAVENBERCH": 32.54373108801956, "Road": 29.84086085759868, "-FIFA": 24.40779831601467, "IN": 22.491195072397314, "TOTS": 20.923445267117312, "HOURS": 20.923445267117312, "TODAY": 20.1795612745863, "700": 17.500043037032533, "COIN": 17.21411249761956, "FODDER": 16.27186554400978, "INVESTING": 14.88557118288989, "GOLDS": 14.88557118288989, "0": 14.370551958939547, "-": 13.351216314544224, "To": 13.095702838932079, "TO": 12.446633538477535, "PLAYERS": 12.026395160879396, "DISCARD": 11.877416389337343, "PROFIT": 11.47607499841304, "TOTW": 11.30205224443378, "FOR": 10.30100456395745, "IM": 9.755672467966816, "EP": 8.658540564469142, "#": 8.453215810534864, "25,000,000": 8.13593277200489, "PLACING": 8.13593277200489, "\u00a3120": 8.13593277200489, "PACK's-": 8.13593277200489, "INVESTED": 8.13593277200489, "25,0000,000": 8.13593277200489, "THESE": 8.116790656198342, "LEAKED": 8.083176419565579, "2,000,000": 7.442785591444945, "SCORING": 7.442785591444945, "\u00a3600": 7.442785591444945, "30,000,000": 7.037320483336781, "RARES": 7.037320483336781, "x11": 7.037320483336781, "BECAUSE": 7.037320483336781, "SELLING": 6.749638410885, "RISKY": 6.749638410885, "NOW": 6.491167287566274, "MY": 6.373996792802187, "5K": 6.344173302776835, "SELL": 6.190022622949577, "10,000,000": 6.056491230325054, "EACH": 6.056491230325054, "81+": 6.056491230325054, "TEAM": 6.03587791917627, "ARE": 6.000268669909257, "10": 5.785334011303696, "COMPLETED": 5.73803749920652, "ARSENAL": 5.73803749920652, "INFORM": 5.73803749920652, "MANCHESTER": 5.496875442389632, "RISE": 5.496875442389632, "CHEAP": 5.363344049765109, "LATE": 5.363344049765109, "BUILT": 5.3027194279486745, "MISTAKE": 5.091410334281467, "BUY": 5.044890318646575, "SBC": 4.957878941656944, "HYPE": 4.957878941656944, "'VE": 4.8400959060005615, "THE": 4.821752024213056, "56": 4.734735390342735, "57": 4.670196869205164, "53": 4.63942521053841, "54": 4.609572247388729, "BEFORE": 4.552413833548781, "WHEN": 4.525014859360666, "SHOULD": 4.498346612278505, "ITS": 4.498346612278505, "UPGRADE": 4.472371125875244, "52": 4.472371125875244, "55": 4.398263153721522, "49": 4.3072913755157956, "STILL": 4.264731761096999, "EA": 4.264731761096999, "CHANGES": 4.244112473894264, "THIS": 4.158297517552532, "CITY": 4.110581081269741, "51": 4.09288150417034, "HIGH": 4.058395328099171, "INTO": 4.008798386959799, "EARLY": 3.9770496886452187, "WEEK": 3.946278029978465, "AN": 3.8592666529888353, "YOUR": 3.5012037837752548, "25": 3.145500185226154, "50": 2.9264466191634693, "TOP": 2.9209970143959048, "12": 2.2415299377400397, "'S": 2.051433358929719, "OF": 1.838823452070955, "*": 1.8151644777543081, "I": 1.5863071653460892, "NEW": 1.361708885647276, "!": 1.3441363584407564, "A": 0.7912137178552181, "3": 0.7644434767906133, "?": 0.5098500139325098, "2": 0.4948485228299763}