{"Fishing": 61.3193642823852, "Bass": 47.90708981224567, "Baits": 39.03958314463204, "Kayak": 32.10811133903259, "ICAST": 31.231666515705633, "Friday": 30.118922888734865, "Live": 27.0805020110221, "Night": 22.115932096057296, "Lake": 15.728901814394616, "Pro/Trail": 15.615833257852817, "KY": 15.615833257852817, "Fish": 13.322319257792808, "Tournament": 12.843244535613035, "Laurel": 12.843244535613035, "River": 8.95142423750241, "-": 8.028595547770617, "tournaments": 7.807916628926408, "Fluke": 7.807916628926408, "Bait": 7.807916628926408, "Chatterbait": 7.807916628926408, "Refugee": 7.807916628926408, "Evers": 7.807916628926408, "Westbrook": 7.807916628926408, "Ned": 7.807916628926408, "Slam": 7.807916628926408, "Scupper": 7.807916628926408, "Spro": 7.807916628926408, "Seaguar": 7.807916628926408, "-13": 7.807916628926408, "Edwin": 7.114769448366463, "Rig": 6.421622267806518, "Tricks": 6.327051459570072, "Families": 6.198478716492308, "Transition": 6.198478716492308, "Know": 6.143436361063826, "MTB": 6.016157159698354, "holes": 6.016157159698354, "Need": 5.927459084935634, "both": 5.862006479871095, "Sight": 5.862006479871095, "Fell": 5.862006479871095, "Lily": 5.862006479871095, "Pads": 5.862006479871095, "Florida": 5.728475087246572, "Ok": 5.728475087246572, "Let": 5.718313477096481, "Ways": 5.704179142650296, "won": 5.610692051590189, "Matter": 5.610692051590189, "Champion": 5.610692051590189, "Co": 5.610692051590189, "Sink": 5.5053315359323625, "Supply": 5.410021356128038, "ALWAYS": 4.917544871030244, "Walking": 4.917544871030244, "Bank": 4.812184355372417, "August": 4.812184355372417, "YouTuber": 4.763394191202986, "from": 4.750074598953146, "Success": 4.716874175568092, "You": 4.582562369898641, "September": 4.440620798939935, "GO": 4.406719247264253, "Finish": 4.311409067459929, "Hour": 4.311409067459929, "to": 4.283855817155875, "talk": 4.281556104310247, "November": 4.281556104310247, "through": 4.281556104310247, "Stuff": 4.2243976904702984, "Gifts": 4.144354982796762, "Setup": 4.0943445622221, "Line": 4.046716513232846, "Season": 3.95776902721635, "Some": 3.916096330815782, "Help": 3.8958936234982624, "Finally": 3.680782243881317, "Two": 3.4011973816621555, "May": 3.365265372436092, "Over": 3.3420085102718247, "Fall": 3.2127967787918186, "Not": 3.080528810214068, "These": 3.0457426941286525, "Use": 3.028793135814879, "Good": 3.003895584193152, "World": 2.9716347219749304, "New": 2.935114650397313, "Getting": 2.932719305725257, "Our": 2.777478707533973, "about": 2.777478707533973, "Work": 2.764491512007162, "Will": 2.70805020110221, "what": 2.6839526495231496, "The": 2.5684333935824912, "One": 2.5661696138667662, "Back": 2.560892556765922, "All": 2.5349170703626616, "a": 2.5052987372581743, "That": 2.4655823769615974, "Challenge": 2.451330354254396, "Top": 2.4097539274086555, "Out": 2.382966611445006, "that": 2.3785709999719677, "Time": 2.327277705584417, "My": 2.2870152171520015, ".": 2.2516160629531994, "Christmas": 2.18389912273907, "No": 2.1589423907652026, "Tips": 2.127744019909341, "3": 2.111292505569333, "and": 2.0575702418917983, "/": 1.9357988394509926, "'s": 1.9092350714806605, "of": 1.8407281145235816, "I": 1.7373253657698007, "Best": 1.6942344490941774, "Day": 1.646709307231332, "Your": 1.6196525058438187, "How": 1.5790296597144156, "is": 1.5637497282626722, "for": 1.557658129553493, "2022": 1.5540878173509354, "in": 1.4794892570767335, ",": 1.322518707136189, "the": 0.82970288629571, "?": 0.6385666122558089, "!": 0.34455358340638764}