{"Parodia": 130.17492435207825, "Canci\u00f3n": 97.89742289356185, "BOCA": 65.08746217603912, "REACCIONES": 56.95152940403423, "Madrid": 54.508421072925486, "HERMANITO": 48.81559663202934, "Argentina": 47.247468876195, "Boca": 44.65671354866967, "reto": 40.679663860024455, "f\u00fatbol": 40.679663860024455, "vs": 35.454944181867575, "PSG": 30.548462005688805, "PENALES": 29.77114236577978, "Messi": 29.166738395054224, "Real": 27.660039650801313, "DE": 26.90130649448913, "MI": 25.452861711722377, "de": 24.5992985111935, "en": 24.536228558277273, "HINCHA": 24.40779831601467, "jugara": 24.40779831601467, "SANTI": 24.40779831601467, "CHLOE": 24.40779831601467, "MESSI": 23.843184710092082, "Barcelona": 22.60410448886756, "RESCATAMOS": 22.328356774334836, "UN": 21.619999673109806, "BZRP": 21.11196145001034, "VECINOS": 21.11196145001034, "SI": 20.923445267117312, "hoy": 20.248915232655, "CRISTIANO": 18.57006786884873, "Sessions": 17.500043037032533, "se": 16.976449895577055, "LE": 16.587794901762464, "BOMBONERA": 16.27186554400978, "PZK": 16.27186554400978, "Trueno": 16.27186554400978, "SECUESTRARON": 16.27186554400978, "revancha": 16.27186554400978, "EN": 15.149936490521549, "GUSTA": 14.88557118288989, "PORTERO": 14.88557118288989, "si": 14.633508701950223, "EL": 14.286338322148216, "3-0": 14.074640966673561, "Reacci\u00f3n": 14.074640966673561, "2-3": 13.49927682177, "QATAR": 13.49927682177, "RONALDO": 13.341159953672861, "3-1": 13.05298971914158, "SORTEO": 13.05298971914158, "MUNDIAL": 13.05298971914158, "F\u00daTBOL": 13.05298971914158, "||": 12.794195283290996, "*": 12.706151344280157, "PARTIDO": 12.68834660555367, "FUERA": 12.68834660555367, "LA": 12.554881992963102, "Chelsea": 11.47607499841304, "la": 11.079844546543722, "A": 11.076992049973054, "Manchester": 10.605438855897349, "CHICA": 10.280400996901799, "2022": 10.217956075594266, "River": 10.08978063729315, "AMIGOS": 9.915757883313889, "Music": 9.540317143210888, "al": 8.99669322455701, "SU": 8.894106635781908, "(": 8.83985231088488, ")": 8.83985231088488, "del": 8.796526307443044, "para": 8.749465312622656, "ESTO": 8.658540564469142, "NOS": 8.408214278561129, "La": 8.293897450881232, "TINI": 8.13593277200489, "Titi": 8.13593277200489, "Pregunt\u00f3": 8.13593277200489, "Bombonera": 8.13593277200489, "Numero": 8.13593277200489, "Oscu": 8.13593277200489, "Nobeat": 8.13593277200489, "CANCHA": 8.13593277200489, "Demasiadas": 8.13593277200489, "Mujeres": 8.13593277200489, "Tangana": 8.13593277200489, "Medell\u00edn": 8.13593277200489, "Venezuela": 8.13593277200489, "Entre": 8.13593277200489, "Nosotros": 8.13593277200489, "Residente": 8.13593277200489, "correr": 8.13593277200489, "Napoli": 8.13593277200489, "Zzoilo": 8.13593277200489, "Aitana": 8.13593277200489, "Amour": 8.13593277200489, "Rusia": 8.13593277200489, "Ucrania": 8.13593277200489, "CONOCE": 8.13593277200489, "TIAGO": 8.13593277200489, "PIDEN": 8.13593277200489, "JUNIORS": 8.13593277200489, "15-1": 8.13593277200489, "C\u00f3rdoba": 8.13593277200489, "8-1": 8.13593277200489, "Bal\u00f3n": 8.13593277200489, "Farruko": 8.13593277200489, "Pepas": 8.13593277200489, "ENTRAN": 8.13593277200489, "DESCONOCIDOS": 8.13593277200489, "\ud83d\udc3a\ud83d\ude31": 8.13593277200489, "jugando": 8.13593277200489, "Godoy": 8.13593277200489, "messi": 8.13593277200489, "rasc\u00e1ndose": 8.13593277200489, "\ud83d\ude33\ud83c\udf51": 8.13593277200489, "Uruguay": 8.13593277200489, "PANDEMIA": 8.13593277200489, "Lan\u00fas": 8.13593277200489, "FRAN": 8.13593277200489, "ENFRENTARA": 8.13593277200489, "SECUESTRADOR": 8.13593277200489, "FICHAN": 8.13593277200489, "JUGARA": 8.13593277200489, "LATINOAM\u00c9RICA": 8.13593277200489, "PATEARA": 8.13593277200489, "DIBU": 8.13593277200489, "MART\u00cdNEZ": 8.13593277200489, "metes": 8.13593277200489, "PRESENTACI\u00d3N": 8.13593277200489, "jugadas": 8.13593277200489, "camiseta": 8.13593277200489, "presentaci\u00f3n": 8.13593277200489, "\u2764\ufe0f\ud83d\udc99": 8.13593277200489, "emotiva": 8.13593277200489, "rueda": 8.13593277200489, "prensa": 8.13593277200489, "RETAN": 8.13593277200489, "CIEGAS": 8.13593277200489, "Penales": 8.13593277200489, "Francia": 8.13593277200489, "el": 8.116790656198342, "UNA": 7.923091004218507, "-": 7.826575080939717, "CASA": 7.718533305977671, "AL": 7.6909466617129985, "CUMPLO": 7.442785591444945, "Campe\u00f3n": 7.442785591444945, "Noche": 7.442785591444945, "Tiago": 7.442785591444945, "killah": 7.442785591444945, "vivo": 7.442785591444945, "2-4": 7.442785591444945, "CRIP": 7.442785591444945, "INVADO": 7.442785591444945, "INVADEN": 7.442785591444945, "GAN\u00d3": 7.442785591444945, "HICIERON": 7.442785591444945, "Oro": 7.442785591444945, "Bizarrap": 7.442785591444945, "Mundial": 7.442785591444945, "Cruz": 7.442785591444945, "VOLVIENDO": 7.442785591444945, "TANDA": 7.442785591444945, "PENAL": 7.442785591444945, "ARQUERO": 7.442785591444945, "Brasil": 7.442785591444945, "F\u00fatbol": 7.442785591444945, "LAROI": 7.442785591444945, "Copa": 7.442785591444945, "LOS": 7.386563031029148, "CON": 7.363170951502766, "2021": 7.0379178033229115, "SUE\u00d1O": 7.037320483336781, "primera": 7.037320483336781, "Londra": 7.037320483336781, "C.": 7.037320483336781, "MJ": 7.037320483336781, "Kante": 7.037320483336781, "CITA": 7.037320483336781, "NI\u00d1A": 7.037320483336781, "7-0": 7.037320483336781, "VIENDO": 7.037320483336781, "ESTADIO": 7.037320483336781, "doy": 7.037320483336781, "Mejores": 7.037320483336781, "Italia": 6.749638410885, "DESDE": 6.749638410885, "Cris": 6.749638410885, "2-1": 6.749638410885, "D\u00cdAS": 6.749638410885, "PENALTIS": 6.749638410885, "incre\u00edble": 6.749638410885, "4-3": 6.52649485957079, "0-4": 6.52649485957079, "CAMPO": 6.52649485957079, "NI\u00d1OS": 6.52649485957079, "PUERTA": 6.52649485957079, "Bieber": 6.52649485957079, "2021/22": 6.52649485957079, "NUESTROS": 6.52649485957079, "NI\u00d1O": 6.344173302776835, "LONDRA": 6.344173302776835, "DESPUES": 6.344173302776835, "MG": 6.344173302776835, "0-1": 6.190022622949577, "vez": 6.190022622949577, "AYUDA": 6.190022622949577, "IMPOSIBLES": 6.190022622949577, "Paulo": 6.056491230325054, "COMPLETO": 6.056491230325054, "LIT": 6.056491230325054, "REMIX": 6.056491230325054, "Mon": 6.056491230325054, "1-0": 6.056491230325054, "NUESTRA": 6.056491230325054, "LOBO": 6.056491230325054, "HAALAND": 6.056491230325054, "PAULO": 5.9387081946686715, "Una": 5.9387081946686715, "BARCELONA": 5.9387081946686715, "Si": 5.9387081946686715, "City": 5.8419940287918095, "va": 5.833347679010845, "1-3": 5.73803749920652, "ESTOY": 5.73803749920652, "GOL": 5.73803749920652, "Liverpool": 5.570983414543353, "STAY": 5.570983414543353, "Justin": 5.42788257090268, "Central": 5.363344049765109, "ENCONTRAMOS": 5.363344049765109, "su": 5.3027194279486745, "TIENE": 5.19149379283845, "Rap": 5.091410334281467, "SER": 5.091410334281467, "RACING": 5.044890318646575, "DANCE": 5.044890318646575, "En": 5.000438556075741, "RETO": 4.957878941656944, "CLUB": 4.803728261829686, "PRIMERA": 4.768636942018416, "MIS": 4.768636942018416, "te": 4.734735390342735, "Triple": 4.63942521053841, "Plan": 4.580584710515477, "JUEGO": 4.525014859360666, "ESTE": 4.498346612278505, "Remix": 4.498346612278505, "ESTA": 4.472371125875244, "LAS": 4.374732656311328, "49": 4.3072913755157956, "Bunny": 4.285785170294832, "ES": 4.146948725440616, "T": 4.1285995867724194, "Kid": 4.1285995867724194, "un": 3.9927980456133576, "con": 3.9770496886452187, "y": 3.9164250668287837, "que": 3.901826267407631, "VS": 3.883054761800436, "...": 3.8724943507537866, "AM": 3.8318676788007204, "500": 3.779223945315299, "DEL": 3.7664849195378687, "Y": 3.753906137331009, "PARA": 3.753906137331009, "Ball": 3.705115973161577, "QUE": 3.481972421847367, "23": 3.3484410292228444, "x": 3.2531308494185196, "4K": 3.230657993566461, "Dragon": 3.1801057144036298, "FIFA": 3.173088141744983, "Bad": 3.1319864660594314, "\ud83d\ude31": 3.0545284070204275, "no": 2.9711467980813766, "22": 2.655293848662899,