{"Firoj": 144.75610517573784, "Chaudhary": 144.75610517573784, "Entertainment": 93.30315135479586, "Full": 56.8816217233367, "FIROJ": 45.712454266022476, "CHAUDHARY": 45.712454266022476, "\u092b\u093f\u0930\u094b\u091c": 45.712454266022476, "\u091a\u094c\u0927\u0930\u0940": 45.712454266022476, "\u0915\u094d\u0932\u093f\u092a": 45.712454266022476, "\u0915\u0949\u092e\u0947\u0921\u0940": 44.31440668792462, "ENTERTAINMENT": 41.55357118266281, "\u0915\u0947": 41.16797945952292, "|": 28.401282966280387, "\u0938\u0928\u094d\u0928\u094b": 22.856227133011238, "FULL": 22.121500469676526, "TRAILER": 18.95050490590659, "Part-2": 18.69734404965157, "Comedy": 18.640407240484066, "JOKER": 17.0184966858453, "\u0938\u0940\u0928\u094d\u0938": 15.237484755340827, "\u0914\u0930": 14.022910195511919, "\u0921\u0949\u0915\u094d\u091f\u0930": 13.851190394220936, "GABBAR": 13.851190394220936, "PAST": 13.040260178004607, "\u092a\u094d\u0930\u0927\u093e\u0928": 13.040260178004607, "\u091c\u094b\u0915\u0930": 13.040260178004607, "comedy": 11.370302943543955, "youtubeshorts": 10.843035600668388, "funny": 10.623614801294082, "\u0915\u0930": 10.267671455764827, "shorts": 9.608244455825044, "\u0915\u093e": 8.881377094644936, "Video": 8.635490829223212, "THE": 7.809791822208943, "\u092a\u0948\u0902\u091f": 7.618742377670413, "\u0917\u0940\u0932\u0940": 7.618742377670413, "\u0926\u0947\u0917\u093e.\ud83d\ude02\ud83d\ude02": 7.618742377670413, "Part-7": 7.618742377670413, "\u092f\u0942\u091f\u094d\u092f\u0942\u092c": 7.618742377670413, "\u0936\u0942\u091f": 7.618742377670413, "Part-6": 7.618742377670413, "\u0939\u093f\u0928\u094d\u0926\u0942": 7.618742377670413, "\u0932\u0921\u093c\u0915\u094b": 7.618742377670413, "PART-": 7.618742377670413, "Part-5": 7.618742377670413, "Gabbar": 7.618742377670413, "Part1": 7.618742377670413, "Part-4": 7.618742377670413, "\u092b\u0947\u092b\u0921\u093c\u0947": 7.618742377670413, "\u0926\u0942\u0902\u0917\u093e": 7.618742377670413, "\u0908\u092e\u093e\u0928": 7.618742377670413, "\u0938\u0947\ud83d\ude1c": 7.618742377670413, "Chulanot": 7.618742377670413, "Dawat\ud83d\ude1c": 7.618742377670413, "\u091a\u0942\u0932\u093e\u0928\u094b\u0924": 7.618742377670413, "\u0926\u093e\u0935\u0924\ud83d\ude1c": 7.618742377670413, "reels": 7.618742377670413, "comedyvideos": 7.618742377670413, "Mohalle": 7.618742377670413, "Intkam": 7.618742377670413, "Dekhegi": 7.618742377670413, "Arre": 7.618742377670413, "Bahan": 7.618742377670413, "\ud83d\ude01\ud83d\ude06\ud83d\ude01\ud83d\ude06\ud83d\ude01": 7.618742377670413, "Sharts": 7.618742377670413, "\u0926\u093f": 7.618742377670413, "JOKER-": 7.618742377670413, "FAKHRI": 7.618742377670413, "Drunker": 7.618742377670413, "KHALIFA": 6.925595197110468, "\u092b\u0928\u0940": 6.925595197110468, "\u092e\u0941\u0938\u094d\u0932\u092e\u093e\u0928": 6.925595197110468, "\u0936\u094d\u0930\u0940": 6.925595197110468, "Part-3": 6.925595197110468, "Dawat": 6.925595197110468, "BACK": 6.7984693449886135, "\u0906\u092a\u0915\u0940": 6.520130089002303, "\u0910\u0938\u0947": 6.520130089002303, "\u0939\u094b\u0924\u093e": 6.520130089002303, "\u0921\u093e\u0932\u093e": 6.520130089002303, "\u0936\u0948\u0924\u093e\u0928": 6.520130089002303, "\u0916\u0930\u093e\u092c": 6.520130089002303, "\u0938\u093e\u0939\u092c": 6.520130089002303, "Teri": 6.520130089002303, "\u0930\u0902\u0917": 6.2324480165505225, "india": 6.2324480165505225, "#": 6.0326699189600195, "MIA": 6.009304465236313, "\u092f\u0939": 6.009304465236313, "Touching": 6.009304465236313, "MR.": 6.009304465236313, "Mera": 5.826982908442358, "\u0935\u0940\u0921\u093f\u092f\u094b": 5.539300835990577, "SCENE": 5.421517800334194, "\u0939\u094b\u0932\u0940": 5.316157284676367, "\u0928\u0947": 5.053793020208877, "\u092a\u0930": 4.979685048055154, "KE": 4.979685048055154, "IS": 4.954157642335507, "DOCTOR": 4.910692176568203, "Heavy": 4.910692176568203, "\u0939\u0948": 4.846153655430632, "\u090f\u0915": 4.846153655430632, "Holi": 4.728370619774249, "TEASER": 4.728370619774249, "Hai": 4.674303398503973, "Main": 4.623010104116422, "COMEDY": 4.440688547322468, "memes": 4.440688547322468, "Driver": 4.322905511666084, "Heart": 4.286537867495209, "Ka": 4.153006474870687, "MOVIE": 4.063394316180999, "Scene": 3.9811562179440276, "OFFICIAL": 3.955180731540767, "2022": 3.7708022015453357, "FUNNY": 3.6297583311061388, "Teaser": 3.558299367123994, "Final": 3.384635873073154, "Look": 3.356062500629098, "Vlog": 3.249294525203392, "Funny": 2.7435450544692617, "Back": 2.6842684445397214, "Shorts": 2.6629153200691524, "2": 2.432422301911462, "First": 2.4202453464045877, "NEW": 2.4092562248289924, "Part": 2.1982073783981275, "2021": 2.0580607466548857, "is": 1.342098888328769, "...": 1.276620958949262, "3": 1.2020100951580874, "1": 1.1055122667581063, "(": 1.032486043791529, ")": 1.027553858801142, "A": 0.7878681430242339, "The": 0.635879626201471}