{"Flippity": 21.290164135484282, "funny": 18.646423991582914, "cat": 18.540783083065847, "behavior": 15.914885727800115, "Cat-mint": 14.193442756989521, "Cat": 12.911135653136913, "dog": 12.556650435295808, "box": 11.402653537471295, "toy": 10.377405656305124, "Fish": 7.892439779520529, "the": 7.792986191442565, "essential": 7.0967213784947605, "returning": 7.0967213784947605, "mistress": 7.0967213784947605, "wich": 7.0967213784947605, "examining": 7.0967213784947605, "flippity": 7.0967213784947605, "cat-toy": 7.0967213784947605, "romping": 7.0967213784947605, "livingroom": 7.0967213784947605, "greyhound": 6.403574197934815, "amazon": 6.403574197934815, "sink": 6.403574197934815, "cant": 6.403574197934815, "transport": 6.403574197934815, "-": 6.268175398673452, "vs": 6.008913533063993, "hell": 5.9981090898266505, "Billy": 5.9981090898266505, "smartphone": 5.71042701737487, "cats": 5.585312570581181, "cute": 5.531976076416859, "Coco": 5.304961909266705, "fishes": 5.304961909266705, "position": 5.150811229439447, "glass": 5.150811229439447, "drinking": 5.017279836814924, "kind": 4.899496801158541, "mirror": 4.899496801158541, "Rolling": 4.899496801158541, "and": 4.875247532301574, "Sushi": 4.794136285500715, "litter": 4.794136285500715, "right": 4.61181472870676, "is": 4.553186741859914, "Predator": 4.531772021033223, "minutes": 4.38867117739255, "2nd": 4.206349620598596, "waiting": 4.15228239932832, "every": 4.15228239932832, "watch": 4.052198940771337, "bed": 4.052198940771337, "say": 4.052198940771337, "makes": 4.052198940771337, "this": 3.8753321585604623, "feeding": 3.8008845124904314, "kittens": 3.7294255485082863, "sleeping": 3.662734174009614, "there": 3.662734174009614, "bird": 3.6309854756950335, "car": 3.6002138170282802, "happy": 3.51320244003865, "him": 3.4591352187683744, "kitten": 3.407841924380824, "see": 3.2900588887244404, "water": 3.2900588887244404, "animal": 3.2680799820056654, "TV": 3.2255203675868693, "What": 3.1991063064031167, "Kittens": 3.107737331930486, "Watch": 3.0893881932622893, "fish": 3.0893881932622893, "for": 2.9824883516435743, "over": 2.9223341085991232, "one": 2.862614873897501, "in": 2.8528589744430177, "can": 2.6659045796514467, "dogs": 2.5428444868942193, "so": 2.511753899824188, "So": 2.442761028337237, "One": 2.4238925440328543, "Funny": 2.2845370231223425, "that": 2.260439471543282, "on": 2.2407409383936527, "Cats": 2.147961488116592, "Cute": 2.0153170135102974, "you": 1.7884536810935554, "my": 1.7168240249543008, "Dog": 1.6414002631370588, "5": 1.6202578265632497, "from": 1.5752604606325138, "The": 1.4881839643503878, "of": 1.4502190625258078, "?": 1.2364234725723822, ":": 1.0854542040905986, "(": 0.8428925669192873, ")": 0.8314201657570505, "a": 0.6383830951499704}