{"Bedwars": 24.018641309148432, "Attacking": 20.248915232655, "Survive": 19.0922232923429, "Store": 17.68944282120233, "Building": 16.116389431344192, "Playing": 15.66287899723864, "Murderer": 14.88557118288989, "Stream": 14.604985071979524, "L.O.L": 14.074640966673561, "Live": 13.23497522924102, "Snack": 12.68834660555367, "Squid": 12.226469284375415, "My": 11.68087640296034, "Trying": 11.261718411993026, "Us": 11.024141673857724, "ZOO": 10.993750884779264, "Enemies": 9.915757883313889, "Plane": 9.607456523659373, "Among": 9.540317143210888, "Getting": 9.316484551837364, "Surprise": 9.27885042107682, "Can": 8.699709729526468, "Roblox": 8.588799640323431, "Ever": 8.366475723862266, "Tweens": 8.13593277200489, "DABI": 8.13593277200489, "a.m": 8.13593277200489, "Hangout": 8.13593277200489, "Shack": 8.13593277200489, "at": 8.053759849962017, "Secrets": 7.532969839075737, "Successful": 7.442785591444945, "Giant": 7.386563031029148, "Most": 7.217498967093947, "Magician": 7.037320483336781, "Airships": 7.037320483336781, "a": 6.919393869791187, "Bananas": 6.749638410885, "CHASED": 6.749638410885, "Grocery": 6.749638410885, "Wrecking": 6.749638410885, "Firing": 6.749638410885, "Ronald": 6.749638410885, "Blows": 6.749638410885, "Sharks": 6.749638410885, "Uncovering": 6.749638410885, "Suburban": 6.52649485957079, "Infection": 6.52649485957079, "SUBMARINE": 6.52649485957079, "Jewelry": 6.52649485957079, "Beds": 6.52649485957079, "Ears": 6.52649485957079, "Airship": 6.52649485957079, "Games": 6.494012796643284, "I": 6.345228661384357, "Beans": 6.344173302776835, "Chaotic": 6.344173302776835, "Innocent": 6.344173302776835, "Making": 6.21098970122491, "Retail": 6.190022622949577, "Missiles": 6.190022622949577, "Potions": 6.190022622949577, "Solving": 6.056491230325054, "Magical": 6.056491230325054, "in": 5.9657731557542375, "Disasters": 5.833347679010845, "Carnival": 5.833347679010845, "House": 5.7673186879165215, "Mushroom": 5.73803749920652, "Figure": 5.65102612221689, "BUSINESS": 5.65102612221689, "The": 5.642152081718302, "Evil": 5.635625556321348, "Banana": 5.570983414543353, "Rat": 5.570983414543353, "Potion": 5.570983414543353, "new": 5.549281212590931, "Selling": 5.42788257090268, "Defeating": 5.42788257090268, "Daycare": 5.42788257090268, "!": 5.376545433763026, "Restaurant": 5.363344049765109, "Children": 5.363344049765109, "Will": 5.361223313294378, "Mall": 5.3027194279486745, "STEALING": 5.245561014108726, "Islands": 5.245561014108726, "Famous": 5.245561014108726, "Noobs": 5.245561014108726, "Skyblock": 5.19149379283845, "Crashes": 5.19149379283845, "Dirt": 5.19149379283845, "Minecraft": 5.187158357806728, "BEING": 5.140200498450899, "Powerful": 5.140200498450899, "scary": 5.140200498450899, "Scariest": 5.044890318646575, "Looking": 5.000438556075741, "Cool": 5.000438556075741, "Natural": 4.957878941656944, "Underwater": 4.957878941656944, "Normal": 4.957878941656944, "STARTING": 4.877836233983408, "SHADOW": 4.8400959060005615, "Attacks": 4.8400959060005615, "3AM": 4.803728261829686, "Stealing": 4.768636942018416, "Pirate": 4.768636942018416, "Upgrading": 4.734735390342735, "Running": 4.63942521053841, "Expensive": 4.609572247388729, "?": 4.588650125392588, "Murder": 4.552413833548781, "Treasure": 4.552413833548781, "Winning": 4.498346612278505, "Haunted": 4.498346612278505, "Surviving": 4.472371125875244, "Ship": 4.472371125875244, "Own": 4.472371125875244, ".": 4.437618743479496, "Heist": 4.398263153721522, "Becoming": 4.398263153721522, "To": 4.365234279644026, "Forest": 4.3072913755157956, "Am": 4.285785170294832, "Bunny": 4.285785170294832, "Finding": 4.285785170294832, "house": 4.264731761096999, "Other": 4.223909766576744, "Arcade": 4.223909766576744, "map": 4.2041071392805645, "Theft": 4.165640858452769, "YouTuber": 4.165640858452769, "Round": 4.165640858452769, "Machine": 4.110581081269741, "1st": 3.9615455021092534, "Cars": 3.9615455021092534, "MONSTER": 3.9312401526139245, "Halloween": 3.8874375299555313, "found": 3.8874375299555313, "AN": 3.8592666529888353, "too": 3.8318676788007204, "Save": 3.81844465846858, "Auto": 3.81844465846858, "Diamond": 3.805199431718559, "Magic": 3.779223945315299, "Scary": 3.753906137331009, "Hardcore": 3.753906137331009, "ONLINE": 3.670024653350307, "Everyone": 3.6472964022727505, "Legendary": 3.6250732654880404, "Mystery": 3.592637989734887, "There": 3.5820558804043494, "BY": 3.571584580537054, "People": 3.561221793501508, "Grand": 3.520812255163631, "Horror": 3.399734323610395, "Monster": 3.3652481475392255, "Long": 3.356809278893361, "Our": 3.3484410292228444, "Island": 3.307619034702589, "These": 3.268398321549308, "Party": 3.268398321549308, "Friends": 3.2159518461767655, "Kill": 3.2014588388741987, "Lost": 3.1801057144036298, "ROBLOX": 3.1319864660594314, "Just": 3.036066344180692, "Official": 3.017938959588135, "Make": 2.9597830394310614, "How": 2.88274142696759, "or": 2.8680746129415624, "Have": 2.852729043266902, "Who": 2.837615405456854, "as": 2.817812778160674, "Not": 2.7652947438772277, "Game": 2.7556765351543193, "Out": 2.7514377092158013, "Last": 2.7287610005447718, "Up": 2.697853463081695, "Secret": 2.6387645467116885, "Get": 2.37703099812761, "is": 2.287672689178005, "the": 2.131724654933217, "and": 2.0701617261216807, "my": 1.9313750094362, "With": 1.9034847554543677, "to": 1.7862696984222697, "Is": 1.6902129526193121, "IN": 1.6065139337426653, "for": 1.4352016624570798, "with": 1.3560108645326383, "THE": 1.205438006053264, "4": 1.0601239080265037, "A": 0.7912137178552181, "of": 0.7899225620915981, "'s": 0.7675930856935094, "2": 0.4948485228299763}