{"CRT": 119.63444821672527, "Sega": 90.60410189834991, "Saturn": 71.26449833602406, "Gaming": 49.47316367095871, "Lane": 40.833433753075916, "2600": 37.213927957224726, "Memory": 35.314232230526024, "for": 31.574436574055756, "Atari": 30.282456151625272, "WWF": 22.328356774334836, "Games": 21.64670932214428, "Genesis": 20.1795612745863, "TV": 19.0922232923429, "Bad": 18.79191879635659, "Movie": 15.79599514792158, "Good": 15.46253827542822, "Recent": 13.49927682177, "Wrestlemania": 12.380045245899154, "System": 12.075176723494739, "Finds": 11.66669535802169, "/": 11.431272451097493, "64": 10.87521979646412, "Masters": 10.3829875856769, "NES": 10.182820668562934, "(": 10.045286716914635, ")": 10.045286716914635, "Part": 9.821160872969877, "Nintendo": 9.714278916161938, "Gamer": 8.408214278561129, "Off-World": 8.13593277200489, "Hokotu": 8.13593277200489, "Andretti": 8.13593277200489, "PlayStation": 7.923091004218507, "WCW": 7.442785591444945, "nWo": 7.442785591444945, "Starfighter": 7.037320483336781, "Aladdin": 7.037320483336781, "Gex": 7.037320483336781, "on": 6.763037857004653, "Stations": 6.749638410885, "Hexen": 6.749638410885, "Custom": 6.730496295078451, "Show": 6.647496833264946, "Interceptor": 6.52649485957079, "Daytona": 6.344173302776835, "Wrestling": 6.056491230325054, "&": 6.054469636067289, "Ken": 5.9387081946686715, "Troopers": 5.73803749920652, "Volume": 5.570983414543353, "Circuit": 5.42788257090268, "Cyber": 5.363344049765109, "Shooting": 5.3027194279486745, "Rampage": 5.19149379283845, "Doom": 5.044890318646575, "Superhero": 4.957878941656944, "PS1": 4.803728261829686, "USA": 4.701945567519744, "Trailer": 4.6198653292488805, "Book": 4.609572247388729, "Force": 4.609572247388729, "-": 4.603867694670422, "Jungle": 4.525014859360666, "Virtual": 4.525014859360666, "Championship": 4.422360705300583, "2000": 4.264731761096999, "Arcade": 4.223909766576744, "Game": 4.133514802731479, "Fighting": 4.1285995867724194, "Really": 4.041588209782789, "Collection": 3.8318676788007204, "Resident": 3.705115973161577, "Revenge": 3.61414419495585, "Tour": 3.592637989734887, "S": 3.4724936778928233, "Racing": 3.4724936778928233, "Master": 3.291745685546299, "Fire": 3.2232778862688383, "Pro": 2.9485469661641357, "House": 2.8836593439582607, "Evil": 2.817812778160674, "Edition": 2.7652947438772277, "Your": 2.504720990183525, "No": 2.292388354973531, "1": 2.2298557538498014, "Battle": 2.1394806833858695, "On": 2.119775612306537, "World": 1.8821039604294174, "In": 1.4934459706376344, "My": 1.4601095503700425, "2": 0.9896970456599526, "3": 0.7644434767906133, ",": 0.7058186334430898, "!": 0.5376545433763026, "The": 0.4701793401431918}