{"GARNIER": 109.31083280496972, "BLENDS": 109.31083280496972, "Garnier": 102.74595628490428, "LOVING": 86.7787020308923, "RINSE": 39.03958314463204, "CONDITIONER": 35.57384724183231, "Vitamine": 31.231666515705633, "MILDE": 31.231666515705633, "HAVER": 31.231666515705633, "AVOCADO": 26.837217361033193, "Micellair": 23.423749886779227, "OLIE": 23.423749886779227, "SHEA": 23.423749886779227, "BOTER": 23.423749886779227, "SkinActive": 21.34430834509939, "Serum": 17.49571769776505, "C": 16.47614869924989, "Anti-Pigmentvlekken": 15.615833257852817, "Geographic": 15.615833257852817, "Anti-Dark": 15.615833257852817, "reinigingswater": 15.615833257852817, "Honing": 15.615833257852817, "Goud": 15.615833257852817, "Blends": 14.229538896732926, "NL": 12.843244535613035, "|": 12.511290340822917, "SHAMPOO": 12.396957432984616, "NO": 11.699282438956386, "Loving": 11.010663071864725, "Spot": 10.337718598622299, "National": 9.526788382405972, "Fan": 7.873431236037035, "besparen": 7.807916628926408, "beautyroutine": 7.807916628926408, "Kan": 7.807916628926408, "verpakking": 7.807916628926408, "beautyproducten": 7.807916628926408, "duurzamer": 7.807916628926408, "Ambre": 7.807916628926408, "Zonnebrand": 7.807916628926408, "gevoelige": 7.807916628926408, "Hypoallergeen": 7.807916628926408, "Trueview": 7.807916628926408, "Hydrabomb": 7.807916628926408, "Pommegrenate": 7.807916628926408, "Dagcr\u00e8me": 7.807916628926408, "alles-in-1": 7.807916628926408, "reiniginswater": 7.807916628926408, "\u2013": 7.267058718061543, "kunnen": 7.114769448366463, "Solaire": 7.114769448366463, "huid": 7.114769448366463, "CRUELTY": 6.709304340258298, "SOLID": 6.709304340258298, "INTERNATIONAL": 6.421622267806518, "Packaging": 6.421622267806518, "Rosy": 6.421622267806518, "onze": 6.198478716492308, "Bio": 6.198478716492308, "Green": 5.911772730013583, "Sensitive": 5.610692051590189, "Hoe": 5.242967271464872, "Sheet": 4.974703284870192, "Beauty": 4.931164753923195, "de": 4.556975082829971, "Expert": 4.512079762922079, "voor": 4.440620798939935, "KIDS": 4.373929424441262, "GREEN": 4.311409067459929, "van": 4.252568567436995, "water": 4.144354982796762, "Glow": 4.023726995008147, "Mask": 3.4771832886400773, "FREE": 3.2861280518773683, "is": 3.1274994565253444, "we": 3.0372320044607437, "x": 2.932719305725257, "BEAUTY": 2.866274206317104, "Water": 2.852089571325148, "&": 1.7582424109138786, "in": 1.4794892570767335, "+": 1.3830476050210205, "-": 1.3380992579617697, "?": 1.2771332245116178, "1": 1.148622709242771, ".": 1.1258080314765997, "3": 1.0556462527846664, "(": 0.7735286990109054, ")": 0.7526037855866569}