{"Gecko": 186.7218977157884, "Garage": 135.57945494863566, "Trucks": 123.41550170539071, "Cartoons": 112.80630049808337, "Children": 77.00797504180773, "Kids": 61.03225545499564, "For": 44.900263154418184, "'s": 24.777016670255822, "|": 23.22295023107311, "Weasel": 22.123664306532007, "Grandma": 21.231090101275168, "Car": 13.830852659271232, "Truck": 13.22517010043467, "Wash": 12.433865146539333, "Bobby": 11.637196298169565, "Thief": 10.250901937049674, "!": 9.85010111163451, "Chase": 9.554288548513243, "Baby": 9.538443778398545, "Trouble": 9.229250689517693, "Gone": 8.782963586889274, "Flying": 8.352740827655383, "Rescue": 7.842956328397802, "Sports": 7.69831500523855, "Cake": 7.652335968789153, "It\u2026": 7.610357618312838, "Ouch": 7.610357618312838, "Sleepwalks": 7.610357618312838, "Party": 7.099829215532837, "Plan": 7.099829215532837, "Wrong": 6.998967508279053, "Pacifier": 6.9172104377528925, "Mechanicals": 6.9172104377528925, "Caravan": 6.9172104377528925, "Birthday": 6.639796354328893, "Tyres": 6.511745329644728, "Sleepwalking": 6.511745329644728, "Lost": 6.507297583246491, "Bus": 6.2434424971613955, "Asleep": 6.000919705878737, "Kat": 5.664447469257524, "Falls": 5.307772525318792, "Throw": 5.212462345514467, "Accident": 5.212462345514467, "Carnival": 5.125450968524837, "Base": 4.971300288697579, "Visits": 4.971300288697579, "Hurt": 4.902307417210627, "Dress": 4.7199858604166725, "Teddy": 4.665918639146397, "Up": 4.654307779149698, "Balloon": 4.432303787964892, "Fly": 4.391481793444637, "Seek": 4.352261080291355, "Treasure": 4.352261080291355, "Hide": 4.209160236650682, "Introducing": 4.113850056846357, "Crisis": 4.055009556823424, "Don": 3.946795972183191, "Hunt": 3.946795972183191, "Fix": 3.921478164198901, "Adventure": 3.803695128542518, "Energy": 3.718537320202211, "Rainbow": 3.6591138997314103, "Box": 3.567306350478287, "Her": 3.420702876286412, "Monster": 3.4056649989218712, "Going": 3.4056649989218712, "Green": 3.2796242780265064, "Fire": 3.0564807267122966, "t": 2.928226391188618, "Go": 2.599722324216582, "the": 2.396574523849882, "It": 1.8641544277726843, "New": 1.6015444328702424, "\u2019": 1.5606241630808797, "Is": 1.5489006993848207, "to": 1.2383614623832562, "is": 1.2201169512474876, "What": 1.2184405049202354, "and": 1.1731973271487888, "The": 1.1309050023669336, "on": 1.1257223826775857, "with": 0.9383246728517702, "a": 0.6711036722713294, "in": 0.660501163312065, "?": 0.5550447749730857}