{"Husky": 146.7629355632527, "Girlfriend": 43.89826772848528, "My": 40.048251330705185, "..": 37.76836688160424, "Gohan": 35.4836068924738, "Raw": 28.192956634178337, "Huskies": 21.031748102992978, "Reacts": 19.593337740734075, "With": 18.008494507856614, "Looks": 17.5546847095702, "!": 16.68488770601509, "ASMR": 16.562658722882496, "Alone": 15.354499361893113, "His": 15.070523398945129, "Meat": 14.698490403475624, "30,000": 14.193442756989521, "his": 13.421453844798528, "Leaving": 12.972397968764938, "Prefer": 12.80714839586963, "Beef": 11.996218179653301, "We": 11.342038205962295, "Like": 10.909094104110954, "Food": 10.809088895289285, "Pool": 10.62411995101604, "Steak": 10.60992381853341, "Meets": 10.377405656305124, "$": 10.077155280634177, "Chicken": 9.739721330354104, "Surprising": 9.58827257100143, "saved": 9.58827257100143, "Pokemon": 9.22362945741352, "Ever": 8.76700232579737, "Whole": 8.648265312509958, "my": 8.584120124771504, "Breakfast": 8.104397881542674, "Do": 8.036500173049506, "What": 7.997765766007792, "favorite": 7.922454325131221, "Tries": 7.755691107253119, "Much": 7.601769024980863, "Swimming": 7.5290337366391125, "with": 7.4336391008513525, "Home": 7.188723038107032, "CRUNCHIEST": 7.0967213784947605, "GOHAN": 7.0967213784947605, "9TH": 7.0967213784947605, "Friendliest": 7.0967213784947605, "argues": 7.0967213784947605, "Cereal": 7.0967213784947605, "Eruption": 7.0967213784947605, "BLK": 7.0967213784947605, "buffet": 7.0967213784947605, "Inside": 7.0264048800773, "Ice": 6.918270437536749, "Goes": 6.8663194647302275, "Surprise": 6.766298623580905, "Trying": 6.493147553569403, "Box": 6.409802160768267, "Stung": 6.403574197934815, "Flopping": 6.403574197934815, "Hallway": 6.403574197934815, "REFUSES": 6.403574197934815, "Obstacles": 6.403574197934815, "Wagyu": 6.403574197934815, "Base": 6.403574197934815, "a": 6.383830951499704, "puppy": 6.290955319826666, "dog": 6.278325217647904, "Got": 6.178776386524579, "Cooked": 5.9981090898266505, "seek": 5.9981090898266505, "fostering": 5.9981090898266505, "Spy": 5.9981090898266505, "STREAM": 5.9981090898266505, "Dressing": 5.9981090898266505, "foods": 5.9981090898266505, "Puppies": 5.754427346637307, "Eating": 5.725229747795002, "Wasp": 5.71042701737487, "Reunites": 5.71042701737487, "Dramatic": 5.71042701737487, "Dalmatian": 5.71042701737487, "Booster": 5.71042701737487, "1999": 5.71042701737487, "Parts": 5.48728346606066, "Bathing": 5.48728346606066, "BBQ": 5.48728346606066, "Encounters": 5.48728346606066, "to": 5.319269531438235, "Rarest": 5.304961909266705, "Wrap": 5.304961909266705, "girlfriend": 5.304961909266705, "couch": 5.304961909266705, "Lab": 5.304961909266705, "Expensive": 5.304961909266705, "Opens": 5.304961909266705, "Charity": 5.304961909266705, "Thru": 5.304961909266705, "turned": 5.304961909266705, "Fish": 5.261626519680353, "The": 5.2086438752263575, "get": 5.19382341632899, "By": 5.171723743955821, "For": 5.1643289124317855, "Shed": 5.150811229439447, "seconds": 5.150811229439447, "Pranked": 5.150811229439447, "Korean": 5.150811229439447, "Avoid": 5.150811229439447, "Cheap": 5.150811229439447, "Wash": 5.150811229439447, "or": 5.0856889737884385, "(": 5.057355401515723, "double": 5.017279836814924, "Apart": 5.017279836814924, "FAVORITE": 5.017279836814924, "Volcano": 5.017279836814924, ")": 4.988520994542303, "Dog": 4.924200789411176, "Plastic": 4.899496801158541, "hide": 4.899496801158541, "Reviews": 4.899496801158541, "Asking": 4.899496801158541, "Types": 4.794136285500715, "8th": 4.794136285500715, "paw": 4.794136285500715, "Thanksgiving": 4.69882610569639, "125": 4.69882610569639, "BIRTHDAY": 4.61181472870676, "Turns": 4.531772021033223, "Prank": 4.531772021033223, "Alligator": 4.531772021033223, "Cream": 4.531772021033223, "GoPro": 4.531772021033223, "Feet": 4.457664048879502, "Gorilla": 4.457664048879502, "Contest": 4.457664048879502, "Crab": 4.457664048879502, "Wait": 4.38867117739255, "Late": 4.38867117739255, "Eye": 4.324132656254979, "React": 4.324132656254979, "Turkey": 4.263508034438544, "Join": 4.263508034438544, "bad": 4.206349620598596, "news": 4.206349620598596, "Playtime": 4.206349620598596, "Break": 4.206349620598596, "Set": 4.206349620598596, "'s": 4.185699572149187, "Of": 4.119537552162262, "treats": 4.100989104940769, "find": 4.100989104940769, "Cup": 4.100989104940769, "alone": 4.100989104940769, "Hamster": 4.052198940771337, "lost": 4.052198940771337, "vs": 4.005942355375995, "only": 4.005678925136444, "having": 4.005678925136444, "Opening": 3.9612271625656104, "Drive": 3.9612271625656104, "Grooming": 3.9186675481468147, "First": 3.8868595679939624, "Shark": 3.8778455536265595, "Turtle": 3.8778455536265595, "could": 3.8386248404732783, "Time": 3.8186711453080107, "Is": 3.8075290552090997, "Hair": 3.8008845124904314, "Scary": 3.8008845124904314, "Left": 3.8008845124904314, "Eats": 3.7645168683195562, "HUGE": 3.7645168683195562, "?": 3.7092704177171463, "Treats": 3.695523996832605, "Stream": 3.695523996832605, "Own": 3.662734174009614, "Week": 3.570360853878599, "Meeting": 3.51320244003865, "Favorite": 3.4858034658505357, "Beach": 3.4858034658505357, "Shepherd": 3.4331597323651137, "Loves": 3.3831493117904525, "German": 3.3831493117904525, "Camera": 3.3831493117904525, "A": 3.379269981315486, "Way": 3.359051760211392, "Friend": 3.359051760211392, "Cutest": 3.2465737767847016, "Full": 3.2465737767847016, "*": 3.2049010803841336, "To": 3.1991063064031167, "Morning": 3.184698373066614, "In": 3.1827796851247947, "Into": 3.145477659913333, "Challenge": 3.1264294649426385, "gets": 3.0713696877596113, "LIVE": 3.0713696877596113, "Making": 3.05367011066021, "Car": 3.05367011066021, "Eat": 3.036278367948341, "back": 3.0023768162726596, "'S": 2.9223341085991232, "over": 2.9223341085991232, "who": 2.907066636468335, "Night": 2.907066636468335, "Year": 2.848226136445401, "Compilation": 2.8340415014534446, "Birthday": 2.806261937346369, "and": 2.7858557327437565, "Gets": 2.77923326495845, "Does": 2.77923326495845, "Black": 2.7529159566410764, "Giant": 2.7400125518051683, "Feeding": 2.7272735260277385, "100": 2.714694743820879, "home": 2.714694743820879, "but": 2.714694743820879, "|": 2.694656785173014, "20": 2.677880770698162, "Have": 2.677880770698162, "How": 2.6630605514198313, "Animals": 2.596911708164495, "Our": 2.511753899824188, "Two": 2.511753899824188, "as": 2.4915511925066687, "I": 2.489037797440572, "After": 2.481600861653501, "Water": 2.4619923902651246, "Live": 2.4238925440328543, "have": 2.360522930100265, "All": 2.3517892501315103, "Funny": 2.2845370231223425, "Are": 2.2764398128897234, "World": 2.244691114575143, "on": 2.2407409383936527, "me": 2.198881578543849, "Video": 2.1694676933375554, "up": 2.1408943208934996, "Best": 2.1269080789187598, "Your": 2.0794415416798357, "When": 2.072840857648484, "Dogs": 2.0404755731464523, "the": 1.9482465478606412, "this": 1.9376660792802312, "On": 1.9093355726540053, "are": 1.8656127616401736, "This": 1.828863219431432, "n't": 1.7835153994529729, "Baby": 1.6895496070346414, "New": 1.5672922909833369, "of": 1.4502190625258078, "at": 1.3633801015970148, "for": 0.9941627838811914, "in": 0.7132147436107544}