{"GLR": 106.54500665637973, "Tutorials": 35.87815677967386, "PHOTOSHOP": 22.831072854938512, "WE'AR": 22.831072854938512, "je": 22.82917590294707, "Zo": 20.751631313258677, "het": 19.108577097026487, "Dit": 18.002759117636213, "Esports": 18.002759117636213, "Adobe": 14.706922251631882, "maak": 13.834420875505785, "met": 13.557945494863565, "Dag": 13.023490659289456, "opleiding": 13.023490659289456, "nieuwe": 12.448126514385894, "|": 12.385573456572326, "de": 11.316250437976844, "op": 9.554288548513243, "een": 9.331837278292793, "!": 9.193427704192208, "van": 8.289243431026222, "Open": 7.793571103217059, "ZO": 7.610357618312838, "SNEL": 7.610357618312838, "Ontspannen": 7.610357618312838, "hardgaan": 7.610357618312838, "Battlezone": 7.610357618312838, "werkt": 7.610357618312838, "PERSPECTIEF": 7.610357618312838, "erbij": 7.610357618312838, "vanaf": 7.610357618312838, "XI-lokaal": 7.610357618312838, "ons": 7.610357618312838, "XI-LOKAAL": 7.610357618312838, "hotellobby": 7.610357618312838, "ALLES": 7.610357618312838, "DRUKWERK": 7.610357618312838, "TRACKING": 7.610357618312838, "WERKT": 7.610357618312838, "PROJECTWEEK": 7.610357618312838, "Mediavormgevers": 7.610357618312838, "PRESENTEER": 7.610357618312838, "JEZELF": 7.610357618312838, "DIGITAAL": 7.610357618312838, "KARAKTER": 7.610357618312838, "generatie": 7.610357618312838, "ondernemers": 7.610357618312838, "sweater": 7.610357618312838, "Kerstsokken": 7.610357618312838, "Mediavormgever": 7.610357618312838, "Grafisch": 7.610357618312838, "Lyceum": 7.610357618312838, "AUDITION": 7.610357618312838, "november": 7.610357618312838, "NIEUWSTE": 7.610357618312838, "FEATURES": 7.610357618312838, "Kantine": 7.610357618312838, "opleidingen": 7.610357618312838, "Onze": 7.610357618312838, "MOODBOARD": 7.610357618312838, "echte": 7.610357618312838, "MBO": 7.610357618312838, "Redactiemedewerker": 7.610357618312838, "alumni-netwerk": 7.610357618312838, "terug": 7.610357618312838, "succes": 7.610357618312838, "schooljaar": 7.610357618312838, "Jouw": 7.610357618312838, "AV-Specialist": 7.610357618312838, "GoRocket": 7.610357618312838, "MAAK": 6.9172104377528925, "maart": 6.9172104377528925, "krijgen": 6.9172104377528925, "SYSTEMS": 6.9172104377528925, "DEVICES": 6.9172104377528925, "weten": 6.9172104377528925, "DIT": 6.9172104377528925, "HOE": 6.9172104377528925, "SURF": 6.9172104377528925, "BESTE": 6.9172104377528925, "POSTS": 6.9172104377528925, "ALLE": 6.9172104377528925, "werken": 6.9172104377528925, "deze": 6.9172104377528925, "schrijven": 6.9172104377528925, "lid": 6.9172104377528925, "toekomst": 6.9172104377528925, "IT": 6.723724752526957, "Studenten": 6.511745329644728, "ook": 6.511745329644728, "heeft": 6.511745329644728, "ALS": 6.511745329644728, "Rotterdam": 6.511745329644728, "vind": 6.511745329644728, "studenten": 6.511745329644728, "Maak": 6.511745329644728, "alleen": 6.511745329644728, "Welkom": 6.511745329644728, "Space": 6.312020644118659, "JE": 6.224063257192947, "nu": 6.224063257192947, "Waarom": 6.224063257192947, "wat": 6.224063257192947, "moet": 6.224063257192947, "PODCAST": 6.224063257192947, "Merch": 6.224063257192947, "dit": 6.224063257192947, "jij": 6.000919705878737, "INSTAGRAM": 6.000919705878737, "MAX": 6.000919705878737, "Een": 5.8185981490847825, "Devices": 5.530916076633002, "SOCIAL": 5.413133040976618, "Express": 5.413133040976618, "OVER": 5.413133040976618, "zijn": 5.413133040976618, "CAMERA": 5.307772525318792, "camera": 4.837768896073056, "review": 4.565835180589414, "Systems": 4.432303787964892, "Event": 4.391481793444637, "les": 4.352261080291355, "2021": 4.226378786039271, "Highlights": 4.113850056846357, "VIDEO": 4.055009556823424, "Word": 3.803695128542518, "Winter": 3.585005927577688, "IS": 3.4359703484172, "'S": 3.376251113715578, "in": 3.302505816560325, "De": 3.2796242780265064, "2022": 3.1593447161031487, "Tutorial": 3.1560103220593296, "Was": 2.8312341252013082, "?": 2.7752238748654285, "en": 2.6977027325767855, "is": 2.4402339024949753, "12": 2.417400767422627, "do": 2.2350792106286725, "Video": 1.975568015143588, "6": 1.9508754025532165, "you": 1.9439309302004053, "&": 1.6159257099770534, "Is": 1.5489006993848207, "What": 1.2184405049202354, "(": 0.7581150492609593, ")": 0.7486462778321072, ",": 0.4955881699463743}