{"\u0928\u0947": 80.86068832334203, "\u0926\u0941\u0915\u093e\u0928\u0926\u093e\u0930": 76.18154716821515, "end": 74.75411654767237, "till": 73.7468189719963, "wait": 65.6993092627154, "\u0915\u093e": 48.84757402054715, "chuna": 45.712454266022476, "end\ud83e\udd23\ud83e\udd23\ud83e\udd23": 38.09371188835207, "\u0915\u094b": 37.82696495819399, "twist": 32.60065044501152, "\u092a\u0921\u093c": 30.474969510681653, "\u0926\u093f\u092f\u093e\ud83e\udd23\ud83e\udd23\ud83e\udd23": 30.474969510681653, "\u0917\u092f\u093e\ud83e\udd23\ud83e\udd23\ud83e\udd23": 30.474969510681653, "\u0932\u0917\u093e": 30.046522326181563, "\u0935\u093e\u0932\u0947": 27.696504179952885, "\u0917\u092f\u093e": 25.268965101044387, "for": 24.599710264411467, "watch": 24.211340635285822, "ko": 23.30793163376943, "\u0915\u0940": 23.11505052058211, "\u0917\u094d\u0930\u093e\u0939\u0915": 22.856227133011238, "\u091a\u0941\u0928\u093e\ud83e\udd23\ud83e\udd23\ud83e\udd23": 22.856227133011238, "\u0909\u0932\u091d\u093e": 22.856227133011238, "\ud83e\udd23\ud83e\udd23\ud83e\udd23": 22.15720334396231, "\u0926\u093f\u092f\u093e": 21.26462913870547, "\u0932\u0917\u093e\u092f\u093e": 20.776785591331404, "laga": 19.56039026700691, "\u091a\u0941\u0928\u093e": 19.56039026700691, "ke": 19.384614621722527, "||": 16.851235678105272, "Watch": 15.484769003106864, "lag": 15.237484755340827, "\u0924\u0930\u0940\u0915\u093c\u093e\ud83e\udd23\ud83e\udd23\ud83e\udd23": 15.237484755340827, "\u091a\u0942\u0928\u093e": 15.237484755340827, "rocked": 15.237484755340827, "sath": 15.237484755340827, "dhoka": 15.237484755340827, "\u092b\u093c\u094d\u0930\u0940": 15.237484755340827, "\u092e\u0939\u0901\u0917\u093e": 15.237484755340827, "\u092a\u0921": 15.237484755340827, "\u092e\u0947\u0902": 14.538460966291895, "grahak": 13.851190394220936, "diya": 13.851190394220936, "\u092c\u0947\u0935\u0915\u093c\u0942\u092b\u093c": 13.851190394220936, "wale": 13.851190394220936, "gaya": 13.040260178004607, "shocked": 13.040260178004607, "juice": 13.040260178004607, "\u091a\u094b\u0930": 12.464896033101045, "Gaya": 11.078601671981154, "police": 10.632314569352735, "the": 10.48316468540815, "Wait": 9.571058067228394, "\ud83d\ude02\ud83d\ude02\ud83d\ude02": 9.456741239548498, "ne": 9.246020208232844, "\u0915\u0947": 9.148439879893981, "ka": 8.799733105604425, "Police": 7.624159775800187, "diya\ud83e\udd23\ud83e\udd23\ud83e\udd23\ud83e\udd23": 7.618742377670413, "effects\ud83e\udd23\ud83e\udd23\ud83e\udd23": 7.618742377670413, "\u0939\u0947\u0915\u0921\u093c\u0940": 7.618742377670413, "\u0926\u0940\ud83e\udd23\ud83e\udd23\ud83e\udd23": 7.618742377670413, "\u092c\u0947\u091c\u094d\u091c\u0924\u0940": 7.618742377670413, "end\ud83e\udd23\ud83e\udd23\ud83e\udd23\ud83e\udd23": 7.618742377670413, "Jadu": 7.618742377670413, "uljha": 7.618742377670413, "ko\ud83e\udd23\ud83e\udd23\ud83e\udd23": 7.618742377670413, "gumrah": 7.618742377670413, "discount": 7.618742377670413, "\u0926\u0930\u094b\u0917\u093c\u093e": 7.618742377670413, "\u092a\u0915\u0921\u093c\u093e\ud83e\udd23\ud83e\udd23\ud83e\udd23watch": 7.618742377670413, "bhikari": 7.618742377670413, "\u0930\u0941\u0924\u092c\u093e\ud83e\udd23\ud83e\udd23\ud83e\udd23": 7.618742377670413, "\u0926\u093f\u092f\u093e\ud83e\udd23\ud83e\udd23\ud83e\udd23\ud83e\udd23wait": 7.618742377670413, "\u092e\u091a": 7.618742377670413, "\u0936\u094b\u0930": 7.618742377670413, "end\ud83e\udd23\ud83e\udd23": 7.618742377670413, "chalaak": 7.618742377670413, "dost": 7.618742377670413, "gaya\ud83e\udd23\ud83e\udd23\ud83e\udd23": 7.618742377670413, "\u091b\u094b\u0921\u093c\u0915\u0930": 7.618742377670413, "\u0928\u0924\u0940\u091c\u093e\ud83e\udd23\ud83e\udd23\ud83e\udd23": 7.618742377670413, "rupey": 7.618742377670413, "lene": 7.618742377670413, "technology\ud83e\udd23\ud83e\udd23\ud83e\udd23": 7.618742377670413, "\u091a\u094b\u0930\ud83e\udd23\ud83e\udd23\ud83e\udd23\ud83e\udd23": 7.618742377670413, "\u091d\u091f\u0915\u093e\ud83e\udd23\ud83e\udd23\ud83e\udd23": 7.618742377670413, "\u0932\u093f\u092f\u093e\ud83e\udd23\ud83e\udd23\ud83e\udd23\ud83e\udd23": 7.618742377670413, "\u0938\u093f\u0916\u093e\u092f\u093e": 7.618742377670413, "\u092a\u0947\u0938\u0947": 7.618742377670413, "\u0915\u092e\u093e\u0928\u0947": 7.618742377670413, "jito": 7.618742377670413, "\u092e\u0939\u0901\u0917\u0940": 7.618742377670413, "\u0917\u0908\ud83e\udd23\ud83e\udd23\ud83e\udd23": 7.618742377670413, "\u092c\u0941\u0932\u0947\u091f": 7.618742377670413, "\u0926\u093f\u092f\u093e\ud83e\udd23\ud83e\udd23\ud83e\udd23\ud83e\udd23": 7.618742377670413, "\u0915\u0947\u0938\u093e": 7.618742377670413, "\u092e\u091c\u093c\u093e\u0915\u093c\ud83e\udd23\ud83e\udd23\ud83e\udd23": 7.618742377670413, "\u091a\u0942\u0928\u093e\ud83e\udd23\ud83e\udd23\ud83e\udd23": 7.618742377670413, "\u0932\u0917\u093e\u092f\u093e\ud83e\udd23\ud83e\udd23\ud83e\udd23": 7.618742377670413, "\u0926\u094b\u0928\u094b": 7.618742377670413, "\u092d\u093e\u0907\u092f\u094b\u0902": 7.618742377670413, "\u092c\u094b\u0932\u0928\u093e": 7.618742377670413, "\u0926\u0940\ud83e\udd23\ud83e\udd23\ud83e\udd23\u0964\u0964": 7.618742377670413, "sharaabi": 7.618742377670413, "pi": 7.618742377670413, "petrol\ud83e\udd23\ud83e\udd23\ud83e\udd23": 7.618742377670413, "\u0928\u094b\u091f": 7.618742377670413, "mehnaga": 7.618742377670413, "pada": 7.618742377670413, "\u092c\u0947\u0935\u0915\u093c\u0942\u092b\u093c\ud83e\udd23\ud83e\udd23\ud83e\udd23": 7.618742377670413, "lagaya": 7.618742377670413, "chuna\ud83e\udd23\ud83e\udd23\ud83e\udd23": 7.618742377670413, "\u0909\u0924\u093e\u0930\u0940": 7.618742377670413, "\u0932\u0942||": 7.618742377670413, "rummycircle": 7.618742377670413, "dukaandar": 7.618742377670413, "\u091c\u0947\u0938\u0947": 7.618742377670413, "\u0924\u0947\u0938\u093e\ud83e\udd23\ud83e\udd23\ud83e\udd23": 7.618742377670413, "\u092a\u0947\u0930": 7.618742377670413, "\u0924\u0915\u0932\u0940\u092b\u093c": 7.618742377670413, "\u0926\u0942\u0930": 7.618742377670413, "\u0915\u0930\u0926\u0940\ud83e\udd23\ud83e\udd23\ud83e\udd23": 7.618742377670413, "diya\ud83d\udc4c": 7.618742377670413, "20\u20b9": 7.618742377670413, "\u0924\u0930\u0940\u0915\u093c\u093e": 7.618742377670413, "fas": 7.618742377670413, "jaal": 7.618742377670413, "me\ud83e\udd23\ud83e\udd23\ud83e\udd23watch": 7.618742377670413, "Grahak": 7.618742377670413, "pese": 7.618742377670413, "rakhega\ud83e\udd23\ud83e\udd23\ud83e\udd23": 7.618742377670413, "\ud83d\ude0d\ud83e\udd23\ud83e\udd23\ud83e\udd23\ud83e\udd23": 7.618742377670413, "he\ud83e\udd23\ud83e\udd23\ud83e\udd23": 7.618742377670413, "Bhikhari": 7.618742377670413, "hua\ud83e\udd23\ud83e\udd23\ud83e\udd23wait": 7.618742377670413, "\u0928\u094b\u0915\u0930": 7.618742377670413, "\u0935\u093e\u0908": 7.618742377670413, "\u0938\u0930\u094d\u0924\ud83e\udd23\ud83e\udd23": 7.618742377670413, "\u092c\u094d\u0930\u093e\u0902\u0921\ud83e\udd23\ud83e\udd23\ud83e\udd23": 7.618742377670413, "\u092a\u094b\u092a\u091f": 7.618742377670413, "Barbar": 7.618742377670413, "\u091c\u094d\u091e\u093e\u0928": 7.618742377670413, "\u0924\u0930\u092c\u0942\u091c\u093c": 7.618742377670413, "\u092e\u091c\u093c\u093e\u0915\u093c": 7.618742377670413, "\u091c\u0947\u0938\u0940": 7.618742377670413, "\u0935\u0947\u0938\u0940": 7.618742377670413, "\u092d\u0930\u0928\u0940\ud83e\udd23\ud83e\udd23\ud83e\udd23": 7.618742377670413, "\u091a\u0932\u0928\u093e": 7.618742377670413, "\u092e\u0939\u0901\u0917\u093e\ud83e\udd23\ud83e\udd23\ud83e\udd23": 7.618742377670413, "500": 7.580201962362636, "offer": 6.925595197110468, "\u0930\u0902\u0917\u0947": 6.925595197110468, "\u0915\u093e\u091f": 6.925595197110468, "490": 6.925595197110468, "\u0932\u0942\u091f": 6.925595197110468, "\u092a\u0942\u0930\u0940": 6.925595197110468, "\u092d\u093f\u0915\u093e\u0930\u0940": 6.925595197110468, "\u092e\u093f\u0932\u0915\u0930": 6.925595197110468, "\u092e\u0939\u0902\u0917\u093e": 6.925595197110468, "\u092a\u0939\u0928\u093e": 6.925595197110468, "\u0915\u092a\u0921\u093c\u0947": 6.925595197110468,