{"XXLIVE": 112.453042070943, "grandson": 88.07055560837466, "EPISODE": 57.29116331883622, "Optimist": 24.0970804437735, "[": 22.52637954371769, "]": 22.52637954371769, "Reyez": 22.017638902093665, "DIARY": 19.2687667064712, "Jessie": 17.50540671176484, "Rain": 14.322790829709055, "Kesha": 13.867495718512782, "Suicide": 13.29213157360922, "ARENA": 12.48120135739289, "Barker": 12.172899997738375, "RAIN": 11.90583721248933, "Death": 11.715677288638226, "Travis": 10.934821580925927, "Audio": 10.342178007761785, "Squad": 10.073255748741019, "Movie": 10.023036797086071, "Drop": 9.6269686461126, "VIDEO": 9.005766679596196, "An": 8.94751242202489, ":": 8.690769254602184, "EDITION": 8.45139531630836, "Dead": 8.20106903040035, "OFFICIAL": 8.20106903040035, "CHEESESTEAKS": 8.0323601479245, "DOAO": 8.0323601479245, "MORELLO": 8.0323601479245, "GRANDSON": 8.0323601479245, "Idris": 8.0323601479245, "Elba": 8.0323601479245, "Mensa": 8.0323601479245, "lollapalooza": 8.0323601479245, "20-": 8.0323601479245, "19-": 8.0323601479245, "HATTER": 8.0323601479245, "9:36-": 8.0323601479245, "15-": 8.0323601479245, "VIBIN": 8.0323601479245, "14-": 8.0323601479245, "HIATUS": 8.0323601479245, "DE'WAYNE": 8.0323601479245, "DIGITS": 8.0323601479245, "Official": 7.875565129393145, "//": 7.810451525758817, "SHOW": 7.715945756057726, "Part": 7.581085835976412, "grubhub": 7.339212967364555, "DRAGONS": 7.339212967364555, "\ud83d\udc09": 7.339212967364555, "RELEASING": 7.339212967364555, "Vic": 7.339212967364555, "TALES": 7.339212967364555, "IDK": 7.339212967364555, "MERCURY": 6.933747859256391, "IMAGINE": 6.933747859256391, "Masked": 6.933747859256391, "XX": 6.933747859256391, "PANDEMIC": 6.64606578680461, "partner": 6.4229222354904, "4TH": 6.4229222354904, "Philadelphia": 6.240600678696445, "MY": 6.122686802449555, "Of": 6.1151961618537936, "TOUR": 6.111252811007852, "IDOL": 6.086449998869187, "AKA": 6.086449998869187, "JULY": 5.952918606244665, "DIRTY": 5.835135570588281, "SOLD": 5.729775054930455, "ZERO": 5.729775054930455, "MENTAL": 5.729775054930455, "HEALTH": 5.63446487512613, "ft.": 5.613226948422598, "ALBUM": 5.5474534981365, "SUBSCRIBER": 5.5474534981365, "DOUBLE": 5.467410790462964, "@": 5.314163480480671, "(": 5.213596553303436, "TOM": 5.199146803868285, "PINK": 5.199146803868285, "FIRST": 5.171245552516381, "cool": 5.141988390028335, ")": 5.109046069380222, "MAD": 4.987837710201077, "TATTOO": 4.941317694566185, "fans": 4.896865931995351, "MILLION": 4.896865931995351, "GOES": 4.896865931995351, "Wolf": 4.854306317576555, "The": 4.77612483102094, "DEATH": 4.774263609903018, "biggest": 4.736523281920172, "W/": 4.736523281920172, "Edit": 4.566624245124774, "JUST": 4.53585258645802, "-": 4.447880817124406, "ad": 4.394773988198114, "something": 4.394773988198114, "Oh": 4.394773988198114, "MUSIC": 4.248170514006239, "500": 4.1822125462144415, "from": 4.086797462069274, "&": 4.067252201527201, "see": 3.889225421532968, "PARTY": 3.857972878028863, "Want": 3.7419007067761094, "1": 3.7099631182529587, "with": 3.643588729411052, "Scenes": 3.4372402977899106, "MET": 3.341012265695357, "17": 3.2961616995300047, "21": 3.278769956818136, "FROM": 3.2448684051424546, "18": 3.2283391031912436, "BABY": 3.2283391031912436, "Behind": 3.1960782409730224, "16": 3.0419275611457643, "BACK": 2.9447638126921163, "13": 2.8733048487099713, "!": 2.8234938079008027, "OUT": 2.795918185094551, "11": 2.774864775896719, "12": 2.551721224582509, "No": 2.3975705447552507, "$": 2.302260364950926, "WITH": 2.2925672357452664, "OF": 2.1434821895916194, "#": 2.0350915932979112, "10": 1.7920843027537308, "my": 1.7727786838595776, "IN": 1.711591853673918, "A": 1.6430833889045602, "THE": 1.5787351490318087, "...": 1.45728430732488, "3": 1.2918407883182772, "for": 1.2377735670480012, "?": 1.192664663145304, "I": 1.0229512152158635, "2": 0.9900739759847571, "of": 0.9770473045847486, "to": 0.9151546447601561, "in": 0.8684134635819533, ",": 0.5951537810532077}