{"Dome": 81.87991497404509, "Greenhouse": 72.86308488014427, "Growing": 48.94351134563608, "Geodesic": 30.409605342663273, "Gardening": 18.648320923637783, "Garden": 16.804815816014653, "Soil": 16.215530274988797, "Seedlings": 15.204802671331636, "Greenhouses": 15.204802671331636, "Rid": 13.007578093995416, "26": 12.705316517038034, "Winter": 12.317681322598016, "'": 11.647008885510356, "CO": 11.621283732875526, "Community": 8.094106548352809, "Spring": 8.037764794419417, "Growers": 7.602401335665818, "Dome\u00ae": 7.602401335665818, "Amend": 7.602401335665818, "Winterizing": 7.602401335665818, "Chi'Shie": 7.602401335665818, "Powdery": 7.602401335665818, "Mildew": 7.602401335665818, "Hydrophobic": 7.602401335665818, "How": 7.009343466456572, "Evergreen": 6.909254155105873, "Navajo": 6.909254155105873, "Sow": 6.909254155105873, "Aphids": 6.909254155105873, "to": 6.592694645672919, "Enthusiasts": 6.503789046997708, "survival": 6.503789046997708, "dome": 6.503789046997708, "Heather": 6.503789046997708, "Gardens": 6.503789046997708, "Vegetable": 6.216106974545927, "greenhouse": 6.216106974545927, "Optimal": 6.216106974545927, "Farms": 6.216106974545927, "Crops": 6.216106974545927, "foods": 5.992963423231718, "Tasks": 5.992963423231718, "Pill": 5.992963423231718, "Schools": 5.992963423231718, "Guide": 5.877924483107503, "Planting": 5.810641866437763, "Pond": 5.656491186610505, "farming": 5.656491186610505, "Seeds": 5.656491186610505, "Tour": 5.596760581865123, "Successful": 5.522959793985982, "Nation": 5.522959793985982, "Tips": 5.394253114454777, "Transplant": 5.299816242671772, "Bugs": 5.299816242671772, "Kits": 5.2045060628674475, "Practices": 5.2045060628674475, "Plants": 5.2045060628674475, "Fruit": 5.037451978204281, "garden": 4.963344006050559, "Growth": 4.963344006050559, "Direct": 4.963344006050559, "Harvest": 4.894351134563609, "grow": 4.894351134563609, "Above": 4.829812613426037, "Your": 4.75142436350875, "Get": 4.742585437622464, "Survival": 4.712029577769654, "Thin": 4.657962356499378, "Bringing": 4.657962356499378, "Walkthrough": 4.657962356499378, "33": 4.606669062111827, "Grow": 4.557878897942396, "Ground": 4.557878897942396, "Farm": 4.557878897942396, "Golden": 4.557878897942396, "Cooling": 4.383525510797617, "Basic": 4.201203954003663, "Important": 4.168414131180672, "Move": 4.105893774199338, "Fall": 4.076040811049657, "in": 4.019720664559858, "Ways": 3.8888292689615103, "Keep": 3.8888292689615103, "Summer": 3.818211701747557, "Short": 3.7105810375551918, "your": 3.4832302243999047, "22": 3.4752669506207265, "-": 3.4275441272721956, "back": 3.4127465936393926, "Cool": 3.3397214586245028, "Before": 3.3119418945174273, "Tricks": 3.2585959138121345, "our": 3.2456925089762265, "Fix": 3.2329534831987967, "work": 3.1715845368225044, "for": 3.0904303926135723, "best": 3.038053144197982, "Testing": 3.0276903571624354, "Go": 2.987280818824559, "Need": 2.9676723474361824, "a": 2.9379349219513666, "using": 2.7902169802934007, "Buy": 2.758214249207227, "Know": 2.7120522074440645, "Edition": 2.618794713957482, "2020": 2.3397111467609326, "Day": 2.324286676435301, "&": 2.314581303058916, "do": 2.2941336382646136, "of": 2.141486628301366, "A": 1.8913496229748534, "Video": 1.862608423486584, "It": 1.82784979012141, "Best": 1.608439908359249, "7": 1.4998427410522495, "You": 1.4517985672195388, "What": 1.3562945701842555, "and": 1.1877923071670764, "the": 1.1877923071670764, ".": 0.9756835864167935, "with": 0.8078147547893193, ",": 0.7757938430293492, "(": 0.6554253435303999, ")": 0.6411052897556514, "The": 0.6392113497955807, ":": 0.6186113704076835, "?": 0.4446658514159118}