{"Minutes": 240.34073550818667, "\ud83d\udd34": 206.26754533744986, "30": 188.72865959479998, "Videos": 175.3400465159474, "Puppy": 151.32062399948265, "Funny": 137.07222138734056, "Compilation": 133.1999505683119, "Dogs": 95.90235193788325, "Cute": 94.71989963498397, "Baby": 79.40883153062815, "Dog": 77.14581236744176, "#": 67.52757232225787, "|": 63.32443445156583, "2021": 58.08616415295193, "2022": 55.28897738304216, "Retriever": 50.411992197145274, "Funniest": 46.0378531210695, "of": 43.506571875774235, "Cutest": 42.20545909820112, "Golden": 42.20545909820112, "Puppies": 37.40377775314249, "and": 32.73380485973914, "&": 13.7340666738255, "13": 9.323211995791457, "-": 9.054031131417208, "11": 8.813514885405265, "7": 8.535506992939412, "12": 8.297964114625287, "9": 7.597119561080772, "16": 7.2004276340565605, "17": 7.082746634010693, "8": 7.0815687903007944, "22": 6.918270437536749, "21": 6.918270437536749, "19": 6.8663194647302275, "18": 6.625063489152998, "6": 6.380724236756279, "14": 6.369396746133228, "20": 5.355761541396324, "15": 5.284748164482505, "4": 5.220405311468243, "5": 4.860773479689749, "3": 4.385795325976532, "26": 4.206349620598596, "23": 3.695523996832605, "10": 3.6068331075405355, "25": 3.312531744576499, "2": 3.300807869627217, "24": 3.184698373066614, "1": 2.707436381370556}