{"Firme": 416.02487155538347, "Grupo": 385.375334129424, "Official": 123.38385369382593, "Video": 93.17041276064651, "El": 55.021683239571914, "Codiciado": 44.03527780418733, "Banda": 41.67043024371265, "Indicada": 40.1618007396225, "Flaco": 40.1618007396225, "-": 38.12469271820919, "La": 37.61424417568307, "(": 36.49517587312405, ")": 35.763322485661554, "Music": 32.92911740675958, "Te": 25.626960193385628, "Amor": 24.706588472830923, "Mimoso": 24.0970804437735, "Yaki": 24.0970804437735, "De": 23.459949760802417, "Mi": 21.01859375717703, "Se": 20.035042285946755, "Oficial": 18.393491773757418, "Recluta": 16.064720295849, "Chairez": 16.064720295849, "G\u00f3mez": 16.064720295849, "Pancho": 16.064720295849, "Marca": 14.67842593472911, "Jes\u00fas": 14.67842593472911, "Tu": 13.99519295381408, "Cada": 13.867495718512782, "Edici\u00f3n": 13.867495718512782, "Barraza": 13.867495718512782, "@": 13.285408701201678, "Luis": 12.48120135739289, "Gracias": 12.48120135739289, "Fue": 11.90583721248933, "Jos\u00e9": 11.90583721248933, "Nada": 11.670271141176562, "Quiero": 11.670271141176562, "Especial": 11.45955010986091, "Mal": 11.45955010986091, "Los": 11.351594717625424, "Vez": 11.26892975025226, "Ti": 10.39829360773657, "Qu\u00e9": 10.17584233751612, "Vida": 9.70861263515311, "Por": 9.011999246616679, "Si": 8.240674284992709, "Elegantes": 8.0323601479245, "Fantasma": 8.0323601479245, "SERVICIO": 8.0323601479245, "\u26a0\ufe0f\u274c": 8.0323601479245, "Recodo": 8.0323601479245, "Davo": 8.0323601479245, "Conriquez": 8.0323601479245, "Respetan": 8.0323601479245, "Respeto": 8.0323601479245, "Superame": 8.0323601479245, "Chaparro": 8.0323601479245, "Enfocado": 8.0323601479245, "Registrada": 8.0323601479245, "Abandono": 8.0323601479245, "Ventaja": 8.0323601479245, "Juanito": 8.0323601479245, "Ilegales": 8.0323601479245, "Torai": 8.0323601479245, "So\u00f1ado": 8.0323601479245, "Perra": 8.0323601479245, "Cajetosa": 8.0323601479245, "Roto": 8.0323601479245, "Balas": 8.0323601479245, "-Pancho": 8.0323601479245, "-Deja": 8.0323601479245, "Enloqu\u00e9ceme": 8.0323601479245, "Toxico": 8.0323601479245, "C-Kan": 8.0323601479245, "Acab\u00f3": 8.0323601479245, "Suerte": 8.0323601479245, "Tranqui": 8.0323601479245, "Accionar": 8.0323601479245, "Ando": 8.0323601479245, "Pedo": 8.0323601479245, "Enemigo": 8.0323601479245, "T\u00edpico": 8.0323601479245, "Acordar\u00e1s": 8.0323601479245, "Polvo": 8.0323601479245, "Yaky": 8.0323601479245, "Trocas": 8.0323601479245, "Duras": 8.0323601479245, "Sobra": 8.0323601479245, "Pistear": 8.0323601479245, "Peraza": 8.0323601479245, "Flojera": 8.0323601479245, "Ve\u00eda": 8.0323601479245, "Ac\u00e1bame": 8.0323601479245, "Tusa": 8.0323601479245, "Norte\u00f1o": 8.0323601479245, "Pretexto": 8.0323601479245, "Calibre": 8.0323601479245, "Conviene": 8.0323601479245, "Mp": 8.0323601479245, "-El": 8.0323601479245, "G\u00fcero": 8.0323601479245, "Vuelvo": 8.0323601479245, "Extra\u00f1o": 8.0323601479245, "Quinto": 8.0323601479245, "Imperio": 8.0323601479245, "Lujos": 8.0323601479245, "Comando": 8.0323601479245, "-Desde": 8.0323601479245, "T\u00eda": 8.0323601479245, "Durango": 8.0323601479245, "En": 7.456590109440661, "Jerez": 7.339212967364555, "FUERA": 7.339212967364555, "Reemplazo": 7.339212967364555, "Beto": 7.339212967364555, "Duele": 7.339212967364555, "Despide": 7.339212967364555, "R\u00edo": 7.339212967364555, "Lenin": 7.339212967364555, "Ram\u00edrez": 7.339212967364555, "Gustas": 7.339212967364555, "Carin": 7.339212967364555, "Coronas": 7.339212967364555, "Chavalos": 7.339212967364555, "Perla": 7.339212967364555, "\u00bfY": 7.339212967364555, "Venir": 7.339212967364555, "Enigma": 7.339212967364555, "Pasando": 7.339212967364555, "Sinaloense": 7.339212967364555, "Juro": 7.339212967364555, "Muelas": 7.339212967364555, "HG": 7.339212967364555, "Trago": 6.933747859256391, "Sierra": 6.933747859256391, "Hablando": 6.933747859256391, "Claro": 6.933747859256391, "Pantera": 6.933747859256391, "Nuevos": 6.933747859256391, "Dicen": 6.933747859256391, "Hablemos": 6.933747859256391, "Clasico": 6.933747859256391, "Klan": 6.933747859256391, "Fern\u00e1ndez": 6.933747859256391, "Volver": 6.933747859256391, "Borracho": 6.933747859256391, "Quien": 6.64606578680461, "S\u00e9": 6.64606578680461, "Matar": 6.64606578680461, "Secretos": 6.64606578680461, "Vive": 6.4229222354904, "Tequila": 6.4229222354904, "Algo": 6.4229222354904, "Bien": 6.4229222354904, "Fe": 6.4229222354904, "Hice": 6.4229222354904, "Dinero": 6.4229222354904, "Mc": 6.240600678696445, "Asi": 6.240600678696445, "Amigo": 6.240600678696445, "Rey": 6.240600678696445, "Vas": 6.240600678696445, "Maluma": 6.086449998869187, "Adrian": 6.086449998869187, "Roma": 6.086449998869187, "Gente": 6.086449998869187, "V\u00eddeo": 6.086449998869187, "Estoy": 6.086449998869187, "Dar": 6.086449998869187, "Porque": 5.952918606244665, "Me": 5.9478800780776275, "Leon": 5.835135570588281, "Pa": 5.835135570588281, "Mil": 5.835135570588281, "Ni": 5.835135570588281, "&": 5.694153082138081, "Decide": 5.63446487512613, "Dios": 5.63446487512613, "Hasta": 5.5474534981365, "NADA": 5.467410790462964, "Mas": 5.393302818309242, "T\u00fa": 5.259771425684719, "2022": 5.222373025098541, "Yo": 5.0366278743705095, "Villa": 4.941317694566185, "Angel": 4.774263609903018, "Una": 4.5983729434393545, "Ya": 4.477012086435087, "Es": 4.421442235280276, "Da": 4.394773988198114, "Ft": 4.394773988198114, "Feat": 4.271160032230938, "Santa": 4.248170514006239, "R": 4.203718751435406, "Que": 4.203718751435406, "Un": 4.161159137016609, "Las": 4.081116429343073, "Max": 4.007008457189351, "Don": 3.889225421532968, "Y": 3.662912295457479, "y": 3.30497232921216, "50": 3.1495582253381293, "DE": 2.49897065919698, "No": 2.3975705447552507, "2021": 2.040895600816518, "A": 1.6430833889045602, "?": 0.596332331572652, ",": 0.5951537810532077}