{"NYC": 35.81347709193582, "post-grad": 21.34430834509939, "my": 16.260152957440834, "bedroom": 15.105983720059882, "ft.": 12.286872722127653, "diaries": 12.032314319396708, "dyeing": 12.032314319396708, "|": 11.885725823781772, "MY": 11.128039767831744, "shopping": 10.94710063670021, "relaxing": 10.337718598622299, "LIFE": 10.328679820852829, "life": 10.222572803519114, "haul": 9.730705312375717, "in": 9.616680170998768, "taking": 9.344844825994517, "Harry": 9.259725597156926, "APARTMENT": 9.024159525844158, "apartment": 9.024159525844158, "vlog": 9.011686752579456, "solo": 8.95142423750241, "productive": 8.813438494528507, "living": 8.563112208620494, "Styles": 8.50513713487399, "HOURS": 8.50513713487399, "York": 8.448795380940597, "doing": 8.288709965593524, "myself": 8.093433026465693, "GETTING": 8.047453990016294, "*": 8.03529589786353, "trip": 8.002508278312177, "EXTREME": 8.002508278312177, ".": 7.880656220336197, "HAMPTONS": 7.807916628926408, "helicopter\u2026": 7.807916628926408, "ep.6": 7.807916628926408, "~solo~": 7.807916628926408, "~business": 7.807916628926408, "side~": 7.807916628926408, "sample": 7.807916628926408, "'Christmas": 7.807916628926408, "ep.5": 7.807916628926408, "IN": 7.7431953578039705, "how": 7.63567932006457, "DAY": 7.63567932006457, ")": 7.526037855866568, "a": 7.515896211774523, "REALLY": 7.460758370041378, "day": 7.396747130884792, "THE": 7.336428068228589, "getting": 7.147620248658298, "riding": 7.114769448366463, "reorganizing": 7.114769448366463, "sq": 7.114769448366463, "downtown": 7.114769448366463, "Manhattan": 7.114769448366463, "HOLIDAYS": 7.114769448366463, "wishlist": 7.114769448366463, "(": 6.961758291098148, "routine": 6.802394763324311, "album": 6.709304340258298, "graduation": 6.709304340258298, "isn": 6.709304340258298, "CLEANOUT": 6.709304340258298, "COMPLETELY": 6.421622267806518, "transformed": 6.421622267806518, "\u30c4": 6.421622267806518, "transforming": 6.421622267806518, "2022": 6.2163512694037415, "okay": 6.198478716492308, "relax": 6.198478716492308, "ish": 6.198478716492308, "cleanout": 6.016157159698354, "reacting": 6.016157159698354, "decluttering": 5.862006479871095, "Brooklyn": 5.862006479871095, "can": 5.790523486380713, "reaction": 5.728475087246572, "cozy": 5.728475087246572, "vision": 5.728475087246572, "as": 5.648620014436144, "exciting": 5.610692051590189, "creator": 5.610692051590189, "creating": 5.610692051590189, "childhood": 5.610692051590189, "since": 5.610692051590189, "+": 5.532190420084082, "2021": 5.5176272068231285, "prepping": 5.5053315359323625, "SPEND": 5.5053315359323625, "nyc": 5.410021356128038, "ORGANIZING": 5.410021356128038, "organization": 5.410021356128038, "more": 5.403942310051655, "bit": 5.3230099791384085, "TOGETHER": 5.3230099791384085, "hair": 5.2977226594237585, "20s": 5.242967271464872, "400": 5.242967271464872, "baking": 5.242967271464872, "I": 5.211976097309402, "vintage": 5.1688592993111495, "space": 5.1688592993111495, "72": 5.035327906686628, "thrift": 5.035327906686628, "content": 5.035327906686628, "reset": 5.035327906686628, "habits": 5.035327906686628, "home": 4.989421299769242, "lots": 4.974703284870192, "sale": 4.974703284870192, "always": 4.863477649759968, "packing": 4.863477649759968, "decorating": 4.863477649759968, "Thrift": 4.763394191202986, "done": 4.716874175568092, "&": 4.6886464291036765, "...": 4.645005494584456, "alone": 4.629862798578463, "board": 4.629862798578463, "cookies": 4.629862798578463, "music": 4.549820090904927, "youtube": 4.549820090904927, "closet": 4.512079762922079, "lot": 4.512079762922079, "rid": 4.475712118751205, "CLEANING": 4.475712118751205, "CLOSET": 4.440620798939935, "VLOG": 4.418989339856068, ",": 4.408395690453963, "travel": 4.406719247264253, "pasta": 4.406719247264253, "small": 4.373929424441262, "CARE": 4.373929424441262, "Spend": 4.373929424441262, "Christmas": 4.36779824547814, "nails": 4.342180726126682, "clothes": 4.342180726126682, "updates": 4.342180726126682, "SELF": 4.311409067459929, "favorite": 4.252568567436995, "working": 4.196998716282184, "moving": 4.196998716282184, "went": 4.170330469200023, "transformation": 4.170330469200023, "change": 4.144354982796762, "set": 4.0943445622221, "date": 4.0943445622221, "morning": 4.07024701064304, "KITCHEN": 4.046716513232846, "DAYS": 4.023726995008147, "lol": 3.95776902721635, "friends": 3.8958936234982624, "too": 3.8958936234982624, "City": 3.8958936234982624, "fun": 3.8760909962020826, "ULTIMATE": 3.8566729103449813, "MAKEOVER": 3.764865361091858, "Friday": 3.764865361091858, "WORK": 3.7474736183799893, "night": 3.730379185020689, "Inside": 3.6970427647530975, "READY": 3.6970427647530975, "ONLY": 3.664781902534876, "NIGHT": 3.6490335455667364, "ft": 3.6490335455667364, "again": 3.6335293590307716, "very": 3.618261886899983, "own": 3.618261886899983, "As": 3.573810124329149, "Living": 3.531250509910353, "ROOM": 3.5174571877780174, "22": 3.490428515390098, "Was": 3.4011973816621555, "making": 3.3890760211298105, "year": 3.377099830083095, "style": 3.330579814448202, "work": 3.3081069585961433, "SPRING": 3.3081069585961433, "FREE": 3.2861280518773683, "after": 3.2753171357731525, "CHRISTMAS": 3.2753171357731525, "WEEK": 3.2753171357731525, "tips": 3.2540397373258676, "ONE": 3.2332056504230255, "week": 3.2127967787918186, "from": 3.1667163993020973, "t": 3.1444775348143414, "Got": 3.116568746697265, "for": 3.115316259106986, "What": 3.070079244760482, "Week": 3.062984500563158, "REAL": 3.054326437820044, "recipe": 3.054326437820044, "TOUR": 3.0372320044607437, "all": 2.995732273553991, "New": 2.935114650397313, "time": 2.8952617431903565, "video": 2.873442695795717, "like": 2.852089571325148, "[": 2.810704355162293, "]": 2.810704355162293, "of": 2.7610921717853723, "what": 2.6839526495231496, "Year": 2.6662530724237485, "Old": 2.6604221521129556, "24": 2.6374326338882566, "LA": 2.6317668963525795, "House": 2.6205308230856534, "Black": 2.6094195976605827, "..": 2.5556432008797785, "'m": 2.529801969695891, "up": 2.4655823769615974, "that": 2.3785709999719677, "out": 2.3785709999719677, "'": 2.3698373200032132, "new": 2.290463732461701, "FOR": 2.235762596748644, "ME": 2.18389912273907, "me": 2.134593361754916, "WITH": 2.0974896115515387, "s": 2.0333650833820003, "Me": 1.9997741389459647, "It": 1.9701861817604684, "``": 1.955714149151934, "by": 1.8998336907574775, "''": 1.8756714414783977, "to": 1.8359382073525181, "you": 1.7942014728836067, "the": 1.65940577259142, "with": 1.639006893853634, "\u2019": 1.605381111738486, "is": 1.5637497282626722, "at": 1.529395204760564, "With": 1.4728623774283496, "and": 1.3717134945945322, "on": 1.2611312181658845, "1": 1.148622709242771, "'s": 0.9546175357403303, ":": 0.9368253343158628, "-": 0.6690496289808848, "?": 0.6385666122558089}