{"Surprises": 32.359816909855454, "Military": 31.945859680933744, "Surprise": 21.977473772744872, "Mom": 17.036936673201147, "Cerebral": 16.064720295849, "Palsy": 16.064720295849, "Son": 15.9572355203598, "Lifts": 14.67842593472911, "Grandson": 14.67842593472911, "Surprised": 14.562918952729664, "With": 14.015714471714444, "During": 13.106395505384562, "Syndrome": 12.48120135739289, "Girl": 12.08689941531298, "After": 12.060321244438304, "Asks": 11.670271141176562, "Boy": 11.483002585600602, "As": 10.840558620383707, "Grandma": 10.786605636618484, "Dad": 10.311720893369731, "Bride": 10.28397678005667, "Teacher": 9.133248490249548, "Late": 9.011999246616679, "To": 8.93068981415825, "Daughter": 8.842884470560552, "Security": 8.789547976396229, "Man": 8.761117078703872, "Brother": 8.364425092428883, "Woman": 8.322318274033218, "Quick": 8.162232858686146, "Dreamed": 8.0323601479245, "\u2764\ufe0f\ud83d\udc1a": 8.0323601479245, "Deployed": 8.0323601479245, "Interrupts": 8.0323601479245, "Pre-Recorded": 8.0323601479245, "deployment": 8.0323601479245, "Spina": 8.0323601479245, "Bifida": 8.0323601479245, "Photobombs": 8.0323601479245, "Disguised": 8.0323601479245, "Who": 8.027321619757464, "Wedding": 8.014016914378702, "At": 7.743965083076399, "Stepfather": 7.339212967364555, "Neighbors": 7.339212967364555, "Sidewalk": 7.339212967364555, "Hospice": 7.339212967364555, "'Lost": 7.339212967364555, "Weightlifting": 7.339212967364555, "Hears": 7.339212967364555, "Elderly": 7.339212967364555, "Deployment": 7.339212967364555, "Gets": 7.0874475563847215, "Doggy": 6.933747859256391, "Rises": 6.933747859256391, "Retiring": 6.933747859256391, "Husbands": 6.933747859256391, "Years": 6.737842107624866, "Best": 6.6636574648434, "Supports": 6.64606578680461, "Chopping": 6.64606578680461, "Groom": 6.64606578680461, "Entrance": 6.64606578680461, "Down": 6.592323399060009, "Featuring": 6.4229222354904, "Rollercoasters": 6.4229222354904, "Veteran": 6.4229222354904, "Director": 6.4229222354904, "Pranked": 6.4229222354904, "Shirt": 6.4229222354904, "Poses": 6.4229222354904, "Patient": 6.4229222354904, "Bullied": 6.240600678696445, "Recital": 6.240600678696445, "Wheelchair": 6.240600678696445, "\ud83e\udd17": 6.240600678696445, "Helped": 6.240600678696445, "T-Rex": 6.240600678696445, "Her": 6.139031035329186, "Returning": 6.086449998869187, "Illness": 6.086449998869187, "Enters": 6.086449998869187, "Messages": 5.952918606244665, "Item": 5.952918606244665, "Prom": 5.952918606244665, "Beats": 5.835135570588281, "Former": 5.835135570588281, "Speechless": 5.835135570588281, "Dentist": 5.835135570588281, "Birthday": 5.7931234217484775, "Apart": 5.729775054930455, "steps": 5.729775054930455, "Buddy": 5.729775054930455, "Wearing": 5.729775054930455, "Baseball": 5.63446487512613, "Graduation": 5.63446487512613, "Chili": 5.63446487512613, "Soldier": 5.63446487512613, "By": 5.560173439755741, "Be": 5.518721178721507, "Joy": 5.467410790462964, "Loving": 5.467410790462964, "Navy": 5.467410790462964, "Thought": 5.32430994682229, "Teddy": 5.259771425684719, "Loves": 5.199146803868285, "Calls": 5.199146803868285, "Love": 5.128600013578739, "Speech": 5.08792116875806, "Turns": 5.08792116875806, "Dinosaur": 5.08792116875806, "Same": 5.08792116875806, "Church": 5.08792116875806, "Army": 5.0366278743705095, "name": 4.987837710201077, "'s": 4.898195493460888, "Photo": 4.896865931995351, "Singing": 4.854306317576555, "Teen": 4.854306317576555, "Students": 4.854306317576555, "Board": 4.8134843230563, "Gym": 4.8134843230563, "Jump": 4.774263609903018, "Bus": 4.774263609903018, "Couple": 4.774263609903018, "And": 4.745755864329759, "From": 4.731866919624136, "Riding": 4.700155637749297, "takes": 4.700155637749297, "Dogs": 4.631162766262345, "parents": 4.5983729434393545, "Ring": 4.566624245124774, "Personal": 4.566624245124774, "Wish": 4.394773988198114, "Class": 4.368798501794854, "Having": 4.318788081220193, "Husband": 4.318788081220193, "Wife": 4.294690529641132, "Recipe": 4.248170514006239, "Name": 4.22569765815418, "Around": 4.203718751435406, "shorts": 4.194931904609826, "Care": 4.161159137016609, "'": 4.158233627273432, "Taking": 4.081116429343073, "Day": 4.032405976452294, "Could": 4.02502696269203, "Through": 4.02502696269203, "Makes": 4.007008457189351, "Own": 3.9380155857024, "Set": 3.921486283751189, "Lost": 3.9052257628794087, "Sister": 3.889225421532968, "Friend": 3.827667528533534, "Film": 3.827667528533534, "Say": 3.827667528533534, "Inside": 3.812852442748394, "Team": 3.769680270883185, "Battle": 3.7419007067761094, "years": 3.6135195401279026, "Disney": 3.6135195401279026, "Found": 3.589708891434184, "Giant": 3.555023333446294, "baby": 3.555023333446294, "Box": 3.52150064140765, "Two": 3.4784832563239596, "Dance": 3.359531313462594, "love": 3.350228920800281, "Into": 3.2448684051424546, "In": 3.144911387093931, "Last": 3.1270853694860707, "Party": 3.090717725315196, "his": 3.083600257546332, "School": 3.0625468483484997, "first": 2.8675741740009864, "When": 2.6570817402403355, "Make": 2.5899424374027067, "your": 2.3833859097632946, "do": 2.331916574533814, "from": 2.043398731034637, "Of": 2.038398720617931, "#": 2.0350915932979112, "Is": 1.9387903778793647, "n't": 1.9387903778793647, "On": 1.8946330938382663, "For": 1.8502752412078687, "10": 1.7920843027537308, "What": 1.667609391072589, "You": 1.6590403583474878, "|": 1.6064925402623973, "on": 1.3990417146441236, "I": 1.0229512152158635, "and": 1.0103837248523406, "2": 0.9900739759847571, "of": 0.9770473045847486, "to": 0.9151546447601561, "the": 0.8855879684718633, "in": 0.8684134635819533}