{"Eating": 75.35658739875633, "Saapattu": 70.27124966033767, "Raman": 70.27124966033767, "KG": 48.12925727758683, "Challenge": 46.57527673083352, "Biryani": 37.77298844653965, "Fry": 36.8491010599989, "saapatturaman": 31.231666515705633, "Samba": 31.231666515705633, "Chicken": 28.403869507345277, "Country": 25.499332139120995, "Challenge\ud83d\udc4d\ud83c\udffb": 23.423749886779227, "foodchallenge": 23.423749886779227, "\u0bb5\u0bb1\u0bc1\u0bb5\u0bb2\u0bcd": 20.127913020774894, "Mutton": 18.519451194313852, "|": 15.639112926028648, "Kottai": 15.615833257852817, "\u0baa\u0bcb\u0b9f\u0bcd\u0b9f\u0bbf": 15.615833257852817, "Sivan": 15.615833257852817, "1KG": 15.615833257852817, "Shorts": 15.397017683200598, "Subscriber": 15.105983720059882, "\u0b95\u0bc1\u0b9f\u0bb2\u0bcd": 14.229538896732926, "\u0b95\u0bb1\u0bbf": 14.229538896732926, "Tuber": 14.229538896732926, "Leg": 14.017267238991776, "Branch": 13.418608680516597, "\u0bae\u0bc1\u0b9f\u0bcd\u0b9f\u0bc8": 13.418608680516597, "Fish": 13.322319257792808, "\ud83d\udc4d\ud83c\udffb": 12.843244535613035, "Rasam": 12.396957432984616, "Rice": 12.08169954457745, "Eggs": 11.93782569731194, "Our": 11.109914830135892, "Mins": 10.337718598622299, "Crab": 10.337718598622299, "Full": 10.285898664385837, "Plate": 10.070655813373255, "Piece": 9.526788382405972, "#": 9.21384986395898, "VS": 8.293474536021487, "Pathala": 7.807916628926408, "Haasan": 7.807916628926408, "Vikram": 7.807916628926408, "Sethupathi": 7.807916628926408, "avoid\ud83d\ude05": 7.807916628926408, "Salem\ud83e\udd73\ud83d\ude4f\ud83c\udffb": 7.807916628926408, "digestivesecret": 7.807916628926408, "Salem\ud83e\udd73\ud83e\udd73\ud83e\udd73": 7.807916628926408, "Tirupur": 7.807916628926408, "6KG": 7.807916628926408, "Sabari": 7.807916628926408, "Chinthamani": 7.807916628926408, "Aara": 7.807916628926408, "\u0b95\u0bbf\u0b9f\u0bbe\u0b95\u0bcd\u0b95\u0bb1\u0bbf": 7.807916628926408, "\u0bb0\u0ba4\u0bcd\u0ba4": 7.807916628926408, "\u0b9a\u0bcb\u0bae\u0bcd\u0baa\u0bc7\u0bb1\u0bbf": 7.807916628926408, "Somberi": 7.807916628926408, "\u0b9a\u0bcb\u0bb1\u0bc1": 7.807916628926408, "\u0baa\u0bcb\u0b9f\u0bcd\u0b9f\u0bbf\u0baf\u0bc1\u0b9f\u0ba9\u0bcd": 7.807916628926408, "Kailasa": 7.807916628926408, "Nithyananda\ud83d\ude4f\ud83c\udffb": 7.807916628926408, "Veetu": 7.807916628926408, "Seeraga": 7.807916628926408, "SEVAL": 7.807916628926408, "Seval": 7.807916628926408, "Behindwoods": 7.807916628926408, "Aadhan": 7.807916628926408, "Cinemas": 7.807916628926408, "Karuppu": 7.807916628926408, "Kavuni": 7.807916628926408, "\u0b95\u0bb5\u0bc1\u0ba9\u0bbf": 7.807916628926408, "\u0b9a\u0b95\u0bcd\u0b95\u0bb0\u0bc8\u0baa\u0bcd\u0baa\u0bca\u0b99\u0bcd\u0b95\u0bb2\u0bcd": 7.807916628926408, "2Big": 7.807916628926408, "foodblogger": 7.807916628926408, "Ottadaiyan": 7.807916628926408, "EatingChallenge": 7.807916628926408, "\u0b95\u0bcb\u0bb4\u0bbf": 7.807916628926408, "Dilkush": 7.807916628926408, "Vs": 7.460758370041378, "4": 7.417788332725488, "Kamal": 7.114769448366463, "Vijay": 7.114769448366463, "\u0baa\u0bca\u0bb0\u0bbf\u0baf\u0bb2\u0bcd": 7.114769448366463, "\u0bb5\u0bc6\u0bb3\u0bcd\u0bb3\u0bc8": 7.114769448366463, "SR": 7.114769448366463, "Swamy": 7.114769448366463, "Spoke": 7.114769448366463, "Vadai": 7.114769448366463, "Bai": 7.114769448366463, "Gujarat": 7.114769448366463, "\u0b95\u0bb0\u0bc1\u0baa\u0bcd\u0baa\u0bc1": 7.114769448366463, "Madurai": 7.114769448366463, "Varuval": 7.114769448366463, "newyear2022": 7.114769448366463, "shorts": 7.089740785606609, "likes": 6.709304340258298, "Successfully": 6.709304340258298, "Opened": 6.709304340258298, "Salem": 6.709304340258298, "\u0b92\u0bb0\u0bc1": 6.709304340258298, "Digestive": 6.709304340258298, "Bajji": 6.709304340258298, "Medu": 6.709304340258298, "foodie": 6.709304340258298, "Kg": 6.709304340258298, "Meen": 6.421622267806518, "Kulambu": 6.421622267806518, "\u0b9a\u0bbf\u0b95\u0bcd\u0b95\u0ba9\u0bcd": 6.421622267806518, "\u0b95\u0bc1\u0bb4\u0bae\u0bcd\u0baa\u0bc1": 6.421622267806518, "Kari": 6.421622267806518, "Fatty": 6.421622267806518, "shortsfeed": 6.421622267806518, "Dosai": 6.198478716492308, "Cinema": 6.198478716492308, "Pongal": 6.198478716492308, "Boti": 6.016157159698354, "Special": 5.927459084935634, "Wishes": 5.862006479871095, "Varun": 5.862006479871095, "Lollipop": 5.862006479871095, "Goat": 5.862006479871095, "Hyderabadi": 5.862006479871095, "2.5": 5.728475087246572, "Thanks": 5.728475087246572, "2": 5.696109564810259, "Hardest": 5.610692051590189, "Pond": 5.5053315359323625, "24": 5.274865267776513, "Filled": 5.242967271464872, "REVEALED": 5.242967271464872, "1.5": 5.242967271464872, "avoid": 5.1688592993111495, "Editing": 5.099866427824199, "Son": 5.035327906686628, "OIL": 4.974703284870192, "Food": 4.874557201597492, "don": 4.863477649759968, "Fight": 4.812184355372417, "Blood": 4.812184355372417, "Marriage": 4.812184355372417, "Dosa": 4.763394191202986, "Malai": 4.672422412997259, "Gym": 4.629862798578463, "India": 4.549820090904927, "Cup": 4.512079762922079, "vs": 4.471525193497288, "Dance": 4.440620798939935, ",": 4.408395690453963, "First": 4.404229125260822, "Launch": 4.373929424441262, "Lazy": 4.342180726126682, "Dad": 4.342180726126682, "3": 4.222585011138666, "10": 4.139434068725437, "Opening": 4.07024701064304, "SECRET": 4.07024701064304, "Mushroom": 4.07024701064304, "Movie": 4.046716513232846, "Master": 4.046716513232846, "-": 4.014297773885309, "Ft.": 4.001254139156089, "Trip": 3.9792752324373133, "Next": 3.9792752324373133, "Giant": 3.9792752324373133, "Product": 3.8760909962020826, "He": 3.8189325823621343, "BBQ": 3.8005834436939376, "23": 3.8005834436939376, "Deep": 3.618261886899983, "Minutes": 3.5174571877780174, "&": 3.516484821827757, "22": 3.490428515390098, "21": 3.4771832886400773, "1": 3.445868127728313, "and": 3.4292837364863304, "Spicy": 3.377099830083095, "Curry": 3.3420085102718247, "Happy": 3.2970571224095586, "Sweet": 3.2753171357731525, "Fun": 3.2435684374585723, "\ud83d\udd25": 3.2229491502558365, "50": 3.2229491502558365, "25": 3.202746442938317, "but": 3.153956278768885, "t": 3.1444775348143414, "X": 2.995732273553991, "Secret": 2.9876350633213717, "Big": 2.9796028916241073, "Green": 2.9558863650067915, "can": 2.8952617431903565, "like": 2.852089571325148, "White": 2.8174840421476723, "About": 2.714166428119646, "Year": 2.6662530724237485, "@": 2.6431306550028943, "Vlog": 2.514611804201916, "9": 2.4655823769615974, "Recipe": 2.396270577071369, "20": 2.3698373200032132, "Style": 2.331453076994898, "No": 2.1589423907652026, "From": 2.1484344131667874, "me": 2.134593361754916, "!": 2.067321500438326, "6": 1.8392090689410427, "it": 1.8065017509652583, "\u2019": 1.605381111738486, "Easy": 1.5445183663347848, "at": 1.529395204760564, "in": 1.4794892570767335, "With": 1.4728623774283496, "New": 1.4675573251986564, "To": 1.2162428969177503, ".": 1.1258080314765997, "I": 0.8686626828849003, "to": 0.6119794024508394}