{"Eevee": 83.1419147253614, "Stream": 58.419940287918095, "Pokemon": 53.24376992301033, "Go": 46.87817440911982, "Let": 37.40941353770993, "Goblin": 34.42822499523912, "BST": 22.328356774334836, "Nuzlocke": 17.816124584006015, "Potion": 16.71295024363006, "10pm": 16.27186554400978, "Twitch.tv/Heiach": 16.27186554400978, "Heiach": 16.27186554400978, "#": 15.967185419899188, "Tonight": 14.074640966673561, "Mewtwo": 12.68834660555367, "Debut": 11.877416389337343, "Streams": 11.66669535802169, "'s": 11.513896285402641, "Follow": 11.141966829086707, "Catching": 11.141966829086707, "Transformation": 10.08978063729315, "Gym": 9.680191812001123, "-": 8.747348619873803, "Beating": 8.614582751031591, "dis": 8.13593277200489, "CHRIMBAS": 8.13593277200489, "EVERYGOB": 8.13593277200489, "Zapdos": 8.13593277200489, "Moltres": 8.13593277200489, "Dratini": 8.13593277200489, "Smol": 8.13593277200489, "Beeg": 8.13593277200489, "Seafoam": 8.13593277200489, "Nuzocke": 8.13593277200489, "Fissure": 8.13593277200489, "Frickin": 8.13593277200489, "Adorables": 8.13593277200489, "ElderScrolls": 8.13593277200489, "Snape": 8.13593277200489, "//www.twitch.tv/Heiach": 8.13593277200489, "PokeOne": 8.13593277200489, "Nuzlite": 8.13593277200489, "Evenings": 8.13593277200489, "9pm": 8.13593277200489, "twitch.tv/Heiach": 8.13593277200489, "Twitch.Tv/Heiach": 8.13593277200489, "!": 7.795990878956387, "Gobbo": 7.442785591444945, "Realising": 7.442785591444945, "Crunchy": 7.442785591444945, "Backtracking": 7.442785591444945, "Vtuber": 7.442785591444945, "Spoopy": 7.037320483336781, "Gamble": 7.037320483336781, "Dagger": 7.037320483336781, "https": 7.037320483336781, "Lapras": 6.749638410885, "New": 6.662137571982763, "model": 6.52649485957079, "Mt": 6.52649485957079, "Bedroom": 6.52649485957079, "Reveal": 6.4465557725376765, "You": 6.420220577116021, "On": 6.359326836919612, "tomorrow": 6.344173302776835, "Failing": 6.344173302776835, "Filling": 6.344173302776835, "Pokedex": 6.344173302776835, "Sometimes": 6.344173302776835, "Hideout": 6.344173302776835, "Cotton": 6.344173302776835, "MMORPG": 6.344173302776835, "Ear": 6.344173302776835, "Drinking": 6.190022622949577, "Blades": 6.190022622949577, "Bread": 6.190022622949577, "MERRY": 6.190022622949577, "Randomized": 6.190022622949577, "Of": 5.975241413637734, "Wednesday": 5.9387081946686715, "Unite": 5.833347679010845, "Mean": 5.833347679010845, "Grass": 5.65102612221689, "Evolving": 5.570983414543353, "Daughter": 5.570983414543353, "probably": 5.496875442389632, "wo": 5.496875442389632, "Wedding": 5.42788257090268, "Oblivion": 5.363344049765109, "Islands": 5.245561014108726, "Electric": 5.19149379283845, "reveal": 5.140200498450899, "4th": 5.091410334281467, "Type": 5.091410334281467, "Is": 5.070638857857936, "online": 5.000438556075741, "Yes": 5.000438556075741, "Moving": 4.877836233983408, "Thief": 4.8400959060005615, "Oh": 4.803728261829686, "Crystal": 4.803728261829686, "Scrolls": 4.768636942018416, "Model": 4.734735390342735, "Lore": 4.670196869205164, "trailer": 4.63942521053841, "Elder": 4.580584710515477, "6": 4.563621515403389, "Murder": 4.552413833548781, "M": 4.525014859360666, "Please": 4.498346612278505, "Victory": 4.472371125875244, "Training": 4.447053317890954, "Doing": 4.447053317890954, "Me": 4.423353949180717, "Feature": 4.398263153721522, "Soon": 4.374732656311328, "To": 4.365234279644026, "Catch": 4.285785170294832, "Or": 4.264731761096999, ",": 4.234911800658539, "Explained": 4.2041071392805645, "Fighting": 4.1285995867724194, "Come": 4.09288150417034, "Deep": 4.008798386959799, "Green": 4.008798386959799, "Double": 3.9770496886452187, "'ll": 3.9164250668287837, "Moon": 3.8874375299555313, "Content": 3.8874375299555313, "It": 3.8466533525067437, "With": 3.8069695109087354, "Blue": 3.779223945315299, "The": 3.7614347211455343, "Still": 3.753906137331009, "Rocket": 3.7414836173324515, "Tower": 3.7414836173324515, "Does": 3.636123101674625, "n't": 3.6303289555086162, "May": 3.61414419495585, "Return": 3.592637989734887, "Mystery": 3.592637989734887, "now": 3.530762586016799, "Ca": 3.510959958720619, "Love": 3.510959958720619, "Elite": 3.481972421847367, "&": 3.4596969348955935, "Road": 3.3156512063998536, "4": 3.180371724079511, "Lost": 3.1801057144036298, "SO": 3.173088141744983, "Run": 3.159199029584316, "Getting": 3.105494850612455, "Special": 3.092507655085644, "Did": 3.0860767647553535, "End": 3.02998729810431, "In": 2.986891941275269, "so": 2.9768774727903615, "Be": 2.965448776966739, "Have": 2.852729043266902, "Not": 2.7652947438772277, "Up": 2.697853463081695, "be": 2.693515061483097, "do": 2.667872630869759, "Full": 2.642871328664342, "Day": 2.626544435376913, "And": 2.6104798328731067, "But": 2.6025432832773703, "Team": 2.582973187083273, "?": 2.5492500696625493, "14": 2.541221392403051, "13": 2.4221999664955214, "Most": 2.4058329890313157, "'m": 2.4025914951071448, "I": 2.3794607480191337, "Challenge": 2.37703099812761, "Do": 2.292388354973531, "'": 2.2894939969471664, "12": 2.2415299377400397, "11": 2.1931333968781894, "at": 2.013439962490504, "For": 1.9960482197786351, "9": 1.9896035143359931, "What": 1.9213246735826988, "8": 1.7524261371208847, "7": 1.5949027728149872, "This": 1.5158595654745344, ":": 1.485339354482105, ".": 1.4792062478264987, "10": 1.446333502825924, "on": 1.3526075714009305, "is": 1.1438363445890025, "5": 0.9505457564244738, "(": 0.8036229373531708, "3": 0.7644434767906133, "1": 0.7432852512832672, "2": 0.4948485228299763, ")": 0.4018114686765854}