{"Pokemon": 72.03568871936692, "COMPLETED": 63.11841249127172, "WALKTHROUGH": 58.9967845474162, "Reborn": 55.49379350511232, "FAN": 49.19608238462769, "Winter": 48.90587713750166, "Walkthrough": 47.23262372089988, "Part": 47.1415721902554, "Fan": 45.66239318062271, "GAMEPLAY": 34.232574762744754, "GYM": 27.484377211948157, "Gameplay": 25.899085484944358, "GAME": 24.16127954988605, "NEW": 20.425633284709143, "Game": 16.534059210925918, "PULSE": 14.88557118288989, "LIVE": 10.0188839607341, "THE": 9.643504048426111, "Reaction": 9.49835841728667, "BATTLE": 8.588799640323431, "Abysals": 8.13593277200489, "TYRANT": 8.13593277200489, "FFVII25th": 8.13593277200489, "CIEL": 8.13593277200489, "DREAMSCAPE": 8.13593277200489, "GIOVANNI": 8.13593277200489, "XboxBethesda": 8.13593277200489, "AVALUGG": 8.13593277200489, "CHARLOTTE": 8.13593277200489, "TAKER": 8.13593277200489, "SAMSON": 8.13593277200489, "RAWRRRR": 8.13593277200489, "Nexomon": 7.442785591444945, "Outbound": 7.442785591444945, "REACTION": 7.122443587003016, "KA": 7.037320483336781, "SHARE": 7.037320483336781, "TRAITOR": 7.037320483336781, "REGIONAL": 7.037320483336781, "STUDENT": 7.037320483336781, "FF7R": 6.749638410885, "PAPER": 6.749638410885, "SEWER": 6.52649485957079, "EXPLORER": 6.52649485957079, "EXP": 6.52649485957079, "Extinction": 6.344173302776835, "TERRA": 6.344173302776835, "NOTHING": 6.190022622949577, "ROCKETS": 6.056491230325054, "MARK": 5.9387081946686715, "LEADER": 5.833347679010845, "SOUL": 5.65102612221689, "PLAN": 5.496875442389632, "25th": 5.42788257090268, "Central": 5.363344049765109, "FINDING": 5.3027194279486745, "BOOM": 5.245561014108726, "YES": 5.000438556075741, "BOY": 5.000438556075741, "Fest": 4.525014859360666, "Playstation": 4.472371125875244, "46": 4.398263153721522, "Games": 4.329341864428856, "GOLDEN": 4.329270282234571, "49": 4.3072913755157956, "48": 4.264731761096999, "MYSTERY": 4.264731761096999, "MARIO": 4.244112473894264, "HERO": 4.2041071392805645, "47": 4.184689053423463, "44": 4.184689053423463, "SEE": 4.165640858452769, "41": 4.165640858452769, "45": 4.146948725440616, "43": 4.1285995867724194, "51": 4.09288150417034, "42": 4.0754897614584715, "Anniversary": 3.9615455021092534, "Playthrough": 3.8592666529888353, "Fantasy": 3.8454733308564992, "State": 3.8454733308564992, "BEST": 3.799126363602372, "Summer": 3.681585475751383, "DID": 3.6472964022727505, "Demo": 3.592637989734887, "HERE": 3.5012037837752548, "Ghost": 3.3401422264081493, "Showcase": 3.2531308494185196, "7": 3.1898055456299743, "Xbox": 3.105494850612455, "TEAM": 3.017938959588135, "50": 2.9264466191634693, "Stream": 2.9209970143959048, "Sonic": 2.910186098291689, "N'T": 2.8276650746036855, "DLC": 2.733255390132611, "WE": 2.7153977727326044, "Live": 2.646995045848204, "Final": 2.622504025839908, "13": 2.4221999664955214, "12": 2.2415299377400397, "11": 2.1931333968781894, "Play": 2.174927432381617, "'S": 2.051433358929719, "9": 1.9896035143359931, "#": 1.878492402341081, "IS": 1.7885435623488801, "8": 1.7524261371208847, "!": 1.6129636301289079, "A": 1.5824274357104362, "6": 1.5212071718011297, "10": 1.446333502825924, "4": 1.0601239080265037, "5": 0.9505457564244738, "of": 0.7899225620915981, "3": 0.7644434767906133, "1": 0.7432852512832672, "?": 0.5098500139325098, "2": 0.4948485228299763, "The": 0.4701793401431918}