{"Dominoes": 66.65365195722063, "Domino": 46.96601591507164, "DOMINOES": 29.434049505128034, "Hevesh5": 16.103319113683906, "Falldown": 16.103319113683906, "23,000": 16.103319113683906, "H5": 16.103319113683906, "Potter": 14.053091180566437, "8,000": 13.906094536347688, "dominoes": 13.330730391444126, "15,000": 13.330730391444126, "3,000": 12.884443288815707, "Tricks": 12.244102929869495, "NEON": 12.21149881557328, "Creations": 11.708869959011468, "Harry": 11.366939039401913, "Chain": 9.747211452988015, "Reactions": 9.438910093333499, "!": 8.937112774161031, "(": 8.551156467544569, ")": 8.535176133633083, "AMAZING": 8.489994134143268, "work": 8.40302391026379, "BTSinDominoes": 8.051659556841953, "split-offs": 8.051659556841953, "16,000": 8.051659556841953, "DEMOLISHED": 8.051659556841953, "wreath": 8.051659556841953, "Relaxing/Satisfying": 8.051659556841953, "HOGWARTS": 8.051659556841953, "BMAC": 8.051659556841953, "GRYFFINDOR": 8.051659556841953, "TOPPLES": 8.051659556841953, "Topples": 8.051659556841953, "MarDominoes": 8.051659556841953, "7,500": 8.051659556841953, "Screenlink": 8.051659556841953, "402": 7.358512376282008, "domino": 7.358512376282008, "bat": 7.358512376282008, "2,500": 7.358512376282008, "ANGER": 7.358512376282008, "LILY": 7.358512376282008, "discovery+": 7.358512376282008, "w/": 7.1036997730233775, "Buildup": 6.953047268173844, "DESTRUCTION": 6.953047268173844, "Rober": 6.953047268173844, "will": 6.833861137224636, "Majestic": 6.665365195722063, "baseball": 6.665365195722063, "\ud83c\udf85": 6.665365195722063, "DOMINO": 6.665365195722063, "SPECTACULAR": 6.442221644407853, "Structure": 6.442221644407853, "DESTROYING": 6.442221644407853, "TeamSeas": 6.442221644407853, "it": 6.334464912364567, "\ud83d\udc30": 6.259900087613898, "CLAUS": 6.259900087613898, "HOUSES": 6.259900087613898, "250,000": 6.10574940778664, "LION": 6.10574940778664, "Lunar": 6.10574940778664, "HUMAN": 5.972218015162118, "in": 5.808766120874532, "Pieces": 5.749074463847908, "OCEAN": 5.653764284043583, "Lily": 5.486710199380417, "ROBOT": 5.486710199380417, "FREESTYLE": 5.486710199380417, "ft.": 5.352762298315577, "SANTA": 5.343609355739743, "Pandemic": 5.343609355739743, "level": 5.279070834602172, "Falls": 5.218446212785738, "SAVE": 5.218446212785738, "GREATEST": 5.161287798945789, "BUNNY": 5.1072205776755135, "Introducing": 5.00713711911853, "Celebration": 4.873605726494008, "63": 4.793563018820471, "Vol": 4.793563018820471, "END": 4.793563018820471, "EASTER": 4.7194550466667495, "FAIL": 4.555151995375473, "COMPILATION": 4.49631149535254, "Bridge": 4.440741644197729, "Record": 4.338087490137646, "next": 4.290459441148391, "EDITION": 4.201511955131895, "DANCE": 4.159839258731327, "Simple": 4.139636551413807, "NOW": 4.119833924117628, "EPIC": 4.044326371609483, "Mark": 3.9912165462955342, "Best": 3.9161795735936358, "World": 3.902681209643779, "INSANE": 3.892776473482282, "Beautiful": 3.8772722869463165, "LEGO": 3.788979679800638, "Work": 3.774993437825898, "Building": 3.7475944636377836, "Machine": 3.6328189490453555, "HUGE": 3.62084275799864, "ASMR": 3.5408000503251036, "Inside": 3.4666920781713815, "BTS": 3.3976992066844303, "THE": 3.339687078871711, "WORLD": 3.333160685546859, "OUT": 3.2233458195396523, "Into": 3.1996292929223364, "but": 3.1613104286201996, "14": 3.0477132508964946, "Compilation": 3.008234439922707, "Year": 3.008234439922707, "Gets": 2.9579093560351915, "Ever": 2.9396717684854106, "11": 2.8983679623441745, "WITH": 2.704552026124485, "12": 2.699801423365887, "Christmas": 2.699801423365887, "?": 2.6781407644177637, "3": 2.670129566641951, "Will": 2.5668626233512986, "Most": 2.4312586911248038, ".": 2.4222260551065333, "Out": 2.3921773410823324, "Trailer": 2.368079789503272, "No": 2.344549292093078, "Music": 2.344549292093078, "+": 2.318318279944208, "Official": 2.267834374512216, "Part": 2.228613661358935, "|": 2.191413000307426, "-": 2.173683128653162, "*": 2.162781598509073, "2021": 2.119414369393943, "]": 2.119414369393943, "[": 2.116765361222366, ":": 2.0540210527766343, "to": 1.9315161849526852, "#": 1.9198348834936012, "from": 1.9117750046156983, "vs": 1.9117750046156983, "2": 1.8319444196276191, "of": 1.7940883998565813, "4": 1.6171130380545005, "New": 1.602770162695096, "How": 1.577768860489679, "...": 1.4878040303098259, "on": 1.2638145745323741, "1": 1.2132543559946098, "with": 1.1419062751971434, "the": 0.8038669750741074, "The": 0.6103391671243364}