{"Forgotten": 23.329593195731984, "That": 13.033669856337854, "The": 11.309050023669336, "Helped": 10.615545050637584, "Time": 10.525130411902373, "the": 8.987154464437058, "Rags": 7.610357618312838, "Dropout": 7.610357618312838, "Lindbergh": 7.610357618312838, "Guillotining": 7.610357618312838, "Brabazon": 7.610357618312838, "Airliner": 7.610357618312838, "Expendables": 7.610357618312838, "Largely": 7.610357618312838, "Dennison": 7.610357618312838, "Riveter": 7.610357618312838, "Swept": 7.610357618312838, "Valcartier": 7.610357618312838, "U-47": 7.610357618312838, "Scapa": 7.610357618312838, "Calutron": 7.610357618312838, "Greatest": 7.563432443647485, ":": 7.433105001076746, "Really": 6.9664464665354915, "Mutiny": 6.9172104377528925, "Flew": 6.9172104377528925, "Bristol": 6.9172104377528925, "Airship": 6.9172104377528925, "Amelia": 6.9172104377528925, "Earhart": 6.9172104377528925, "Grenade": 6.9172104377528925, "Baboon": 6.9172104377528925, "Sinking": 6.9172104377528925, "Thetis": 6.9172104377528925, "Onto": 6.9172104377528925, "Desperate": 6.9172104377528925, "Gruesome": 6.9172104377528925, "Imaginable": 6.9172104377528925, "Byford": 6.9172104377528925, "Piloting": 6.9172104377528925, "Sideshow": 6.9172104377528925, "Countless": 6.9172104377528925, "Who": 6.876712873405863, "One": 6.761314030922476, "Riches": 6.511745329644728, "Successfully": 6.511745329644728, "Rosie": 6.511745329644728, "Rug": 6.511745329644728, "Disappearance": 6.511745329644728, "Crammed": 6.511745329644728, "of": 6.32143875682139, "Tasty": 6.224063257192947, "Bounty": 6.224063257192947, "Execution": 6.224063257192947, "1977": 6.224063257192947, "Massacre": 6.224063257192947, "Hippo": 6.224063257192947, "Assassination": 6.224063257192947, "HMS": 6.224063257192947, "Dawn": 6.000919705878737, "Intentionally": 6.000919705878737, "Recording": 6.000919705878737, "Dolphin": 6.000919705878737, "War": 5.89383704840154, "Atlantic": 5.8185981490847825, "Ships": 5.8185981490847825, "Incident": 5.8185981490847825, "s": 5.770146785919053, "Presidential": 5.664447469257524, "Attempt": 5.664447469257524, "Was": 5.6624682504026165, "WWII": 5.530916076633002, "Aviation": 5.530916076633002, "Murphy": 5.530916076633002, "Junior": 5.413133040976618, "Real-Life": 5.413133040976618, "Chicago": 5.413133040976618, "Frontier": 5.413133040976618, "Farming": 5.307772525318792, "Raised": 5.307772525318792, "School": 5.239850063068203, "Accident": 5.212462345514467, "Feat": 5.212462345514467, "Curious": 5.212462345514467, "Myself": 5.125450968524837, "Carnival": 5.125450968524837, "Cruise": 5.045408260851301, "Leader": 5.045408260851301, "Artists": 5.045408260851301, "Celebrity": 4.971300288697579, "People": 4.960917806779528, "Tragic": 4.902307417210627, "Cult": 4.902307417210627, "Across": 4.837768896073056, "Disaster": 4.837768896073056, "Entire": 4.837768896073056, "Diamond": 4.837768896073056, "Saved": 4.837768896073056, "History": 4.823721174094024, "Britain": 4.777144274256622, "Flow": 4.777144274256622, "Commercial": 4.7199858604166725, "Completely": 4.7199858604166725, "Hope": 4.7199858604166725, "Lives": 4.7199858604166725, "a": 4.697725705899305, "\u2019": 4.6818724892426395, "Billion": 4.665918639146397, "Football": 4.665918639146397, "Tried": 4.665918639146397, "Bomb": 4.665918639146397, "Tale": 4.614625344758847, "Feet": 4.614625344758847, "Most": 4.574695278348859, "Bull": 4.565835180589414, "Field": 4.474863402383688, "Talks": 4.474863402383688, "Hit": 4.432303787964892, "Kill": 4.432303787964892, "Girls": 4.432303787964892, "Bizarre": 4.391481793444637, "Plane": 4.391481793444637, "Created": 4.352261080291355, "Dollar": 4.352261080291355, "Empire": 4.352261080291355, "Person": 4.352261080291355, "Expensive": 4.352261080291355, "Insane": 4.243061788326363, "Elephant": 4.209160236650682, "Thing": 4.176370413827692, "Incredible": 4.144621715513111, "Successful": 4.144621715513111, "there": 4.113850056846357, "Trucks": 4.113850056846357, "Reasons": 4.113850056846357, "Sky": 4.083997093696676, "Started": 4.055009556823424, "USA": 4.026838679856728, "1000": 4.026838679856728, "World": 4.001771646255755, "'ll": 3.999439705668613, "Cold": 3.946795972183191, "Mysterious": 3.921478164198901, "Rescue": 3.921478164198901, "Chicken": 3.872688000029469, "Robot": 3.872688000029469, "Final": 3.803695128542518, "Case": 3.7817162218237423, "Become": 3.760210016602779, "Ten": 3.760210016602779, "Happened": 3.718537320202211, "White": 3.718537320202211, "Were": 3.718537320202211, "Law": 3.6983346128846915, "Ball": 3.6983346128846915, "Would": 3.6400657047607154, "Heart": 3.621373571748563, "Babies": 3.6030244330803667, "Action": 3.585005927577688, "Under": 3.567306350478287, "Death": 3.5499146077664183, "Worst": 3.532820174407118, "King": 3.3618623762634785, "in": 3.302505816560325, "High": 3.2928695047765273, "Last": 3.2928695047765273, "if": 3.2928695047765273, "Women": 3.2665521964591537, "Before": 3.2283309836389558, "End": 3.2159084636403987, "America": 3.1915170105162396, "was": 3.179540819469524, "US": 3.167706361822521, "See": 3.1560103220593296, "Space": 3.1560103220593296, "City": 3.1105479479825724, "American": 3.088569041263797, "Over": 3.0670628360428336, "Build": 3.0356466398094546, "Ever": 2.874159169918342, "After": 2.856767427206473, "So": 2.856767427206473, "Made": 2.8145670727160965, "Let": 2.742823167857255, "\u201d": 2.6758836851821455, "\u201c": 2.668715195703533, "Real": 2.516607417506075, "Little": 2.480458903389764, "Song": 2.384610944599636, "Baby": 2.384610944599636, "No": 2.3373580597490906, "Story": 2.3070527102537617, "about": 2.302089920911633, "First": 2.263250087595369, "All": 2.2031858468527186, "'": 2.155036502955136, "About": 2.1422974771777064, "Make": 2.084904679181054, "It": 1.8641544277726843, "to": 1.8575421935748841, "...": 1.8420366225190652, "by": 1.735426887460807, "Do": 1.7022746801439066, "'s": 1.651801111350388, "``": 1.6442108791891454, "''": 1.6213962014229741, "With": 1.5893342689633112, ",": 1.486764509839123, "I": 1.304082331364822, "What": 1.2184405049202354, "and": 1.1731973271487888, "on": 1.1257223826775857, "?": 1.1100895499461714, "How": 0.9523465724420893, "for": 0.8124172053379071}