{"Historic": 165.92748229899004, "England": 131.7444538033391, "|": 23.22295023107311, "Palace": 22.657789877030098, "Conserving": 18.672189771578843, "Restoring": 17.45579444725435, "Shrewsbury": 15.220715236625676, "Abney": 15.220715236625676, "Chimneys": 15.220715236625676, "Rescuing": 13.834420875505785, "Terracotta": 13.834420875505785, "Lincoln": 13.023490659289456, "Hampton": 13.023490659289456, "Tudor": 12.448126514385894, "Repairing": 12.001839411757475, "Skills": 11.690356654825589, "Specialist": 11.637196298169565, "Protecting": 11.637196298169565, "Heritage": 11.061832153266003, "London": 10.755017782733065, "Craft": 10.424924691028934, "St": 10.090816521702601, "Grade": 10.090816521702601, "Hall": 9.804614834421255, "Court": 9.804614834421255, "Church": 9.131670361178829, "'s": 9.084906112427134, "Mary": 8.782963586889274, "Weston-super-Mare": 7.610357618312838, "130-year-old": 7.610357618312838, "Tyldesley": 7.610357618312838, "Community-led": 7.610357618312838, "Crossness": 7.610357618312838, "Dearing": 7.610357618312838, "Moseley": 7.610357618312838, "Yarmouth": 7.610357618312838, "Hopwood": 7.610357618312838, "600-year-old": 7.610357618312838, "Morecambe": 7.610357618312838, "Pinnacles": 7.610357618312838, "Darwen": 7.610357618312838, "Flaxmill": 7.610357618312838, "Maltings": 7.610357618312838, "Iron-framed": 7.610357618312838, "Bootham": 7.610357618312838, "Browsholme": 7.610357618312838, "'Magnificent": 7.610357618312838, "Cemeteries": 7.610357618312838, "Repointing": 7.610357618312838, "Martello": 7.610357618312838, "Tabernacle": 7.610357618312838, "Intricate": 7.610357618312838, "'Tijou": 7.610357618312838, "Wentworth": 7.610357618312838, "Woodcarver": 7.610357618312838, "Grinling": 7.610357618312838, "Kensington": 7.610357618312838, "Listed": 7.610357618312838, "Revitalising": 7.610357618312838, "Warden": 7.610357618312838, "Sewage": 6.9172104377528925, "Swimmer": 6.9172104377528925, "Baths": 6.9172104377528925, "Reviving": 6.9172104377528925, "Preserving": 6.9172104377528925, "Escaping": 6.9172104377528925, "Napoleonic": 6.9172104377528925, "Kilburn": 6.9172104377528925, "Safeguarding": 6.9172104377528925, "Screens": 6.9172104377528925, "Woodhouse": 6.9172104377528925, "Gibbons": 6.9172104377528925, "Street": 6.902949069906331, "Park": 6.752502227431156, "High": 6.585739009553055, "Ling": 6.511745329644728, "Regeneration": 6.511745329644728, "Pumping": 6.511745329644728, "GB": 6.511745329644728, "Gardens": 6.511745329644728, "Crescent": 6.511745329644728, "Gem": 6.511745329644728, "Cemetery": 6.511745329644728, "Streets": 6.511745329644728, "Abbey": 6.511745329644728, "Birmingham": 6.224063257192947, "Command": 6.000919705878737, "FC": 6.000919705878737, "Bringing": 6.000919705878737, "Virgin": 5.8185981490847825, "Damage": 5.8185981490847825, "House": 5.7308509798991745, "Victorian": 5.664447469257524, "Bomber": 5.664447469257524, "Supporting": 5.664447469257524, "Designs": 5.664447469257524, "Explores": 5.530916076633002, "Crystal": 5.530916076633002, "Fort": 5.530916076633002, "Tin": 5.530916076633002, "Roof": 5.530916076633002, "Traditional": 5.413133040976618, "Memories": 5.413133040976618, "Iconic": 5.413133040976618, "Industrial": 5.413133040976618, "Department": 5.307772525318792, "Walker": 5.307772525318792, "Alice": 5.212462345514467, "Memorial": 5.125450968524837, "Housing": 5.045408260851301, "Seven": 4.665918639146397, "Repair": 4.665918639146397, "Roman": 4.614625344758847, "Strategy": 4.565835180589414, "Centre": 4.519315164954522, ",": 4.460293529517369, "Station": 4.391481793444637, "Saving": 4.352261080291355, "York": 4.314520752308509, "Tower": 4.314520752308509, "'": 4.310073005910272, "Iron": 4.209160236650682, "Store": 4.144621715513111, "Construction": 4.144621715513111, "Weather": 4.144621715513111, ":": 4.12950277837597, "World": 4.001771646255755, "Dinosaurs": 3.9727714585864518, "Hand": 3.8967855516085295, "Works": 3.849157502619275, "Road": 3.8261679843945764, "II": 3.803695128542518, "North": 3.6983346128846915, "Project": 3.6785319855885117, "Winter": 3.585005927577688, "International": 3.585005927577688, "Hidden": 3.532820174407118, "Master": 3.5160130560907366, "by": 3.470853774921614, "at": 3.3194301314502215, "City": 3.1105479479825724, "Building": 3.0777581251595816, "Inside": 3.0670628360428336, "Future": 3.005187432324746, "the": 2.9957181548123524, "System": 2.94691852420077, "War": 2.94691852420077, "Great": 2.9008274170005035, "Work": 2.8654254899495872, "\u2013": 2.7275556957264664, "I": 2.608164662729644, "Our": 2.606411312367378, "First": 2.263250087595369, "One": 2.253771343640825, "Part": 2.0535295566132996, "a": 2.0133110168139883, "7": 1.968450547374724, "Life": 1.9439309302004053, "s": 1.9233822619730176, "of": 1.8964316270464172, "to": 1.8575421935748841, "from": 1.6545202488480066, "\u2019": 1.5606241630808797, "A": 0.820260382798933, "&": 0.8079628549885267, "in": 0.660501163312065, "The": 0.5654525011834668}