{"German": 288.5549052099461, "Hola": 281.6955039426254, "Soy": 248.76562849791765, "Hi": 46.843637268554794, "|": 40.17590500563614, "am": 29.410583685923267, "Preguntas": 19.32666493322356, "Disadvantages": 16.103319113683906, "Facebook": 16.03082806721923, "Como": 14.881851310450912, "ESTOY": 14.717024752564017, "Los": 14.297290969454988, "I": 11.910900963500062, "De": 10.973567437762995, "Cosas": 10.322575597891579, "El": 9.868456866132593, "Types": 9.665567463947506, "MI": 9.438910093333499, "LOS": 9.171847308084454, "Que": 8.99262299070508, "'m": 8.873728068105574, "Las": 8.088652743218965, "I'am": 8.051659556841953, "EARTHQUAKES": 8.051659556841953, "LLAMADAS": 8.051659556841953, "TELEFONICAS": 8.051659556841953, "Serio": 8.051659556841953, "MATAPASIONES": 8.051659556841953, "GAMERS": 8.051659556841953, "Geman": 8.051659556841953, "MAMADISIMO": 8.051659556841953, "Dices": 8.051659556841953, "Piensas": 8.051659556841953, "AFRICA": 8.051659556841953, "hateful": 8.051659556841953, "Distancia": 8.051659556841953, "CELULARES": 8.051659556841953, "PRESENTO": 8.051659556841953, "ROMANTICISMO": 8.051659556841953, "Friends|": 8.051659556841953, "DECEPCIONES": 8.051659556841953, "Ruptura": 8.051659556841953, "Entiendo": 8.051659556841953, "Derecho": 8.051659556841953, "typical": 8.051659556841953, "Ser\u00e9": 8.051659556841953, "Indirects": 8.051659556841953, "Encontrar": 7.358512376282008, "FRIENDZONE": 7.358512376282008, "Germ\u00e1n": 7.358512376282008, "CALVO": 7.358512376282008, "Futbol": 7.358512376282008, "Relaci\u00f3n": 7.358512376282008, "Sobrevivir": 7.358512376282008, "Doctores": 7.358512376282008, "Purposes": 6.953047268173844, "FAME": 6.953047268173844, "Fantasmas": 6.953047268173844, "GRACIAS": 6.953047268173844, "Trabajos": 6.953047268173844, "twitter": 6.953047268173844, "Peliculas": 6.953047268173844, "Trabajo": 6.665365195722063, "CHARLIE": 6.665365195722063, "rage": 6.665365195722063, "PERROS": 6.665365195722063, "BUCKET": 6.665365195722063, "PUEDES": 6.665365195722063, "Vecinos": 6.665365195722063, "Grandparents": 6.665365195722063, "Mascotas": 6.665365195722063, "PEOR": 6.665365195722063, "Hombre": 6.442221644407853, "JOKES": 6.442221644407853, "soy": 6.442221644407853, "Cine": 6.442221644407853, "NOVIA": 6.442221644407853, "ZOMBIES": 6.442221644407853, "Peores": 6.442221644407853, "Sobre": 6.442221644407853, "Typical": 6.259900087613898, "Padre": 6.259900087613898, "Antes": 6.259900087613898, "Bullying": 6.10574940778664, "TYPES": 6.10574940778664, "Mundial": 6.10574940778664, "LES": 6.10574940778664, "Nada": 5.854434979505734, "TU": 5.749074463847908, "Amigos": 5.749074463847908, "Students": 5.566752907053953, "Mas": 5.412602227226695, "WANTS": 5.412602227226695, "TRAVEL": 5.412602227226695, "TERRIBLE": 5.279070834602172, "VIDA": 5.279070834602172, "GYM": 5.218446212785738, "Jokes": 5.161287798945789, "KILL": 5.1072205776755135, "leave": 5.1072205776755135, "SONGS": 5.1072205776755135, "woman": 5.0559272832879625, "Mundo": 4.960617103483638, "DIA": 4.916165340912804, "Lies": 4.873605726494008, "Del": 4.755822690837625, "Una": 4.755822690837625, "Es": 4.755822690837625, "Charlie": 4.49631149535254, "Lo": 4.49631149535254, "ICE": 4.414073397115568, "EL": 4.313989938558585, "'M": 4.244997067071634, "Parents": 4.223018160352859, "Experience": 4.201511955131895, "Hello": 4.139636551413807, "Con": 4.119833924117628, "Mi": 4.119833924117628, "people": 4.062675510277679, "WATER": 4.026307866106804, "being": 4.0086082890074035, "OLD": 3.9407856926686424, "un": 3.6949507301523616, "Questions": 3.6822117043749323, "Of": 3.6701069115141776, "of": 3.5881767997131626, "A": 3.5632546007106183, "NEVER": 3.5630231871098137, "Should": 3.5518498865116888, "Being": 3.5298709797929133, "THE": 3.339687078871711, "50": 3.298069365735589, "Year": 3.008234439922707, "Friends": 2.9702551918574907, "Food": 2.9640632216095697, "Things": 2.881175561803802, "ME": 2.804635484681467, "CHALLENGE": 2.758354732117461, "DE": 2.738453577800166, "FOR": 2.704552026124485, "Make": 2.5920740426977944, "Man": 2.4385314504538833, "No": 2.344549292093078, "OF": 2.3118666446627194, "Challenge": 2.2616993859447003, "Time": 2.2525669023814276, "First": 2.228613661358935, "Do": 2.151762203259462, "TO": 2.1490262234405875, "Day": 2.1247335308715427, "6": 2.119414369393943, "vs": 1.9117750046156983, "2": 1.8319444196276191, "The": 1.8310175013730094, "!": 1.7023071950782918, "With": 1.6597424434493515, "New": 1.602770162695096, "My": 1.5339882839296786, "You": 1.5178707189086098, "3": 1.3350647833209754, ".": 1.2111130275532667, "a": 0.9223620079125806, "'s": 0.8239970581132987, "the": 0.8038669750741074, ",": 0.594627467719573}