{"Kashi": 92.25737792043189, "Hamster": 68.88738199311273, "Cage": 35.65104446309049, "\ud83d\udc39": 32.92370079636396, "Theme": 23.992436359306602, "Ownership": 14.193442756989521, "Grasslands": 14.193442756989521, "Updates": 13.372992146638506, "Oasis": 12.80714839586963, "Draw": 11.996218179653301, "\ud83d\ude0a": 10.301622458878894, "Rainforest": 10.301622458878894, "Savannah": 10.034559673629849, "Pt": 9.58827257100143, "|": 9.431298748105549, "\ud83d\udc3e": 9.22362945741352, "Desert": 9.22362945741352, "!": 9.176688238308298, "``": 9.017082768851338, "''": 8.942268405467777, "Haul": 8.648265312509958, "Shopping": 8.412699241197192, "Pet": 7.757585615933731, "Taking": 7.677249680946557, "My": 7.151473451911641, "\ud83d\udc39\ud83c\udf3f": 7.0967213784947605, "Addressing": 7.0967213784947605, "Taxonomist": 7.0967213784947605, "\ud83e\udddc\u200d\u2640\ufe0f": 7.0967213784947605, "MERMAID": 7.0967213784947605, "Substrates": 7.0967213784947605, "Recreated": 7.0967213784947605, "Requires": 7.0967213784947605, "\ud83d\udd8d": 7.0967213784947605, "Playpen": 7.0967213784947605, "Mischievous": 7.0967213784947605, "Ratties": 7.0967213784947605, "\ud83d\udcfd": 7.0967213784947605, "Criticism": 7.0967213784947605, "\ud83c\udf1cNightly": 7.0967213784947605, "\ud83c\udf3e": 7.0967213784947605, "Refresh": 7.0967213784947605, "Life": 6.757602876108508, "'s": 6.697119315438699, "\ud83e\udd84": 6.403574197934815, "UNICORN": 6.403574197934815, "\ud83c\udf35": 6.403574197934815, "&": 6.338800003304077, "Tour": 6.178776386524579, "Sacrifices": 5.9981090898266505, "\ud83d\udc2d": 5.9981090898266505, "\ud83d\udc97": 5.9981090898266505, "Area": 5.9981090898266505, "AVATAR": 5.9981090898266505, "\ud83c\udf3f": 5.9981090898266505, "Transformed": 5.71042701737487, "Zen": 5.71042701737487, "Filming": 5.71042701737487, "Inspired": 5.71042701737487, "Year": 5.696452272890802, "Birthday": 5.612523874692738, "VALENTINE": 5.48728346606066, "\ud83d\udc96": 5.48728346606066, "\ud83c\udf0e": 5.48728346606066, "Explores": 5.48728346606066, "Creating": 5.304961909266705, "Supplies": 5.304961909266705, "\ud83c\udf89": 5.304961909266705, "Gifts": 5.150811229439447, ")": 4.988520994542303, "Studio": 4.899496801158541, "Homemade": 4.794136285500715, "Mix": 4.794136285500715, "Makeover": 4.794136285500715, "New": 4.7018768729500104, "Soon": 4.61181472870676, "Mega": 4.531772021033223, "Habitat": 4.531772021033223, "Happy": 4.489382229150286, "Version": 4.457664048879502, "Diet": 4.324132656254979, "Journey": 4.263508034438544, "Facts": 4.263508034438544, "(": 4.214462834596437, "Store": 4.206349620598596, "Break": 4.206349620598596, "~": 4.15228239932832, "Rat": 4.15228239932832, "Pride": 4.100989104940769, "Questions": 4.052198940771337, "Use": 4.052198940771337, "Edition": 4.005678925136444, "Place": 4.005678925136444, "Setup": 3.9612271625656104, "Thank": 3.8778455536265595, "Garden": 3.8386248404732783, "Giving": 3.8386248404732783, "Much": 3.8008845124904314, "Routine": 3.7645168683195562, "Goodbye": 3.6309854756950335, "Again": 3.6309854756950335, "Vlog": 3.570360853878599, "DAY": 3.51320244003865, "Party": 3.4858034658505357, "Easy": 3.4331597323651137, "Room": 3.145477659913333, "Making": 3.05367011066021, "Getting": 3.05367011066021, "Bird": 3.036278367948341, "Fun": 3.0191839345890408, "'S": 2.9223341085991232, "Be": 2.8772136733186535, "About": 2.806261937346369, "Back": 2.7529159566410764, "at": 2.7267602031940297, "1": 2.707436381370556, "Food": 2.7022722238223214, "Fish": 2.6308132598401763, "A": 2.5344524859866144, "So": 2.442761028337237, "+": 2.433282284382693, "That": 2.378222507199666, ":": 2.170908408181197, "Your": 2.0794415416798357, "From": 2.0153170135102974, "Time": 1.9093355726540053, "Is": 1.9037645276045498, "with": 1.8584097752128381, ".": 1.8417082167779983, "10": 1.8034165537702678, "You": 1.6543036679729666, "In": 1.5913898425623973, "3": 1.4619317753255106, "...": 1.437239162735139, "I": 1.244518898720286, "2": 1.1002692898757391, "to": 0.7598956473483193}