{"Horia": 218.62166560993944, "le": 20.851652346000115, "des": 20.14131162674651, "et": 20.14131162674651, "-": 18.733389611464776, "UNE": 17.586019439613285, "vous": 17.185425261739717, "la": 16.743820752668903, "QUI": 16.515994607797087, "il": 16.230064068384113, "l'affaire": 15.615833257852817, "FILTRE": 15.615833257852817, "DISPARITION": 15.615833257852817, "l'ap\u00e9ro": 15.615833257852817, "\ud83e\udd1d": 15.615833257852817, "r\u00e9sultat": 15.615833257852817, "d\u00e9but": 15.615833257852817, "travaux": 15.615833257852817, "JE": 15.299599283472595, "Je": 14.924109854610577, "pour": 14.436553066117252, "ENSEMBLE": 14.229538896732926, "JAMAIS": 13.418608680516597, "fait": 13.418608680516597, "SANS": 12.396957432984616, "sur": 12.396957432984616, "C'est": 12.396957432984616, "pendant": 11.72401295974219, "TESTE": 11.456950174493144, "de": 11.392437707074928, "MAISON": 11.221384103180378, "une": 11.010663071864725, "dans": 10.646019958276817, "(": 10.05587308714177, ")": 9.783849212626539, "\u2728": 9.608239328814951, "du": 9.526788382405972, "les": 9.433748351136185, "plus": 8.95142423750241, ":": 8.431428008842765, "LE": 8.288709965593524, "\u00c9T\u00c9": 7.807916628926408, "FILM\u00c9E": 7.807916628926408, "cas": 7.807916628926408, "Maurice": 7.807916628926408, "Th\u00e9riault": 7.807916628926408, "ENFERM\u00c9E": 7.807916628926408, "BO\u00ceTE": 7.807916628926408, "L'affaire": 7.807916628926408, "NUIT": 7.807916628926408, "VIRE": 7.807916628926408, "DRAME": 7.807916628926408, "DOMINICI": 7.807916628926408, "D\u00c9J\u00c0/JE": 7.807916628926408, "N'AI": 7.807916628926408, "semaine": 7.807916628926408, "vrai": 7.807916628926408, "VERSIONS": 7.807916628926408, "Voici": 7.807916628926408, "sera": 7.807916628926408, "youtubeuse": 7.807916628926408, "VOS": 7.807916628926408, "HISTOIRES": 7.807916628926408, "D\u00c9SASTREUSES": 7.807916628926408, "DERNI\u00c8RE": 7.807916628926408, "ann\u00e9e": 7.807916628926408, "LIIIIVE": 7.807916628926408, "\u00c7a": 7.807916628926408, "MYST\u00c9RIEUSE": 7.807916628926408, "toute": 7.807916628926408, "veille": 7.807916628926408, "No\u00ebl": 7.807916628926408, "buanderie": 7.807916628926408, "salle": 7.807916628926408, "bain": 7.807916628926408, "dimanche": 7.807916628926408, "V\u00c9RIT\u00c9": 7.807916628926408, "CHANG\u00c9": 7.807916628926408, "L'histoire": 7.807916628926408, "PARANORMALE": 7.807916628926408, "lieu": 7.807916628926408, "avant/apr\u00e8s": 7.807916628926408, "EMM\u00c9NAGE": 7.807916628926408, "d'un": 7.807916628926408, "nouveau": 7.807916628926408, "chapitre": 7.807916628926408, "MONSIEUR": 7.807916628926408, "retrouve": 7.807916628926408, "copains": 7.807916628926408, "inondation": 7.807916628926408, "CATASTROPHE": 7.807916628926408, "passe": 7.807916628926408, "1\u00e8res": 7.807916628926408, "EMBROUILLES": 7.807916628926408, "continuent": 7.807916628926408, "toilettes": 7.807916628926408, "secours": 7.807916628926408, "gal\u00e8res": 7.807916628926408, "COMMENCENT": 7.807916628926408, "d\u00e9g\u00e2t": 7.807916628926408, "eaux": 7.807916628926408, "d\u00e9voile": 7.807916628926408, "avant": 7.807916628926408, "deviens": 7.807916628926408, "proprio": 7.807916628926408, "1ers": 7.807916628926408, "RDV": 7.807916628926408, "CHOIX": 7.807916628926408, "EMM\u00c9NAG\u00c9": 7.807916628926408, "\ud83e\udd7a\ud83c\udfe1": 7.807916628926408, "coup": 7.807916628926408, "1\u00e8re": 7.807916628926408, "POSSESSION": 7.114769448366463, "ANS": 7.114769448366463, "Colleen": 7.114769448366463, "TOURNE": 7.114769448366463, "Marta": 7.114769448366463, "Castillo": 7.114769448366463, "beaut\u00e9": 7.114769448366463, "MAINTENANT": 7.114769448366463, "notre": 7.114769448366463, "nouvelle": 7.114769448366463, "HANT\u00c9": 7.114769448366463, "montre": 7.114769448366463, "ENFIN": 7.114769448366463, "trop": 7.114769448366463, "TRAVAUX": 7.114769448366463, "fois": 7.114769448366463, "PENDANT": 6.709304340258298, "pourquoi": 6.709304340258298, "BURGERS": 6.709304340258298, "PR\u00c9PARE": 6.709304340258298, "PIRE": 6.709304340258298, "vie": 6.709304340258298, "OBJETS": 6.709304340258298, "ONT": 6.709304340258298, "VRAIE": 6.709304340258298, "TOUS": 6.709304340258298, "ENCORE": 6.709304340258298, "\u270c\ufe0f": 6.709304340258298, "vraiment": 6.709304340258298, "trucs": 6.709304340258298, "Stan": 6.421622267806518, "J'AI": 6.421622267806518, "famille": 6.421622267806518, "cuisine": 6.421622267806518, "C'EST": 6.421622267806518, "VIE": 6.421622267806518, "faut": 6.421622267806518, "QUITTE": 6.421622267806518, "maison": 6.421622267806518, "CETTE": 6.198478716492308, "DANS": 6.198478716492308, "\ud83d\udeab": 6.198478716492308, "J'ai": 6.198478716492308, "EN": 6.178835515262628, "NOUS": 6.016157159698354, "est": 6.016157159698354, "mes": 6.016157159698354, "AU": 5.862006479871095, "Une": 5.862006479871095, "c": 5.862006479871095, "TOUT": 5.862006479871095, "ma": 5.862006479871095, "y": 5.805283700975958, "ASK": 5.728475087246572, "MA": 5.728475087246572, "CAMPING": 5.610692051590189, "\ud83d\ude43": 5.610692051590189, "ACTION": 5.610692051590189, "avec": 5.5053315359323625, "\ud83d\ude21": 5.5053315359323625, "Del": 5.5053315359323625, "team": 5.5053315359323625, "Twitch": 5.5053315359323625, "Ma": 5.410021356128038, "\ud83d\udca5": 5.410021356128038, "MAKE-UP": 5.410021356128038, "ne": 5.3230099791384085, "salon": 5.3230099791384085, "\ud83d\ude28": 5.099866427824199, "au": 5.099866427824199, "par": 5.099866427824199, "FINAL": 5.035327906686628, "Les": 4.974703284870192, "Yes": 4.917544871030244, "MAL": 4.863477649759968, "ON": 4.671291910509868, "je": 4.629862798578463, "Un": 4.549820090904927, ".": 4.503232125906399, "Le": 4.311409067459929, "USA": 4.281556104310247, "\ud83d\ude2d": 4.023726995008147, "Youtube": 3.9367156180185177, "SE": 3.8958936234982624, "OMG": 3.8189325823621343, "2016": 3.8005834436939376, "7": 3.735490752411954, "tour": 3.713572066704308, "se": 3.573810124329149, "house": 3.531250509910353, "HOUSE": 3.2753171357731525, "\u2764\ufe0f": 3.2753171357731525, "La": 3.1731876406967725, "LIVE": 3.163525729785036, "!": 3.1009822506574887, "un": 3.080528810214068, "ft.": 3.071718180531913, "que": 3.071718180531913, "TOUR": 3.0372320044607437, "ROUTINE": 2.902641850487979, "VS": 2.764491512007162, "DE": 2.7327428136925818, "LA": 2.6317668963525795, ",": 2.2041978452269815, "*": 2.0088239744658827, "On": 1.9386197157926341, "2021": 1.8392090689410427, "\u2019": 1.605381111738486, "2022": 1.5540878173509354, "...": 1.5483351648614856, "10": 1.3798113562418124, "?": 1.2771332245116178, "on": 1.2611312181658845, "a": 1.2526493686290872, "1": 1.148622709242771, "A": 0.782378314287888}