{"COLLAB": 47.62334884995732, "Collab": 47.33794283116247, "[": 42.54982802702231, "]": 42.54982802702231, "FNAF": 42.078171405477754, "\u27a4": 40.1618007396225, "FNaF": 32.129440591698, "FNAF/SFM": 29.35685186945822, "BREACH": 19.93819736041383, "Slice": 18.25934999660756, "SECURITY": 16.90339462537839, "|": 16.064925402623974, "FFPS": 16.064720295849, "Durso": 16.064720295849, "Part": 15.162171671952825, "``": 13.985807894829588, "''": 13.77953495758387, "\u25ba": 12.8458444709808, "Mashup": 12.48120135739289, "Ari": 12.172899997738375, "TURN": 11.670271141176562, "LIGHTS": 11.45955010986091, "PREVIEW": 11.26892975025226, "Take": 10.87692270198074, "Trailer": 9.612139231866598, "Mega": 8.686961387621128, "Mango5": 8.0323601479245, "FuntimeShadow": 8.0323601479245, "Mx": 8.0323601479245, "fella": 8.0323601479245, "Hoshi": 8.0323601479245, "Breached": 8.0323601479245, "j-gems": 8.0323601479245, "RainbowIsAMP4": 8.0323601479245, "Radioactive8Ball": 8.0323601479245, "Haxie": 8.0323601479245, "MULTIPLAT": 8.0323601479245, "Houdini": 8.0323601479245, "AViVA": 8.0323601479245, "takeasliceofhoshichallenge": 8.0323601479245, "CIRQUE": 8.0323601479245, "DAY": 7.795914433110783, "-": 7.624938543641838, "for": 7.426641402288007, "bomb": 7.339212967364555, "pronouns": 7.339212967364555, "SB/SFM": 7.339212967364555, "Voicelines": 7.339212967364555, "OFF": 7.251281801320494, "Gregory": 6.933747859256391, "SFM": 6.933747859256391, "Salvaged": 6.933747859256391, "Jaws": 6.933747859256391, "mail": 6.64606578680461, "Sinister": 6.64606578680461, "Mechanical": 6.64606578680461, "Instinct": 6.64606578680461, "pipe": 6.4229222354904, "Monty": 6.4229222354904, "ANIMATION": 6.4229222354904, "Fazbear": 6.4229222354904, "Blaze": 6.240600678696445, "Hurts": 5.835135570588281, "Reel": 5.63446487512613, "Remake": 5.63446487512613, "7th": 5.63446487512613, "Enjoy": 5.5474534981365, "Demo": 5.393302818309242, "green": 5.32430994682229, "Picks": 5.32430994682229, "fell": 5.259771425684719, "Glass": 5.259771425684719, "Official": 5.250376752928763, "Lights": 5.199146803868285, "Course": 5.0366278743705095, "Merry": 5.0366278743705095, "Sand": 4.987837710201077, "SHORT": 4.941317694566185, "Round": 4.854306317576555, "GOODBYE": 4.8134843230563, "Freddy": 4.774263609903018, "box": 4.700155637749297, "Anniversary": 4.665064317938026, "seen": 4.631162766262345, "Michael": 4.44884120946839, "Hidden": 4.44884120946839, "Security": 4.394773988198114, "there": 4.343480693810564, "Feat": 4.271160032230938, "Stay": 4.140539849813874, "hair": 4.100534515200175, "Animals": 4.100534515200175, "really": 3.971917137378081, "Another": 3.971917137378081, "Teaser": 3.921486283751189, "Run": 3.921486283751189, "little": 3.8734770645648284, "off": 3.625640900660247, "Down": 3.2961616995300047, "has": 3.2448684051424546, "THE": 3.1574702980636173, "Show": 3.055626405503926, "She": 3.048753526216164, "have": 2.9447638126921163, "Man": 2.920372359567957, "Go": 2.920372359567957, "Top": 2.8906965914218405, "By": 2.7800867198778705, "Christmas": 2.6948220682231825, "a": 2.670970719653093, "@": 2.6570817402403355, "12": 2.551721224582509, "Challenge": 2.4302413270447993, ".": 2.281468501744494, "this": 2.1407159360987293, "s": 2.0713548083012268, "2021": 2.040895600816518, "2": 1.9801479519695142, "you": 1.9570141168358164, "This": 1.9342858657582602, ",": 1.7854613431596231, "the": 1.7711759369437265, "2022": 1.7407910083661804, "in": 1.7368269271639065, "4": 1.6920008441967482, "The": 1.5920416103403134, "\u2019": 1.5615606441418985, "(": 1.489599015229553, ")": 1.4597274483943492, "...": 1.45728430732488, "3": 1.2918407883182772, "1": 1.2366543727509862, ":": 1.086346156825273, "#": 1.0175457966489556, "and": 1.0103837248523406, "A": 0.8215416944522801, "&": 0.8134504403054402, "?": 0.596332331572652, "!": 0.40335625827154326}