{"Huawei": 26.535968869574653, "Digital": 21.79635476153575, "Future": 18.37967315271671, "Talent": 17.43192559931329, "Summit": 13.973887069498133, "APAC": 13.818508310211746, "PV": 13.007578093995416, "s": 12.948800877881297, "\u2019": 12.927594643051044, "Southern": 9.926688012101119, "Key": 7.827043763103764, "Factory": 7.682402439944512, "Planet": 7.636423403495114, "Lin": 7.602401335665818, "Standardizing": 7.602401335665818, "innovators": 7.602401335665818, "Broadening": 7.602401335665818, "Cultivating": 7.602401335665818, "WHEC2022": 7.602401335665818, "Divides": 7.602401335665818, "NotJustMom": 7.602401335665818, "Assumptions": 7.602401335665818, "Tech": 6.957592820783489, "Digitalization": 6.503789046997708, "Trips": 6.503789046997708, "Champion": 6.216106974545927, "Strategies": 5.992963423231718, "Investing": 5.992963423231718, "Connectivity": 5.810641866437763, "Accessible": 5.656491186610505, "Ecological": 5.656491186610505, "Better": 5.439198826158894, "Our": 5.409123071429814, "Simon": 5.405176758329599, "Tone": 5.405176758329599, "livestream": 5.405176758329599, "Leading": 5.405176758329599, "Landscape": 5.299816242671772, "Towards": 5.2045060628674475, "Developing": 5.117494685877818, "Powering": 5.117494685877818, "Transformation": 5.037451978204281, "Potential": 5.037451978204281, "Few": 5.037451978204281, "Lines": 5.037451978204281, "Mother": 5.037451978204281, "Says": 4.894351134563609, "Impossible": 4.894351134563609, "IP": 4.829812613426037, "Mom": 4.829812613426037, "Metaverse": 4.712029577769654, "Bringing": 4.657962356499378, "Infinite": 4.4669071197366685, "Industry": 4.424347505317873, "P50": 4.383525510797617, "Foldable": 4.3443047976443365, "Horizon": 4.306564469661489, "Five": 4.136665432866092, "Livestream": 4.136665432866092, "Race": 4.076040811049657, "Exploring": 3.991483423021594, "Dog": 3.913521881551882, "Mission": 3.913521881551882, "Pocket": 3.913521881551882, "Changes": 3.8888292689615103, "Head": 3.8888292689615103, "Code": 3.86473171738245, "Without": 3.7957388458954986, "\u2018": 3.7957388458954986, "Vision": 3.75225373395576, ":": 3.711668222446101, "Innovation": 3.6903783302376723, "Ideas": 3.577049644930669, "US": 3.3828936304897117, "life": 3.368294831068559, "Green": 3.368294831068559, "Tricks": 3.2585959138121345, "Show": 3.1956820884015653, "Story": 3.1364932170112345, "Everything": 3.102591665335553, "Let": 3.091541829148968, "for": 3.0904303926135723, "Robot": 3.0698018425125624, "Just": 2.929572501203912, "A": 2.83702443446228, "at": 2.8159918891222917, "Features": 2.7120522074440645, "up": 2.7120522074440645, "Know": 2.7120522074440645, "in": 2.679813776373239, "About": 2.660758913056514, "Space": 2.6465742780645574, "Not": 2.639556705405911, "Game": 2.585121498850894, "The": 2.556845399182323, "An": 2.4549068588523655, "That": 2.387465578056833, "the": 2.375584614334153, "a": 2.3503479375610934, "Day": 2.324286676435301, "All": 2.3191976069278297, "Phone": 2.2745251668762374, "Do": 2.1052331103726165, "2022": 2.0940888877103068, "#": 2.049079955889543, "and": 1.7816884607506145, "Your": 1.5838081211695836, "Is": 1.57412281543512, "You": 1.4517985672195388, "4": 1.3758646663783527, "What": 1.3562945701842555, "on": 0.9521222870783963, "of": 0.7138288761004553, "to": 0.5993358768793563, "?": 0.4446658514159118, "-": 0.42844301590902445}