{"Dig": 38.5297336068391, "Garden": 35.45236751885093, "Permaculture": 28.459077793465852, "Crops": 24.064628638793415, "Vegetable": 20.351235053215202, "Harvests": 18.595436149476924, "Sowing": 18.595436149476924, "Beds": 15.728901814394616, "Gardening": 15.506577897933449, "No": 15.112596735356417, "Vegetables": 13.88958839573539, "Bins": 13.418608680516597, "Compost": 12.843244535613035, "Growing": 12.59099614884655, "Control": 11.628272988606248, "Harvest": 10.646019958276817, "Raised": 10.646019958276817, "FREE": 9.858384155632105, "Seeds": 9.624368710744834, "in": 9.616680170998768, "Why": 9.194113169193725, "Kitchen": 8.556268713975443, "Potatoes": 8.1886891244442, "%": 8.142499284358937, "Must-Sow": 7.807916628926408, "DIG": 7.807916628926408, "Weeding": 7.807916628926408, "Pathways": 7.807916628926408, "Slug": 7.807916628926408, "Towards": 7.807916628926408, "Commences": 7.807916628926408, "Highly-Productive": 7.807916628926408, "Amongst": 7.807916628926408, "Noth": 7.807916628926408, "Again": 7.752181992404165, "March": 7.7133458206899626, "Trick": 7.4949472367599785, "This": 7.295921392956872, "NEVER": 7.206448019070884, "Valuable": 7.114769448366463, "Self-Sufficient": 7.114769448366463, "Self-Sufficiency": 7.114769448366463, "Sow": 7.114769448366463, "Buy": 6.980857030780196, "May": 6.730530744872184, "Abundant": 6.709304340258298, "Gardener": 6.709304340258298, "Springtime": 6.709304340258298, "Breathtaking": 6.709304340258298, "Modules": 6.709304340258298, "Uplifting": 6.709304340258298, "Bush": 6.421622267806518, "Resource": 6.421622267806518, "Grows": 6.421622267806518, "Precious": 6.421622267806518, "Bulk": 6.421622267806518, "Containers": 6.198478716492308, "Tap": 6.198478716492308, "You": 6.110083159864855, "These": 6.091485388257305, "Herbs": 6.016157159698354, "Pest": 6.016157159698354, "Need": 5.927459084935634, "GRASS": 5.862006479871095, "Watering": 5.862006479871095, "Undercover": 5.862006479871095, "Rule": 5.862006479871095, "Impressive": 5.862006479871095, "Flavour": 5.862006479871095, "Weed": 5.728475087246572, "BOOST": 5.5053315359323625, "Prepare": 5.5053315359323625, "Homestead": 5.5053315359323625, "'d": 5.410021356128038, "Stopped": 5.3230099791384085, "Methods": 5.3230099791384085, "Were": 5.3230099791384085, "Tour": 5.263533792705159, "Most": 5.263533792705159, "Soil": 5.242967271464872, "Outside": 5.242967271464872, "MONTHS": 5.1688592993111495, "The": 5.1368667871649825, "Fastest": 5.099866427824199, "GARDEN": 4.974703284870192, "Food": 4.874557201597492, "Landscape": 4.863477649759968, "Your": 4.858957517531456, "Planting": 4.763394191202986, "Edible": 4.763394191202986, "Trees": 4.763394191202986, "Visit": 4.763394191202986, "Beans": 4.716874175568092, "Needed": 4.716874175568092, "Success": 4.716874175568092, "Seed": 4.716874175568092, "Simple": 4.654555411168834, "Can": 4.597056584596863, "Market": 4.589040804058207, "Forest": 4.549820090904927, "Reasons": 4.440620798939935, "|": 4.378951619288022, "80": 4.373929424441262, "Today": 4.342180726126682, "Productive": 4.311409067459929, "to": 4.283855817155875, "Improve": 4.252568567436995, "Ingredients": 4.2243976904702984, "February": 4.2243976904702984, "Starting": 4.196998716282184, "Plant": 4.0943445622221, "Do": 4.03591291605831, "Incredible": 4.001254139156089, "Tip": 3.95776902721635, "Their": 3.95776902721635, "for": 3.8941453238837327, "Plan": 3.8760909962020826, "Steps": 3.8760909962020826, "Method": 3.8566729103449813, "Save": 3.837624715374287, "Health": 3.764865361091858, "Tomato": 3.764865361091858, "7": 3.735490752411954, "June": 3.680782243881317, "'ll": 3.680782243881317, "Salad": 3.680782243881317, "Garlic": 3.6335293590307716, "Bed": 3.603224009535442, "Grow": 3.588408923750302, "As": 3.573810124329149, "19": 3.573810124329149, "Project": 3.5594213868770495, "April": 3.531250509910353, "AMAZING": 3.531250509910353, "I": 3.4746507315396014, "o": 3.3420085102718247, "Under": 3.2753171357731525, "If": 3.2435684374585723, "Every": 3.2127967787918186, "Money": 3.1444775348143414, "is": 3.1274994565253444, "Before": 3.116568746697265, "MORE": 3.0983864276140745, "Not": 3.080528810214068, "TOUR": 3.0372320044607437, "Use": 3.028793135814879, "Be": 3.0204248861443626, "Secret": 2.9876350633213717, "Free": 2.9716347219749304, "Should": 2.940382178470826, "Natural": 2.902641850487979, "of": 2.7610921717853723, "An": 2.7453215958994415, "Will": 2.70805020110221, "Art": 2.70805020110221, "Hacks": 2.6839526495231496, "Amazing": 2.6317668963525795, "Shorts": 2.5661696138667662, "'m": 2.529801969695891, "9": 2.4655823769615974, "Using": 2.46080909820894, "100": 2.4326382212422435, "To": 2.4324857938355007, "EASY": 2.4234215661373195, "Out": 2.382966611445006, "'": 2.3698373200032132, "How": 2.3685444895716232, "15": 2.3440848239007983, "NO": 2.3398564877912773, "BEST": 2.1875157632092583, "8": 2.1484344131667874, "Summer": 2.1414899408139765, "&": 1.7582424109138786, "!": 1.722767917031938, "from": 1.5833581996510486, "2022": 1.5540878173509354, "Make": 1.5483351648614856, "What": 1.535039622380241, "With": 1.4728623774283496, "10": 1.3798113562418124, "-": 1.3380992579617697, "a": 1.2526493686290872, "1": 1.148622709242771, "My": 1.1435076085760008, "5": 1.0925332425917276, "2": 0.9493515941350432, "#": 0.921384986395898, "the": 0.82970288629571, "A": 0.782378314287888, "(": 0.7735286990109054, ")": 0.7526037855866569, "and": 0.6858567472972661, ",": 0.44083956904539634}