{"Shorts": 73.60869350963216, "#": 27.837605810657216, "Comedy": 25.864655111066533, "\ud83d\ude2d\ud83d\ude2d": 22.075537128846026, "don": 14.748496022738411, "girls": 14.053091180566437, "Jordi": 13.330730391444126, "get": 12.861510599561901, "\u2019": 11.668920181596134, "that": 11.176656739256687, "it": 10.557441520607611, "t": 8.576108117855231, "somewhere": 8.051659556841953, "night\u2026": 8.051659556841953, "Pfffft": 8.051659556841953, "\ud83d\udc41\ud83d\udc44\ud83d\udc41": 8.051659556841953, "sweetest": 8.051659556841953, "\ud83e\udd72\ud83d\ude2d\u2764\ufe0f\ud83e\udd70": 8.051659556841953, "\ud83d\ude44\ud83d\ude24": 8.051659556841953, "protective": 8.051659556841953, "\ud83d\ude2d\ud83e\udd70": 8.051659556841953, "it\u2026.get": 8.051659556841953, "\ud83d\ude0c\ud83d\udc95": 8.051659556841953, "fold": 8.051659556841953, "anything\u2026\u2026\ud83d\ude2e\u200d\ud83d\udca8": 8.051659556841953, "gaslight": 8.051659556841953, "\ud83d\ude2d\ud83d\udc95": 8.051659556841953, "ratio": 8.051659556841953, "\ud83d\ude2e\u200d\ud83d\udca8\ud83d\ude29": 8.051659556841953, "Stiles": 8.051659556841953, "Stilinski": 8.051659556841953, "\ud83e\udd0c\ud83c\udffb": 8.051659556841953, "\ud83d\ude2a\ud83d\ude0d": 8.051659556841953, "MADAY": 8.051659556841953, "4006": 8.051659556841953, "divided": 8.051659556841953, "\ud83d\ude2a\ud83e\udd27": 8.051659556841953, "it\u2026get": 8.051659556841953, "friend": 7.881571385337285, "s": 7.364237919269202, "TW": 7.358512376282008, "\ud83e\udd42": 7.358512376282008, "bully": 7.358512376282008, "\ud83e\udd29\u2728": 7.358512376282008, "Bestfriends": 6.953047268173844, "hugs": 6.953047268173844, "ERROR": 6.953047268173844, "smarter": 6.953047268173844, "will": 6.833861137224636, "flirt": 6.665365195722063, "\ud83d\ude2d\ud83d\ude2d\ud83d\ude2d": 6.665365195722063, "got": 6.630922216894916, "I": 6.4968550710000335, "\ud83d\ude03": 6.442221644407853, "damage": 6.442221644407853, "harder": 6.442221644407853, "\ud83e\udd27": 6.442221644407853, "Cant": 6.259900087613898, "hates": 6.259900087613898, "gon": 6.259900087613898, "SYSTEM": 6.259900087613898, "not": 6.220034268465298, "add": 6.10574940778664, "Bestfriend": 6.10574940778664, "toe": 6.10574940778664, "tomorrow": 6.10574940778664, "by": 6.048534372951592, "filter": 5.972218015162118, "cant": 5.972218015162118, "crying": 5.854434979505734, "type": 5.854434979505734, "pictures": 5.854434979505734, "\ud83e\udd28": 5.854434979505734, "Orlando": 5.566752907053953, "\ud83d\ude29": 5.566752907053953, "sad": 5.486710199380417, "internet": 5.412602227226695, "11th": 5.343609355739743, "SUBSCRIBERS": 5.343609355739743, "truth": 5.343609355739743, "sleeping": 5.218446212785738, "When": 5.092656041819182, "COVER": 5.0559272832879625, "camera": 5.0559272832879625, "ta": 5.00713711911853, "d": 4.916165340912804, "drink": 4.916165340912804, "Until": 4.916165340912804, "me": 4.798340753146606, "every": 4.650462175179798, "this": 4.585515565929346, "still": 4.525299032225792, "Someone": 4.49631149535254, "~": 4.468140618385844, "help": 4.468140618385844, "MILLION": 4.468140618385844, "\ud83e\udd29": 4.440741644197729, "right": 4.440741644197729, "there": 4.414073397115568, "believe": 4.3880979107123075, "try": 4.267469922923692, "better": 4.244997067071634, "\u2728": 4.223018160352859, "Think": 4.223018160352859, "found": 4.159839258731327, "\ud83d\udc40": 4.139636551413807, "my": 4.135446552309526, "again": 4.100415838260526, "da": 4.062675510277679, "you": 4.022809691129079, "take": 3.974122112936234, "\ud83d\ude2d": 3.974122112936234, "BIRTHDAY": 3.957314994619853, "Emotional": 3.862004814815528, "Johnny": 3.832151851665847, "It": 3.827865005511439, "on": 3.7914437235971223, "just": 3.7612001156935624, "\u2764\ufe0f": 3.7078541349882697, "The": 3.662035002746019, "love": 3.6328189490453555, "Guy": 3.5857514381873696, "Cover": 3.5857514381873696, "game": 3.4977826652414126, "Trying": 3.4666920781713815, "he": 3.4565397067073635, "na": 3.3976992066844303, "best": 3.3421293555296194, "Just": 3.146384778403524, "like": 3.074925814421379, "have": 3.0277790359956773, "her": 2.982755354621722, "video": 2.658032010489592, "your": 2.5025834719467337, "..": 2.427642050654615, "That": 2.413304887508208, "an": 2.399170376573303, "We": 2.0552074682229327, "Me": 2.0379444007991516, "?": 2.008605573313323, "to": 1.9315161849526852, "What": 1.7381115105648584, "You": 1.5178707189086098, "is": 1.384702764412747, "for": 1.242620250798974, "1": 1.2132543559946098, ".": 1.2111130275532667, ":": 1.0270105263883171, "a": 0.9223620079125806, "2": 0.9159722098138096, "in": 0.8298237315535045, "the": 0.8038669750741074, "!": 0.42557679876957294}