{"Jack": 12.483477411049828, "English": 12.130128304080678, "Russell": 11.90583721248933, "view": 11.26892975025226, "\ud83e\udd23\ud83e\udd23": 10.17584233751612, "police": 10.073255748741019, "inside": 9.196745886878709, "beach": 9.011999246616679, "destroyer": 8.0323601479245, "speechless": 8.0323601479245, "lefty": 8.0323601479245, "chevi": 8.0323601479245, "stingray": 8.0323601479245, "woodpecker": 8.0323601479245, "tasers": 8.0323601479245, "flamb\u00e9": 8.0323601479245, "sorted": 8.0323601479245, "sparrows": 8.0323601479245, "Gin": 8.0323601479245, "wurlitzer": 8.0323601479245, "juke": 8.0323601479245, "\ud83e\udd23\ud83d\ude03\ud83d\ude04": 8.0323601479245, "laate": 8.0323601479245, "butty": 8.0323601479245, "pmsl": 8.0323601479245, "paddys": 8.0323601479245, "frodsham": 8.0323601479245, "paddy": 8.0323601479245, "baddy": 8.0323601479245, "krankenhouse": 8.0323601479245, "spoilt": 8.0323601479245, "waves": 7.339212967364555, "fillet": 7.339212967364555, "lizards": 7.339212967364555, "defence": 7.339212967364555, "lawyer": 6.933747859256391, "weapon": 6.933747859256391, "cabin": 6.64606578680461, "jack": 6.64606578680461, "drag": 6.4229222354904, "queen": 6.4229222354904, "chase": 6.4229222354904, "decision": 6.4229222354904, "boom": 6.4229222354904, "London": 6.392156481946045, "woke": 6.240600678696445, "watched": 6.240600678696445, "lovely": 6.240600678696445, "epic": 6.086449998869187, "sausage": 6.086449998869187, "report": 6.086449998869187, "table": 5.952918606244665, "Everton": 5.952918606244665, "oven": 5.729775054930455, "weather": 5.729775054930455, "safety": 5.729775054930455, "window": 5.63446487512613, "breakfast": 5.63446487512613, "pork": 5.467410790462964, "conversation": 5.467410790462964, "\ud83e\udd23\ud83e\udd23\ud83e\udd23": 5.393302818309242, "Wales": 5.259771425684719, "bar": 5.259771425684719, "air": 5.259771425684719, "meets": 5.0366278743705095, "cake": 4.896865931995351, "toy": 4.8134843230563, "Rare": 4.774263609903018, "looks": 4.736523281920172, "pizza": 4.700155637749297, "box": 4.700155637749297, "cream": 4.700155637749297, "beautiful": 4.5983729434393545, "find": 4.44884120946839, "North": 4.421442235280276, "British": 4.318788081220193, "use": 4.271160032230938, "found": 4.161159137016609, "Ben": 3.98930888008995, "Great": 3.889225421532968, "man": 3.827667528533534, "real": 3.755694028908445, "being": 3.7419007067761094, "Road": 3.555023333446294, "my": 3.545557367719155, "made": 3.378399797766977, "into": 2.920372359567957, "on": 2.7980834292882473, "video": 2.754245488693983, "the": 2.65676390541559, "by": 2.1462561164743446, "in": 1.7368269271639065, "with": 1.2145295764703505, "of": 0.9770473045847486, "a": 0.8903235732176977}