{"iOS": 30.826805344546013, "Jailbreak": 29.780064036303358, "iPhone": 25.935793990581402, "15.0": 20.727762465317618, "Tweak": 16.568879381957945, "Status": 15.352484057633454, "PoC": 15.204802671331636, "15.2b1": 15.204802671331636, "Released": 14.307563974828806, "checkra1n": 13.818508310211746, "15": 13.474890365962835, "Lockscreen": 13.007578093995416, "Kernel": 11.621283732875526, "App": 11.360909603472248, "16": 10.756814410500589, "On": 9.784772190112903, "Settings": 8.402407908007326, "To": 7.786980108149033, "Asmi82": 7.602401335665818, "AmBand": 7.602401335665818, "unc0ver": 7.602401335665818, "electra": 7.602401335665818, "Havoc": 7.602401335665818, "TapMe": 7.602401335665818, "ShyLabels": 7.602401335665818, "Statusbar": 7.602401335665818, "Disturb": 7.602401335665818, "AppColorClose": 7.602401335665818, "Tint": 7.602401335665818, "PPSSPP": 7.602401335665818, "FreshCydia": 7.602401335665818, "Homepage": 7.602401335665818, "Update": 7.295752021882999, "Goose": 6.909254155105873, "Fart": 6.909254155105873, "\ud83d\udca9": 6.909254155105873, "Indicators": 6.909254155105873, "AltStore": 6.909254155105873, "Epoch": 6.909254155105873, "Shuffle": 6.909254155105873, "\uf8ff": 6.909254155105873, "Coming": 6.825493187278785, "Tricks": 6.517191827624269, "15.3.1": 6.503789046997708, "Font": 6.503789046997708, "LS": 6.503789046997708, "Names": 6.216106974545927, "Fortune": 6.216106974545927, "PSP": 5.992963423231718, "Compactor": 5.992963423231718, "Change": 5.935344694872365, "Guide": 5.877924483107503, "When": 5.877924483107503, "Homescreen": 5.810641866437763, "Vulnerability": 5.810641866437763, "Exploit": 5.656491186610505, "Prep": 5.656491186610505, "Collapse": 5.656491186610505, "Cookie": 5.656491186610505, "-": 5.569759206817318, "Icons": 5.522959793985982, "Themes": 5.522959793985982, "With": 5.502241019616138, "Cydia": 5.405176758329599, "Tips": 5.394253114454777, "In": 5.285279034877259, "Flashlight": 5.037451978204281, "Six": 4.963344006050559, "Creator": 4.894351134563609, "5.0": 4.769187991609602, "Hide": 4.769187991609602, "Logo": 4.769187991609602, "AirTag": 4.712029577769654, "Rugged": 4.657962356499378, "Customize": 4.606669062111827, "Them": 4.606669062111827, "VPN": 4.383525510797617, "How": 4.3808396665353575, "/": 4.363732672787065, "Sport": 4.3443047976443365, "Type": 4.306564469661489, "Clock": 4.270196825490615, "Close": 4.168414131180672, "Style": 3.9648151759394326, "Soon": 3.938839689536172, "Check": 3.6903783302376723, "Band": 3.6511576170843907, "Level": 3.6321094221136963, "Apple": 3.5646368106269133, "Open": 3.559350067831268, "Beta": 3.4592666092742856, "Cool": 3.3397214586245028, "Custom": 3.2983362424616485, "News": 3.2329534831987967, "Computer": 3.2079521809933795, "Episode": 3.159750079175502, "Install": 3.1364932170112345, "Box": 3.125064521187612, "Apps": 3.1137649659336786, "&": 3.086108404078555, "Easy": 3.0591065533958144, "Quick": 2.977428522381547, "Great": 2.7902169802934007, "Free": 2.750371071746201, "Case": 2.734866885210236, "M1": 2.704561535714907, "Not": 2.639556705405911, "Setup": 2.5785208148195418, "Battery": 2.565448733252189, "New": 2.510024252019616, "iPad": 2.443346036451289, "No": 2.3929151828243973, "Get": 2.371292718811232, "NEW": 2.3191976069278297, "Make": 2.113463609509132, "Do": 2.1052331103726165, "2022": 2.0940888877103068, "Watch": 1.942919119906197, "For": 1.7444681811823588, "Best": 1.608439908359249, "Your": 1.5838081211695836, "Is": 1.57412281543512, "6": 1.57412281543512, "You": 1.4517985672195388, "Review": 1.4348848447774771, "5": 1.1503523812285923, "1": 1.0628153800481488, "A": 0.9456748114874267, "?": 0.8893317028318236, "2": 0.8270352447294268, "'s": 0.8179442730281747, "(": 0.6554253435303999, ")": 0.6411052897556514, "!": 0.4659181270755709}