{"Tests": 91.80859998730432, "GTA": 59.07984150657663, "Win": 46.97979699089147, "Funny": 44.39424970072745, "Which": 42.45193318287719, "Will": 40.209174849707836, "5": 28.516372692734215, "Police": 24.881692352643697, "in": 19.2230468352081, "Minecraft": 19.019580645291335, "Supercar": 18.169473690975163, "and": 17.596374672034287, "Forza": 16.514398347089678, "Car": 15.659932330297156, "Roblox": 14.314666067205719, "Who": 14.188077027284269, "Horizon": 13.889974711571293, "Supercars": 12.112982460650109, "(": 10.848909654267805, ")": 10.848909654267805, "Cheap": 10.726688099530218, "Abandoned": 10.280400996901799, "Movie": 9.477597088752947, "Finding": 8.571570340589664, "?": 8.157600222920157, "Flipped": 8.13593277200489, "WHOAA": 8.13593277200489, "Prettiest": 8.13593277200489, "NOTEPAD": 8.13593277200489, "an": 7.266599899486565, "Top-Secret": 7.037320483336781, "ATM": 6.749638410885, "F40": 6.749638410885, "Lambo": 6.52649485957079, "Prisoner": 6.52649485957079, "Building": 6.4465557725376765, "Backwards": 6.190022622949577, "Betrayed": 6.190022622949577, "Skateboard": 6.190022622949577, "THOMAS": 6.190022622949577, "Barn": 6.190022622949577, "Funnier": 6.056491230325054, "Sleeper": 5.9387081946686715, "machine": 5.833347679010845, "Officer": 5.833347679010845, "Cream": 5.833347679010845, "Franklin": 5.73803749920652, "stole": 5.73803749920652, "BONE": 5.73803749920652, "Ragdoll": 5.73803749920652, "Drifting": 5.73803749920652, "EXTREMELY": 5.65102612221689, "Whatever": 5.65102612221689, "as": 5.635625556321348, "SUPERCAR": 5.570983414543353, "BMX": 5.363344049765109, "POOR": 5.3027194279486745, "COP": 5.3027194279486745, "Cop": 5.245561014108726, "Called": 5.245561014108726, "Cops": 5.140200498450899, "WOW": 5.140200498450899, "Falling": 5.091410334281467, "Godzilla": 5.044890318646575, "Ferrari": 5.044890318646575, "Military": 5.044890318646575, "Superhero": 4.957878941656944, "HAPPY": 4.91705694713669, "Lamborghini": 4.91705694713669, "Flash": 4.8400959060005615, "Bike": 4.8400959060005615, "Upgrading": 4.734735390342735, "Drift": 4.670196869205164, "ALL": 4.637643224083372, "Expensive": 4.609572247388729, "Bus": 4.552413833548781, "Draw": 4.472371125875244, "goes": 4.447053317890954, "ANGRY": 4.398263153721522, "Happens": 4.351743138086629, "RICH": 4.3072913755157956, "Jedi": 4.3072913755157956, "Tank": 4.184689053423463, "FASTEST": 4.1285995867724194, "Become": 4.0754897614584715, "Spider-Man": 4.0754897614584715, "Truck": 4.041588209782789, "Cars": 3.9615455021092534, "Knight": 3.946278029978465, "RECORD": 3.8874375299555313, "found": 3.8874375299555313, "Breaking": 3.873252894963575, "Ice": 3.8592666529888353, "Scary": 3.753906137331009, "NOOB": 3.530762586016799, "School": 3.5012037837752548, "GOD": 3.4538015448806707, "EVERYTHING": 3.4264025706925563, "Find": 3.4264025706925563, "MEGA": 3.399734323610395, "Making": 3.105494850612455, "Online": 2.8578181127743734, "EVERY": 2.842627947280398, "Ultimate": 2.756035418464431, "SECRET": 2.7242867201498506, "!": 2.688272716881513, "Playing": 2.6104798328731067, "I": 2.3794607480191337, "from": 2.37703099812761, "Me": 2.2116769745903584, "but": 2.2036875845568797, "to": 1.7862696984222697, "a": 1.7298484674477967, "Is": 1.6902129526193121, "NEW": 1.361708885647276, "is": 1.1438363445890025, "the": 0.710574884977739, ",": 0.7058186334430898, "The": 0.4701793401431918}