{"/": 36.641415425058554, "\u041a\u043e\u0442": 25.754056147197236, "\\": 21.290164135484282, "week": 20.02839462568222, "\u043a\u043e\u0442": 15.45243368831834, "three": 14.096478317089169, "cats": 13.963281426452951, "cat": 13.905587312299385, "\u043d\u0435": 13.072319928022662, "\u0447\u0442\u043e": 11.633536660879678, "Cat": 11.066687702688782, "\u041a\u043e\u0448\u043a\u0430": 10.034559673629849, "\u043e\u043d": 9.39765221139278, "\u0438": 8.908760980349006, "\u044f": 8.648265312509958, "came": 7.8373350962936295, "you": 7.153814724374222, "thief": 7.0967213784947605, "\u0441\u043f\u0430\u043b": 7.0967213784947605, "\u0441\u0442\u0440\u0430\u043d\u043d\u044b\u0439": 7.0967213784947605, "\u0425\u043e\u0440\u043e\u0448\u043e": 7.0967213784947605, "\u0421\u0438\u0434\u0438\u043c": 7.0967213784947605, "\u0414\u0438\u0432\u0430\u043d\u043d\u043e\u0435": 7.0967213784947605, "\u0431\u0435\u0437\u0443\u043c\u0438\u0435": 7.0967213784947605, "cramped": 7.0967213784947605, "\u0442\u0435\u0441\u043d\u043e\u0442\u0435": 7.0967213784947605, "\u0434\u0430": 7.0967213784947605, "\u043e\u0431\u0438\u0434\u0435": 7.0967213784947605, "\u043e\u0442\u043a\u0440\u0443\u0447\u0438\u0432\u0430\u0435\u0442": 7.0967213784947605, "\u043a\u0440\u044b\u0448\u043a\u0443": 7.0967213784947605, "\u0421ats": 7.0967213784947605, "Supersonic": 7.0967213784947605, "\u0432\u044b\u0448\u0435\u043b": 7.0967213784947605, "\u0441\u0432\u0435\u0440\u0445\u0437\u0432\u0443\u043a": 7.0967213784947605, "Again/": 7.0967213784947605, "\u041f\u043e\u0434\u043a\u043e\u0432\u0451\u0440\u043d\u044b\u0439": 7.0967213784947605, "boiled": 7.0967213784947605, "\u043f\u0440\u0438\u0433\u043e\u0442\u043e\u0432\u044c": 7.0967213784947605, "\u043a\u0430\u0440\u0442\u043e\u0448\u043a\u0438": 7.0967213784947605, "\u042d\u0439": 7.0967213784947605, "\u0437\u0430\u0431\u0443\u0434\u044c": 7.0967213784947605, "bedsheet": 7.0967213784947605, "\u043f\u0440\u043e\u0441\u0442\u044b\u043d\u044f": 7.0967213784947605, "realizes": 7.0967213784947605, "\u041c\u0430\u0441\u0442\u0435\u0440": 7.0967213784947605, "\u0437\u0430\u0441\u0430\u0434\u044b": 7.0967213784947605, "\u0422\u0435\u0431\u0435": 7.0967213784947605, "\u0442\u0435\u0431\u044f": 7.0967213784947605, "\u0434\u0440\u0443\u0433\u0443": 7.0967213784947605, "cat.exe": 7.0967213784947605, "\u0421\u043e\u0441\u0435\u0434c\u043a\u0438\u0439": 7.0967213784947605, "\u0437\u0430\u0432\u0438\u0441": 7.0967213784947605, "\u0433\u043b\u0443\u043f\u044b\u0439": 7.0967213784947605, "hints": 7.0967213784947605, "\u043d\u0430\u043c\u0435\u043a\u0430\u0435\u0442": 7.0967213784947605, "\u0433\u043e\u043b\u043e\u0434\u0435\u043d": 7.0967213784947605, "friend": 7.0264048800773, "that": 6.781318414629846, "Controlling": 6.403574197934815, "\u043f\u0440\u0438\u0448\u043b\u0438": 6.403574197934815, "\u043e\u0441\u043e\u0437\u043d\u0430\u043b": 6.403574197934815, "\u043c\u043e\u0433\u0443": 6.403574197934815, "\u0434\u043e\u0441\u0442\u0430\u0442\u044c": 6.403574197934815, "\u043f\u0440\u0438\u0432\u0435\u043b\u0430": 6.403574197934815, "\u0441\u0432\u043e\u0435\u043c\u0443": 6.403574197934815, "\u0423\u043c\u043d\u044b\u0439": 6.403574197934815, "\u043c\u043e\u0439": 5.9981090898266505, "potatoes": 5.9981090898266505, "\u043c\u043d\u0435": 5.9981090898266505, "\u043d\u043e\u0432\u0430\u044f": 5.9981090898266505, "\u043f\u043e\u0432\u0435\u0437\u043b\u043e": 5.9981090898266505, "error": 5.9981090898266505, "he": 5.784057518207589, "fat": 5.71042701737487, "\u043f\u043e\u043a\u0430": 5.71042701737487, "\u0434\u0440\u0443\u0433": 5.71042701737487, "\u0425\u043e\u0437\u044f\u0438\u043d": 5.71042701737487, "\u041a\u041e\u0422": 5.71042701737487, "\u043a\u043e\u0442\u044f\u0442": 5.71042701737487, "stupid": 5.71042701737487, "#": 5.62729769352149, "slept": 5.48728346606066, "insane": 5.48728346606066, "neighbor": 5.304961909266705, "\u0432\u044b": 5.150811229439447, "lucky": 5.150811229439447, "Sitting": 5.017279836814924, "\u0435\u0441\u0442\u044c": 5.017279836814924, "Hey": 5.017279836814924, "kill": 4.899496801158541, "Clever": 4.899496801158541, "changes": 4.794136285500715, "\u043c\u0435\u043d\u044f": 4.794136285500715, "All": 4.703578500263021, "strange": 4.69882610569639, "Blanket": 4.61181472870676, "until": 4.61181472870676, "\u042f": 4.324132656254979, "different": 4.15228239932832, "\u043a": 4.15228239932832, "When": 4.145681715296968, "alone": 4.100989104940769, "hungry": 4.100989104940769, "human": 4.052198940771337, "Smart": 4.005678925136444, "the": 3.8964930957212824, "trying": 3.8778455536265595, "I": 3.733556696160858, "are": 3.7312255232803473, "kittens": 3.7294255485082863, "need": 3.695523996832605, "Three": 3.662734174009614, "Angry": 3.6309854756950335, "ca": 3.6309854756950335, "of": 3.6255476563145193, ",": 3.54494231208652, "never": 3.5413733170053465, "again": 3.4591352187683744, "There": 3.4331597323651137, "is": 3.4148900563949356, "two": 3.3355212628011977, "\u0412": 3.312531744576499, "CAT": 3.312531744576499, "You": 3.308607335945933, "Human": 3.2680799820056654, "Mother": 3.1648957457704348, "want": 3.1264294649426385, "\u043d\u0430": 3.107737331930486, "Too": 3.0713696877596113, "\u0432": 3.05367011066021, "go": 3.05367011066021, "old": 3.0191839345890408, "we": 2.985847514321449, "one": 2.862614873897501, "and": 2.7858557327437565, "love": 2.7529159566410764, "Back": 2.7529159566410764, "Not": 2.6080850087626204, "get": 2.596911708164495, "about": 2.564121885341504, "dogs": 2.5428444868942193, "or": 2.5428444868942193, "Two": 2.511753899824188, "so": 2.511753899824188, "'s": 2.5114197432895122, "Me": 2.4238925440328543, "out": 2.378222507199666, "new": 2.3517892501315103, "like": 2.2927003337615037, "Funny": 2.2845370231223425, "The": 2.232275946525582, "me": 2.198881578543849, "your": 2.1694676933375554, "!": 2.085610963251886, "Your": 2.0794415416798357, "Cute": 2.0153170135102974, "Do": 2.0091250432623764, ".": 1.8417082167779983, "n't": 1.7835153994529729, "4": 1.7401351038227477, "my": 1.7168240249543008, "5": 1.6202578265632497, "What": 1.5995531532015583, "to": 1.5197912946966385, "3": 1.4619317753255106, "1": 1.353718190685278, "a": 1.2767661902999408, "2": 1.1002692898757391, ":": 1.0854542040905986, "for": 0.9941627838811914, "with": 0.9292048876064191, "?": 0.6182117362861911}