{"O": 85.58538782420378, "U": 78.7451878136039, "ROBLOXU": 73.22339494804402, "SAM": 50.138850730890184, "MINECRAFTU": 37.213927957224726, "TRKU": 32.54373108801956, "MORAMO": 32.54373108801956, "NAGRADU": 32.54373108801956, "MORAM": 24.40779831601467, "KO": 22.95214999682608, "OSVAJA": 22.328356774334836, "PRVI": 20.248915232655, ":": 19.309411608267364, "SATA": 16.27186554400978, "NAPRAVIO": 16.27186554400978, "ZAVR\u0160I": 16.27186554400978, "BI": 16.27186554400978, "KOLIKO": 16.27186554400978, "OVE": 16.27186554400978, "\u0160TA": 14.88557118288989, "OVU": 14.88557118288989, "PARE": 14.88557118288989, "IMA": 14.88557118288989, "KAKO": 14.074640966673561, "NA": 13.852415750171938, "OD": 13.49927682177, "ZA": 12.112982460650109, "DA": 10.941889206818251, "SE": 10.532879876161857, "AUTO": 8.150979522916943, "OVAKVU": 8.13593277200489, "NE\u0106U": 8.13593277200489, "IGRATI": 8.13593277200489, "OVOM": 8.13593277200489, "LETJELICOM": 8.13593277200489, "SKO\u010cIO": 8.13593277200489, "PREKO": 8.13593277200489, "METARA": 8.13593277200489, "NALAZI": 8.13593277200489, "VELIKOM": 8.13593277200489, "PATRIKU": 8.13593277200489, "ZVIJEZDI": 8.13593277200489, "ZGAZIMO": 8.13593277200489, "SOBOM": 8.13593277200489, "BJE\u017dIMO": 8.13593277200489, "LUDOG": 8.13593277200489, "\u017dIVIM": 8.13593277200489, "MRAV": 8.13593277200489, "SVOJ": 8.13593277200489, "SMIJEMO": 8.13593277200489, "KRETATI": 8.13593277200489, "PRAVO": 8.13593277200489, "NAJTE\u017dU": 8.13593277200489, "IZGUBI": 8.13593277200489, "SAKRIO": 8.13593277200489, "FRI\u017dIDER": 8.13593277200489, "NIJE": 8.13593277200489, "MOGAO": 8.13593277200489, "PRONA\u0110E": 8.13593277200489, "DOBIO": 8.13593277200489, "SUBSCRIBERA": 8.13593277200489, "O\u0160AMARITI": 8.13593277200489, "POBIJEDIO": 8.13593277200489, "TO\u010cAK": 8.13593277200489, "SRE\u0106E": 8.13593277200489, "ODRE\u0110UJE": 8.13593277200489, "RADIM": 8.13593277200489, "PRE\u017dIVJETI": 8.13593277200489, "IZGUBLJENOM": 8.13593277200489, "OSTRVU": 8.13593277200489, "POGODITI": 8.13593277200489, "PRIJE": 8.13593277200489, "NEGO": 8.13593277200489, "UBIJU": 8.13593277200489, "GANJE": 8.13593277200489, "KADA": 8.13593277200489, "IZGUBIM": 8.13593277200489, "SRCE": 8.13593277200489, "DOBIJEM": 8.13593277200489, "NAJBOLJU": 8.13593277200489, "GOVNO": 8.13593277200489, "STAO": 8.13593277200489, "NJEGA": 8.13593277200489, "NOVE": 8.13593277200489, "LUDE": 8.13593277200489, "POKVARITI": 8.13593277200489, "POGODI": 8.13593277200489, "TEGLI": 8.13593277200489, "ILI": 8.13593277200489, "UMRI": 8.13593277200489, "NAJGORI": 8.13593277200489, "GRAD": 8.13593277200489, "SVIJETU": 8.13593277200489, "ZATVOR": 8.13593277200489, "OTI\u0160AO": 8.13593277200489, "UTAKMICU": 8.13593277200489, "MILANA": 8.13593277200489, "ISPUNIO": 8.13593277200489, "\u017dELJU": 8.13593277200489, "ZARADIO": 8.13593277200489, "YOUTUBEA": 8.13593277200489, "UNI\u0160TITI": 8.13593277200489, "SVOJU": 8.13593277200489, "VOJSKU": 8.13593277200489, "GLUPIH": 8.13593277200489, "VOJNIKA": 8.13593277200489, "OSVOJIO": 8.13593277200489, "NAJBOLJEG": 8.13593277200489, "YOUTUBERA": 8.13593277200489, "DO\u0110E": 8.13593277200489, "SLUPATI": 8.13593277200489, "OSVOJILI": 8.13593277200489, "MO\u017dE\u0160": 8.13593277200489, "POBJE\u0106I": 8.13593277200489, "SOBE": 8.13593277200489, "VI\u0160E": 7.442785591444945, "NIKAD": 7.442785591444945, "NOVOM": 7.442785591444945, "SVE": 7.442785591444945, "PRED": 7.442785591444945, "PROFESORA": 7.442785591444945, "MILIONA": 7.442785591444945, "IGRAMO": 7.442785591444945, "STVARI": 7.442785591444945, "POSTAO": 7.442785591444945, "TRKE": 7.442785591444945, "NAPRAVITI": 7.442785591444945, "NAJVE\u0106I": 7.442785591444945, "KRAJA": 7.442785591444945, "!": 7.2583363355800845, "SALON": 7.037320483336781, "SAMO": 7.037320483336781, "DAJE": 7.037320483336781, "IH": 7.037320483336781, "\u0106E": 7.037320483336781, "KUPIO": 7.037320483336781, "GTA": 6.816904789220381, "KAO": 6.749638410885, "IZ": 6.749638410885, "500\u20ac": 6.52649485957079, "LI": 6.52649485957079, "ALI": 6.190022622949577, "OVO": 6.190022622949577, "AC": 5.65102612221689, "SA": 5.19149379283845, "BEDROCK": 5.140200498450899, "24": 4.980971748723306, "GA": 4.8400959060005615, "ME": 4.64958355805638, "\u2764\ufe0f": 4.63942521053841, "JE": 4.058395328099171, "YOUTUBE": 3.8874375299555313, "I": 3.1726143306921784, "\ud83d\ude02": 3.067028569784659, "1000": 2.9209970143959048, "5": 2.8516372692734215, "OP": 2.7468610421883897, "DO": 2.598598504986354, "10": 1.446333502825924, "...": 0.9681235876884466, "?": 0.5098500139325098}