{"Apart": 137.42188605974079, "Ratchet": 127.28525835703668, "Clank": 127.28525835703668, "Rift": 121.9459058495852, "Ryno": 56.95152940403423, "Spybot": 56.95152940403423, "Armour/Pocket": 56.95152940403423, "Bolt": 45.68546401699553, "Locations": 42.441124738942634, "Savali": 32.54373108801956, "Sargasso": 32.54373108801956, "Blizar": 32.54373108801956, "All": 30.805323119683802, "Gold": 25.531074815909253, "Location": 25.464674843365582, "Ardolis": 24.40779831601467, "Cordelion": 24.40779831601467, "Torren": 24.40779831601467, "Dimensions": 23.33339071604338, "Tome": 22.328356774334836, ":": 22.280090317231576, "&": 21.62310584309746, "Anomaly": 19.57948457871237, "Prime": 17.593052614886087, "Collectibles": 17.500043037032533, "Dimension": 17.21411249761956, "Daunt": 16.27186554400978, "Viceron": 16.27186554400978, "Adventurer": 14.873636824970834, "IV": 14.305910826055248, "Ark": 14.010590607615491, "Puzzle": 13.828716742166186, "-": 13.811603084011267, "(": 12.054344060297563, ")": 11.652532591620977, "Farm": 10.445917265542102, "Lost": 9.540317143210888, "Forbidden": 8.331281716905538, "Scarstu": 8.13593277200489, "Lorbs/Armour": 8.13593277200489, "Corson": 8.13593277200489, "West": 7.507812274662018, "Punika": 7.442785591444945, "Feiton": 7.442785591444945, "Vista": 7.442785591444945, "Debris": 7.442785591444945, "Yorn": 7.037320483336781, "Horizon": 6.9449873557856465, "Walkthrough": 6.747517674414269, "Relic": 6.52649485957079, "Field": 5.19149379283845, "Ruins": 5.140200498450899, "Kit": 5.140200498450899, "Point": 4.3072913755157956, "V": 2.8889086998444045, "'s": 2.302779257080528, "The": 0.9403586802863836}