{"||": 83.28678946842207, "projekts": 22.96475114354496, "UK": 16.364452065872193, "vlog": 16.056995864562825, "dienas": 15.30983409569664, "Nopirku": 15.30983409569664, "apskats": 15.30983409569664, "Mehu": 15.30983409569664, "diena": 15.30983409569664, "kad": 15.30983409569664, "kursos": 15.30983409569664, "Golfs": 15.30983409569664, "b\u016bs": 15.30983409569664, "ma\u0161\u012bna": 15.30983409569664, "intervija": 15.30983409569664, "mazs": 15.30983409569664, "cabrio": 13.112609518360422, "uz": 13.112609518360422, "LV": 12.53724537345686, "E30": 11.681150796464275, "MK1": 10.70466390970855, "E46": 8.378362290097188, "Tais\u0101m": 7.65491704784832, "sasisto": 7.65491704784832, "vienas": 7.65491704784832, "laik\u0101": 7.65491704784832, "Pavasaris": 7.65491704784832, "l\u0113tu": 7.65491704784832, "dz\u012bvokli": 7.65491704784832, "dz\u012bv\u0113": 7.65491704784832, "pat": 7.65491704784832, "neredz\u0113ju": 7.65491704784832, "dz\u012bvok\u013ca": 7.65491704784832, "Diena": 7.65491704784832, "laukos": 7.65491704784832, "st\u0101du": 7.65491704784832, "kartupe\u013cus": 7.65491704784832, "d\u0101rza": 7.65491704784832, "iekop\u0161ana": 7.65491704784832, "S\u0101kam": 7.65491704784832, "jaukt": 7.65491704784832, "\u0101r\u0101": 7.65491704784832, "\u017eiguli": 7.65491704784832, "21011": 7.65491704784832, "Uzvarejam": 7.65491704784832, "izdz\u012bvo\u0161an\u0101": 7.65491704784832, "Trases": 7.65491704784832, "dienu": 7.65491704784832, "metin\u0101\u0161ana": 7.65491704784832, "trubu": 7.65491704784832, "lik\u0161ana": 7.65491704784832, "Apskat\u0101m": 7.65491704784832, "zemi": 7.65491704784832, "iestig\u0101m": 7.65491704784832, "me\u017e\u0101": 7.65491704784832, "apmekl\u0113jums": 7.65491704784832, "laim\u0113ju": 7.65491704784832, "d\u0101vanu": 7.65491704784832, "karti": 7.65491704784832, "Apskatam": 7.65491704784832, "m\u0101ju": 7.65491704784832, "sludin\u0101juma": 7.65491704784832, "\u017digulis": 7.65491704784832, "ripos": 7.65491704784832, "Aizkraukl\u0113": 7.65491704784832, "Gribu": 7.65491704784832, "dz\u012bvot": 7.65491704784832, "Latvij\u0101": 7.65491704784832, "mekl\u0113ju": 7.65491704784832, "m\u0101jokli": 7.65491704784832, "K\u0101": 7.65491704784832, "iet": 7.65491704784832, "kas": 7.65491704784832, "jauns": 7.65491704784832, "noticis": 7.65491704784832, "turpin\u0101s": 7.65491704784832, "braucu": 7.65491704784832, "lidostu": 7.65491704784832, "\u0161or\u012bt": 7.65491704784832, "apsk\u0101d\u0113ts": 7.65491704784832, "uzrauti": 7.65491704784832, "sp\u0101rni": 7.65491704784832, "mekl\u0113jam": 7.65491704784832, "vain\u012bgos": 7.65491704784832, "Br\u012bvdiena": 7.65491704784832, "m\u0101j\u0101s": 7.65491704784832, "iest\u0101jos": 7.65491704784832, "Anglij\u0101": 7.65491704784832, "vlogs": 7.65491704784832, "150\u00a3": 7.65491704784832, "deta\u013c\u0101m": 7.65491704784832, "atcelti": 7.65491704784832, "vilcieni": 7.65491704784832, "kupeja": 7.65491704784832, "Laiks": 7.65491704784832, "atgriezties": 7.65491704784832, "Nopirk\u0101m": 7.65491704784832, "divus": 7.65491704784832, "Drauga": 7.65491704784832, "Atbildes": 7.65491704784832, "Cik": 7.65491704784832, "gadi": 7.65491704784832, "ir": 7.65491704784832, "puisis": 7.65491704784832, "Rezekne": 7.65491704784832, "skursteni": 7.65491704784832, "k\u016bpo\u0161a": 7.65491704784832, "\u012bpa\u0161nieku": 7.65491704784832, "Jaun\u0101": 7.65491704784832, "\u017eurka": 7.65491704784832, "Egl\u012bte": 7.65491704784832, "jauni": 7.65491704784832, "satiku": 7.65491704784832, "Vistinu": 7.65491704784832, "Ogr\u0113": 7.65491704784832, "Ielu": 7.65491704784832, "vakardienas": 7.65491704784832, "izbrauciena": 7.65491704784832, "Aleksa": 7.65491704784832, "pa\u0161tais\u012btie": 7.65491704784832, "droni": 7.65491704784832, "Beha": 7.65491704784832, "atkal": 7.65491704784832, "iel\u0101s": 7.65491704784832, "Kabrim": 7.65491704784832, "beidzot": 7.65491704784832, "jaunas": 7.65491704784832, "kurp\u012btes": 7.65491704784832, "Jauns": 7.65491704784832, "kuc\u0113ns": 7.65491704784832, "riepu": 7.65491704784832, "ieg\u0101de": 7.65491704784832, "uzkarsa": 7.65491704784832, "vizinajos": 7.65491704784832, "tros\u0113": 7.65491704784832, "kabriolets": 7.65491704784832, "dr\u012bz": 7.65491704784832, "latvietis": 7.65491704784832, "motora": 7.65491704784832, "un": 7.44618283024799, "Vaz": 6.961769867288376, "IKEA": 6.961769867288376, "slides": 6.961769867288376, "swaps": 6.961769867288376, "ko": 6.556304759180211, "pa": 6.556304759180211, "Tattoo": 6.26862268672843, "subtitles": 6.26862268672843, "no": 6.26625694159856, "Gravity": 6.0454791354142206, "SLAMMED": 6.0454791354142206, "ar": 5.863157578620266, "drifts": 5.863157578620266, "MK": 5.709006898793008, "vai": 5.575475506168485, "E38": 5.575475506168485, "Golf": 5.559439449294338, "ENG": 5.352331954854275, "Cabrio": 5.17001039806032, "wall": 4.9468668467461105, "1996": 4.8823283256085395, "mini": 4.71047806868188, "man": 4.476863217500375, "E36": 4.15840948638184, "auto": 3.723091415123995, "80": 3.723091415123995, "Automotive": 3.723091415123995, "buy": 3.5773796039426013, "Going": 3.5605724856262198, "Q": 3.5440431836750093, "part": 3.4805297779526834, "Event": 3.4502244284573544, "PART": 3.3782509288322653, "video": 3.1440575413314704, "into": 2.9453868465359867, "Volvo": 2.7873825973927384, "BMW": 2.682738003142451, "Project": 2.5986712425000125, "2017": 2.5611668470415583, ",": 2.35143947565503, "2019": 2.2750196943078613, "new": 2.2081796761820107, "car": 2.1254879603368972, "Audi": 2.009470150205083, "1": 1.9989533949613463, "My": 1.7550196942658292, "A": 0.9917843518575175, "to": 0.873859421912141, "a": 0.8305433778052347, "2": 0.80479088170282, "&": 0.7900692698774602, "!": 0.4178580217235832}