{"BeamNG": 125.89346433860942, "Drive": 88.91494061522137, "Insanegaz": 81.35932772004891, "Rally": 55.49379350511232, "Stage": 35.778969007001955, "Crashes": 25.957468964192252, "Vs": 20.758141438767172, "Insane": 17.75482646667159, "Scenario": 13.49927682177, "Crash": 12.612321417841693, "Testing": 12.026395160879396, "Miles": 9.83411389427338, "Vehicles": 9.680191812001123, "IV": 9.537273884036832, "Driver": 9.46947078068547, "Fails": 9.340393738410327, "G80": 8.13593277200489, "Si\u00e1n": 8.13593277200489, "FKP": 8.13593277200489, "42115": 8.13593277200489, "Hazzard": 8.13593277200489, "7.4": 8.13593277200489, "ATG": 8.13593277200489, "14.3": 8.13593277200489, "Truck": 8.083176419565579, "Preview": 7.507812274662018, "Technic": 7.442785591444945, "Dukes": 7.442785591444945, "ramp": 7.442785591444945, "Outtakes": 7.442785591444945, "Chases": 7.037320483336781, "Trucking": 7.037320483336781, "Impreza": 6.749638410885, "Getaway": 6.52649485957079, "Drivers": 6.52649485957079, "BeamNG.Drive": 6.344173302776835, "truck": 6.190022622949577, "fails": 6.190022622949577, "R34": 6.056491230325054, "Tea": 6.056491230325054, "M3": 5.9387081946686715, "Skyline": 5.9387081946686715, "Trucks": 5.833347679010845, "Jumps": 5.833347679010845, "Subaru": 5.833347679010845, "2013": 5.73803749920652, "Tool": 5.73803749920652, "Nissan": 5.65102612221689, "#": 5.635477207023243, "Traffic": 5.570983414543353, "-": 5.524641233604506, "Steps": 5.496875442389632, "Stunt": 5.363344049765109, "GTR": 5.3027194279486745, "Trains": 5.3027194279486745, "Euro": 5.245561014108726, "glitch": 5.19149379283845, "Cops": 5.140200498450899, "soon": 5.091410334281467, "Danger": 5.044890318646575, "Mount": 5.000438556075741, "Russian": 4.957878941656944, "Lamborghini": 4.91705694713669, "Types": 4.803728261829686, "big": 4.670196869205164, "Vehicle": 4.63942521053841, "GTA": 4.544603192813587, "BMW": 4.472371125875244, "Lego": 4.398263153721522, "Ways": 4.223909766576744, "coming": 4.223909766576744, "map": 4.2041071392805645, "Sound": 4.184689053423463, "Police": 4.146948725440616, "and": 4.140323452243361, "Forza": 4.1285995867724194, "37": 4.041588209782789, "Mega": 3.9927980456133576, "Cars": 3.9615455021092534, "die": 3.9615455021092534, "Six": 3.8874375299555313, "Complete": 3.8592666529888353, "Fast": 3.805199431718559, "31": 3.636123101674625, "+": 3.5770871246977602, "Horizon": 3.4724936778928233, "Random": 3.3910006436416404, "Speed": 3.3156512063998536, "High": 3.291745685546299, "Car": 3.1319864660594314, "Bad": 3.1319864660594314, "Night": 2.9826411775071113, "Mod": 2.784074638528824, "2020": 2.756035418464431, "Build": 2.733255390132611, "16": 2.667872630869759, "New": 2.664855028793105, "Episode": 2.6306012360725277, "a": 2.5947727011716952, "One": 2.3128868765218717, "3": 2.29333043037184, "4": 2.1202478160530074, "Of": 1.9917471378792446, "Best": 1.9193266709200256, "100": 1.8592892826632461, "2022": 1.702992679265711, "1": 1.4865705025665343, "10": 1.446333502825924, "How": 1.441370713483795, "in": 1.325727367945386, "2": 0.9896970456599526, "5": 0.9505457564244738, "to": 0.8931348492111348, "&": 0.8649242337238984, ",": 0.7058186334430898}