{"Blender": 84.92436040510067, "l": 56.088769780010615, "Addon": 48.42047306427025, "Addons": 20.751631313258677, "3D": 15.178233199047273, "Photogrammetry": 13.834420875505785, "modeling": 13.834420875505785, "VFX": 13.023490659289456, "Texturing": 13.023490659289456, "Amazing": 12.532083215338524, "Modeling": 10.615545050637584, "For": 10.476728069364244, "Tutorials": 10.250901937049674, "Updates": 9.038630329909044, "Projects": 9.038630329909044, "for": 8.12417205337907, "New": 8.007722164351211, "Gobos": 7.610357618312838, "Coloso": 7.610357618312838, "rendering": 7.610357618312838, "Rantools": 7.610357618312838, "3Ds": 7.610357618312838, "Relevent": 7.610357618312838, "Kiri": 7.610357618312838, "shipped": 7.610357618312838, "plugins": 7.610357618312838, "architects": 7.610357618312838, "Aquatiq": 7.610357618312838, "Sketchn'Carve": 7.610357618312838, "Forestation": 7.610357618312838, "ILM": 6.9172104377528925, "Marvelous": 6.9172104377528925, "Redshift": 6.9172104377528925, "Compositing": 6.9172104377528925, "Scan": 6.9172104377528925, "3ds": 6.9172104377528925, "Archviz": 6.9172104377528925, "addon": 6.9172104377528925, "simulations": 6.9172104377528925, "Light": 6.723724752526957, "productivity": 6.511745329644728, "Courses": 6.511745329644728, "designer": 6.511745329644728, "scanning": 6.511745329644728, "V3": 6.511745329644728, "Stamps": 6.511745329644728, "Grease": 6.511745329644728, "editing": 6.224063257192947, "max": 6.224063257192947, "4D": 6.000919705878737, "Browser": 6.000919705878737, "Rendering": 5.8185981490847825, "Textures": 5.8185981490847825, "Programs": 5.8185981490847825, "Asset": 5.8185981490847825, "tools": 5.8185981490847825, "Great": 5.801654834001007, "Panels": 5.664447469257524, "Cinema": 5.664447469257524, "software": 5.664447469257524, "Assets": 5.664447469257524, "Made": 5.629134145432193, "Industrial": 5.413133040976618, "mix": 5.413133040976618, "app": 5.413133040976618, "Zen": 5.413133040976618, "jobs": 5.413133040976618, "11": 5.366207866311266, "Methods": 5.307772525318792, "types": 5.307772525318792, "animation": 5.212462345514467, "Texture": 5.212462345514467, "Fantastic": 5.212462345514467, "3d": 5.212462345514467, "great": 5.125450968524837, "2D": 5.125450968524837, "BBQ": 5.125450968524837, "Lighting": 5.045408260851301, "Surface": 4.971300288697579, "Pencil": 4.777144274256622, "Cost": 4.665918639146397, "Objects": 4.565835180589414, "8": 4.536046732696053, "been": 4.519315164954522, "All": 4.406371693705437, "Trees": 4.391481793444637, "Max": 4.352261080291355, "Used": 4.083997093696676, "Phone": 4.055009556823424, "&": 4.039814274942634, "Best": 4.031292477421997, "Types": 3.9727714585864518, "Video": 3.951136030287176, "water": 3.946795972183191, "Animated": 3.8967855516085295, "need": 3.7817162218237423, "Clean": 3.7817162218237423, "Hard": 3.6983346128846915, "is": 3.6603508537424627, "Movie": 3.6591138997314103, "What": 3.655321514760706, "should": 3.621373571748563, "Magic": 3.5499146077664183, "Much": 3.5160130560907366, "Still": 3.467222891921305, "Games": 3.4514745349531655, "Camera": 3.4056649989218712, "True": 3.390849913136731, "know": 3.2796242780265064, "have": 3.0253901396422656, "Using": 2.919009736083694, "How": 2.857039717326268, "Does": 2.806336573579581, "#": 2.4981102814796845, "3": 2.450326438630224, "are": 2.216730071960476, "About": 2.1422974771777064, "it": 2.088896700450591, "Make": 2.084904679181054, "7": 1.968450547374724, "to": 1.8575421935748841, "and": 1.759795990723183, "A": 1.640520765597866, "Your": 1.5190477362351393, "10": 1.4726305642266033, "To": 1.331836194146993, "in": 1.32100232662413, "You": 1.3077386425679325, "of": 1.264287751364278, ",": 0.9911763398927486, "with": 0.9383246728517702, "a": 0.6711036722713294, "the": 0.5991436309624705, "The": 0.5654525011834668, "?": 0.5550447749730857}