{"Belfast": 38.5375334129424, "Poirier": 36.69606483682278, "UFC": 35.01081342352968, "POLTERGEIST": 29.35685186945822, "Ferguson": 25.6916889419616, "Deletes": 24.0970804437735, "Dustin": 24.0970804437735, "Cucuy": 24.0970804437735, "BEECHMOUNT": 24.0970804437735, "|": 20.884403023411164, "Nurmagomedov": 20.80124357776917, "Tony": 19.41722527030622, "Paranormal": 17.858755818733993, "91": 17.50540671176484, "Punch": 17.189325164791363, "Rd2": 16.064720295849, "B-17": 16.064720295849, "Cavehill": 16.064720295849, "KNOCKOUT": 14.67842593472911, "Number": 13.99519295381408, "Suspected": 13.867495718512782, "Ep1": 13.867495718512782, "Ghost": 13.69987273537432, "Gaethje": 13.29213157360922, "Khabib": 13.29213157360922, "249": 12.8458444709808, "CCTV": 12.48120135739289, "Fortress": 12.172899997738375, "Book": 12.021025371568054, "The": 11.144291272382194, "McGregor": 11.094906996273, "Fury": 10.934821580925927, "Conor": 10.786605636618484, "Tyson": 9.975675420402155, "El": 9.70970880698328, "Crash": 9.6269686461126, "Chapter": 9.400311275498593, "Ring": 9.133248490249548, "Then": 9.011999246616679, "Story": 8.87155899807202, "Flying": 8.686961387621128, "vs.": 8.322318274033218, "Ilia": 8.0323601479245, "Topuria": 8.0323601479245, "Pimplett": 8.0323601479245, "Jamahal": 8.0323601479245, "Moutinho": 8.0323601479245, "Stoppage": 8.0323601479245, "McGergor": 8.0323601479245, "Molenkamp": 8.0323601479245, "Dominick": 8.0323601479245, "Allegation": 8.0323601479245, "Kinahan": 8.0323601479245, "Cashed": 8.0323601479245, "Donohoe": 8.0323601479245, "Obtained": 8.0323601479245, "FRIGHTENED": 8.0323601479245, "Arne": 8.0323601479245, "R.M.S": 8.0323601479245, "'Morse": 8.0323601479245, "Surrounds": 8.0323601479245, "Faerie": 8.0323601479245, "Gaelic": 8.0323601479245, "Wernher": 8.0323601479245, "A-Lie-n": 8.0323601479245, "40Yrs": 8.0323601479245, "Declined": 8.0323601479245, "Bismarck": 8.0323601479245, "Archdale": 8.0323601479245, "Preface": 8.0323601479245, "Wittman": 8.0323601479245, "FERGUSON": 8.0323601479245, "'Believe": 8.0323601479245, "42-97862": 8.0323601479245, "P\u00e1draig": 8.0323601479245, "Sona": 8.0323601479245, "Sil'di": 8.0323601479245, "\u0421\u0438\u043b\u044c\u0434\u0438": 8.0323601479245, "\u0425I\u0430\u0431\u0438\u0431": 8.0323601479245, "\u0413\u04c0\u0430\u0431\u0434\u0443\u043b\u043c\u0430\u043d\u0430\u043f\u0438\u043b": 8.0323601479245, "\u041d\u0443\u0440\u043c\u0443\u0445\u04c0\u0430\u043c\u0430\u0434\u043e\u0432": 8.0323601479245, "RELOADED": 8.0323601479245, "411": 8.0323601479245, "Phenomenology": 8.0323601479245, "1st": 7.8760311714048, "At": 7.743965083076399, ":": 7.604423097776911, "One": 7.581085835976412, "News": 7.403253615276339, "Khamzat": 7.339212967364555, "Chimaev": 7.339212967364555, "Herbert": 7.339212967364555, "Demands": 7.339212967364555, "Knocks": 7.339212967364555, "Deontay": 7.339212967364555, "SNAPPING": 7.339212967364555, "O'Malley": 7.339212967364555, "Clients": 7.339212967364555, "Courtroom": 7.339212967364555, "Banshee": 7.339212967364555, "Paths": 7.339212967364555, "Negotiating": 7.339212967364555, "Duit": 7.339212967364555, "Explaining": 7.339212967364555, "&": 7.321053962748962, "Heart": 7.203086698162373, "Found": 7.179417782868368, "Paddy": 6.933747859256391, "Wilder": 6.933747859256391, "Kris": 6.933747859256391, "Disappearance": 6.933747859256391, "Conjuring": 6.933747859256391, "Folklore": 6.933747859256391, "Bravo": 6.933747859256391, "Braun": 6.933747859256391, "Battleship": 6.933747859256391, "Leonard": 6.933747859256391, "B.": 6.933747859256391, "RAF": 6.933747859256391, "Carrier": 6.933747859256391, "KHABIB": 6.933747859256391, "1944": 6.933747859256391, "Ley": 6.933747859256391, "Guests": 6.933747859256391, "of": 6.839331132093241, "Gilbert": 6.64606578680461, "264": 6.64606578680461, "Herb": 6.64606578680461, "257": 6.64606578680461, "Realm": 6.64606578680461, "254": 6.64606578680461, "Vikings": 6.64606578680461, "Arrived": 6.64606578680461, "17": 6.592323399060009, "Burns": 6.4229222354904, "Gangster": 6.4229222354904, "Invasion": 6.4229222354904, "Brief": 6.4229222354904, "Old": 6.3296513949378355, "vs": 6.324313051529906, "In": 6.289822774187862, "Hardy": 6.240600678696445, "Dean": 6.240600678696445, "Hans": 6.240600678696445, "Feud": 6.240600678696445, "Locations": 6.240600678696445, "von": 6.240600678696445, "Demons": 6.240600678696445, "Boeing": 6.240600678696445, "Of": 6.1151961618537936, "#": 6.105274779893733, "Jai": 6.086449998869187, "Titanic": 6.086449998869187, "Beware": 6.086449998869187, "Spotted": 6.086449998869187, "Aircraft": 6.086449998869187, "L\u00e1": 6.086449998869187, "Ace": 5.952918606244665, "Upcoming": 5.952918606244665, "His": 5.9019115658800745, "Cruz": 5.835135570588281, "Activity": 5.835135570588281, "Staff": 5.835135570588281, "Ireland": 5.835135570588281, "Aliens": 5.835135570588281, "Site": 5.835135570588281, "Is": 5.8163711336380945, "A": 5.75079186116596, "Stadium": 5.729775054930455, "Walks": 5.63446487512613, "Eddie": 5.63446487512613, "Theory": 5.63446487512613, "Big": 5.560173439755741, "Arena": 5.5474534981365, "Predictions": 5.5474534981365, "Patrick": 5.5474534981365, "Location": 5.467410790462964, "Faith": 5.467410790462964, "St": 5.467410790462964, "Spoken": 5.467410790462964, "or": 5.408967958269839, "Walker": 5.393302818309242, "Noah": 5.393302818309242, "Salon": 5.393302818309242, "Pilot": 5.393302818309242, "Who": 5.351547746504976, "Trial": 5.32430994682229, "Irish": 5.32430994682229, "Fairy": 5.32430994682229, "German": 5.259771425684719, "Fighting": 5.259771425684719, "Saved": 5.199146803868285, "Sean": 5.199146803868285, "Devil": 5.199146803868285, "3": 5.167363153273109, "Tiger": 5.141988390028335, "Instant": 5.08792116875806, "Comment": 5.08792116875806, "Castle": 5.08792116875806, "Bell": 5.0366278743705095, "Boxing": 5.0366278743705095, "Johnson": 5.0366278743705095, "Alien": 5.0366278743705095, "Later": 5.0366278743705095, "Vs.": 4.941317694566185, "Happen": 4.941317694566185, "Missing": 4.941317694566185, "Leg": 4.896865931995351, "Code": 4.896865931995351, "Bedroom": 4.854306317576555, "Round": 4.854306317576555, "Visiting": 4.854306317576555, "VS.": 4.854306317576555, "Mysterious": 4.8134843230563, "Footage": 4.8134843230563, "Line": 4.8134843230563, "MONSTER": 4.774263609903018, "Daniel": 4.774263609903018, "Tank": 4.774263609903018, "Hill": 4.736523281920172, "Johnny": 4.700155637749297, "Case": 4.700155637749297, "300": 4.700155637749297, "Early": 4.665064317938026, "Message": 4.631162766262345, "Lives": 4.5983729434393545, "Stranger": 4.566624245124774, "Classic": 4.566624245124774, "Late": 4.505999623308339, "Almost": 4.44884120946839, "Dubai": 4.318788081220193, "NEWS": 4.22569765815418, "Random": 4.1822125462144415, "Smith": 4.1822125462144415, "History": 4.161159137016609, "'": 4.158233627273432, "Fake": 4.062068234372378, "Wedding": 4.007008457189351, "Caught": 3.9380155857024, "American": 3.8734770645648284, "On": 3.7892661876765326, "June": 3.7838649058751415, "Team": 3.769680270883185, "1": 3.7099631182529587, "Beauty": 3.7016268076381693, "Reaction": 3.6135195401279026, "Building": 3.6015433490811866, "Before": 3.589708891434184, ",": 3.5709226863192463, "Next": 3.5664520292699167, "Where": 3.555023333446294, "\u2018": 3.51057157087546, "``": 3.496451973707397, "Going": 3.4680119564566643, "''": 3.4448837393959675, "Years": 3.368921053812433, "Vs": 3.3318797821320842, "Into": 3.2448684051424546, "Secret": 3.2365696023277595, "but": 3.1420110197027467, "Last": 3.1270853694860707, "People": 3.0765330903232395, "Made": 2.9825041406749633, "2": 2.970221927954271, "More": 2.9447638126921163, "'s": 2.938917296076532, "Have": 2.795918185094551, "By": 2.7800867198778705, "Out": 2.5727746337803414, "That": 2.5643000067893693, "Are": 2.5311019373797734, "World": 2.3087750459721197, "by": 2.1462561164743446, "Do": 2.066213408800808, "Day": 2.016202988226147, "Me": 1.9826266926925427, "It": 1.9755761346958758,