{"\ud83d\udca5": 136.2260230429851, "Ini": 39.21845933768502, "Islam": 37.301595439618, "Yang": 32.30237741331192, "Selandia": 30.44143047325135, "Sekarang": 23.27439259633913, "Menjadi": 23.27439259633913, "Baru": 23.27439259633913, "Christchurch": 22.831072854938512, "Quran": 22.596575824772607, "Masuk": 21.231090101275168, "Pendeta": 20.751631313258677, "Debat": 20.751631313258677, "dan": 18.263340722357658, "Saja": 18.002759117636213, "Setelah": 17.45579444725435, "Dalam": 16.993342407772573, "Bersyahadat": 15.220715236625676, "Siapin": 15.220715236625676, "Tisu": 15.220715236625676, "Syahadat": 15.220715236625676, "Mualaf": 15.220715236625676, "Saya": 13.834420875505785, "Pertama": 13.834420875505785, "Pasti": 13.834420875505785, "Kompilasi": 13.834420875505785, "Takut": 13.023490659289456, "Lalu": 13.023490659289456, "Mantan": 13.023490659289456, "Muda": 13.023490659289456, "Warga": 13.023490659289456, "Pesan": 13.023490659289456, "Aku": 12.448126514385894, "Bacaan": 12.448126514385894, "Menangis": 12.448126514385894, "Sama": 12.001839411757475, "Malah": 11.637196298169565, "Hati": 11.637196298169565, "Polisi": 11.637196298169565, "Lagi": 11.061832153266003, "Kristen": 11.061832153266003, "Untuk": 10.826266081953236, "2019": 10.49845126241858, "Dengan": 10.424924691028934, "Dari": 10.424924691028934, "Dia": 10.424924691028934, "Jadi": 10.250901937049674, "Saat": 10.090816521702601, "Masjid": 9.942600577395158, "Orang": 9.675537792146113, "Indonesia": 9.439971720833345, "\u2764\ufe0f": 8.289243431026222, "Tiada": 7.610357618312838, "Keislaman": 7.610357618312838, "Menghembuskan": 7.610357618312838, "Sesaat": 7.610357618312838, "Hampir": 7.610357618312838, "Dibimbing": 7.610357618312838, "Menteri": 7.610357618312838, "Curian": 7.610357618312838, "Bercita-cita": 7.610357618312838, "Deedat": 7.610357618312838, "Marinir": 7.610357618312838, "Menghancurkan": 7.610357618312838, "Ketua": 7.610357618312838, "Takmirnya": 7.610357618312838, "Salut": 7.610357618312838, "Agamanya": 7.610357618312838, "Gelak": 7.610357618312838, "Tawa": 7.610357618312838, "Tunjukkan": 7.610357618312838, "Maka": 7.610357618312838, "Momen-momen": 7.610357618312838, "Mengharukan": 7.610357618312838, "Tersisa": 7.610357618312838, "Pelaksanaan": 7.610357618312838, "Kelak": 7.610357618312838, "Berkuasa": 7.610357618312838, "Mayoritas": 7.610357618312838, "Diperdengarkan": 7.610357618312838, "Jurnalis": 7.610357618312838, "Aktivis": 7.610357618312838, "Mantap": 7.610357618312838, "Cadar": 7.610357618312838, "Pahami": 7.610357618312838, "Bercadar": 7.610357618312838, "Menurut": 7.610357618312838, "Madzhab": 7.610357618312838, "Renungkan": 7.610357618312838, "Dimana": 7.610357618312838, "Nggak": 7.610357618312838, "Serahkan": 7.610357618312838, "Cita-citanya": 7.610357618312838, "Pemuka": 7.610357618312838, "Ambyar": 7.610357618312838, "Dapati": 7.610357618312838, "Ibunya": 7.610357618312838, "Sekolah": 7.610357618312838, "Minggu": 7.610357618312838, "Ngaji": 7.610357618312838, "Menemukan": 7.610357618312838, "Kedamaian": 7.610357618312838, "Komunitas": 7.610357618312838, "Debu": 7.610357618312838, "Mencoba": 7.610357618312838, "Dhuafa": 7.610357618312838, "Mendalam": 7.610357618312838, "Mengalami": 7.610357618312838, "Malapetaka": 7.610357618312838, "Menyadari": 7.610357618312838, "Kulit": 7.610357618312838, "Hitam": 7.610357618312838, "Mewek": 7.610357618312838, "Sidang": 7.610357618312838, "Parlemen": 7.610357618312838, "Diawali": 7.610357618312838, "Penghormatan": 7.610357618312838, "Tingginya": 7.610357618312838, "Saudara-Saudari": 7.610357618312838, "Kami-Haka": 7.610357618312838, "Emosional": 7.610357618312838, "Memaafkannya": 7.610357618312838, "Kasih": 7.610357618312838, "Sayang": 7.610357618312838, "K0rban": 7.610357618312838, "Kesaksian": 7.610357618312838, "Berkursi": 7.610357618312838, "Kekej4m4n": 7.610357618312838, "Pelaku": 7.610357618312838, "Kepahlawanan": 7.610357618312838, "Isterinya": 7.610357618312838, "Menahan": 7.610357618312838, "Tangis": 7.610357618312838, "Berpidato": 7.610357618312838, "Sebarkan": 7.610357618312838, "Peristiwa": 7.610357618312838, "Bule": 7.610357618312838, "Pembenc1": 7.610357618312838, "Tetangganya": 7.610357618312838, "Gagap": 7.610357618312838, "Sok-Sokan": 7.610357618312838, "Menulis": 7.610357618312838, "Tandingan": 7.610357618312838, "Kalah-Sub": 7.610357618312838, "Indo": 7.610357618312838, "Nafas": 6.9172104377528925, "Sempurna": 6.9172104377528925, "Mengalahkan": 6.9172104377528925, "Syekh": 6.9172104377528925, "Santuy": 6.9172104377528925, "Kesalahan": 6.9172104377528925, "Ajaran": 6.9172104377528925, "Batal": 6.9172104377528925, "Bertanya": 6.9172104377528925, "Tiga": 6.9172104377528925, "Reaksi": 6.9172104377528925, "Takjub": 6.9172104377528925, "Mendengar": 6.9172104377528925, "Muslimah": 6.9172104377528925, "Memakai": 6.9172104377528925, "Mulia": 6.9172104377528925, "Gereja": 6.9172104377528925, "Membahagiakan": 6.9172104377528925, "Yatim": 6.9172104377528925, "Penyesalan": 6.9172104377528925, "Mengapa": 6.9172104377528925, "Kebenaran": 6.9172104377528925, "Beriman": 6.9172104377528925, "Terimakasih": 6.9172104377528925, "Kurang": 6.9172104377528925, "Berbalik": 6.9172104377528925, "Karena": 6.9172104377528925, "Akhlak": 6.9172104377528925, "Membaca": 6.9172104377528925, "Rasa": 6.511745329644728, "Bahagia": 6.511745329644728, "Akhir": 6.511745329644728, "Militer": 6.511745329644728, "Turki": 6.511745329644728, "Anggota": 6.511745329644728, "Gang": 6.511745329644728, "Penuh": 6.511745329644728, "Satu": 6.511745329644728, "Atau": 6.511745329644728, "Haji": 6.511745329644728, "Tuhan": 6.511745329644728, "Inggris": 6.511745329644728, "Memeluk": 6.511745329644728, "Melarang": 6.511745329644728, "Dokter": 6.511745329644728, "Ibu": 6.511745329644728, "Langit": 6.511745329644728, "Ramadhan": 6.511745329644728, "Telah": 6.511745329644728, "Keluarga": 6.511745329644728, "Kepala": 6.511745329644728, "Alasannya": 6.511745329644728, "Subtitle": 6.511745329644728, "Terakhir": 6.224063257192947, "Ahmed": 6.224063257192947, "Afrika": 6.224063257192947, "Lucu": 6.224063257192947, "Alasan": 6.224063257192947, "Puasa": 6.224063257192947, "Gaza": 6.224063257192947, "Umat": 6.224063257192947, "Yasir": 6.224063257192947, "Qadhi": 6.224063257192947, "Roda": 6.224063257192947, "Belajar": 6.000919705878737, "Amerika": 6.000919705878737, "Siapa": 6.000919705878737, "Atas": 6.000919705878737, "Mungkin": 6.000919705878737, "Survivor": 6.000919705878737, "Ingin": 5.8185981490847825, "Kalau": 5.8185981490847825, "Surga": 5.8185981490847825, "Sebelum": 5.8185981490847825, "Dulu": 5.8185981490847825, "Hukum": 5.8185981490847825, "Hidup": 5.8185981490847825, "Harus": 5.8185981490847825, "Melihat": 5.8185981490847825, "Sejarah": 5.8185981490847825, "Agama": 5.664447469257524, "Itu": 5.664447469257524, "Kali": 5.664447469257524, "Bersama": 5.664447469257524, "Kepada": 5.664447469257524, "Akan": 5.530916076633002, "Wajib": 5.530916076633002, "Banyak": 5.530916076633002, "Sub": 5.530916076633002, "Guru": 5.413133040976618, "Sudah": 5.413133040976618, "Bikin": 5.307772525318792, "Jangan": 5.212462345514467, "Paling": 5.125450968524837, "Jika": 5.125450968524837, "dari": 5.045408260851301, "Bisa": 5.045408260851301, "Brazil": 5.045408260851301, "Imam": 4.971300288697579, "Kita": 4.902307417210627, "Muslim": 4.665918639146397, "di": 4.474863402383688, "Di": 4.314520752308509, "Texas": 4.113850056846357, "Allah": 4.113850056846357, "Para": 3.9727714585864518, "Dr.": 3.347677741271522, "#": 2.4981102814796845, ",": 1.9823526797854971, "Video": 1.975568015143588, "4": 1.5796723580515744, "1": 1.138011323811937, "?": 1.1100895499461714, "2": 1.0479135246191178, "!": 0.6566734074423006, "-": 0.5128087676980448}