{"my": 29.75683144471656, "Rover": 26.71310426139984, "Range": 25.735126828638574, "...": 24.73071144134328, "\u00a31,000": 20.885309601865128, "Boxster": 18.077691327676682, "Dad": 13.691623783470014, "should": 12.662789530089523, "V12": 10.09337282009979, "cheap": 9.31836954858866, "could": 8.95372643500075, "Cabriolet": 8.95372643500075, "Mercedes": 8.02377123874846, "Porsche": 7.953961438943554, "CLK350": 7.65491704784832, "valved": 7.65491704784832, "'cheap": 7.65491704784832, "CLK320": 7.65491704784832, "eBay\u2026": 7.65491704784832, "why": 7.369250268592397, "buy": 7.154759207885203, "RS6": 7.1211449712524395, "I": 7.04405141183379, "My": 7.020078777063317, "L322": 6.961769867288376, "Next": 6.870818685344428, "you": 6.7975359540954585, "one": 6.570938390762598, "130,000": 6.556304759180211, "Halfords": 6.556304759180211, "overhaul": 6.556304759180211, "986": 6.556304759180211, "\u00a3100,000": 6.556304759180211, "yours": 6.556304759180211, "drive": 6.424531582716009, "Should": 6.378017858387474, "immediately": 6.26862268672843, "newer": 6.26862268672843, "cheapest": 6.26862268672843, "truth": 6.0454791354142206, "owning": 6.0454791354142206, "PARIS": 6.0454791354142206, "Audi": 6.028410450615249, "Here": 5.927138331238353, "reason": 5.863157578620266, "ownership": 5.863157578620266, "'s": 5.784448622578544, "for": 5.753144371558374, "MOT": 5.709006898793008, "Delivering": 5.709006898793008, "months": 5.709006898793008, "Scotland": 5.457692470512101, "PLANE": 5.457692470512101, "dirt": 5.352331954854275, "Trading": 5.352331954854275, "GIRLFRIEND": 5.352331954854275, "Transforming": 5.25702177504995, "Autos": 5.17001039806032, "true": 5.089967690386784, "Series": 5.061906136890124, "mile": 5.015859718233062, "win": 4.9468668467461105, "335i": 4.9468668467461105, "country": 4.9468668467461105, "sell": 4.9468668467461105, "supercar": 4.8823283256085395, "cost": 4.8823283256085395, "HOME": 4.821703703792105, "winter": 4.821703703792105, "service": 4.71047806868188, "Shopping": 4.71047806868188, "fail": 4.71047806868188, "S4": 4.65918477429433, "things": 4.610394610124898, "n't": 4.577882065652938, "tank": 4.563874594490005, "Peak": 4.563874594490005, "upgrade": 4.563874594490005, "owner": 4.563874594490005, "next": 4.5194228319191705, "final": 4.5194228319191705, "model": 4.43604122298012, "new": 4.416359352364021, "10,000": 4.3968205098268385, "money": 4.3968205098268385, "Living": 4.359080181843992, "parts": 4.359080181843992, "s": 4.35690699183362, "|": 4.2639622812592055, "fuel": 4.253719666186165, "minutes": 4.253719666186165, "There": 4.253719666186165, "never": 4.253719666186165, "car": 4.2509759206737945, "S": 4.165526031341113, "RANGE": 4.15840948638184, "a": 4.152716889026173, "ROVER": 4.1285565232321595, "2002": 4.1285565232321595, "love": 4.099568986358907, "wheels": 4.099568986358907, "miles": 4.07139810939221, "much": 4.07139810939221, "7": 4.040254889358142, "BMW": 4.024107004713676, "only": 4.0173308881219345, "BOUGHT": 3.9660375937343844, "You": 3.888980060946902, "year": 3.8707274139300596, "its": 3.8262756513592255, "Cleaning": 3.804769446138262, "\u2019": 3.7299137539021343, "2012": 3.703673329266893, "exhaust": 3.5605724856262198, "YouTube": 3.5605724856262198, "old": 3.4960339644886487, "RACING": 3.4502244284573544, "Suspension": 3.435409342672214, "make": 3.3782509288322653, "25": 3.3644576066999297, "about": 3.33742893431201, "gets": 3.33742893431201, "back": 3.200569751594813, "Crazy": 3.200569751594813, "with": 3.1733140378850075, "on": 3.1367034140428203, "review": 3.13312847079928, "off": 3.111622265578317, "be": 3.10104015624778, "Did": 3.0905688563804845, "AT": 3.0497468618602293, "Buy": 3.0201880596186848, "A": 2.9753530555725525, "cars": 2.972785820724101, "High": 2.9453868465359867, "MY": 2.8674253050662744, "that": 2.850896003115064, "Car": 2.6791180926519718, "20": 2.664484461069584, "to": 2.621578265736423, "of": 2.5709299046201703, "do": 2.525018332925247, "?": 2.5068624631612657, "VS": 2.4958617486337915, "TO": 2.484433052810169, "CAR": 2.4731334975562356, "Can": 2.423808430993734, "V8": 2.346649350447116, "'": 2.3078095171308517, "Why": 2.2081796761820107, "The": 2.2027366307989116, "!": 2.089290108617916, "This": 1.9919565677123747, "an": 1.9679416915085008, "Is": 1.961184909045621, "NEW": 1.9280693002611236, "6": 1.892865665068144, "it": 1.8527986724712577, "from": 1.8055922679014615, "vs": 1.714745795127889, "in": 1.4863394951932922, "4": 1.3991670060949537, "How": 1.3782735585066763, "the": 1.3608762736465507, "New": 1.1718096963911218, "2022": 0.9753178620039376, ",": 0.9405757902620121, "and": 0.7683854053178102, "-": 0.4940711411840217}