{"Motu": 240.970804437735, "Patlu": 240.970804437735, "Versi": 240.970804437735, "Itoonz": 240.970804437735, "Eps": 208.01243577769173, "Animation": 144.404529691689, "Series": 113.94760929981723, "Full": 85.51729792897245, "John": 32.49654587497903, "|": 24.09738810393596, "-": 19.062346359104595, "Jhatka": 16.064720295849, "si": 13.517998869925018, "Boxer": 12.48120135739289, "Dr": 9.70861263515311, "395B": 8.0323601479245, "Peragaan": 8.0323601479245, "Busana": 8.0323601479245, "385A": 8.0323601479245, "Proyek": 8.0323601479245, "380B": 8.0323601479245, "364B": 8.0323601479245, "342B": 8.0323601479245, "Pigtail": 8.0323601479245, "395A": 8.0323601479245, "394B": 8.0323601479245, "Biographic": 8.0323601479245, "393B": 8.0323601479245, "Perternakan": 8.0323601479245, "Unggas": 8.0323601479245, "393A": 8.0323601479245, "Faktor": 8.0323601479245, "Ketakutan": 8.0323601479245, "392B": 8.0323601479245, "Penjualan": 8.0323601479245, "392A": 8.0323601479245, "391B": 8.0323601479245, "Piala": 8.0323601479245, "391A": 8.0323601479245, "Simpanan": 8.0323601479245, "390B": 8.0323601479245, "Perampas": 8.0323601479245, "Kerjaan": 8.0323601479245, "390A": 8.0323601479245, "Jalanan": 8.0323601479245, "389B": 8.0323601479245, "Pemadam": 8.0323601479245, "Kebakaran": 8.0323601479245, "389A": 8.0323601479245, "388B": 8.0323601479245, "Gelang": 8.0323601479245, "388A": 8.0323601479245, "387B": 8.0323601479245, "Bubuk": 8.0323601479245, "Energi": 8.0323601479245, "387A": 8.0323601479245, "Loker": 8.0323601479245, "386B": 8.0323601479245, "Sulap": 8.0323601479245, "386A": 8.0323601479245, "Buas": 8.0323601479245, "385B": 8.0323601479245, "Klinik": 8.0323601479245, "384B": 8.0323601479245, "Turban": 8.0323601479245, "384A": 8.0323601479245, "Omelete": 8.0323601479245, "383B": 8.0323601479245, "Layang": 8.0323601479245, "383A": 8.0323601479245, "382B": 8.0323601479245, "382A": 8.0323601479245, "Tukang": 8.0323601479245, "Pukul": 8.0323601479245, "Suci": 8.0323601479245, "Chotu": 7.339212967364555, "Tabung": 7.339212967364555, "Pahlawan": 7.339212967364555, "Pohon": 7.339212967364555, "Teh": 7.339212967364555, "Binatang": 7.339212967364555, "Pria": 7.339212967364555, "Toko": 6.933747859256391, "Mobil": 6.64606578680461, "Kakak": 6.64606578680461, "Bibi": 6.64606578680461, "Kota": 6.240600678696445, "Kecil": 6.240600678696445, "Discount": 6.086449998869187, "Roti": 6.086449998869187, "Baru": 5.835135570588281, "Anak": 5.5474534981365, "Pilot": 5.393302818309242, "Alien": 5.0366278743705095, "Gas": 4.736523281920172, "Robot": 4.631162766262345, "Bank": 4.5983729434393545, "di": 4.53585258645802, "Modern": 4.53585258645802, "Ka": 4.294690529641132, "Don": 3.889225421532968, "vs": 2.1081043505099686}