{"Jaidarman": 205.70604419710116, "\u0406\u0440\u0456\u043a\u0442\u0435\u0443": 205.70604419710116, "\u043a\u0435\u0437\u0435\u04a3\u0456": 198.08730181943073, "\u049b\u04b1\u0440\u0430\u043c\u0430\u0441\u044b": 68.56868139903372, "/": 67.65218729835904, "2022": 52.7912308216347, ".": 27.813800270548803, "\u049a\u0430\u0437\u0430\u043b\u044b": 15.237484755340827, "\u0420\u0443\u0434\u043d\u044b\u0439": 15.237484755340827, "\u0416\u0430\u0439\u0434\u0430\u0440\u043c\u0430\u043d": 15.237484755340827, "\u0431\u04e9\u043b\u0456\u043c": 15.237484755340827, "\u0410\u043d\u0430\u0443": 7.618742377670413, "\u043e\u0442\u044b\u0440\u0493\u0430\u043d": 7.618742377670413, "\u049b\u044b\u0437\u0434\u044b\u04a3": 7.618742377670413, "\u049b\u04b1\u043b\u0430\u0493\u044b": 7.618742377670413, "\u0430\u0443\u044b\u0440\u044b\u043f": 7.618742377670413, "\u043a\u0435\u0442\u0442\u0456": 7.618742377670413, "\u0416\u0435\u043a\u043f\u0435-\u0436\u0435\u043a": 7.618742377670413, "\u042d\u0432\u0435\u0440\u0435\u0441\u0442": 7.618742377670413, "\u043e\u0439\u044b\u043d\u044b": 7.618742377670413, "\u0428\u0430\u0431\u044b\u0442": 7.618742377670413, "\u0422\u0430\u043b\u0430\u043d\u0442": 7.618742377670413, "\u0410\u0440\u043d\u0430\u0439\u044b": 7.618742377670413, "\u04d8\u0434\u0456\u043b\u0435\u0442": 7.618742377670413, "\u04af\u0448\u0456\u043d": 7.618742377670413, "\u041c\u0430\u049b\u0442\u0430\u0440\u0430\u043b": 7.618742377670413, "\u0410\u049b\u0441\u0443": 7.618742377670413, "\u0441\u0430\u043f\u0430": 7.618742377670413, "\u042d\u043d\u0435\u0440\u0433\u043e": 7.618742377670413, "\u049a\u04b1\u0442\u049b\u0430\u0440\u0443\u0448\u044b\u043b\u0430\u0440": 7.618742377670413, "\u0410\u0422\u0423": 7.618742377670413, "\u0430\u0493\u0430\u043b\u0430\u0440\u044b\u04a3\u043d\u0430\u043d": 7.618742377670413, "\u043a\u0435\u04a3\u0435\u0441": 7.618742377670413, "\u0410\u0432\u0442\u043e\u043c\u0435\u0445": 7.618742377670413, "\u041c\u0435\u0434\u0438\u0443\u043c": 7.618742377670413, "\u0414\u0435\u0436\u0430\u0432\u044e": 7.618742377670413, "\u0414\u0430\u0440\u044b\u043d": 7.618742377670413, "\u043e\u043d\u043b\u0430\u0439\u043d": 7.618742377670413, "\u0422\u04e9\u043b\u0435": 7.618742377670413, "\u0411\u0438": 7.618742377670413, "\u049a\u044b\u0437\u0434\u0430\u0440": 7.618742377670413, "\u0435\u043c\u0435\u0441": 7.618742377670413, "/Jaidarman": 7.618742377670413, "\u0410\u043b\u0442\u044b\u049b\u0430\u0440\u0430\u0441\u0443": 7.618742377670413, "\u0410\u049b\u043f\u0435\u043d": 7.618742377670413, "\u0431\u0456\u0440\u0433\u0435": 7.618742377670413, "\u0418\u043d\u0434\u0435\u0440": 7.618742377670413, "\u0410\u0431\u044b\u0440\u043e\u0439": 7.618742377670413, "\u041c\u0435\u0434\u0423\u043d\u0438\u0432\u0435\u0440": 7.618742377670413, "\u04b0\u043b\u0442\u0442\u044b\u049b": 6.925595197110468, "\u041c\u0430\u0440\u0430\u0442": 6.925595197110468, "\u0431\u043e\u043b\u0441\u044b\u043d": 6.925595197110468, "\u0434\u0430": 6.520130089002303, "Crush": 4.623010104116422, "US": 3.6114091924379426, "Q": 3.301254264134103, "|": 1.8934188644186924, "-": 1.1407119378970614, "1": 1.1055122667581063, "&": 1.0381032403854644, "2": 0.8108074339704873, "?": 0.5582660116706124}