{"Patrick": 41.559051171211266, "Sydney": 39.72666057404011, "sydney": 36.792561881410045, "Vivid": 34.76523634086922, "art": 33.82948612381627, "James": 33.139905339374394, "GLOWING": 27.812189072695375, "shorts": 26.65318082545044, "Painting": 25.338108962117154, "GLOWS": 24.154978670525857, "GOKART": 24.154978670525857, "#": 23.997936043670016, "SYDNEY": 23.417739918022935, "artwork": 22.075537128846026, "VIVID": 20.85914180452153, "ART": 19.84246841393455, "during": 18.60184870071919, "Pixel": 18.317248223359922, "painting": 17.247223391543724, "Art": 16.84764164858867, "vividsydney": 16.103319113683906, "\ud83d\udd8c\ud83c\udfa8\ud83d\udcad": 16.103319113683906, "\ud83d\udc7e\ud83d\udd8c\ud83c\udfa8\ud83d\udcad": 16.103319113683906, "Gokart": 16.103319113683906, "CHEETAH": 16.103319113683906, "Artwork": 12.519800175227797, "BOM": 12.519800175227797, "see": 12.418909654241421, "Opera": 10.558141669204344, "Hiding": 10.214441155351027, "you": 10.057024227822698, "BBQ": 9.51164538167525, "Korean": 9.235344704713615, "a": 9.223620079125807, "that": 8.382492554442516, "my": 8.270893104619052, "going": 8.125351020555359, "\ud83d\udc40\ud83c\udde6\ud83c\uddfa\ud83c\udfa8": 8.051659556841953, "\ud83d\udc40\ud83d\udd8c\ud83c\udfa8\ud83c\udde6\ud83c\uddfa\ud83d\udcad": 8.051659556841953, "\ud83d\udc40\ud83e\udd14\ud83e\uddd0": 8.051659556841953, "\ud83d\udc40\ud83c\udf43\ud83d\udd8c\ud83c\udfa8": 8.051659556841953, "\ud83d\udc28\ud83d\udd8c\ud83c\udfa8": 8.051659556841953, "\ud83d\udc28\ud83c\udde6\ud83c\uddfa\ud83d\udd8c\ud83c\udfa8\ud83d\udcad": 8.051659556841953, "\ud83d\udc28": 8.051659556841953, "\u2601\ufe0f\ud83d\udd8c\ud83c\udfa8": 8.051659556841953, "\ud83e\udd8b\ud83d\udd8c\ud83c\udfa8\ud83d\udcad": 8.051659556841953, "\ud83c\udf1a\ud83d\udd8c\ud83c\udfa8\ud83d\udcad": 8.051659556841953, "BaaOinkMoo": 8.051659556841953, "\ud83c\udf1a\ud83d\udc7e\ud83d\udd8c\ud83c\udfa8\ud83d\udcad": 8.051659556841953, "\ud83e\uddd0\ud83d\udc40\ud83d\udc6e\u200d\u2642\ufe0f": 8.051659556841953, "\ud83e\udd2f\ud83c\udfa8\ud83d\udd8c\ud83d\ude97": 8.051659556841953, "\ud83d\udd8c\ud83c\udfa8\ud83e\udd2f": 8.051659556841953, "stepped": 8.051659556841953, "\ud83d\udc1d\ud83d\udd8c\ud83c\udfa8\ud83e\udd2f": 8.051659556841953, "\ud83d\udc12\u26a1\ufe0f\u270d\ud83c\udffc\ud83d\udcad": 8.051659556841953, "\ud83e\udd14\ud83d\udc40\ud83e\udd2f": 8.051659556841953, "artshorts": 8.051659556841953, "m": 7.4418524331112454, "progress": 7.358512376282008, "Koalas": 7.358512376282008, "2022": 6.959698990756157, "Grain": 6.953047268173844, "Paints": 6.953047268173844, "Koala": 6.665365195722063, "Mural": 6.665365195722063, "hiding": 6.442221644407853, "\ud83d\udcad": 6.442221644407853, "anime": 6.442221644407853, "\ufffc": 6.442221644407853, "it": 6.334464912364567, "on": 6.31907287266187, "enjoy": 6.10574940778664, "\ud83d\udea8": 6.10574940778664, "Clouds": 5.972218015162118, "Jiggle": 5.854434979505734, "\u2019": 5.834460090798067, "Seasons": 5.749074463847908, "GLOW": 5.566752907053953, "Starting": 5.486710199380417, "nothing": 5.486710199380417, "Chance": 5.343609355739743, "Officer": 5.343609355739743, "Square": 5.279070834602172, "Carry": 5.1072205776755135, "don": 4.916165340912804, "House": 4.869776918350764, "Are": 4.840895550041176, "to": 4.828790462381713, "at": 4.827358171121265, "Can": 4.7226002050357865, "Peek": 4.6176723523568075, "My": 4.6019648517890355, "Bee": 4.555151995375473, "money": 4.525299032225792, "Ed": 4.468140618385844, "Sneak": 4.440741644197729, "Four": 4.414073397115568, "making": 4.362780102728017, "Bar": 4.338087490137646, "here": 4.267469922923692, "Artist": 4.267469922923692, "\ud83e\udd2f": 4.159839258731327, "in": 4.149118657767523, "\ud83d\udc40": 4.139636551413807, "by": 4.032356248634395, "?": 4.017211146626646, "Viral": 3.892776473482282, "Hotel": 3.817553052244694, "s": 3.682118959634601, "Going": 3.62084275799864, "Dog": 3.369528329717734, "See": 3.351179191049537, "day": 3.315461108447458, "TikTok": 3.2313779912369167, "Last": 3.0147069544283243, "...": 2.9756080606196518, "into": 2.8926042576274247, "t": 2.8587027059517434, "Night": 2.809912541782311, "By": 2.695073282169941, "!": 2.5534607926174377, "At": 2.546328020909591, "for": 2.485240501597948, "the": 2.4116009252223223, "an": 2.399170376573303, "me": 2.399170376573303, ",": 2.378509870878292, "this": 2.292757782964673, "I": 2.165618357000011, "Do": 2.151762203259462, "How": 1.577768860489679, ":": 1.0270105263883171, "and": 0.9112065137407951, "The": 0.6103391671243364}