{"Omni-Wheel": 45.61440801399491, "Robot": 39.90742395266331, "Omni-Directional": 15.204802671331636, "Balances": 15.204802671331636, "One-Motor": 15.204802671331636, "Arm": 14.307563974828806, "CVT": 13.818508310211746, "Monowheel": 13.818508310211746, "Climbs": 13.007578093995416, "Obstacles": 13.007578093995416, "Wheels": 12.919693408984468, "Balancing": 12.432213949091855, "Dog": 11.740565644655646, "this": 10.505715625605456, "ONE": 9.775787741436403, "Printed": 8.094106548352809, "Supervillain": 7.602401335665818, "Ball-Wheel": 7.602401335665818, "Gyroscopes": 7.602401335665818, "Stabilised": 7.602401335665818, "Ornithopter": 7.602401335665818, "Tested.com": 7.602401335665818, "openDog": 7.602401335665818, "Vehicle": 7.591477691790997, "Bike": 7.2642188442273925, "Really": 7.226834578203088, "Tightrope": 6.909254155105873, "Ball-Shaped": 6.909254155105873, "Differential": 6.909254155105873, "Furze": 6.909254155105873, "Steer": 6.909254155105873, "Over": 6.250129042375224, "Cheat": 6.216106974545927, "WHEEL": 6.216106974545927, "Gyroscope": 6.216106974545927, "1M": 6.216106974545927, "Testing": 6.055380714324871, "Gearbox": 5.992963423231718, "Stability": 5.992963423231718, "AD": 5.992963423231718, "Shaped": 5.810641866437763, "Colin": 5.810641866437763, "Worm": 5.810641866437763, "Tall": 5.656491186610505, "Experimental": 5.656491186610505, "QNED": 5.522959793985982, "Present": 5.299816242671772, "Why": 5.2940126654996345, "3D": 5.293148556129115, "ride": 5.2045060628674475, "Building": 5.143926828546766, "V3": 5.117494685877818, "Practical": 5.037451978204281, "Controlling": 5.037451978204281, "Featuring": 5.037451978204281, "Functions": 4.894351134563609, "Walking": 4.829812613426037, "MOTOR": 4.829812613426037, "Snake": 4.829812613426037, "MASSIVE": 4.657962356499378, "Source": 4.657962356499378, "Autonomous": 4.606669062111827, "Chair": 4.557878897942396, "Subscribers": 4.511358882307502, "How": 4.3808396665353575, "Difference": 4.3443047976443365, "Walk": 4.3443047976443365, "GIVEAWAY": 4.306564469661489, "Between": 4.270196825490615, "Evolution": 4.270196825490615, "Electronics": 4.201203954003663, "#": 4.098159911779086, "Many": 4.047053274176404, "Weird": 4.018882397209708, "Reaction": 3.938839689536172, "Can": 3.928093332664145, "Ways": 3.8888292689615103, "Tank": 3.86473171738245, "Ball": 3.773759939176723, "ft.": 3.75225373395576, "an": 3.5765416076815035, "Open": 3.559350067831268, "is": 3.4463290103193804, "Flying": 3.4127465936393926, "Device": 3.3539060936164593, "But": 3.325735216649763, "Drive": 3.2849132221295076, "?": 3.112660959911383, "made": 3.0174338569952464, "Technology": 2.997231149677727, "Control": 2.977428522381547, "Machine": 2.929572501203912, "LG": 2.929572501203912, "on": 2.856366861235189, "I": 2.844769364026491, "LED": 2.823277842554289, "Work": 2.7425889313041463, "a": 2.3503479375610934, "Will": 2.3294017771020714, "Part": 2.2087737893134567, "Are": 2.1952295642056994, "TV": 2.1428158215216593, "Mini": 2.0264522325195022, "It": 1.82784979012141, "it": 1.7444681811823588, "This": 1.6943183974968872, "2": 1.6540704894588536, "with": 1.6156295095786386, "What": 1.3562945701842555, "-": 1.2853290477270733, "1": 1.0628153800481488, "3": 0.943107415982181, ",": 0.7757938430293492, "for": 0.7726075981533931, "&": 0.7715271010196387, "of": 0.7138288761004553, "(": 0.6554253435303999, ")": 0.6411052897556514, ":": 0.6186113704076835, "the": 0.5938961535835382, "and": 0.5938961535835382, "!": 0.4659181270755709}