{"Janette": 241.54978670525858, "\u2765": 152.96703989982456, "NA-KD": 51.50958663397406, "WEEKVLOG": 43.81930061329729, "Bonaire": 40.258297784209766, "vlog": 35.10478328569846, "Cura\u00e7ao": 32.20663822736781, "\ud83c\udde8\ud83c\uddfc": 32.20663822736781, "met": 27.190994719045662, "\ud83c\udde7\ud83c\uddf6": 24.154978670525857, "Kortingscode": 24.154978670525857, "uiteten": 24.154978670525857, "Loavies": 24.154978670525857, "shoplog": 22.075537128846026, "|": 21.183659002971783, "Unboxing": 20.619234240004165, "\ud83c\udfdd": 19.996095587166188, "\ud83d\udc97": 19.32666493322356, "kortingscode": 16.103319113683906, "Chiquelle": 16.103319113683906, "pakketjes": 16.103319113683906, "&": 15.83878091654073, "Shoplog": 14.717024752564017, "Jewellery": 14.717024752564017, "Try-on": 14.717024752564017, "korting": 14.717024752564017, "strand": 14.717024752564017, "TRY-ON": 13.906094536347688, "SHOPLOG": 13.330730391444126, "dagen": 12.884443288815707, "euro": 12.884443288815707, "beelden": 12.519800175227797, "laatste": 11.498148927695816, "SHEIN": 11.307528568087166, "Klein": 11.307528568087166, "Zara": 11.307528568087166, "Sushi": 10.687218711479487, "Naar": 10.436892425571475, "haar": 10.322575597891579, "unboxing": 9.832330681825608, "+": 9.273273119776832, "Friday": 8.676174980275292, "MEGA": 8.125351020555359, "\u2600\ufe0f\ud83c\udf0a": 8.051659556841953, "PURELEI": 8.051659556841953, "OPMAKEN": 8.051659556841953, "\ud83d\udc87\ud83c\udffc\u200d\u2640\ufe0f": 8.051659556841953, "try-on": 8.051659556841953, "\ud83d\udc96\u2765": 8.051659556841953, "Oasis": 8.051659556841953, "Mangrove": 8.051659556841953, "Snorkelen": 8.051659556841953, "\ud83d\udc20\ud83d\udc22": 8.051659556841953, "Mooiste": 8.051659556841953, "strandtent": 8.051659556841953, "touren": 8.051659556841953, "rondleiding": 8.051659556841953, "Chogogo": 8.051659556841953, "\ud83d\udef5\ud83d\ude0d": 8.051659556841953, "\ud83c\udde7\ud83c\uddf6|": 8.051659556841953, "opleiding": 8.051659556841953, "PABO": 8.051659556841953, "Ladylikefashion.nl": 8.051659556841953, "'Janette20": 8.051659556841953, "Pashokjes": 8.051659556841953, "krullen": 8.051659556841953, "wafeltang": 8.051659556841953, "Valentijnsdag": 8.051659556841953, "Pakketjes": 8.051659556841953, "\ud83c\udf63\ud83c\udf71": 8.051659556841953, "\ud83e\udd11\u2764\ufe0f": 8.051659556841953, "Le-Olive": 8.051659556841953, "overnachtingen": 8.051659556841953, "Unboxingen": 8.051659556841953, "Le-olive": 8.051659556841953, "TessV": 8.051659556841953, "MOSTWANTEDNL": 8.051659556841953, "ComeGetFashion": 8.051659556841953, "\ud83e\udd2f\ud83d\udda4": 8.051659556841953, "\ud83d\udc8d\ud83d\udc97": 8.051659556841953, "feestjes": 8.051659556841953, "\ud83d\udda4\ud83d\ude31Tot": 8.051659556841953, "\ud83c\udfdd\ud83c\udf0a": 8.051659556841953, "\u26f5\ufe0f": 8.051659556841953, "dolfijnen": 8.051659556841953, "spotten": 8.051659556841953, "Zwemmen": 8.051659556841953, "schildpadden": 8.051659556841953, "Fos": 8.051659556841953, "\ud83c\udf88\u2765": 8.051659556841953, "(": 7.893375200810371, ")": 7.878624123353616, "Mega": 7.849050343593724, "en": 7.602619981131738, "Dagje": 7.358512376282008, "vriendinnen": 7.358512376282008, "kapper": 7.358512376282008, "\ud83d\udef6": 7.358512376282008, "\ud83d\ude0d\ud83d\udc59": 7.358512376282008, "\ud83e\udd37\ud83c\udffc\u200d\u2640\ufe0f": 7.358512376282008, "Make-up": 7.358512376282008, "\ud83c\udf71": 7.358512376282008, "\ud83d\udecd": 7.358512376282008, "Cocktails": 7.358512376282008, "nachtje": 7.358512376282008, "Maastricht": 7.358512376282008, "weggeven": 7.358512376282008, "Leuke": 7.358512376282008, "telefoon": 7.358512376282008, "\ud83d\udcf5": 7.358512376282008, "boot": 7.358512376282008, "voor": 7.171502876374739, ",": 7.135529612634876, "%": 6.953897156677142, "scooter": 6.953047268173844, "\ud83d\udc84": 6.953047268173844, "verdienen": 6.953047268173844, "\ud83d\udc2c": 6.953047268173844, "Try": 6.892978741707725, "#": 6.719422092227604, "ZOMER": 6.665365195722063, "vlucht": 6.665365195722063, "Underwear": 6.665365195722063, "Tas": 6.665365195722063, "\u20ac500": 6.665365195722063, "stuk": 6.665365195722063, "\ud83d\udc22": 6.665365195722063, "een": 6.648543476259226, "mukbang": 6.442221644407853, "\ud83c\udf63": 6.442221644407853, "Olive": 6.442221644407853, "Kayak": 6.442221644407853, "Heel": 6.442221644407853, "VERHUIZEN": 6.442221644407853, "LOUNGE": 6.442221644407853, "mooi": 6.442221644407853, "verjaardag": 6.442221644407853, "de": 6.382211278282265, "vind": 6.259900087613898, "Lounge": 6.259900087613898, "wij": 6.259900087613898, "2x": 6.259900087613898, "leuke": 6.10574940778664, "JARIG": 6.10574940778664, "SUSHI": 5.972218015162118, "Hoeveel": 5.972218015162118, "hier": 5.854434979505734, "Nike": 5.749074463847908, "steps": 5.749074463847908, "vakantie": 5.749074463847908, "Black": 5.673447598465936, "foto": 5.486710199380417, "EVENT": 5.486710199380417, "mij": 5.343609355739743, "eerste": 5.161287798945789, "veel": 5.161287798945789, "\u2708\ufe0f": 5.1072205776755135, "Sale": 5.1072205776755135, "\ud83d\udc96": 5.00713711911853, "Get": 4.928821796883408, "dag": 4.916165340912804, "\ud83c\udf89": 4.916165340912804, "Nieuwe": 4.873605726494008, "Amsterdam": 4.832783731973753, "nieuwe": 4.832783731973753, "GIVEAWAY": 4.793563018820471, "shopping": 4.755822690837625, "maken": 4.7194550466667495, "Hoe": 4.6176723523568075, "Mijn": 4.585923654042227, "routine": 4.585923654042227, "money": 4.525299032225792, "ready": 4.49631149535254, "Le": 4.468140618385844, "gaat": 4.468140618385844, "MUKBANG": 4.3880979107123075, "Ocean": 4.362780102728017, "mijn": 4.362780102728017, "Instagram": 4.244997067071634, "Wat": 4.180458545934062, "ik": 4.159839258731327, "TRY": 4.081367643289831, "OMG": 3.9912165462955342, "naar": 3.957314994619853, "Ready": 3.862004814815528, "Hotel": 3.817553052244694, "bij": 3.774993437825898, "60": 3.774993437825898, "Met": 3.7078541349882697, "\u2764\ufe0f": 3.7078541349882697, "1000": 3.597312260588446, "On": 3.4510201673737084, "VLOG": 3.4266867435576827, "het": 3.369528329717734, "TikTok": 3.2313779912369167, "op": 3.207472470383362, "My": 3.067976567859357, "van": 2.8868735829184393, "20": 2.658032010489592, "100": 2.5878277518163437, "Super": 2.558598113501405, "ON": 2.494831495142416, "me": 2.399170376573303, "7": 2.1739237750623146, "6": 2.119414369393943, "Me": 2.0379444007991516, "'": 1.7508737621787096, "2022": 1.7399247476890392, "!": 1.7023071950782918, "With": 1.6597424434493515, "4": 1.6171130380545005, "5": 1.5280972506924413, "?": 1.3390703822088819, "3": 1.3350647833209754, "1": 1.2132543559946098, "with": 1.1419062751971434, "2": 0.9159722098138096, "'s": 0.8239970581132987}