{"Pantoja": 271.55087979248856, "JD": 226.21090703729726, "Oficial": 73.57396709502967, "Video": 52.408357177863664, "Audio": 34.47392669253929, "Official": 28.877072141108197, "(": 28.30238128936151, ")": 27.734821519492634, "12\u202219": 24.0970804437735, "-": 23.510227176229, "Gama": 16.064720295849, "Zata": 16.064720295849, "16\u202295": 16.064720295849, "\u00c1brete": 16.064720295849, "Hagamos": 16.064720295849, "Yongol": 16.064720295849, "Loaiza": 14.67842593472911, "Seppe": 14.67842593472911, "Goza": 14.67842593472911, "Idiota": 14.67842593472911, "Firme": 13.867495718512782, "Paloma": 13.867495718512782, "Grupo": 12.8458444709808, "Va": 12.48120135739289, "Se": 12.021025371568054, "No": 11.987852723776253, "Fran": 11.90583721248933, "Elvis": 11.90583721248933, "&": 9.761405283665283, "Kim": 8.686961387621128, "Santa": 8.496341028012479, "Sisqo": 8.0323601479245, "Simaria": 8.0323601479245, "Melocot\u00f3n": 8.0323601479245, "13\u202213": 8.0323601479245, "Paces": 8.0323601479245, "paces": 8.0323601479245, "ERROR": 8.0323601479245, "T\u00e1ctica": 8.0323601479245, "Cositas": 8.0323601479245, "loca": 8.0323601479245, "Henao": 8.0323601479245, "Alejomaster": 8.0323601479245, "KATUNGA": 8.0323601479245, "Pantoja-": 8.0323601479245, "Drunks": 8.0323601479245, "Khea": 8.0323601479245, "Motiva": 8.0323601479245, "Crimen": 8.0323601479245, "Thong": 7.339212967364555, "Maza": 7.339212967364555, "Bah\u00eda": 7.339212967364555, "Lary": 7.339212967364555, "Ovy": 7.339212967364555, "Drums": 7.339212967364555, "Remembrance": 7.339212967364555, "Reclama": 7.339212967364555, "Podido": 7.339212967364555, "Fascina": 7.339212967364555, "Simone": 6.933747859256391, "Vos": 6.933747859256391, "Novio": 6.933747859256391, "Dile": 6.933747859256391, "Mentiras": 6.933747859256391, "Ricas": 6.4229222354904, "Error": 6.240600678696445, "Noriel": 6.240600678696445, "Ha": 5.63446487512613, "Jesus": 5.259771425684719, "\u2022": 5.08792116875806, "Tony": 4.854306317576555, "Tu": 4.665064317938026, "Nothing": 4.566624245124774, "Mike": 4.53585258645802, "Por": 4.505999623308339, "Es": 4.421442235280276, "Plan": 4.394773988198114, "de": 4.337457944652806, "una": 4.294690529641132, "Welcome": 4.248170514006239, "Mi": 4.203718751435406, ",": 4.166076467372454, "las": 4.161159137016609, "Las": 4.081116429343073, "M": 3.71487203438819, "Everything": 3.6756513212349087, "Over": 3.2448684051424546, "El": 3.2365696023277595, "Trailer": 3.2040464106221993, "La": 3.1345203479735892, "x": 3.1270853694860707, "13": 2.8733048487099713, "Me": 1.9826266926925427, "the": 1.7711759369437265, "on": 1.3990417146441236, "and": 1.0103837248523406, "to": 0.9151546447601561}