{"Vixx": 24.0970804437735, "VS": 22.107699403003657, "ORA\u00c7\u00c3O": 22.017638902093665, "VC": 16.064720295849, "voltas": 16.064720295849, "ela": 14.67842593472911, "filho": 13.29213157360922, "rico": 12.8458444709808, "O": 12.659302789875671, "dar": 11.90583721248933, "pai": 11.45955010986091, "mundo": 10.28397678005667, "mal": 10.17584233751612, "que": 10.1067631614373, "dia": 9.88263538913237, "n\u00e3o": 9.793731863990702, "Alegramos": 8.0323601479245, "Cego": 8.0323601479245, "Dessa": 8.0323601479245, "Tchau": 8.0323601479245, "julgadores": 8.0323601479245, "julgue": 8.0323601479245, "Her\u00f3i": 8.0323601479245, "Antigamente": 8.0323601479245, "Medalha": 8.0323601479245, "engorda": 8.0323601479245, "elas": 8.0323601479245, "acertam": 8.0323601479245, "engana": 8.0323601479245, "cega": 8.0323601479245, "PALAVRAS": 8.0323601479245, "REVELACAO": 8.0323601479245, "Sequestro": 8.0323601479245, "trapaceiro": 8.0323601479245, "acredito": 8.0323601479245, "ia": 8.0323601479245, "o": 7.351302642469817, "deles": 7.339212967364555, "previs\u00e3o": 7.339212967364555, "rua": 7.339212967364555, "ganha": 7.339212967364555, "vence": 7.339212967364555, "Cuidado": 7.339212967364555, "Tanto": 7.339212967364555, "Acertou": 7.339212967364555, "Escolinha": 7.339212967364555, "C\u00c9U": 7.339212967364555, "ORAR": 7.339212967364555, "JEAN": 7.339212967364555, "FOGO": 7.339212967364555, "deu": 6.933747859256391, "Homem": 6.933747859256391, "trabalho": 6.933747859256391, "Pessoas": 6.933747859256391, "boas": 6.933747859256391, "lata": 6.933747859256391, "Fogo": 6.933747859256391, "hoje": 6.933747859256391, "TURMA": 6.933747859256391, "Humilde": 6.933747859256391, "rir": 6.64606578680461, "quem": 6.64606578680461, "Filho": 6.64606578680461, "pobre": 6.64606578680461, "PORTA": 6.64606578680461, "QUERO": 6.64606578680461, "mata": 6.64606578680461, "Ningu\u00e9m": 6.64606578680461, "bem": 6.4229222354904, "nada": 6.4229222354904, "Jean": 6.4229222354904, "melhor": 6.240600678696445, "essa": 6.240600678696445, "\u00faltimo": 6.086449998869187, "f\u00e1cil": 6.086449998869187, "AGORA": 5.952918606244665, "isso": 5.952918606244665, "Quem": 5.835135570588281, "Ser\u00e1": 5.835135570588281, "ESSA": 5.729775054930455, "Fine": 5.63446487512613, "fazer": 5.63446487512613, "NOITE": 5.63446487512613, "Eu": 5.467410790462964, "DO": 5.458110479730849, "N\u00e3o": 5.393302818309242, "vez": 5.32430994682229, "pra": 5.141988390028335, "PRA": 4.987837710201077, "um": 4.854306317576555, "iPhone": 4.8134843230563, "\u00c9": 4.477012086435087, "COM": 4.368798501794854, "de": 4.337457944652806, "em": 4.081116429343073, "por": 3.889225421532968, "DA": 3.857972878028863, "POR": 3.827667528533534, "se": 3.378399797766977, "na": 3.2120785823194637, "Super": 3.0978862147938084, "12": 2.551721224582509, "DE": 2.49897065919698, "do": 2.331916574533814, "4": 1.6920008441967482, "!": 1.613425033086173, "A": 0.8215416944522801}