{"Ramirez": 176.711923254339, "|Jentzen": 136.5501225147165, "Jentzen": 40.1618007396225, "*": 26.662297176710258, "EX-GIRLFRIEND": 22.017638902093665, "GIRLFRIEND": 16.728850184857766, "EDITS": 16.064720295849, "KISSING": 12.48120135739289, "MY": 12.24537360489911, "GIVING": 12.172899997738375, "CHALLENGE": 11.016981954775932, "prank": 10.073255748741019, "My": 9.593537851654325, "I": 9.206560936942772, "Ex": 9.011999246616679, "24": 8.849108870288553, "With": 8.759821544821527, "REACTING": 8.686961387621128, "Together": 8.240674284992709, "\ud83e\uddd7\ud83e\udd38": 8.0323601479245, "JELLIANA": 8.0323601479245, "MISTLETOE": 8.0323601479245, "JIPER": 8.0323601479245, "Rockelle": 8.0323601479245, "FRIENDS": 7.943834274756162, "TO": 7.493059037730269, "Didnt": 7.339212967364555, "Edits": 7.339212967364555, "Piper": 7.339212967364555, "...": 7.2864215366244, "HOURS": 7.251281801320494, "ADMIRER": 6.933747859256391, "GAIN": 6.933747859256391, "STUNTS": 6.64606578680461, "Kissed": 6.64606578680461, "Friends": 6.506473309625942, "Stolen": 6.4229222354904, "ADULT": 6.4229222354904, "Knowing": 6.4229222354904, "THE": 6.314940596127235, "ASLEEP": 6.240600678696445, "HOUSE": 6.239410524376897, "Her": 6.139031035329186, "Confronting": 6.086449998869187, "SLAP": 6.086449998869187, "\ud83d\udc4b": 6.086449998869187, "THANKS": 6.086449998869187, "DETECTOR": 5.952918606244665, "\ud83d\ude18": 5.952918606244665, "SPIN": 5.952918606244665, "WEIGHT": 5.952918606244665, "Got": 5.889527625384233, "Controls": 5.835135570588281, "Buried": 5.835135570588281, "VALENTINE": 5.729775054930455, "THEN": 5.729775054930455, "LOCKED": 5.63446487512613, "Saves": 5.63446487512613, "BECAME": 5.63446487512613, "HEART": 5.5474534981365, "PRANKING": 5.5474534981365, "LIE": 5.393302818309242, "KISS": 5.393302818309242, "ASKING": 5.32430994682229, "Empty": 5.259771425684719, "THEM": 5.259771425684719, "House": 5.241428192138921, "awkward": 5.199146803868285, "DARE": 5.141988390028335, "WHEEL": 5.141988390028335, "IN": 5.134775561021755, "GIFTS": 4.941317694566185, "EXPOSED": 4.896865931995351, "Teen": 4.854306317576555, "Spent": 4.854306317576555, "FAN": 4.774263609903018, "emotional": 4.736523281920172, "Alive": 4.736523281920172, "WINS": 4.700155637749297, "BREAK": 4.665064317938026, "HOUR": 4.631162766262345, "reaction": 4.631162766262345, "Gaming": 4.53585258645802, "FALL": 4.53585258645802, "BOUGHT": 4.53585258645802, "FUNNY": 4.505999623308339, "DOG": 4.477012086435087, "Built": 4.44884120946839, "Hidden": 4.44884120946839, "BROKE": 4.394773988198114, "Driving": 4.318788081220193, "EPIC": 4.248170514006239, "EX": 4.248170514006239, "FRIEND": 4.22569765815418, "EDITION": 4.22569765815418, "10,000": 4.1822125462144415, "Broke": 4.1822125462144415, "Gone": 4.140539849813874, "funny": 4.062068234372378, "MOVING": 4.062068234372378, "Reacts": 4.02502696269203, "Right": 4.02502696269203, "We": 3.9889784560047254, "Fan": 3.971917137378081, "Prank": 3.954822704018781, "Away": 3.954822704018781, "Caught": 3.9380155857024, "Own": 3.9380155857024, "Without": 3.9052257628794087, "BY": 3.889225421532968, "Sister": 3.889225421532968, "Under": 3.889225421532968, "TRUTH": 3.857972878028863, "Moving": 3.8427054058980747, "WHO": 3.827667528533534, "BE": 3.812852442748394, "REACTION": 3.7838649058751415, "LAST": 3.769680270883185, "AN": 3.7419007067761094, "ABOUT": 3.7419007067761094, "CHRISTMAS": 3.71487203438819, "For": 3.7005504824157374, "!": 3.6302063244438894, "Being": 3.625640900660247, "GIRL": 3.625640900660247, "See": 3.5664520292699167, "CAN": 3.5664520292699167, "my": 3.545557367719155, "SECRET": 3.52150064140765, "Hours": 3.4680119564566643, "Room": 3.4576491694211176, "WAS": 3.4576491694211176, "HAVE": 3.4576491694211176, "MOST": 3.359531313462594, "A": 3.2861667778091204, "|": 3.2129850805247946, "They": 3.1420110197027467, "She": 3.048753526216164, "Girl": 3.021724853828245, "He": 3.021724853828245, "OUR": 2.9954075455108713, "An": 2.9825041406749633, "UP": 2.9825041406749633, "Tour": 2.8733048487099713, "Things": 2.8675741740009864, "not": 2.8120043228461755, "About": 2.719154168882713, "or": 2.7044839791349196, "Back": 2.6663841329026488, "'m": 2.6478650851354115, "DAY": 2.598638144370261, "Out": 2.5727746337803414, "BEST": 2.4526303219382783, "Up": 2.3728779321648794, "From": 2.365933459812068, "Time": 2.3556063456562186, "FOR": 2.3219331305496307, "$": 2.302260364950926, "WITH": 2.2925672357452664, "First": 2.242399977027247, "'S": 2.2393465395403567, "NEW": 2.086939539317925, "Life": 2.079116813636716, "Do": 2.066213408800808, "Day": 2.016202988226147, "Me": 1.9826266926925427, "New": 1.6556332000258736, "The": 1.5920416103403134, "In": 1.5724556935469656, "How": 1.5265760877962717, "To": 1.4884483023597082, "of": 0.9770473045847486, "a": 0.8903235732176977}