{"Roblox": 85.88799640323431, "In": 43.309933148491396, "Becoming": 26.38957892232913, "Making": 24.84395880489964, "STRONGEST": 22.491733061392523, "COOLEST": 11.877416389337343, "The": 9.403586802863837, "Slashing": 8.13593277200489, "Buffest": 8.13593277200489, "Meteors": 7.442785591444945, "DUMP": 7.442785591444945, "Penguins": 7.442785591444945, "Most": 7.217498967093947, "JUNK": 7.037320483336781, "LARGEST": 7.037320483336781, "Glider": 6.52649485957079, "Safest": 6.52649485957079, "Dealership": 6.52649485957079, "Building": 6.4465557725376765, "Smashing": 6.190022622949577, "Fruit": 6.190022622949577, "Collect": 6.190022622949577, "Launching": 6.190022622949577, "Drinking": 6.190022622949577, "Relaxing": 5.9387081946686715, "Summoning": 5.833347679010845, "Mermaid": 5.833347679010845, "Soda": 5.833347679010845, "Cart": 5.73803749920652, "Soccer": 5.73803749920652, "Collecting": 5.65102612221689, "Scoring": 5.65102612221689, "Catching": 5.570983414543353, "Frog": 5.42788257090268, "LONGEST": 5.42788257090268, "Galactic": 5.42788257090268, "FACTORY": 5.363344049765109, "Im": 5.363344049765109, "Multiverse": 5.245561014108726, "BOOM": 5.245561014108726, "UNSTOPPABLE": 5.19149379283845, "Company": 5.19149379283845, "Living": 5.091410334281467, "Military": 5.044890318646575, "Shopping": 5.044890318646575, "Simulator": 5.031063812575481, "Superhero": 4.957878941656944, "Gym": 4.8400959060005615, "Goal": 4.8400959060005615, "Thief": 4.8400959060005615, "EXPENSIVE": 4.734735390342735, "Robot": 4.63942521053841, "Fortress": 4.63942521053841, "RAREST": 4.580584710515477, "Obby": 4.525014859360666, "Football": 4.525014859360666, "Mining": 4.498346612278505, "Own": 4.472371125875244, "Starting": 4.447053317890954, "FARM": 4.398263153721522, "Army": 4.2041071392805645, "Fighter": 4.184689053423463, "A": 3.9560685892760903, "Water": 3.9312401526139245, "LEGO": 3.901826267407631, "Best": 3.8386533418400512, "SIMULATOR": 3.8318676788007204, "BEST": 3.799126363602372, "As": 3.670024653350307, "Hero": 3.530762586016799, "God": 3.435452406212474, "Space": 3.3401422264081493, "Baby": 3.238092972053979, "Epic": 3.238092972053979, "Fire": 3.2232778862688383, "Car": 3.1319864660594314, "Getting": 3.105494850612455, "Just": 3.036066344180692, "House": 2.8836593439582607, "An": 2.842627947280398, "EVERY": 2.842627947280398, "Player": 2.817812778160674, "Star": 2.590755327525328, "On": 2.119775612306537, "My": 1.4601095503700425, "To": 1.4550780932146754, "in": 0.662863683972693}