{"Jerretje": 120.77489335262929, "jerretje": 80.51659556841953, "rapnl": 40.258297784209766, "JERRETJE": 32.20663822736781, "lyrics": 26.395354173010862, "tima": 24.154978670525857, "#": 19.198348834936013, "freestyle": 17.563304938517202, "barz": 16.103319113683906, "Tima": 16.103319113683906, "Pale1080": 16.103319113683906, "Prod": 14.881851310450912, "lyric": 13.906094536347688, "MOTIVATION": 13.330730391444126, "Lyrics": 12.734991201214903, "rap": 12.519800175227797, ".": 12.111130275532666, "FITNESS": 11.944436030324235, "fitness": 11.708869959011468, "prod": 10.436892425571475, "tiktok": 10.322575597891579, "en": 10.136826641508984, "een": 9.972815214388838, "-": 8.694732514612648, "niet": 8.62797987711717, "WayTooLost": 8.051659556841953, "Waytoolost": 8.051659556841953, "Kaolo": 8.051659556841953, "Lees": 8.051659556841953, "Beschrijving": 8.051659556841953, "almere": 8.051659556841953, "Hahaha": 8.051659556841953, "NLrap": 8.051659556841953, "SNUG": 8.051659556841953, "mondo": 8.051659556841953, "beastmode": 8.051659556841953, "bodybuilding": 8.051659556841953, "deekman": 8.051659556841953, "drake": 8.051659556841953, "spotify": 8.051659556841953, "probleem": 8.051659556841953, "moveon": 8.051659556841953, "voelt": 8.051659556841953, "Wens": 8.051659556841953, "succes": 8.051659556841953, "kisten": 8.051659556841953, "MOESIE": 8.051659556841953, "halal": 8.051659556841953, "TRAINEN": 8.051659556841953, "TrainenmetJerretje": 8.051659556841953, "rutte": 8.051659556841953, "tweedekamer": 8.051659556841953, "Slangen": 8.051659556841953, "re-release": 8.051659556841953, "slangen": 8.051659556841953, "uiteraard": 8.051659556841953, "strijders": 8.051659556841953, "lan": 8.051659556841953, "stres": 8.051659556841953, "bruur": 8.051659556841953, "Geplayed": 8.051659556841953, "Naaldhak": 8.051659556841953, "Surinaamse": 8.051659556841953, "KNORR": 8.051659556841953, "-omg": 8.051659556841953, "apen": 8.051659556841953, "tis": 8.051659556841953, "schande": 8.051659556841953, "baas": 8.051659556841953, "OCHTEND": 8.051659556841953, "SHREDJER": 8.051659556841953, "Hek": 8.051659556841953, "Opstaan": 8.051659556841953, "Racisme/Slavernij": 8.051659556841953, "slaven": 8.051659556841953, "Blacklivesmatter": 8.051659556841953, "JER": 8.051659556841953, "VERWIJDERD": 8.051659556841953, "IJmuiden": 8.051659556841953, "mishandeld": 8.051659556841953, "Respecteer": 8.051659556841953, "-JER": 8.051659556841953, "Internationale": 8.051659556841953, "schieter": 8.051659556841953, "Plux": 8.051659556841953, "filtyplux": 8.051659556841953, "Het": 7.577959359601276, "foryou": 7.358512376282008, "Relation": 7.358512376282008, "Toetie": 7.358512376282008, "PICTURE": 7.358512376282008, "dutch": 7.358512376282008, "HALAL": 7.358512376282008, "BODYBUILDING": 7.358512376282008, "Vieze": 7.358512376282008, "kluis": 7.358512376282008, "Mannen": 7.358512376282008, "haten": 7.358512376282008, "motivatie": 7.358512376282008, "SESSIE": 7.358512376282008, "BOA": 7.358512376282008, "mixtape": 7.358512376282008, "je": 7.24168551599728, "Consequences": 6.953047268173844, "disstrack": 6.953047268173844, "houd": 6.953047268173844, "haha": 6.953047268173844, "president": 6.953047268173844, "Bless": 6.953047268173844, "Dames": 6.953047268173844, "roti": 6.953047268173844, "LMFAO": 6.953047268173844, "gewoon": 6.953047268173844, "kapot": 6.953047268173844, "101BARZ": 6.953047268173844, "BNN": 6.953047268173844, "Tram": 6.953047268173844, "wtf": 6.665365195722063, "omg": 6.665365195722063, "vandaag": 6.665365195722063, "vader": 6.665365195722063, "WAKE": 6.665365195722063, "tijd": 6.665365195722063, "Niemand": 6.665365195722063, "beetje": 6.665365195722063, "Filthy": 6.665365195722063, "smile": 6.442221644407853, "english": 6.442221644407853, "motivation": 6.442221644407853, "Scoop": 6.442221644407853, "komen": 6.442221644407853, "euro": 6.442221644407853, "klein": 6.442221644407853, "op": 6.414944940766724, "Wanneer": 6.259900087613898, "COMPILATIE": 6.259900087613898, "zelf": 6.259900087613898, "vrouwen": 6.259900087613898, "wine": 6.259900087613898, "Spotify": 6.10574940778664, "iedereen": 6.10574940778664, "laat": 6.10574940778664, "krijg": 6.10574940778664, "Aap": 5.972218015162118, "geen": 5.972218015162118, "jou": 5.972218015162118, "(": 5.920031400607778, ")": 5.908968092515211, "jouw": 5.854434979505734, "van": 5.773747165836879, "elkaar": 5.749074463847908, "Dat": 5.749074463847908, "worden": 5.653764284043583, "laten": 5.653764284043583, "ook": 5.653764284043583, "mensen": 5.653764284043583, "gym": 5.566752907053953, "Ze": 5.566752907053953, "krijgt": 5.566752907053953, "Wine": 5.566752907053953, "UUR": 5.412602227226695, "By": 5.390146564339882, "training": 5.343609355739743, "goed": 5.343609355739743, "wel": 5.343609355739743, "2011": 5.343609355739743, "track": 5.343609355739743, "remix": 5.279070834602172, "Minister": 5.279070834602172, "Tracks": 5.279070834602172, "Wij": 5.279070834602172, "ze": 5.161287798945789, "{": 5.161287798945789, "President": 5.1072205776755135, "TERUG": 5.1072205776755135, "RAP": 5.00713711911853, "Personal": 4.916165340912804, "ben": 4.916165340912804, "ONLINE": 4.916165340912804, "dag": 4.916165340912804, "Tiktok": 4.873605726494008, "viral": 4.873605726494008, "meer": 4.873605726494008, "CALL": 4.873605726494008, "nieuwe": 4.832783731973753, "Noodles": 4.755822690837625, "heb": 4.755822690837625, "2014": 4.684363726855479, "Sorry": 4.6176723523568075, "Mijn": 4.585923654042227, "Single": 4.49631149535254, "om": 4.468140618385844, "er": 4.440741644197729, "DOOR": 4.440741644197729, "uit": 4.414073397115568, "WAT": 4.3880979107123075, "mijn": 4.362780102728017, "Freestyle": 4.338087490137646, "NIET": 4.267469922923692, "aan": 4.223018160352859, "food": 4.201511955131895, "zijn": 4.201511955131895, "Move": 4.119833924117628, "OMG": 3.9912165462955342, "Ik": 3.974122112936234, "naar": 3.957314994619853, "Die": 3.924525171796862, "Een": 3.9085248304504208, "Or": 3.892776473482282, "funny": 3.8772722869463165, "Ride": 3.734171443305643, "los": 3.734171443305643, "2016": 3.6449403095777004, "love": 3.6328189490453555, "MET": 3.5857514381873696, "te": 3.5190600636886975, "!": 3.4046143901565835, "het": 3.369528329717734, "2017": 3.36031167461281, "Take": 3.315461108447458, "UP": 3.1688576342555828, "Fun": 3.0277790359956773, "met": 3.021221635449518, "is": 2.769405528825494, "DE": 2.738453577800166, "2020": 2.7237833880523725, "12": 2.699801423365887, "me": 2.399170376573303, "Love": 2.2227139392317463, "Do": 2.151762203259462, "de": 2.1274037594274215, "]": 2.119414369393943, "[": 2.116765361222366, "by": 2.0161781243171975, "n't": 1.9694406464655074, "IN": 1.918261513845305, "It": 1.9139325027557195, "Is": 1.877873452940017, "10": 1.7959095150885866, "On": 1.7255100836868542, "New": 1.602770162695096, "5": 1.5280972506924413, "?": 1.3390703822088819, "1": 1.2132543559946098, "of": 0.8970441999282907, ",": 0.594627467719573}