{"MINIMALISM": 83.20497431107668, "DAYS": 51.53628635569358, "CHRISTMAS": 37.1487203438819, "CHALLENGE": 33.0509458643278, "TROPIC": 32.129440591698, "12": 30.620654694990108, "DAY": 28.585019588072868, "OF": 25.721786275099433, "COACHING": 24.0970804437735, "AMBASSADOR": 16.064720295849, "MEDITATING": 16.064720295849, "SELF": 15.779314277054159, "TO": 13.112853316027971, "CARE": 10.39829360773657, "SKINCARE": 10.28397678005667, "FOR": 9.287732522198523, "RIGHT": 9.26232553252469, "MORNING": 9.07170517291604, "-": 8.895761634248812, "HOW": 8.501589349976024, "meditation/": 8.0323601479245, "JOURNALING": 8.0323601479245, "VIBRATIONS": 8.0323601479245, "LIMITING": 8.0323601479245, "BELIFS": 8.0323601479245, "NLP": 8.0323601479245, "DEVELOPMENT": 8.0323601479245, "PURIFY": 8.0323601479245, "CLEARER": 8.0323601479245, "MINIMISE": 8.0323601479245, "THINGS": 8.014016914378702, "AND": 7.508793181239231, "ROUTINE": 7.456590109440661, "ISOLATION": 7.339212967364555, "NOW": 7.325824590914958, "REASONS": 6.933747859256391, "JOURNAL": 6.933747859256391, "RAISE": 6.933747859256391, "MEDITATION": 6.240600678696445, "HOME": 6.239410524376897, "YOUR": 6.030160622219152, "Calming": 5.952918606244665, "COURSE": 5.952918606244665, "JOURNEY": 5.835135570588281, "BEGINNERS": 5.835135570588281, "nature": 5.729775054930455, "NATURAL": 5.729775054930455, "CHATTY": 5.729775054930455, "LAUNCH": 5.63446487512613, "FAVOURITES": 5.63446487512613, "MAGICAL": 5.63446487512613, "LIFE": 5.624008645692351, "Journal": 5.5474534981365, "FEELING": 5.467410790462964, "CHANGES": 5.393302818309242, "sleep": 5.259771425684719, "Positive": 5.259771425684719, "Habits": 5.259771425684719, "WAYS": 5.259771425684719, "sounds": 5.199146803868285, "PUPPY": 5.199146803868285, "YOU": 5.037862803519037, "EXCITING": 5.0366278743705095, "Bird": 4.987837710201077, "LEAVE": 4.941317694566185, "Release": 4.896865931995351, "|": 4.819477620787191, "START": 4.700155637749297, "5": 4.689329493386184, "SHOULD": 4.566624245124774, "AD": 4.477012086435087, "ad": 4.394773988198114, "7": 4.371842745733552, "GOOD": 4.294690529641132, "Daily": 4.161159137016609, "need": 4.161159137016609, "MAKEUP": 4.140539849813874, "Reveal": 4.100534515200175, "TIPS": 4.062068234372378, "BE": 3.812852442748394, "26": 3.7838649058751415, "Simple": 3.7419007067761094, "WHY": 3.6503335132506187, "Morning": 3.625640900660247, "10": 3.5841686055074615, "Tips": 3.4576491694211176, "HAVE": 3.4576491694211176, "UPDATE": 3.3228299466121665, "GOT": 3.1725477435628284, "more": 3.1270853694860707, "2019": 3.0419275611457643, "AT": 2.9083961685212416, "Top": 2.8906965914218405, "11": 2.774864775896719, "WHAT": 2.739055323200008, "DO": 2.7290552398654246, "what": 2.699641354659131, "2020": 2.6432884181079994, "9": 2.55589659599299, "WE": 2.551721224582509, "A": 2.4646250833568404, "ME": 2.415589050257929, "8": 2.3940054785907545, "WITH": 2.2925672357452664, "NEW": 2.086939539317925, "MY": 2.040895600816518, "6": 2.021092973520339, "Me": 1.9826266926925427, "you": 1.9570141168358164, "With": 1.7519643089643056, "IN": 1.711591853673918, "4": 1.6920008441967482, "How": 1.5265760877962717, "3": 1.2918407883182772, "for": 1.2377735670480012, ",": 1.1903075621064154, "2": 0.9900739759847571, "to": 0.9151546447601561, "a": 0.8903235732176977}