{"TRAMPOLINE": 45.83820043944364, "FLIPPING": 24.0970804437735, "FREERUNNING": 22.017638902093665, "CRAZY": 21.1290038484459, "*": 20.5094593667002, "THE": 15.787351490318088, "FLIPS": 13.29213157360922, "BACKFLIP": 13.29213157360922, "TRIPLE": 12.172899997738375, "EVER": 12.140591496641541, "ON": 11.693140045609002, "RULES": 11.45955010986091, "SETUP": 10.786605636618484, "TRICKS": 10.28397678005667, "!": 10.083906456788581, "AUSTRALIA": 9.975675420402155, "PARK": 8.686961387621128, "AMAZING": 8.20106903040035, "SPAMMING": 8.0323601479245, "CORKS": 8.0323601479245, "BOARDER": 8.0323601479245, "FREERUNNER": 8.0323601479245, "SKYZONE": 8.0323601479245, "RAINING": 8.0323601479245, "TRAMPOLINES": 8.0323601479245, "WORST": 7.625704885496788, "TRICKING": 7.339212967364555, "SHAY": 7.339212967364555, "SHENANIGANS": 6.933747859256391, "METRE": 6.933747859256391, "ADVENTURES": 6.933747859256391, "EDGE": 6.933747859256391, "GAP": 6.933747859256391, "IN": 6.846367414695672, "RALLY": 6.64606578680461, "STADIUM": 6.64606578680461, "CUPCAKES": 6.64606578680461, "MOTION": 6.64606578680461, "DRIFTING": 6.4229222354904, "OLYMPIC": 6.4229222354904, "SLEEPING": 6.4229222354904, "RAMP": 6.4229222354904, "SESSION": 6.4229222354904, "CHOC": 6.4229222354904, "SHAVED": 6.240600678696445, "BOARD": 6.240600678696445, "CLIFF": 6.240600678696445, "SLOW": 6.240600678696445, "PARKOUR": 6.086449998869187, "ROOF": 6.086449998869187, "RATHER": 5.952918606244665, "RAIN": 5.952918606244665, "FEET": 5.952918606244665, "APP": 5.952918606244665, "BACK": 5.889527625384233, "SNEAKING": 5.835135570588281, "Sunset": 5.729775054930455, "TRIES": 5.729775054930455, "SPOT": 5.63446487512613, "BASKETBALL": 5.5474534981365, "SLIDE": 5.5474534981365, "WELCOME": 5.467410790462964, "DOUBLE": 5.467410790462964, "PLACE": 5.467410790462964, "FAILS": 5.393302818309242, "SNOW": 5.393302818309242, "land": 5.393302818309242, "BACKYARD": 5.32430994682229, "WHILE": 5.199146803868285, "ANGRY": 5.199146803868285, "BREAKING": 5.141988390028335, "INCREDIBLE": 5.08792116875806, "LEARNING": 5.08792116875806, "BEAUTIFUL": 5.08792116875806, "GIVE": 5.0366278743705095, "WOULD": 4.987837710201077, "OVERNIGHT": 4.987837710201077, "WHERE": 4.987837710201077, "A": 4.929250166713681, "BEST": 4.905260643876557, "ALONE": 4.896865931995351, "HIGH": 4.896865931995351, "GYM": 4.854306317576555, "360": 4.8134843230563, "CAMERA": 4.665064317938026, "FOR": 4.643866261099261, "GUESS": 4.5983729434393545, "VIDEOS": 4.566624245124774, "DOES": 4.477012086435087, "secret": 4.421442235280276, "FAIL": 4.394773988198114, "DAYS": 4.294690529641132, "OF": 4.286964379183239, "FOUND": 4.271160032230938, "Guess": 4.1822125462144415, "500": 4.1822125462144415, "MINI": 4.1822125462144415, "could": 4.1822125462144415, "NEW": 4.17387907863585, "GOING": 4.140539849813874, "Tricks": 4.100534515200175, "I": 4.091804860863454, "Tried": 4.062068234372378, "WATER": 4.062068234372378, "Bought": 3.98930888008995, "GIANT": 3.98930888008995, "HIS": 3.8427054058980747, "WHO": 3.827667528533534, "BIGGEST": 3.7838649058751415, "INTO": 3.769680270883185, "HAIR": 3.755694028908445, "GO": 3.755694028908445, "OR": 3.7419007067761094, "OFF": 3.625640900660247, "DID": 3.6135195401279026, "HE": 3.589708891434184, "GAME": 3.5437237781923607, "NEVER": 3.4784832563239596, "WAS": 3.4576491694211176, "2018": 3.4172396310832407, "MOST": 3.359531313462594, "HOME": 3.1197052621884485, "Car": 3.048753526216164, "DIY": 3.021724853828245, "UP": 2.9825041406749633, "?": 2.9816616578632598, "...": 2.91456861464976, "AT": 2.9083961685212416, "30": 2.83940329703429, "CHALLENGE": 2.754245488693983, "FIRST": 2.5856227762581905, "WE": 2.551721224582509, "Can": 2.5392987045839517, "Part": 2.5270286119921375, "YOU": 2.5189314017595184, "AND": 2.502931060413077, "THIS": 2.4602061157467356, "IS": 2.3556063456562186, "'S": 2.2393465395403567, "7": 2.185921372866776, "it": 2.0739354548947184, "MY": 2.040895600816518, "n't": 1.9387903778793647, "TO": 1.8732647594325673, "What": 1.667609391072589, "You": 1.6590403583474878, "My": 1.3705054073791894, "2": 0.9900739759847571, "|": 0.8032462701311986}