{"scam": 93.3609488578942, "scammers": 83.71393380144121, "Scammers": 58.60570796680255, "call": 25.227041304256502, "Spying": 24.89625302877179, "center": 24.00367882351495, "bank": 21.231090101275168, "scammer": 20.751631313258677, "login": 19.535235988934183, "Scam": 18.87994344166669, "Part": 18.481766009519696, "Browning": 18.002759117636213, "Calling": 16.592748229899005, "Rober": 15.220715236625676, "SCARE-WARE": 15.220715236625676, "ReImage": 15.220715236625676, "Jim": 15.136224782553903, "Scammer": 13.834420875505785, "]": 13.343575978517666, "[": 13.307988639673347, "hell": 13.023490659289456, "Scamming": 13.023490659289456, "Stream": 12.433865146539333, "million": 10.826266081953236, "channel": 9.439971720833345, "Inside": 9.201188508128501, "on": 7.880056678743101, "live": 7.842956328397802, "ft.": 7.652335968789153, "Pranking": 7.610357618312838, "thieves": 7.610357618312838, "SSA": 7.610357618312838, "deleted": 7.610357618312838, "betrayed": 7.610357618312838, "Mules": 7.610357618312838, "popups": 7.610357618312838, "nick": 7.610357618312838, "Scamazon": 7.610357618312838, "Dismantling": 7.610357618312838, "TomTom": 7.610357618312838, "dumbest": 7.610357618312838, "Thwarting": 7.610357618312838, "Successes": 7.610357618312838, "'Closing": 7.610357618312838, "Acuta": 7.610357618312838, "250k": 7.610357618312838, "GMail": 7.610357618312838, "password": 7.610357618312838, "\u00a332,000": 7.610357618312838, "Gumtree": 7.610357618312838, "50s": 7.610357618312838, "refund": 7.610357618312838, "Supremo": 7.610357618312838, "remotely": 7.610357618312838, "Ratting": 7.610357618312838, "Mark": 7.607390257085036, "Internet": 7.478313214809893, "Live": 7.371198071445176, "Disney+": 6.9172104377528925, "details": 6.9172104377528925, "scams": 6.9172104377528925, "Impromptu": 6.9172104377528925, "twist": 6.9172104377528925, "Faking": 6.9172104377528925, "scammed": 6.9172104377528925, "disabled": 6.9172104377528925, "Innovations": 6.9172104377528925, "his": 6.723724752526957, "decide": 6.511745329644728, "Reupload": 6.511745329644728, "Shutting": 6.511745329644728, "4/4": 6.511745329644728, "3/4": 6.511745329644728, "2/4": 6.511745329644728, "centre": 6.511745329644728, "2,000": 6.511745329644728, "Hyderabad": 6.511745329644728, "devastating": 6.511745329644728, "clever": 6.511745329644728, "Poisoning": 6.511745329644728, "Busted": 6.511745329644728, "Refund": 6.511745329644728, "all": 6.266041607669262, "Daylight": 6.224063257192947, "Rewind": 6.224063257192947, "1/4": 6.224063257192947, "VISA": 6.224063257192947, "Dumbest": 6.224063257192947, "search": 6.224063257192947, "anyone": 6.224063257192947, "Identifying": 6.224063257192947, "The": 6.219977513018135, "your": 6.183844600252853, "life": 6.155516250319163, "Robbery": 6.000919705878737, "boss": 6.000919705878737, "subscribers": 6.000919705878737, "Destroying": 6.000919705878737, "livestream": 6.000919705878737, "the": 5.991436309624705, "Confronting": 5.8185981490847825, "computer": 5.8185981490847825, "pretend": 5.664447469257524, "Victim": 5.664447469257524, "those": 5.664447469257524, "worst": 5.664447469257524, "Stealing": 5.664447469257524, "stopped": 5.530916076633002, "tech": 5.530916076633002, "access": 5.530916076633002, "...": 5.526109867557196, "Showing": 5.413133040976618, "Failures": 5.413133040976618, "Technologies": 5.413133040976618, "Theft": 5.413133040976618, "a": 5.368829378170635, "Making": 5.323195455869339, "!": 5.253387259538405, "Catching": 5.212462345514467, "Identity": 5.212462345514467, "anything": 5.125450968524837, "$": 5.03321483501215, "Prime": 4.971300288697579, "YouTubers": 4.971300288697579, "names": 4.971300288697579, "results": 4.971300288697579, "Tax": 4.837768896073056, "makes": 4.665918639146397, "let": 4.665918639146397, "-": 4.615278909282404, "support": 4.565835180589414, "Celebrating": 4.519315164954522, "many": 4.391481793444637, "never": 4.391481793444637, "Almost": 4.278153108137634, "Ask": 4.113850056846357, "real": 4.055009556823424, "down": 3.999439705668613, "an": 3.915736876088374, "help": 3.8261679843945764, "old": 3.7817162218237423, "why": 3.7817162218237423, "2018": 3.718537320202211, "Google": 3.718537320202211, "REAL": 3.6400657047607154, "their": 3.6400657047607154, "who": 3.585005927577688, "Behind": 3.5499146077664183, "India": 3.5160130560907366, "2019": 3.4994837541395265, "1": 3.4140339714358108, "over": 3.376251113715578, "people": 3.3618623762634785, "time": 3.347677741271522, ":": 3.303602222700776, "HOW": 3.2796242780265064, "know": 3.2796242780265064, "so": 3.2665521964591537, "was": 3.179540819469524, "Money": 3.133020803834631, "Special": 3.0460094268450013, "me": 2.965966719171465, "new": 2.928226391188618, "Update": 2.882969799600497, "Man": 2.5669325013935906, "be": 2.5477625852858705, "of": 2.528575502728556, "Not": 2.498369829956294, "'s": 2.477701667025582, "3": 2.450326438630224, "is": 2.4402339024949753, "for": 2.437251616013721, "about": 2.302089920911633, "Who": 2.292237624468621, "(": 2.2743451477828778, "One": 2.253771343640825, ")": 2.2459388334963215, "?": 2.2201790998923427, "are": 2.216730071960476, "or": 2.207680236440558, "'": 2.155036502955136, "2021": 2.1131893930196357, "2": 2.0958270492382356, "it": 2.088896700450591, "you": 1.9439309302004053, "It": 1.8641544277726843, "This": 1.7726271711468975, "by": 1.735426887460807, "My": 1.7049957702582672, "from": 1.6545202488480066, "A": 1.640520765597866, "Why": 1.6015444328702424, "in": 1.32100232662413, "You": 1.3077386425679325, "I": 1.304082331364822, "What": 1.2184405049202354, ",": 0.9911763398927486, "How": 0.9523465724420893, "with": 0.9383246728517702, "to": 0.6191807311916281, "and": 0.5865986635743944}