{"GTA": 131.64293732136923, "V": 118.22357078005928, "Medal": 68.85890096375289, "Freaks": 47.77774412129694, "Misc": 44.15107425769205, "Gold": 40.229314423864665, "Strangers": 38.046581526701, "``": 35.087577827935384, "''": 34.949862198268235, "Event": 34.90224082182414, "Random": 33.278714069850615, "Vinewood": 32.20663822736781, "Souvenirs": 32.20663822736781, ":": 30.810315791649515, "Pastimes": 24.154978670525857, "Hobbies": 22.075537128846026, "Purchase": 19.32666493322356, "Vehicle": 15.483863396837368, "Mission": 12.941969815675755, "and": 11.845684678630336, "Traffic": 11.133505814107906, "Arms": 10.558141669204344, "Security": 8.125351020555359, "Thornhill": 8.051659556841953, "bombs": 8.051659556841953, "Vespucci": 8.051659556841953, "Achievement/Trophy": 8.051659556841953, "Akuma": 8.051659556841953, "-": 7.607890950286067, "Van": 7.522400231387125, "Mugging": 7.358512376282008, "sticky": 7.358512376282008, "Canals": 7.358512376282008, "Favor": 7.358512376282008, "Griff": 7.358512376282008, "Rednecks": 7.358512376282008, "Willie": 6.953047268173844, "Nigel": 6.953047268173844, "Snatched": 6.953047268173844, "guns": 6.953047268173844, "Customs": 6.953047268173844, "Burial": 6.953047268173844, "Receive": 6.953047268173844, "Kerry": 6.665365195722063, "Property": 6.665365195722063, "Shame": 6.442221644407853, "Services": 6.442221644407853, "Franklin": 6.259900087613898, "Santos": 6.259900087613898, "Reunited": 6.10574940778664, "Rampage": 6.10574940778664, "lady": 6.10574940778664, "Website": 5.972218015162118, "Mrs": 5.749074463847908, "Fully": 5.749074463847908, "Lift": 5.749074463847908, "Pulling": 5.653764284043583, "Prisoner": 5.486710199380417, "Fame": 5.343609355739743, "Haircut": 5.343609355739743, "Tyler": 5.161287798945789, "Fair": 5.161287798945789, "Ground": 5.161287798945789, "Garage": 4.960617103483638, "Maze": 4.916165340912804, "Crystal": 4.873605726494008, "Mod": 4.793563018820471, "Tattoo": 4.755822690837625, "a": 4.611810039562903, "Wash": 4.585923654042227, "Buy": 4.440741644197729, "Abandoned": 4.267469922923692, "Character": 4.201511955131895, "Use": 4.180458545934062, "Mark": 3.9912165462955342, "from": 3.8235500092313965, "Race": 3.7475944636377836, "Air": 3.7078541349882697, "Street": 3.6949507301523616, "Bus": 3.6572104021695147, "Los": 3.574322742363747, "Tour": 3.1996292929223364, "5": 3.0561945013848826, "Last": 3.0147069544283243, "Friends": 2.9702551918574907, "Special": 2.9276955774386946, "Car": 2.7433918594407487, "3": 2.670129566641951, "or": 2.644487785381835, "for": 2.485240501597948, "One": 2.3512159834512674, "Game": 2.3215597738683793, "2": 1.8319444196276191, "(": 1.3155625334683951, ")": 1.313104020558936, "1": 1.2132543559946098, "the": 0.8038669750741074}