{"Toy": 20.923775865926334, "slime": 18.69734404965157, "Barbie": 15.40150718364724, "Morning/Night": 15.237484755340827, "Hatchimals": 15.237484755340827, "hatching": 15.237484755340827, "routine": 15.161379060626631, "minis": 13.851190394220936, "playset": 13.851190394220936, "Lena": 13.040260178004607, "Story": 11.161714561472449, "unboxing": 11.078601671981154, "Roblox": 9.692307310861263, "pt": 9.571058067228394, "SUMMER": 9.348606797007946, "LOL": 9.348606797007946, "dance": 8.435089992016517, "!": 8.070047978806315, ".": 7.946800077299658, "#": 7.75628989580574, "lovenotes": 7.618742377670413, "JDA": 7.618742377670413, "Zuru": 7.618742377670413, "Oosh": 7.618742377670413, "charli": 7.618742377670413, "bloopers\ud83d\ude05": 7.618742377670413, "SIMS": 7.618742377670413, "Sims4": 7.618742377670413, "Elmers": 7.618742377670413, "diyslime": 7.618742377670413, "slimekit": 7.618742377670413, "elmers": 7.618742377670413, "ToyStory4": 7.618742377670413, "Blindbags": 7.618742377670413, "bags": 7.618742377670413, "TOYSTORY4": 7.618742377670413, "Series1": 7.618742377670413, "FORKY": 7.618742377670413, "BlindBags": 7.618742377670413, "BORAX": 7.618742377670413, "clearslime": 7.618742377670413, "NoBorax": 7.618742377670413, "Bloxburg": 7.618742377670413, "W/puppy": 7.618742377670413, "Fashionista": 7.618742377670413, "BarbieandKen": 7.618742377670413, "wraps": 7.618742377670413, "fashionista": 7.618742377670413, "Bloxsburg/Tiffany": 7.618742377670413, "Mayumi": 7.618742377670413, "command": 7.618742377670413, "pt.1-day": 7.618742377670413, "Scar": 7.618742377670413, "slo": 7.618742377670413, "squishies": 7.618742377670413, "snuggles": 7.618742377670413, "cuddles": 7.618742377670413, "penguala": 7.618742377670413, "Hatched": 7.618742377670413, "Pengualas": 7.618742377670413, "SLO": 7.618742377670413, "SQUISHIES": 7.618742377670413, "ORB": 7.618742377670413, "chaos": 6.925595197110468, "billie": 6.925595197110468, "codes": 6.925595197110468, "clear": 6.925595197110468, "\ud83d\ude31\ud83d\ude28": 6.925595197110468, "Imaginext": 6.925595197110468, "napping": 6.925595197110468, "SOFT": 6.925595197110468, "fnaf": 6.520130089002303, "blind": 6.520130089002303, "RC": 6.520130089002303, "center": 6.520130089002303, "\u263a": 6.520130089002303, "D'amelio": 6.2324480165505225, "SAVES": 6.2324480165505225, "soft": 6.2324480165505225, "JUMBO": 6.2324480165505225, "SWEET": 6.2324480165505225, "asmr": 6.009304465236313, "sweet": 6.009304465236313, "Dolls": 6.009304465236313, "'N": 6.009304465236313, "Mrs": 5.826982908442358, "Joseph": 5.826982908442358, "ideas": 5.6728322286151, "color": 5.6728322286151, "kit": 5.6728322286151, "EASTER": 5.6728322286151, "Guard": 5.6728322286151, "Slime": 5.539300835990577, "shop": 5.539300835990577, "book": 5.421517800334194, "SLIME": 5.421517800334194, "Ken": 5.421517800334194, "Lion": 5.421517800334194, "pets": 5.421517800334194, "OWN": 5.316157284676367, "Eilish": 5.316157284676367, "Potato": 5.220847104872043, "ROBLOX": 5.133835727882413, "gift": 5.053793020208877, "SHOP": 5.053793020208877, "boys": 4.910692176568203, "head": 4.846153655430632, "Gang": 4.846153655430632, "summer": 4.785529033614197, "surprise": 4.728370619774249, "under": 4.728370619774249, "Rise": 4.728370619774249, "4": 4.6509503682789095, "Mr.": 4.527699924312097, "n": 4.527699924312097, "Routine": 4.440688547322468, "Testing": 4.399866552802212, "Mobile": 4.360645839648932, "kids": 4.184755173185267, "Having": 4.153006474870687, "REVIEW": 4.153006474870687, "story": 4.092381853054252, "Feat": 4.035223439214303, "BABY": 3.9811562179440276, "Unboxing": 3.9051703109661053, "BY": 3.9051703109661053, "Surprise": 3.857542261976851, "show": 3.8345527437521523, "MORE": 3.768594775960355, "FULL": 3.6869167449460876, "friends": 3.6484504641182913, "live": 3.6297583311061388, "Boy": 3.593390686935264, "MUSIC": 3.558299367123994, "Series": 3.4290876356439877, "New": 3.421318879002965, "Little": 3.2880090373840822, "Friend": 3.1301060079382736, "THE": 3.1239167288835774, "&": 3.1143097211563933, "make": 3.107882871153563, "DAY": 3.096953800621373, "Making": 3.0440313991670305, "new": 2.891354558958073, "Girl": 2.8147213329371565, "VIDEO": 2.774555291211822, "NOT": 2.720902577719502, "THIS": 2.6489290780944126, "or": 2.621530103906298, "DO": 2.512796903769833, "NO": 2.48884366274734, "..": 2.382300414840464, "1": 2.2110245335162126, "by": 2.05422197034772, "IN": 1.9911212639797762, "In": 1.634806096983223, "How": 1.4745567435447675, "for": 1.4470417802594981, ",": 1.3647992836727274, "with": 1.276620958949262, "?": 1.1165320233412248, "and": 1.070523274908041, "(": 1.032486043791529, ")": 1.027553858801142, "to": 0.9217081300039289, "of": 0.900937682646722, "I": 0.8805898830744563, "2": 0.8108074339704873, "the": 0.8063972834929346, "a": 0.7538945996995527}