{"S5": 183.98102578052823, "RTG": 140.00034429626027, "MOBILE": 116.62312589866593, "FIFA": 95.1926442523495, "21": 89.30632418371084, "SHOWOFF": 40.679663860024455, "UCL": 30.282456151625272, "Icon": 27.314483001292686, "Strike": 26.534164231803494, "#": 23.481155029263512, "WEEK": 19.731390149892324, "SQUAD": 19.0922232923429, "HERE": 17.506018918876272, "Harvest": 17.500043037032533, "TOTW": 16.95307836665067, "Calculations": 16.27186554400978, "Chem": 14.88557118288989, "SBC": 14.873636824970834, "Claimed": 14.074640966673561, "Freeze": 12.380045245899154, "Joins": 10.605438855897349, "F2P": 10.491122028217452, "Group": 10.182820668562934, "Glory": 10.182820668562934, "91": 10.08978063729315, "89": 9.915757883313889, "PRIME": 9.680191812001123, "GUIDE": 9.104827667097561, "Fest": 9.050029718721332, "IS": 8.942717811744402, "ELITE": 8.703486276173258, "ICON": 8.447819533153488, "TIP": 8.13593277200489, "CALCULATIONS": 8.13593277200489, "SLOPE": 8.13593277200489, "Retour": 8.13593277200489, "Snowflake": 8.13593277200489, "Canes": 8.13593277200489, "Dembele": 8.13593277200489, "Grealish": 8.13593277200489, "OUTFIELD": 8.13593277200489, "SCHLEGEL": 8.13593277200489, "Lahm": 8.13593277200489, "debacle": 8.13593277200489, "Fraud": 8.13593277200489, "Gundogan": 8.13593277200489, "Autoplay": 8.13593277200489, "objectives": 8.13593277200489, "rubbish": 8.13593277200489, "AUTOPLAY": 8.13593277200489, "|": 7.624998459092943, "Skilled": 7.442785591444945, "SLIPPERY": 7.442785591444945, "Fran\u00e7ais": 7.442785591444945, "GOALKEEPER": 7.442785591444945, "commit": 7.442785591444945, "Easy": 7.410231946323154, "BECKHAM": 7.037320483336781, "Objectives": 7.037320483336781, "ELITES": 7.037320483336781, "HARVEST": 7.037320483336781, "Tournament": 6.8170899065851, "matter": 6.749638410885, "CHECK": 6.52649485957079, "Icons": 6.52649485957079, "POTM": 6.52649485957079, "-": 6.445414772538591, "GET": 6.374345763253444, "Objective": 6.344173302776835, "side": 6.344173302776835, "Steady": 6.344173302776835, "Western": 6.190022622949577, "Italy": 6.056491230325054, "RIVAL": 6.056491230325054, "DIRTY": 6.056491230325054, "&": 6.054469636067289, "Guide": 6.012068114163634, "Event": 5.953754945580723, "SICK": 5.9387081946686715, "FREEZE": 5.9387081946686715, "joins": 5.9387081946686715, "Wednesday": 5.9387081946686715, "Slow": 5.73803749920652, "Solution": 5.73803749920652, "BOXING": 5.65102612221689, "\u2744\ufe0f": 5.65102612221689, "complete": 5.65102612221689, "DIVISION": 5.65102612221689, "French": 5.65102612221689, "TRADING": 5.570983414543353, "Based": 5.570983414543353, "touch": 5.570983414543353, "FEST": 5.570983414543353, "Rest": 5.42788257090268, "Candy": 5.42788257090268, "Progression": 5.42788257090268, "Europe": 5.42788257090268, "WALKTHROUGH": 5.363344049765109, "Cheap": 5.363344049765109, "squad": 5.245561014108726, "Invasion": 5.245561014108726, "MINE": 5.19149379283845, "Star": 5.181510655050656, "PACKED": 5.140200498450899, "MISTAKE": 5.091410334281467, "COINS": 5.044890318646575, "Method": 5.044890318646575, "come": 5.000438556075741, "experience": 4.8400959060005615, "CLUB": 4.803728261829686, "Path": 4.768636942018416, "FOOTBALL": 4.734735390342735, "Le": 4.701945567519744, "Weekend": 4.701945567519744, "96": 4.670196869205164, "hard": 4.670196869205164, "Chase": 4.63942521053841, "Skill": 4.580584710515477, "Son": 4.552413833548781, "Goodbye": 4.498346612278505, "RONALDO": 4.447053317890954, "Quick": 4.422360705300583, "Prime": 4.398263153721522, "90": 4.3072913755157956, "REWARDS": 4.285785170294832, "EA": 4.264731761096999, "Lucky": 4.244112473894264, "Hello": 4.244112473894264, "our": 4.008798386959799, "GOLD": 3.9927980456133576, "Double": 3.9770496886452187, "here": 3.8454733308564992, "Preview": 3.753906137331009, "29": 3.7414836173324515, "28": 3.681585475751383, "DID": 3.6472964022727505, "31": 3.636123101674625, "Does": 3.636123101674625, "27": 3.6033332788516343, "26": 3.5408129218703004, "PACK": 3.5408129218703004, "Max": 3.510959958720619, "YOUR": 3.5012037837752548, "ever": 3.3910006436416404, "Zombie": 3.3652481475392255, "Tutorial": 3.3652481475392255, "DAY": 3.356809278893361, "23": 3.3484410292228444, "Way": 3.331911727271634, "Pass": 3.331911727271634, "Road": 3.3156512063998536, "Master": 3.291745685546299, "25": 3.145500185226154, "Did": 3.0860767647553535, "out": 3.0239449836483474, "CRAZY": 3.017938959588135, "Players": 3.006034057081817, "ARE": 3.0001343349546286, "!": 2.9570999885696643, "TOP": 2.9209970143959048, "18": 2.9155769469265658, "10": 2.892667005651848, "HOW": 2.8836593439582607, "19": 2.8836593439582607, "Free": 2.862933213441144, "5": 2.8516372692734215, "Player": 2.817812778160674, "17": 2.7746406062954656, "30": 2.756035418464431, "OP": 2.7468610421883897, "Will": 2.680611656647189, "16": 2.667872630869759, "22": 2.655293848662899, "INSANE": 2.6065036844934673, "FREE": 2.598598504986354, "FOR": 2.5752511409893626, "14": 2.541221392403051, "24": 2.490485874361653, "15": 2.4321502973486893, "13": 2.4221999664955214, "20": 2.4123476700525095, "Do": 2.292388354973531, "Season": 2.266635858871116, "12": 2.2415299377400397, "11": 2.1931333968781894, "First": 2.0446228899271923, "?": 2.0394000557300394, "Of": 1.9917471378792446, "9": 1.9896035143359931, "2": 1.9793940913199053, "Part": 1.9642321745939753, "It": 1.9233266762533718, "World": 1.8821039604294174, "100": 1.8592892826632461, "Gameplay": 1.8499346774960257, "OF": 1.838823452070955, "n't": 1.8151644777543081, "TO": 1.7780905054967908, "8": 1.7524261371208847, "Is": 1.6902129526193121, "IN": 1.6065139337426653, "7": 1.5949027728149872, "A": 1.5824274357104362, "'s": 1.5351861713870187, "3": 1.5288869535812266, "6": 1.5212071718011297, "To": 1.4550780932146754, "for": 1.4352016624570798, "the": 1.421149769955478, "on": 1.3526075714009305, "New": 1.3324275143965525, "4": 1.0601239080265037, "and": 1.0350808630608404, "The": 0.9403586802863836, "to": 0.8931348492111348, "a": 0.8649242337238984, "I": 0.7931535826730446, "1": 0.7432852512832672, ",": 0.7058186334430898}