{"FORTNITE": 26.528653411681656, "GUYS": 18.946093127680687, "FALL": 18.14341034583208, "LIVE": 17.933610186031522, "T/M": 16.064720295849, "Winst": 16.064720295849, "grinden": 16.064720295849, "NL/BE/EN": 16.064720295849, "PEELY": 16.064720295849, "Nieuwe": 14.823953083698555, "dono": 14.67842593472911, "altijd": 13.867495718512782, "welkom": 13.867495718512782, "Hardcore": 12.48120135739289, "Live": 12.320078220817017, "Minecraft": 11.915751412134242, "Dag": 11.670271141176562, "GOLDEN": 10.073255748741019, "Guys": 9.011999246616679, "Fall": 8.281079699627748, "Stteam": 8.0323601479245, "shiningfates": 8.0323601479245, "elitetrainerbox": 8.0323601479245, "ROBUX": 8.0323601479245, "LIve": 8.0323601479245, "PC/NL": 8.0323601479245, "BHANGRA": 8.0323601479245, "BOOGIE": 8.0323601479245, "sqaud": 8.0323601479245, "DOOMSTER": 8.0323601479245, "FORTNTE": 8.0323601479245, "GRINDING": 8.0323601479245, "WARFRAME": 8.0323601479245, "PARODIE": 8.0323601479245, "ANDERHALF": 8.0323601479245, "vault": 8.0323601479245, "game": 7.655335057067068, "hardcore": 7.339212967364555, "Fornite": 7.339212967364555, "GEGAAN": 7.339212967364555, "pokemon": 7.339212967364555, "Fates": 7.339212967364555, "Kijkers": 7.339212967364555, "PAYPAL": 7.339212967364555, "UNLOCK": 7.339212967364555, "LEAKS": 7.339212967364555, "SHANE": 6.933747859256391, "Shining": 6.933747859256391, "download": 6.933747859256391, "fill": 6.933747859256391, "SUBS": 6.64606578680461, "SELL": 6.64606578680461, "UNLOCKING": 6.64606578680461, "XP": 6.64606578680461, "UPDATE": 6.645659893224333, "Serie": 6.4229222354904, "2K": 6.4229222354904, "VIRUS": 6.4229222354904, "MAP": 6.240600678696445, "Trainer": 6.086449998869187, "Nederlands": 6.086449998869187, "met": 6.083855122291529, "EVER": 6.0702957483207705, "creative": 5.952918606244665, "mysterious": 5.952918606244665, "Dylan": 5.835135570588281, "Spelen": 5.835135570588281, "DOOD": 5.835135570588281, "played": 5.835135570588281, "TIME": 5.735148348001973, "DINGEN": 5.729775054930455, "Elite": 5.393302818309242, "BIJNA": 5.32430994682229, "FIRST": 5.171245552516381, "PUT": 5.141988390028335, "AND": 5.005862120826154, "PLAYING": 4.987837710201077, "online": 4.941317694566185, "EVENT": 4.941317694566185, "Nights": 4.896865931995351, "NAME": 4.896865931995351, "PC": 4.854306317576555, "RARE": 4.854306317576555, "Freddy": 4.774263609903018, "GIVEAWAY": 4.700155637749297, "Among": 4.665064317938026, "TALK": 4.566624245124774, "Pokemon": 4.53585258645802, "free": 4.477012086435087, "Pack": 4.421442235280276, "IF": 4.368798501794854, "him": 4.343480693810564, "MONEY": 4.294690529641132, "EVERY": 4.22569765815418, "TRYING": 4.1822125462144415, "Five": 4.140539849813874, "Win": 4.100534515200175, "SEE": 4.100534515200175, "Met": 4.007008457189351, "Opening": 3.954822704018781, "TO": 3.7465295188651346, "ABOUT": 3.7419007067761094, "(": 3.7239975380738826, ")": 3.649318620985873, "PART": 3.6015433490811866, "Season": 3.5664520292699167, "GAME": 3.5437237781923607, "Box": 3.52150064140765, "GET": 3.4073873346402292, "MET": 3.341012265695357, "Us": 3.3318797821320842, "FROM": 3.2448684051424546, "Special": 3.1345203479735892, "5": 3.126219662257456, "video": 2.754245488693983, "NO": 2.699641354659131, "1": 2.4733087455019724, "?": 2.385329326290608, "your": 2.3833859097632946, "ON": 2.3386280091218006, "FOR": 2.3219331305496307, "7": 2.185921372866776, "shorts": 2.097465952304913, "NEW": 2.086939539317925, "MY": 2.040895600816518, "#": 2.0350915932979112, "!": 2.016781291357716, "We": 1.9944892280023627, "+": 1.9365355854922757, "10": 1.7920843027537308, "at": 1.6832211565447024, "THE": 1.5787351490318087, "How": 1.5265760877962717, "is": 1.4216641032067412, "on": 1.3990417146441236, "3": 1.2918407883182772, "for": 1.2377735670480012, ".": 1.140734250872247, ":": 1.086346156825273, "I": 1.0229512152158635, "and": 1.0103837248523406, "to": 0.9151546447601561, "a": 0.8903235732176977, "the": 0.8855879684718633, "in": 0.8684134635819533, "-": 0.6354115453034865}