{"TDS": 162.71865544009782, "ROBLOX": 90.82760751572351, "..": 46.42146955995067, "|": 27.23213735390337, "i": 25.766398920970296, "Defense": 22.491733061392523, "Tower": 22.448901703994707, "towers": 14.88557118288989, "ADMIN": 11.47607499841304, "tower": 11.30205224443378, "Engineer": 10.993750884779264, "TOWERS": 10.726688099530218, "Update": 10.166870886956607, "used": 8.944742251750489, "defense": 8.13593277200489, "Accelerator": 8.13593277200489, "spawning": 8.13593277200489, "spamming": 8.13593277200489, "Sledger": 8.13593277200489, "creators": 8.13593277200489, "CLICKBAITED": 8.13593277200489, "win": 7.718533305977671, "Mcdonalds": 7.442785591444945, "fools": 7.442785591444945, "UDPATE": 7.442785591444945, "furry": 7.442785591444945, "powers": 7.442785591444945, "Easter": 7.143169161074108, "now": 7.061525172033598, "pay": 6.344173302776835, "trolled": 6.344173302776835, "removed": 6.190022622949577, "FURRY": 6.190022622949577, "spawn": 6.190022622949577, "GEMS": 5.9387081946686715, "X": 5.809648310300608, "Juggernaut": 5.73803749920652, "star": 5.73803749920652, "got": 5.577650482574843, "bought": 5.19149379283845, "Pixel": 5.044890318646575, "Simulator": 5.031063812575481, "weird": 5.000438556075741, "give": 5.000438556075741, "WEIRDEST": 4.957878941656944, "game": 4.8378101411973375, "from": 4.75406199625522, "HACKED": 4.734735390342735, "UNLIMITED": 4.734735390342735, "Towers": 4.701945567519744, "TOWER": 4.670196869205164, "love": 4.670196869205164, "me": 4.573215984116063, "IRL": 4.552413833548781, "HARDCORE": 4.552413833548781, "to": 4.465674246055674, "WON": 4.422360705300583, "GOLDEN": 4.329270282234571, "Beating": 4.3072913755157956, "XBOX": 4.264731761096999, "house": 4.264731761096999, "BACKROOMS": 4.165640858452769, "Work": 4.146948725440616, "April": 4.146948725440616, "went": 4.110581081269741, "op": 4.110581081269741, "players": 4.0754897614584715, "BANNED": 4.058395328099171, "BROKE": 4.008798386959799, "it": 3.9076957305765174, "found": 3.8874375299555313, "WAY": 3.8454733308564992, "bad": 3.7921273501512065, "Hardcore": 3.753906137331009, "am": 3.7414836173324515, "BAD": 3.636123101674625, "played": 3.561221793501508, "a": 3.4596969348955935, "is": 3.4315090337670076, "PLAY": 3.3401422264081493, "Event": 2.9768774727903615, "MORE": 2.965448776966739, "we": 2.9374357407390645, "1000": 2.9209970143959048, "Boss": 2.837615405456854, "OP": 2.7468610421883897, "NEW": 2.723417771294552, "with": 2.7120217290652766, "NOT": 2.6025432832773703, "DO": 2.598598504986354, "was": 2.571412364682197, "UPDATE": 2.548684113604641, "LIVE": 2.504720990183525, "NO": 2.2894939969471664, "by": 2.2894939969471664, "the": 2.131724654933217, ",": 2.1174559003292694, "in": 1.9885910519180792, "this": 1.941527380900218, "VS": 1.941527380900218, "BEST": 1.899563181801186, "I": 1.5863071653460892, "?": 1.5295500417975294, ".": 1.4792062478264987, "Game": 1.3778382675771597, "on": 1.3526075714009305, "...": 0.9681235876884466, "(": 0.8036229373531708, ")": 0.8036229373531708, "The": 0.4701793401431918}