{"Mompirri": 38.09371188835207, "del": 27.193877379954454, "final": 26.89948897044758, "El": 15.880455605900485, "MOMPIRRI": 15.237484755340827, "mompirri": 15.237484755340827, "6:30pm": 15.237484755340827, "hoy": 13.040260178004607, "FINAL": 11.060750234838263, "La": 11.004831708859324, "de": 10.607870761886058, "el": 9.458502777047489, "Promo": 8.881377094644936, "Cuando": 8.645811023332168, "la": 8.185179748345979, "DEL": 7.624159775800187, "Hierbas": 7.618742377670413, "poderosas": 7.618742377670413, "Detras": 7.618742377670413, "saga": 7.618742377670413, "chiquita": 7.618742377670413, "\ud83d\udcfd": 7.618742377670413, "pedir": 7.618742377670413, "valiente": 7.618742377670413, "asust\u00e9": 7.618742377670413, "Escenas": 7.618742377670413, "acci\u00f3n": 7.618742377670413, "dobles": 7.618742377670413, "cafecito": 7.618742377670413, "Noooo": 7.618742377670413, "niegues": 7.618742377670413, "har\u00edas": 7.618742377670413, "infierno": 7.618742377670413, "pierdas\u00a1": 7.618742377670413, "3ERA": 7.618742377670413, "Mompiri": 7.618742377670413, "6:30PM": 7.618742377670413, "snoopy": 7.618742377670413, "jaque": 7.618742377670413, "rescate": 7.618742377670413, "estreno": 7.618742377670413, "Agapito": 7.618742377670413, "Jarameo": 7.618742377670413, "veo": 7.618742377670413, "botando": 7.618742377670413, "Gladys": 7.618742377670413, "Molina": 7.618742377670413, "pato": 7.618742377670413, "Marat\u00f3n": 7.618742377670413, "\ud83d\ude05\ud83d\udc59": 7.618742377670413, "Enfocado": 7.618742377670413, "Parale": 7.618742377670413, "tragar": 7.618742377670413, "\ud83c\udf54\ud83c\udf55": 7.618742377670413, "confiable": 7.618742377670413, "al": 7.2595166622122775, "te": 7.048795630896625, "No": 7.0218831553196885, "pierdas": 6.925595197110468, "basura": 6.925595197110468, "JR": 6.925595197110468, "Final": 6.769271746146308, "EL": 6.684152517308716, "PEL\u00cdCULA": 6.520130089002303, "viaje": 6.520130089002303, "gym": 6.520130089002303, "vendo": 6.520130089002303, "vieja": 6.520130089002303, "eso": 6.2324480165505225, "\u2615\ufe0f": 6.2324480165505225, "tambi\u00e9n": 6.2324480165505225, "llega": 6.2324480165505225, "CAP\u00cdTULO": 6.2324480165505225, "P\u00e9rez": 6.2324480165505225, "D\u00edaz": 6.2324480165505225, "secreto": 6.2324480165505225, "llamada": 6.2324480165505225, "f\u00e1cil": 6.2324480165505225, "c\u00e1mara": 6.009304465236313, "tienes": 6.009304465236313, "puedes": 6.009304465236313, "Pero": 6.009304465236313, "puede": 6.009304465236313, "Cap\u00edtulo": 6.009304465236313, "\u00a1No": 6.009304465236313, "segunda": 6.009304465236313, "Comedia": 6.009304465236313, "Hoy": 5.826982908442358, "alguien": 5.826982908442358, "Est\u00e1": 5.826982908442358, "historia": 5.539300835990577, "gran": 5.539300835990577, "en": 5.229592143449908, "fin": 5.220847104872043, "Juan": 5.133835727882413, "sin": 4.846153655430632, "hay": 4.785529033614197, "As\u00ed": 4.674303398503973, "muy": 4.623010104116422, "PARTE": 4.574219939946991, "-": 4.5628477515882455, "parte": 4.527699924312097, "Como": 4.483248161741264, "Te": 4.440688547322468, "tu": 3.929862923556477, "su": 3.929862923556477, "lo": 3.881072759387045, "Mi": 3.790100981181318, "Le": 3.558299367123994, "ft": 3.249294525203392, "y": 3.107882871153563, "un": 3.107882871153563, "se": 3.013572191682322, "que": 2.865152186564049, "LA": 2.7283932494486596, "no": 2.6283097908916773, "me": 2.0277553971595568, ":": 1.833564023335746, "a": 1.5077891993991055, "?": 0.5582660116706124}