{"\u0e21\u0e34.\u0e22": 93.67095967209174, "\u0e44\u0e21\u0e04\u0e4c\u0e04\u0e39\u0e48": 88.56825512526149, "\u0e44\u0e21\u0e48\u0e23\u0e39\u0e49\u0e43\u0e04\u0e23": 88.56825512526149, "65": 73.37477846467563, "\u0e01\u0e31\u0e1a": 41.80552610613482, "]": 33.910629910303086, "[": 33.86824577955785, "Ft.": 29.062551592362844, "\u0e1d\u0e19": 24.154978670525857, "Johjai": 24.154978670525857, "Perspective": 23.417739918022935, ".": 19.377808440852267, "\u0e40\u0e08\u0e32\u0e30\u0e43\u0e08LIFE": 16.103319113683906, "\u0e14\u0e23.\u0e23\u0e1e\u0e35\u0e23\u0e31\u0e10": 16.103319113683906, "\u0e18\u0e31\u0e0d\u0e27\u0e31\u0e12\u0e19\u0e4c\u0e1e\u0e23\u0e01\u0e38\u0e25": 16.103319113683906, "Sommelier": 16.103319113683906, "SPOT\u0e40\u0e08\u0e32\u0e30\u0e43\u0e08": 16.103319113683906, "\u0e44\u0e21\u0e04\u0e4c\u0e04\u0e39\u0e48\u0e44\u0e21\u0e48\u0e23\u0e39\u0e49\u0e43\u0e04\u0e23": 16.103319113683906, "\u0e19\u0e31\u0e01\u0e23\u0e49\u0e2d\u0e07\u0e40\u0e0b\u0e2d\u0e23\u0e4c\u0e44\u0e1e\u0e23\u0e2a\u0e4c\u0e44\u0e21\u0e04\u0e4c\u0e04\u0e39\u0e48": 16.103319113683906, "\u0e40\u0e17\u0e48\u0e2b\u0e4c": 16.103319113683906, "\u0e2d\u0e38\u0e40\u0e17\u0e19": 16.103319113683906, "\u0e40\u0e08\u0e32\u0e30\u0e43\u0e08": 16.103319113683906, "\u0e04\u0e2d\u0e25\u0e31\u0e21\u0e19\u0e34\u0e2a\u0e15\u0e4c": 16.103319113683906, "\u0e14\u0e23.\u0e2d\u0e38\u0e29\u0e13\u0e35\u0e22\u0e4c": 16.103319113683906, "\u0e21\u0e2b\u0e32\u0e01\u0e34\u0e08\u0e28\u0e34\u0e23\u0e34": 16.103319113683906, "\u0e01\u0e31\u0e1a\u0e01\u0e32\u0e23\u0e1e\u0e32\u0e2d\u0e07\u0e04\u0e4c\u0e01\u0e23\u0e1d\u0e48\u0e32\u0e27\u0e34\u0e01\u0e24\u0e15": 16.103319113683906, "\u0e2d\u0e32\u0e22": 16.103319113683906, "\u0e1e\u0e0d.\u0e2a\u0e38\u0e19\u0e34\u0e2a\u0e32": 16.103319113683906, "\u0e40\u0e2d\u0e01\u0e0a\u0e31\u0e22": 16.103319113683906, "\u0e28\u0e23\u0e35\u0e27\u0e34\u0e0a\u0e31\u0e22": 16.103319113683906, "\u0e18\u0e19\u0e2a\u0e38\u0e19\u0e17\u0e23": 16.103319113683906, "``": 15.9488990126979, "''": 15.886300999212835, "\u0e08\u0e34\u0e4a\u0e1a": 14.717024752564017, "\u0e27\u0e2a\u0e38": 14.717024752564017, "Hack": 14.49835119592126, "Health": 14.15836514000025, "Krispy": 13.906094536347688, "Kreme": 13.906094536347688, "SPOT": 12.519800175227797, "|": 12.41800700174208, "HACKS": 9.832330681825608, "12": 8.099404270097661, "EP.53": 8.051659556841953, "\u0e04\u0e33\u0e16\u0e32\u0e21\u0e22\u0e2d\u0e14\u0e2e\u0e34\u0e15\u0e02\u0e2d\u0e07\u0e21\u0e19\u0e38\u0e29\u0e22\u0e4c\u0e40\u0e07\u0e34\u0e19\u0e40\u0e14\u0e37\u0e2d\u0e19": 8.051659556841953, "\u0e40\u0e08\u0e32\u0e30\u0e43\u0e08\u0e43\u0e19\u0e2d\u0e14\u0e35\u0e15": 8.051659556841953, "\u0e14\u0e39\u0e4b": 8.051659556841953, "-\u0e2a\u0e31\u0e0d\u0e0d\u0e32": 8.051659556841953, "\u0e20\u0e23\u0e23\u0e22\u0e32": 8.051659556841953, "\u0e41\u0e25\u0e30\u0e04\u0e23\u0e2d\u0e1a\u0e04\u0e23\u0e31\u0e27": 8.051659556841953, "\u0e04\u0e38\u0e13\u0e32\u0e01\u0e23": 8.051659556841953, "\u0e0d\u0e32\u0e13\u0e27\u0e38\u0e12\u0e34": 8.051659556841953, "\u0e08\u0e23\u0e23\u0e2b\u0e32\u0e0d": 8.051659556841953, "\u0e04\u0e23\u0e35\u0e40\u0e2d\u0e40\u0e15\u0e2d\u0e23\u0e4c\u0e40\u0e08\u0e49\u0e32\u0e02\u0e2d\u0e07\u0e40\u0e1e\u0e08\u0e1e\u0e35\u0e48\u0e40\u0e2d\u0e47\u0e147\u0e27\u0e34": 8.051659556841953, "\u0e21\u0e37\u0e2d\u0e43\u0e2b\u0e21\u0e48\u0e27\u0e31\u0e22\u0e40\u0e01\u0e4b\u0e32": 8.051659556841953, "\u0e01\u0e32\u0e23\u0e43\u0e0a\u0e49\u0e07\u0e32\u0e19\u0e2d\u0e34\u0e19\u0e40\u0e17\u0e2d\u0e23\u0e4c\u0e40\u0e19\u0e47\u0e15\u0e1a\u0e19\u0e2a\u0e21\u0e32\u0e23\u0e4c\u0e15\u0e42\u0e1f\u0e19": 8.051659556841953, "\u0e41\u0e25\u0e30\u0e01\u0e32\u0e23\u0e2a\u0e21\u0e31\u0e04\u0e23\u0e2d\u0e35\u0e40\u0e21\u0e25\u0e1c\u0e48\u0e32\u0e19\u0e2a\u0e21\u0e32\u0e23\u0e4c\u0e15\u0e42\u0e1f\u0e19\u0e14\u0e49\u0e27\u0e22": 8.051659556841953, "\u0e40\u0e04\u0e25\u0e47\u0e14\u0e25\u0e31\u0e1a\u0e01\u0e32\u0e23\u0e17\u0e33\u0e19\u0e49\u0e33\u0e14\u0e48\u0e32\u0e07\u0e08\u0e32\u0e01": 8.051659556841953, "\u0e04\u0e19\u0e41\u0e23\u0e01\u0e02\u0e2d\u0e07\u0e44\u0e17\u0e22": 8.051659556841953, "\u0e40\u0e08\u0e32\u0e30\u0e0a\u0e35\u0e27\u0e34\u0e15\u0e41\u0e25\u0e30\u0e1a\u0e17\u0e1a\u0e32\u0e17\u0e43\u0e2b\u0e21\u0e48\u0e02\u0e2d\u0e07": 8.051659556841953, "\u0e40\u0e1b\u0e34\u0e49\u0e25": 8.051659556841953, "\u0e19\u0e32\u0e04\u0e23": 8.051659556841953, "\u0e41\u0e25\u0e30\u0e01\u0e32\u0e23\u0e14\u0e39\u0e41\u0e25\u0e2a\u0e38\u0e02\u0e20\u0e32\u0e1e\u0e01\u0e32\u0e22\u0e41\u0e25\u0e30\u0e43\u0e08\u0e43\u0e19\u0e27\u0e31\u0e22": 8.051659556841953, "\u0e19\u0e31\u0e01\u0e0a\u0e34\u0e21\u0e19\u0e49\u0e33": 8.051659556841953, "\u0e1a\u0e32\u0e17/\u0e0a\u0e31\u0e48\u0e27\u0e42\u0e21\u0e07": 8.051659556841953, "\u0e17\u0e35\u0e48\u0e43\u0e04\u0e23": 8.051659556841953, "\u0e01\u0e47\u0e40\u0e23\u0e35\u0e22\u0e01\u0e44\u0e1b\u0e0a\u0e34\u0e21": 8.051659556841953, "\u0e21\u0e19\u0e38\u0e29\u0e22\u0e4c\u0e04\u0e49\u0e32\u0e07\u0e04\u0e32\u0e27": 8.051659556841953, "\u0e2a\u0e21\u0e08\u0e34\u0e15\u0e23": 8.051659556841953, "\u0e08\u0e07\u0e08\u0e2d\u0e2b\u0e2d": 8.051659556841953, "\u0e44\u0e2d\u0e49\u0e2b\u0e19\u0e38\u0e48\u0e21\u0e1c\u0e21\u0e22\u0e32\u0e27": 8.051659556841953, "\u0e2d\u0e49\u0e19": 8.051659556841953, "\u0e13\u0e28\u0e23\u0e31\u0e19\u0e22\u0e4c": 8.051659556841953, "\u0e44\u0e21\u0e48\u0e21\u0e35\u0e02\u0e49\u0e2d\u0e41\u0e21\u0e49\u0e15\u0e31\u0e49\u0e07\u0e41\u0e15\u0e48\u0e40\u0e23\u0e34\u0e48\u0e21\u0e15\u0e49\u0e19": 8.051659556841953, "\u0e01\u0e49\u0e32\u0e19\u0e15\u0e2d\u0e07": 8.051659556841953, "\u0e17\u0e38\u0e48\u0e07\u0e40\u0e07\u0e34\u0e19": 8.051659556841953, "\u0e2b\u0e31\u0e27\u0e43\u0e08\u0e21\u0e31\u0e01\u0e07\u0e48\u0e32\u0e22": 8.051659556841953, "\u0e28\u0e34\u0e27\u0e1e\u0e07\u0e28\u0e4c": 8.051659556841953, "\u0e1a\u0e38\u0e0d\u0e2a\u0e32\u0e25\u0e35": 8.051659556841953, "\u0e01\u0e49\u0e32\u0e27\u0e2a\u0e33\u0e04\u0e31\u0e0d\u0e08\u0e32\u0e01\u0e28\u0e31\u0e01\u0e14\u0e34\u0e4c\u0e2a\u0e22\u0e32\u0e21\u0e40\u0e1e\u0e37\u0e48\u0e2d\u0e40\u0e01\u0e29\u0e15\u0e23\u0e01\u0e23\u0e44\u0e17\u0e22": 8.051659556841953, "\u0e40\u0e08\u0e32\u0e30\u0e43\u0e08EP.24": 8.051659556841953, "\u0e40\u0e08\u0e49\u0e32\u0e41\u0e21\u0e48": 8.051659556841953, "\u0e19\u0e31\u0e01\u0e21\u0e27\u0e22": 8.051659556841953, "\u0e19\u0e31\u0e01\u0e41\u0e2a\u0e14\u0e07": 8.051659556841953, "\u0e1b\u0e30\u0e17\u0e30\u0e01\u0e31\u0e19": 8.051659556841953, "\u0e04\u0e27\u0e32\u0e21\u0e21\u0e31\u0e19\u0e2a\u0e4c\u0e08\u0e36\u0e07\u0e1a\u0e31\u0e07\u0e40\u0e01\u0e34\u0e14": 8.051659556841953, "\u0e23\u0e49\u0e2d\u0e07\u0e40\u0e1e\u0e25\u0e07\u0e0a\u0e49\u0e32": 8.051659556841953, "\u0e41\u0e15\u0e48\u0e25\u0e35\u0e25\u0e32\u0e08\u0e31\u0e14\u0e40\u0e15\u0e47\u0e21": 8.051659556841953, "\u0e44\u0e04\u0e42\u0e15\u0e0b\u0e32": 8.051659556841953, "\u0e0a\u0e48\u0e27\u0e22\u0e25\u0e14\u0e19\u0e49\u0e33\u0e2b\u0e19\u0e31\u0e01\u0e44\u0e14\u0e49\u0e08\u0e23\u0e34\u0e07\u0e2b\u0e23\u0e37\u0e2d": 8.051659556841953, "\u0e28\u0e38\u0e20\u0e40\u0e25\u0e34\u0e28\u0e21\u0e07\u0e04\u0e25\u0e0a\u0e31\u0e22": 8.051659556841953, "\u0e2a\u0e31\u0e1b\u0e14\u0e32\u0e2b\u0e4c\u0e19\u0e35\u0e49": 8.051659556841953, "\u0e1f\u0e31\u0e07\u0e40\u0e1e\u0e25\u0e07\u0e40\u0e1e\u0e23\u0e32\u0e30\u0e08\u0e32\u0e01\u0e02\u0e27\u0e31\u0e0d\u0e43\u0e08\u0e27\u0e31\u0e22\u0e23\u0e38\u0e48\u0e19\u0e22\u0e38\u0e04": 8.051659556841953, "\u0e2a\u0e34\u0e48\u0e07\u0e17\u0e35\u0e48\u0e04\u0e19\u0e17\u0e33\u0e07\u0e32\u0e19\u0e04\u0e27\u0e23\u0e23\u0e30\u0e27\u0e31\u0e07\u0e43\u0e19\u0e42\u0e25\u0e01\u0e42\u0e0b\u0e40\u0e0a\u0e35\u0e22\u0e25": 8.051659556841953, "\u0e17\u0e32\u0e19\u0e2d\u0e32\u0e2b\u0e32\u0e23\u0e0b\u0e49\u0e33\u0e46\u0e21\u0e35\u0e02\u0e49\u0e2d\u0e40\u0e2a\u0e35\u0e22\u0e2b\u0e23\u0e37\u0e2d\u0e44\u0e21\u0e48": 8.051659556841953, "\u0e28\u0e38\u0e20\u0e40\u0e25\u0e34\u0e28\u0e21\u0e07\u0e04\u0e07\u0e0a\u0e31\u0e22": 8.051659556841953, "\u0e1b\u0e2d": 8.051659556841953, "\u0e27\u0e23\u0e08\u0e23\u0e23\u0e22\u0e4c": 8.051659556841953,