{"\u0625\u0644\u0649": 20.776785591331404, "\u0639\u0644\u0649": 18.434583724730437, "\u0644\u0645\u062c\u0631\u062f": 15.237484755340827, "\u0644\u0627": 13.322065641967404, "\u0641\u0636\u064a\u062d\u0629": 13.040260178004607, "\u0627\u0644\u0636\u062d\u0643": 12.464896033101045, "\u0645\u0627\u0630\u0627": 12.464896033101045, "\u0641\u064a": 10.379577882932224, "\u0628\u0639\u062f": 8.369510346370534, "\u0627\u0644\u0645\u062f\u064a\u0631": 7.618742377670413, "\u0623\u0631\u0633\u0644": 7.618742377670413, "\u0645\u062a\u062f\u0631\u0628\u0627": 7.618742377670413, "\u0644\u0647\u0630\u0647": 7.618742377670413, "\u064a\u0637\u0648\u0641": 7.618742377670413, "\u0633\u0644\u0627\u0645\u0629": 7.618742377670413, "\u0627\u0644\u0645\u0637\u0627\u0631\u0627\u062a": 7.618742377670413, "\u0648\u0633\u0627\u0626\u0644": 7.618742377670413, "\u0627\u0644\u0625\u0639\u0644\u0627\u0645": 7.618742377670413, "\u0627\u0644\u0625\u062c\u062a\u0645\u0627\u0639\u064a\u0629": 7.618742377670413, "\u0628\u0639\u064a\u062f\u0627": 7.618742377670413, "\u062a\u0646\u0638\u0631": 7.618742377670413, "\u0623\u0633\u0627\u062a\u0630\u0629": 7.618742377670413, "\u064a\u062a\u062c\u0627\u0648\u0632\u0648\u0646": 7.618742377670413, "\u062a\u0635\u0639\u062f": 7.618742377670413, "\u0647\u0646\u0627\u0643": 7.618742377670413, "\u0645\u0642\u0632\u0632": 7.618742377670413, "\u064a\u0642\u0648\u0644\u0648\u0646": 7.618742377670413, "\u0630\u0644\u0643": 7.618742377670413, "\u0643\u0627\u0631\u062b\u064a": 7.618742377670413, "\u0643\u0639\u0643\u0629": 7.618742377670413, "\u0645\u0643\u062a\u0628": 7.618742377670413, "\u062e\u0631\u0627\u0628": 7.618742377670413, "\u0634\u0628\u062d": 7.618742377670413, "\u064a\u0638\u0647\u0631": 7.618742377670413, "\u0627\u0644\u0643\u0627\u0645\u064a\u0631\u0627": 7.618742377670413, "\u0645\u0632\u0631\u0639\u0629": 7.618742377670413, "\u0645\u062d\u0644\u064a\u0629": 7.618742377670413, "\u064a\u0633\u064a\u0621": 7.618742377670413, "\u0645\u0639\u0627\u0645\u0644\u0629": 7.618742377670413, "\u062c\u062f\u062a\u064a": 7.618742377670413, "\u062a\u063a\u0636\u0628": 7.618742377670413, "\u0627\u0644\u0627\u0635\u0627\u0628\u0627\u062a": 7.618742377670413, "\u0625\u064a\u0644\u0627\u0645\u0627": 7.618742377670413, "\u0648\u062c\u062f\u062a": 7.618742377670413, "\u0627\u062a\u0635\u0644": 7.618742377670413, "\u062a\u0644\u0643": 7.618742377670413, "\u0627\u0644\u0633\u0646\u0648\u0627\u062a": 7.618742377670413, "\u0627\u0644\u0642\u0631\u0634": 7.618742377670413, "\u0627\u0644\u0623\u0631\u0635\u0641\u0629": 7.618742377670413, "\u0627\u0644\u0639\u062b\u0648\u0631": 7.618742377670413, "\u062c\u0647\u0627\u0632": 7.618742377670413, "\u062a\u0633\u062c\u064a\u0644": 7.618742377670413, "\u0623\u0635\u0639\u0628": 7.618742377670413, "\u062a\u062c\u0631\u0649": 7.618742377670413, "\u0627\u0644\u0625\u0637\u0644\u0627\u0642": 7.618742377670413, "\u0647\u0648\u0644\u0643": 7.618742377670413, "\u062e\u0627\u0636\u0648\u0627": 7.618742377670413, "\u0643\u0627\u0628\u0648\u0633": 7.618742377670413, "\u0628\u0642\u0627\u0644\u0629": 7.618742377670413, "\u0645\u0647\u0632\u0644\u0629": 7.618742377670413, "\u0645\u0648\u0646\u062a\u0631\u064a\u0627\u0644": 7.618742377670413, "\u0641\u0639\u0644\u062a": 7.618742377670413, "\u0639\u0627\u0631\u0636\u0629": 7.618742377670413, "\u0628\u064a\u0643\u064a\u0646\u064a": 7.618742377670413, "\u0627\u0644\u0632\u0648\u062c": 6.925595197110468, "\u0627\u0644\u062d\u062f\u0648\u062f": 6.925595197110468, "\u062a\u062f\u062e\u0644": 6.925595197110468, "\u0627\u0644\u0647\u0627\u062a\u0641": 6.925595197110468, "\u0645\u0639\u0644\u0645": 6.925595197110468, "\u0637\u0627\u0626\u0631\u0629": 6.925595197110468, "\u0647\u062c\u0648\u0645": 6.925595197110468, "\u0644\u0642\u062f": 6.925595197110468, "\u0645\u0639\u0631\u0643\u0629": 6.925595197110468, "\u0623\u0632\u064a\u0627\u0621": 6.925595197110468, "\u062a\u0630\u0647\u0628": 6.520130089002303, "\u0627\u0644\u062a\u0627\u0631\u064a\u062e": 6.520130089002303, "\u0648\u0644\u0627\u062f\u0629": 6.520130089002303, "\u062d\u0627\u062f\u062b": 6.520130089002303, "\u062a\u0645": 6.520130089002303, "\u0645\u0642\u0627\u0628\u0644\u0629": 6.520130089002303, "\u0632\u0648\u062c\u062a\u0647": 6.2324480165505225, "\u0644\u0645\u0627\u0630\u0627": 6.2324480165505225, "\u0632\u0648\u0627\u062c": 6.2324480165505225, "\u0627\u0644\u0623\u0637\u0641\u0627\u0644": 6.2324480165505225, "\u0642\u0627\u0644": 6.2324480165505225, "\u0623\u0643\u062b\u0631": 6.009304465236313, "\u0633\u0646\u0648\u0627\u062a": 6.009304465236313, "\u0627\u0644\u0633\u064a\u0627\u0631\u0629": 5.826982908442358, "\u0637\u0641\u0644": 5.6728322286151, "\u0643\u0628\u064a\u0631\u0629": 5.6728322286151, "\u0627\u0644\u0635\u063a\u064a\u0631": 5.421517800334194, "\u0643\u0644": 4.217544996008258, "|": 1.8934188644186924}