{"African": 48.09248420165769, "When": 40.741248334553454, ".": 31.488938716384933, "roadman": 22.075537128846026, "Parents": 21.115090801764293, "that": 16.764985108885032, "friend": 15.76314277067457, "your": 15.015500831680402, "Household": 14.717024752564017, "That": 14.479829325049248, "guy": 14.053091180566437, "whilst": 13.330730391444126, "football": 12.21149881557328, "you": 12.068429073387236, "an": 11.995851882866514, "order": 11.944436030324235, "Parent": 11.498148927695816, "drive": 11.307528568087166, "don": 9.832330681825608, "one": 9.792503442179722, "money": 9.050598064451584, "getting": 8.828146794231136, "t": 8.576108117855231, "wrong": 8.534939845847385, "food": 8.40302391026379, "a": 8.301258071213226, "goes": 8.162735286579663, "betting": 8.051659556841953, "fraudster": 8.051659556841953, "circumstances": 8.051659556841953, "ridiculously": 8.051659556841953, "terrorises": 8.051659556841953, "sarcastic": 8.051659556841953, "exaggerate": 8.051659556841953, "bathe": 8.051659556841953, "unannounced": 8.051659556841953, "bipolar": 8.051659556841953, "approve": 8.051659556841953, "thirsty": 8.051659556841953, "crackheads": 8.051659556841953, "way2sexy": 8.051659556841953, "PLAQUE": 8.051659556841953, "at": 8.045596951868774, "being": 8.017216578014807, "gamblers": 7.358512376282008, "resist": 7.358512376282008, "rough": 7.358512376282008, "taught": 7.358512376282008, "like\u2026": 7.358512376282008, "dealer": 7.358512376282008, "overly": 7.358512376282008, "annoying": 7.358512376282008, "lovers": 7.358512376282008, "robbed": 7.358512376282008, "guests": 7.358512376282008, "petrol": 7.358512376282008, "\u2019": 7.293075113497584, "university": 6.953047268173844, "potential": 6.953047268173844, "sibling": 6.953047268173844, "force": 6.953047268173844, "roadmen": 6.953047268173844, "younger": 6.665365195722063, "former": 6.665365195722063, "officer": 6.665365195722063, "Jamaican": 6.665365195722063, "how": 6.462755982473833, "has": 6.4466916390793045, "evening": 6.442221644407853, "drug": 6.442221644407853, "moves": 6.442221644407853, "undercover": 6.442221644407853, "pulls": 6.442221644407853, "Hosted": 6.442221644407853, "it": 6.334464912364567, "over": 6.263357262027657, "hood": 6.259900087613898, "session": 6.259900087613898, "FLAT": 6.259900087613898, "trial": 6.259900087613898, "no": 6.149851628842758, "arrested": 6.10574940778664, "filter": 5.972218015162118, "finish": 5.972218015162118, "OPENED": 5.972218015162118, "thinks": 5.854434979505734, "100K": 5.854434979505734, "shop": 5.749074463847908, "lose": 5.566752907053953, "well": 5.412602227226695, "training": 5.343609355739743, "comes": 5.218446212785738, "MOVE": 5.161287798945789, "girlfriend": 5.1072205776755135, "turns": 5.1072205776755135, "police": 5.0559272832879625, "for": 4.970481003195896, "meet": 4.960617103483638, "change": 4.960617103483638, "MY": 4.884375523313988, "broke": 4.873605726494008, "worst": 4.755822690837625, "parents": 4.7194550466667495, "having": 4.7194550466667495, "put": 4.585923654042227, "eating": 4.555151995375473, "there": 4.414073397115568, "doing": 4.414073397115568, "update": 4.338087490137646, "INTO": 4.313989938558585, "re": 4.201511955131895, "Them": 4.201511955131895, "Anniversary": 4.180458545934062, "party": 4.180458545934062, "girl": 4.100415838260526, "Shop": 4.081367643289831, "never": 4.081367643289831, "by": 4.032356248634395, "some": 4.026307866106804, "house": 3.9912165462955342, "Squid": 3.9085248304504208, "had": 3.892776473482282, "to": 3.8630323699053704, "school": 3.788979679800638, "home": 3.7612001156935624, "car": 3.6949507301523616, "show": 3.6572104021695147, "Getting": 3.597312260588446, "their": 3.5857514381873696, "she": 3.574322742363747, "when": 3.5408000503251036, "after": 3.5083647745719495, "life": 3.4464893708538624, "kids": 3.407268657700581, "back": 3.378830722380047, "Games": 3.324271738129613, "first": 3.2894856220441975, "can": 3.2809749323762887, "UK": 3.2641678140599075, "the": 3.2154679002964297, "FIRST": 3.176462233640802, "YouTube": 3.1688576342555828, "How": 3.155537720979358, "time": 3.081846257265953, "If": 3.0147069544283243, "Year": 3.008234439922707, "into": 2.8926042576274247, "be": 2.8587027059517434, "up": 2.809912541782311, "\u201d": 2.7993861287953234, "\u201c": 2.788969367937068, "is": 2.769405528825494, "are": 2.648982174969674, "do": 2.5835994157068223, "on": 2.5276291490647482, "in": 2.4894711946605135, "NEW": 2.2959173432550415, "I": 2.165618357000011, "s": 1.8410594798173006, "In": 1.4436589315458666, "1": 1.2132543559946098, "with": 1.1419062751971434, "of": 0.8970441999282907, "!": 0.8511535975391459, "(": 0.6577812667341976, ")": 0.656552010279468, "The": 0.6103391671243364}