{"Mirrored": 192.64866803419554, "Practice": 151.05983720059882, "Dance": 133.21862396819805, "ENHYPEN": 23.423749886779227, "NCT": 23.423749886779227, "(": 23.205860970327162, ")": 22.578113567599704, "127": 19.26486680341955, "-": 17.395290353503004, "'": 16.588861240022492, "STAYC": 15.615833257852817, "\uc2a4\ud14c\uc774\uc528": 15.615833257852817, "\u2013": 14.534117436123086, "SEVENTEEN": 14.229538896732926, "TXT": 13.418608680516597, "P1Harmony": 13.418608680516597, "TWICE": 12.843244535613035, "SSERAFIM": 7.807916628926408, "FEARLESS": 7.807916628926408, "AleXa": 7.807916628926408, "'TATTOO": 7.807916628926408, "MOMOLAND": 7.807916628926408, "NATTI": 7.807916628926408, "'Yummy": 7.807916628926408, "Blessed-Cursed": 7.807916628926408, "'Catch": 7.807916628926408, "'ELEVEN": 7.807916628926408, "WJSN": 7.807916628926408, "CHOCOME": 7.807916628926408, "'Super": 7.807916628926408, "Yuppers": 7.807916628926408, "Kep1er": 7.807916628926408, "'WA": 7.807916628926408, "JEON": 7.807916628926408, "SCIENTIST": 7.807916628926408, "Tamed-Dashed": 7.807916628926408, "LOONA": 7.807916628926408, "HULA": 7.807916628926408, "ER=LO\u2661ER": 7.807916628926408, "\uc624\ub9c8\uc774\uac78": 7.807916628926408, "Dun": 7.807916628926408, "Weeekly": 7.807916628926408, "\uc704\ud074\ub9ac": 7.807916628926408, "\uc5d4\ud558\uc774\ud508": 7.807916628926408, "Drunk-Dazed": 7.807916628926408, "WOODZ": 7.807916628926408, "\uc870\uc2b9\uc5f0": 7.807916628926408, "\ud53c\uc6d0\ud558\ubaa8\ub2c8": 7.807916628926408, "\uac81\ub098\ub2c8": 7.807916628926408, "NATASHA": 7.114769448366463, "woo": 7.114769448366463, "ah": 7.114769448366463, "IVE": 7.114769448366463, "SOMI": 7.114769448366463, "XOXO": 7.114769448366463, "Permission": 7.114769448366463, "CL": 6.709304340258298, "HOOP": 6.709304340258298, "'Do": 6.421622267806518, "ASAP": 6.198478716492308, "Ver": 5.862006479871095, "Feels": 5.862006479871095, "Sticker": 5.728475087246572, "Lemonade": 5.610692051590189, "Scared": 5.610692051590189, "Vampire": 5.5053315359323625, "FEEL": 5.3230099791384085, "Intro": 5.1688592993111495, "OH": 4.974703284870192, "Stars": 4.917544871030244, "Gone": 4.863477649759968, "Tie": 4.629862798578463, "DA": 4.475712118751205, "Cherry": 4.440620798939935, "Rock": 4.252568567436995, "\u2018": 4.196998716282184, "LE": 4.144354982796762, "Yummy": 4.144354982796762, "LO": 4.046716513232846, "Boy": 4.001254139156089, "LIKE": 3.8958936234982624, "BTS": 3.8189325823621343, "love": 3.603224009535442, "Bad": 3.573810124329149, "GIRL": 3.4641112070727247, "Favorite": 3.4512078022368167, "Fix": 3.3890760211298105, "SO": 3.377099830083095, "School": 3.062984500563158, "Good": 3.003895584193152, "X": 2.995732273553991, "Ready": 2.995732273553991, "After": 2.9175675007046546, "Like": 2.8450719986665014, "Love": 2.831182886505834, "WHAT": 2.7203202936940243, "$": 2.0617134383862554, "It": 1.9701861817604684, "MY": 1.8546732946386242, "This": 1.823980348239218, "you": 1.7942014728836067, "\u2019": 1.605381111738486, "+": 1.3830476050210205, "to": 1.2239588049016787, ".": 1.1258080314765997, "The": 0.856144464527497, "the": 0.82970288629571, "with": 0.819503446926817, "!": 0.6891071668127753, "a": 0.6263246843145436}