{"teletouch": 106.43361869932146, "shorts": 103.81236809773246, "iphonerepair": 76.02401335665819, "phonerepair": 76.02401335665819, "crunchtime": 60.819210685326546, "#": 53.27607885312812, "backglass": 45.61440801399491, "apple": 42.39852994137418, "\ud83e\udd20": 41.455524930635235, "microsoldering": 38.012006678329094, "oddlysatisfying": 34.546270775529365, "tech": 33.347313049445376, "Crunch": 32.51894523498854, "crunch": 30.409605342663273, "\ud83d\udee0": 29.96481711615859, "iPhone": 27.556781114992738, "laser": 26.02253031433724, "\ufffc": 24.86442789818371, "\u2019": 24.23923995572071, "7+": 22.807204006997456, "PhoneRepair": 22.807204006997456, "this": 18.91028812608982, "repair": 18.426676248447308, "do": 18.35306910611691, "if": 16.491681212308244, "IC": 15.899448728015317, "destroyed": 15.899448728015317, "swear": 15.204802671331636, "\ud83d\udcf1\ud83d\udee0": 15.204802671331636, "iphonerepairs": 15.204802671331636, "hdmi": 15.204802671331636, "\u26cf": 15.204802671331636, "s": 14.798629574721481, "you": 14.62279832097128, "custom": 14.307563974828806, "Pt": 13.82000718633548, "\ud83d\ude35\u200d\ud83d\udcab": 13.818508310211746, "Max": 13.503259213138513, "tattoo": 13.007578093995416, "Shorts": 12.892604074097708, "I": 12.80146213811921, "..": 12.455059863734714, "asmr": 12.432213949091855, "ll": 11.621283732875526, "office": 11.621283732875526, "see": 11.523603659916768, "out": 11.429876829210272, "kid": 11.31298237322101, "13": 11.023261397285841, "part": 10.678050203493804, "Repairs": 10.599632485343545, "did": 10.47458241447752, "it": 10.466809087094152, "back": 10.238239780918178, "phone": 10.148680891469136, "most": 9.935825683552281, "\ud83d\ude33": 9.926688012101119, "NFT": 9.926688012101119, "time": 9.66112410297581, "world": 9.66112410297581, "phones": 9.659625226852073, "Port": 9.213338124223654, "Fixing": 9.213338124223654, "would": 9.213338124223654, "made": 9.052301570985739, "Audio": 9.021844456593685, "another": 8.933814239473337, "still": 8.336828262361344, "can": 7.96092433586295, "fix": 7.877679379072344, "ve": 7.7776585379230205, "PS5": 7.7294634347649, "Swollen": 7.602401335665818, "customer\ud83d\udcf1\ud83d\udee0": 7.602401335665818, "techrepair": 7.602401335665818, "mailin": 7.602401335665818, "googlepixel": 7.602401335665818, "phonerepairs": 7.602401335665818, "Pro/Pro": 7.602401335665818, "schematics": 7.602401335665818, "technews": 7.602401335665818, "two\ufffc": 7.602401335665818, "ashortaday": 7.602401335665818, "shortscreator": 7.602401335665818, "\ud83e\udd85": 7.602401335665818, "Bypassing": 7.602401335665818, "Pettiness": 7.602401335665818, "teletattoo": 7.602401335665818, "upsets": 7.602401335665818, "macbookpro": 7.602401335665818, "13promax": 7.602401335665818, "howto": 7.602401335665818, "techtips": 7.602401335665818, "shorts\ufffc": 7.602401335665818, "localbusiness": 7.602401335665818, "s21ultra": 7.602401335665818, "RightToRepair": 7.602401335665818, "oddlysatisfyingvideo": 7.602401335665818, "planned": 7.602401335665818, "AppleiPhone": 7.602401335665818, "geek": 7.602401335665818, "righttorepair": 7.602401335665818, "craziest": 7.602401335665818, "disney": 7.602401335665818, "TEL\u00c8": 7.602401335665818, "CUSTOMS": 7.602401335665818, "day": 7.547519878353446, "an": 7.153083215363007, "Another": 7.049727783520197, "your": 6.966460448799809, "blown": 6.909254155105873, "Quickest": 6.909254155105873, "bloody": 6.909254155105873, "mate": 6.909254155105873, "\ud83d\ude03": 6.909254155105873, "Defect": 6.909254155105873, "Dallas": 6.909254155105873, "crunchy": 6.909254155105873, "artwork": 6.909254155105873, "fact": 6.909254155105873, "definitely": 6.909254155105873, "ruined": 6.909254155105873, "Exquisite": 6.909254155105873, "crack": 6.909254155105873, "squad": 6.909254155105873, "magsafe": 6.909254155105873, "Got": 6.6238837890348545, "If": 6.6238837890348545, "Charging": 6.569826444259015, "the": 6.53285768941892, "\ud83d\udd2c": 6.503789046997708, "leaked": 6.503789046997708, "typical": 6.503789046997708, "\ud83e\udd28": 6.503789046997708, "Blackberry": 6.503789046997708, "me": 6.272986434022469, "t": 6.250129042375224, "drove": 6.216106974545927, "youtube": 6.216106974545927, "\ud83e\uddd0": 6.216106974545927, "seal": 6.216106974545927, "gloves": 6.216106974545927, "doesn": 6.216106974545927, "MAGSAFE": 6.216106974545927, "Pro": 6.044052908575932, "received": 5.992963423231718, "job": 5.992963423231718, "Imagine": 5.992963423231718, "someone": 5.992963423231718, "mistake": 5.992963423231718, "loop": 5.992963423231718, ".": 5.854101518500761, "not": 5.8221069068733495, "Extraction": 5.810641866437763, "thanks": 5.810641866437763, "glasses": 5.810641866437763, "boot": 5.810641866437763, "wear": 5.810641866437763, "all": 5.803841939746804, "11": 5.705873286825396, "till": 5.656491186610505, "PSA": 5.656491186610505, "extra": 5.656491186610505, "exist": 5.522959793985982, "broke": 5.522959793985982, "Wan": 5.405176758329599, "Apple": 5.34695521594037, "pt": 5.299816242671772, "quality": 5.299816242671772, "safety": 5.299816242671772, "always": 5.299816242671772, "gave": 5.299816242671772, "note": 5.2045060628674475, "samsung": 5.2045060628674475, "Craziest": 5.117494685877818, "button": 5.117494685877818, "that": 5.09231106063502, "front": 5.037451978204281, "Restoration": 5.037451978204281, "don": 5.037451978204281, "Helping": 4.963344006050559, "shot": 4.894351134563609, "put": 4.894351134563609, "iphone": 4.894351134563609, "Time": 4.863834681255333, "favorite": 4.829812613426037, "shoot": 4.829812613426037, "re": 4.829812613426037, "Yes": 4.829812613426037, "let": 4.829812613426037, "art": 4.829812613426037, "replacement": 4.769187991609602, "BIGGEST": 4.769187991609602, "replace": 4.769187991609602, "devices": 4.769187991609602, "my": 4.731918745671738, "Please": 4.712029577769654, "were": 4.712029577769654, "doing": 4.606669062111827, "clean": 4.606669062111827, "Manufacturing": 4.511358882307502, "actually": 4.511358882307502, "glass": 4.4669071197366685, "done": 4.424347505317873, "problem": 4.383525510797617, "\ud83d\ude02": 4.3443047976443365, "Would": 4.306564469661489, "of": 4.282973256602732, "Hit": 4.270196825490615, "end": 4.2351055056793445, "simple": 4.2351055056793445, "tool": 4.2351055056793445, "at": 4.223987833683438, "love": 4.201203954003663, "Replacement": 4.201203954003663, "Customer": 4.168414131180672, "think": 4.136665432866092, "last": 4.136665432866092, "a": 4.1131088907319135, "What": 4.068883710552766, "here": 4.047053274176404, "Compilation": 4.047053274176404, "laptop": 4.047053274176404, "right": 4.018882397209708, "?": 4.0019926627432065, "Yet": 3.991483423021594, "WHAT": 3.991483423021594, "too": 3.9648151759394326, "watch": 3.938839689536172, "Fun": 3.913521881551882, "really": 3.913521881551882, "only": 3.8888292689615103, "his": 3.841201219972256, "go": 3.841201219972256, "Complete": 3.818211701747557, "Month": 3.818211701747557, "when": 3.818211701747557, "WITH": 3.818211701747557, "Wars": 3.7957388458954986, "Very": 3.773759939176723, "ever": 3.731200324757927, "Repair": 3.7105810375551918, "people": 3.6705757029414925, "It": 3.65569958024282, "they": 3.6511576170843907, "Tools": 3.6511576170843907, "its": 3.613417289101544, "\ud83d\ude31": 3.5950681504333475, "good": 3.541958325119399, "should": 3.4435182523061463, "This": 3.3886367949937743, "na": 3.3828936304897117, "way": 3.368294831068559, "just": 3.3539060936164593, "Custom": 3.2983362424616485, "know": 3.2983362424616485, "!": 3.2614268895289964, "Fix": 3.2329534831987967, "Star": 3.2329534831987967, "They": 3.2203747009919366, "The": 3.1960567489779033, "was": 3.1715845368225044, "home": 3.1715845368225044, "\u201c": 3.0276903571624354, "has": 3.0174338569952464, "to": 2.9966793843967814, "one": 2.987280818824559, "By": 2.977428522381547, "use": 2.9676723474361824, "Just": 2.929572501203912, "Did": 2.9110534534366748, "what": 2.901920969873402, "\u201d": 2.875013516953478,