{"Survivor": 60.00919705878737, "Difficulty": 56.01656931473652, "Playthrough": 45.5822173075131, "mode": 39.65113228480267, "lets": 34.58605218876446, "Marvels": 34.58605218876446, "Last": 32.928695047765274, "Hardest": 30.75270581114902, "Lets": 30.75270581114902, "Walkthrough": 27.06566520488309, "Spider-Man": 26.53886262659396, "Play": 22.320608421662406, "us": 20.569250284231785, "play": 19.363440000147346, "Redemption": 18.002759117636213, "Commentary": 17.45579444725435, "Simulator": 16.592748229899005, "Us": 16.531462625543337, "Part": 16.428236452906397, "Tsushima": 15.220715236625676, "2": 14.67078934466765, "-": 12.307410424753076, "Dead": 11.690356654825589, "Story": 11.535263551268809, "Cinematic": 10.615545050637584, "Microsoft": 10.424924691028934, "Red": 9.365163745742093, "No": 9.349432238996362, "Flight": 9.038630329909044, "of": 8.850014259549946, "Ghost": 7.793571103217059, "Laptop\\PC": 7.610357618312838, "HiveOS": 7.610357618312838, "DIVISION": 7.610357618312838, "Fifa20": 7.610357618312838, "-Submission": 7.610357618312838, "Difficultly": 7.610357618312838, "cutscenes": 7.610357618312838, "commentary": 7.610357618312838, "ALYX": 7.610357618312838, "Vertigo": 7.610357618312838, "vr": 7.610357618312838, "SOLVED": 6.9172104377528925, "CSGO": 6.9172104377528925, "Skylines": 6.9172104377528925, "Skyrim": 6.9172104377528925, "FIFA": 6.511745329644728, "Clutch": 6.511745329644728, "BOSS": 6.511745329644728, "virtual": 6.511745329644728, "TAKING": 6.000919705878737, "Ultra": 5.664447469257524, "Sometimes": 5.664447469257524, "Goal": 5.530916076633002, "reality": 5.530916076633002, "Falls": 5.307772525318792, "Wonder": 5.307772525318792, "Settings": 5.212462345514467, "Campaign": 5.212462345514467, "Boss": 5.125450968524837, "Mine": 5.045408260851301, "FINAL": 5.045408260851301, "Victoria": 4.971300288697579, "Spiderman": 4.971300288697579, "4": 4.739017074154723, "VR": 4.665918639146397, "Bomb": 4.665918639146397, "Half": 4.614625344758847, "Install": 4.519315164954522, "Gaming": 4.391481793444637, "5": 4.175272495863325, "Crypto": 4.144621715513111, "Ultimate": 4.113850056846357, "Quick": 3.946795972183191, "Fix": 3.921478164198901, "Final": 3.803695128542518, "Through": 3.7817162218237423, "Hard": 3.6983346128846915, "Natural": 3.6785319855885117, "Guide": 3.467222891921305, "1": 3.4140339714358108, "ON": 3.4056649989218712, "first": 3.3618623762634785, "time": 3.347677741271522, "Week": 3.3198981771644465, "VS": 3.2796242780265064, "Episode": 3.1444494996582537, "all": 3.133020803834631, "Just": 3.133020803834631, "City": 3.1105479479825724, "Building": 3.0777581251595816, "2020": 2.9008274170005035, "Update": 2.882969799600497, "Work": 2.8654254899495872, "Super": 2.766170531854246, "Let": 2.742823167857255, "Things": 2.5227612830804533, "Real": 2.516607417506075, "20": 2.510491190488639, "Out": 2.480458903389764, "vs": 2.368610603253195, "World": 2.0008858231278777, "7": 1.968450547374724, "Life": 1.9439309302004053, "The": 1.6963575035504004, "3": 1.225163219315112, "the": 1.198287261924941, "on": 1.1257223826775857, "How": 0.9523465724420893, "with": 0.9383246728517702, "'s": 0.825900555675194, ":": 0.825900555675194, "for": 0.8124172053379071, "a": 0.6711036722713294, "!": 0.6566734074423006, "to": 0.6191807311916281, ",": 0.4955881699463743}