{"kashviadlakha": 217.39480803473273, "youtubeshorts": 149.4759360600456, "shorts": 57.40685100866249, "\u2665\ufe0f": 45.095551510854975, "Kashvi": 40.258297784209766, "\ud83d\ude02\ud83e\udd2a": 32.20663822736781, "\ud83d\ude1c\ud83d\ude02": 32.20663822736781, "#": 28.79752325240402, "Wait": 23.967815094102356, "Hai": 23.644714156011855, "Mummy": 20.87378485114295, "Kya": 19.49442290597603, "Ko": 19.0232907633505, "Hairstyle": 18.779700262841693, "End": 17.81511593554907, "Ke": 16.55854620565523, "Laparwah": 16.103319113683906, "KASHVI": 16.103319113683906, "ADLAKHA": 16.103319113683906, "YoutubeShorts": 16.103319113683906, "KashviAdlakha": 16.103319113683906, "Insaniyat": 16.103319113683906, "Bhulo": 16.103319113683906, "\ud83d\ude14\ud83d\ude4f\ud83c\udffb": 16.103319113683906, "Nahi": 14.881851310450912, "\ud83d\ude02": 14.668328722125992, "Maa": 14.620817179482023, "For": 14.230260402366287, "Paiso": 13.906094536347688, "~": 13.404421855157532, "Pata": 13.330730391444126, "Simple": 12.418909654241421, "Mat": 12.21149881557328, "Hui": 12.21149881557328, "Very": 12.078923598320412, "Ki": 12.02582486702221, "Aisa": 11.944436030324235, "Saath": 11.944436030324235, "Dekha": 11.944436030324235, "Cute": 11.452659156734082, "Easy": 11.324980313477694, "Kiya": 11.307528568087166, "Liye": 11.133505814107906, "\ud83e\udd2a": 10.214441155351027, "Girls": 9.842924797128866, "Ne": 9.300924350359596, "comedy": 9.235344704713615, "Ho": 9.235344704713615, "\ud83e\udd7a": 8.99262299070508, "Jyada": 8.051659556841953, "Dushyant": 8.051659556841953, "kukreja": 8.051659556841953, "Hasna": 8.051659556841953, "Mamu": 8.051659556841953, "taka": 8.051659556841953, "Dimag": 8.051659556841953, "\u2665\ufe0f\ud83e\udd70": 8.051659556841953, "\u2665\ufe0f\ud83d\ude0d": 8.051659556841953, "Saunkan": 8.051659556841953, "Saunkne": 8.051659556841953, "saunkansaunkne": 8.051659556841953, "Dusre": 8.051659556841953, "\ud83e\udd2f\ud83d\ude02": 8.051659556841953, "Humara": 7.358512376282008, "Bachche": 7.358512376282008, "Pehchaan": 7.358512376282008, "Pareshan": 7.358512376282008, "\ud83e\udd23": 7.289880619155401, "Stories": 7.24168551599728, "Short": 6.953897156677142, "PART-2": 6.953047268173844, "PART-1": 6.953047268173844, "Chahiye": 6.953047268173844, "\ud83d\ude05\ud83e\udd23": 6.953047268173844, "Kitna": 6.953047268173844, "Buri": 6.953047268173844, "Such": 6.953047268173844, "Hoti": 6.953047268173844, "And": 6.945261778088285, "Tha": 6.665365195722063, "Dekhi": 6.665365195722063, "Lalach": 6.665365195722063, "Roop": 6.665365195722063, "Hote": 6.665365195722063, "Pagal": 6.665365195722063, "Kyu": 6.665365195722063, "\ud83d\ude02\ud83e\udd23": 6.442221644407853, "Gya": 6.442221644407853, "Bhagwan": 6.442221644407853, "Chori": 6.259900087613898, "Sach": 6.259900087613898, "Karta": 6.259900087613898, "Beti": 6.259900087613898, "Demands": 6.10574940778664, "Kaise": 6.10574940778664, "Chal": 6.10574940778664, "Instructions": 6.10574940778664, "Hota": 6.10574940778664, "Bala": 6.10574940778664, "reasons": 6.10574940778664, "Jaan": 6.10574940778664, "Nani": 5.972218015162118, "Hua": 5.972218015162118, "Aap": 5.972218015162118, "Happy": 5.915818712070383, "Cutest": 5.854434979505734, "Chor": 5.653764284043583, "Tera": 5.653764284043583, "Gayi": 5.566752907053953, "Naam": 5.566752907053953, "\ud83d\ude18": 5.486710199380417, "Gaya": 5.486710199380417, "Mann": 5.343609355739743, "Ten": 5.279070834602172, "beautiful": 5.1072205776755135, "Shorts": 5.076461621353943, "Meri": 4.960617103483638, "Ek": 4.832783731973753, "Plus": 4.755822690837625, "Hi": 4.684363726855479, "Favourite": 4.6176723523568075, "many": 4.468140618385844, "Ending": 4.362780102728017, "Papa": 4.338087490137646, "Main": 4.267469922923692, "Dancing": 4.100415838260526, "Me": 4.075888801598303, "Ka": 4.0086082890074035, "\ud83d\ude0d": 3.8772722869463165, "There": 3.817553052244694, "Vlog": 3.5630231871098137, "Doctor": 3.4977826652414126, "BTS": 3.3976992066844303, "Prank": 3.378830722380047, "so": 3.272536063730424, "Final": 3.2233458195396523, "The": 3.051695835621682, "be": 2.8587027059517434, "To": 2.849883615185858, "are": 2.648982174969674, "@": 2.644487785381835, "Her": 2.640013504986914, "Song": 2.52620661771017, "House": 2.434888459175382, "Love": 2.2227139392317463, "s": 1.8410594798173006, "On": 1.7255100836868542, "Video": 1.692085688169576, "You": 1.5178707189086098, "|": 1.4609420002049505, "\u2019": 1.4586150226995167, "to": 0.9657580924763426, ",": 0.594627467719573}