{"REACTION": 29.4953339595687, "Beatriz": 22.856227133011238, "Mauro": 15.237484755340827, "Vitoria": 15.237484755340827, "-REACTION": 15.237484755340827, "KYIV": 15.237484755340827, "Dimash": 15.237484755340827, "Kudaibergen": 15.237484755340827, "Sarah": 15.161379060626631, "Gabrielly": 13.851190394220936, "Julia": 11.3456644572302, "Enough": 10.843035600668388, "Cover": 10.834227577313827, "Any": 10.107586040417754, "|": 8.520384889884117, "-": 7.98498356527943, "BUZZER": 7.618742377670413, "shines": 7.618742377670413, "bright": 7.618742377670413, "BGT": 7.618742377670413, "2022-REACTION": 7.618742377670413, "SAMUELS": 7.618742377670413, "DEADBEAT": 7.618742377670413, "Erivo-REACTION": 7.618742377670413, "vil\u00e3o": 7.618742377670413, "Trof\u00e9u": 7.618742377670413, "Gerando": 7.618742377670413, "Salva\u00e7\u00e3o": 7.618742377670413, "2019-REACTION": 7.618742377670413, "Herege": 7.618742377670413, "Pare": 7.618742377670413, "Midian": 7.618742377670413, "Rocha": 7.618742377670413, "Tuas": 7.618742377670413, "\u00c1guas": 7.618742377670413, "TOMAZACRE": 7.618742377670413, "BASS-": 7.618742377670413, "Aonde": 7.618742377670413, "Henrique-REACTION": 7.618742377670413, "Daneliya": 7.618742377670413, "Tuleshova": 7.618742377670413, "Faouzia": 7.618742377670413, "Carolinah": 7.618742377670413, "Chandelier": 7.618742377670413, "Cover-REACTION": 7.618742377670413, "D-LOW": 7.618742377670413, "Morada": 7.618742377670413, "\u0420\u0415\u0410\u041a\u0426\u0418\u042f-": 7.618742377670413, "\u0413\u043b\u0430\u0432\u043d\u044b\u0439": 7.618742377670413, "\u0445\u0440\u0430\u043c": 7.618742377670413, "\u0412\u043e\u043e\u0440\u0443\u0436\u0451\u043d\u043d\u044b\u0445": 7.618742377670413, "\u0441\u0438\u043b": 7.618742377670413, "\u0425\u0440\u0430\u043c": 7.618742377670413, "\u0412\u043e\u0441\u043a\u0440\u0435\u0441\u0435\u043d\u0438\u044f": 7.618742377670413, "BRAZILIAN": 7.618742377670413, "PRAISE": 7.618742377670413, "AUGUSTO": 7.618742377670413, "BETEL": 7.618742377670413, "NAME-EUPHORIA": 7.618742377670413, "LABRINTH": 7.618742377670413, "\u0420\u0415\u0410\u041a\u0426\u0418\u042f-Miyagi": 7.618742377670413, "\u042d\u043d\u0434\u0448\u043f\u0438\u043b\u044c": 7.618742377670413, "\u0420\u0435\u043c": 7.618742377670413, "\u0414\u0438\u0433\u0433\u0430": 7.618742377670413, "PHOT0GRAPHY": 7.618742377670413, "Subtle": 7.618742377670413, "LOVELY-BILLIE": 7.618742377670413, "P\u0435\u0430\u043a\u0446\u0438\u044f-": 7.618742377670413, "\u041a\u043e\u0440\u0436": 7.618742377670413, "\u041f\u043e\u043b\u043d\u044b\u0439": 7.618742377670413, "\u041a\u0438\u0435\u0432\u0435": 7.618742377670413, "20.06.2019": 7.618742377670413, "\u0447\u0435\u043b": 7.618742377670413, "Miyagi": 7.618742377670413, "Samurai-": 7.618742377670413, "\u041a\u0438\u0457\u0432\u0441\u044c\u043a\u0435": 7.618742377670413, "\u0432\u043e\u0434\u043e\u0441\u0445\u043e\u0432\u0438\u0449\u0435": 7.618742377670413, "Garifullina": 7.618742377670413, "cosi-REACTION": 7.618742377670413, "\u0414\u0438\u043c\u0430\u0448": 7.618742377670413, "\u041a\u0443\u0434\u0430\u0439\u0431\u0435\u0440\u0433\u0435\u043d": 7.618742377670413, "\u0417\u043d\u0430\u0439": 7.618742377670413, "2020": 7.083741016927895, "Simone": 6.925595197110468, "Disrespects": 6.925595197110468, "Loren": 6.925595197110468, "Allred": 6.925595197110468, "KEVIN": 6.925595197110468, "EX-WIFE": 6.925595197110468, "FATHER": 6.925595197110468, "Cynthia": 6.925595197110468, "Henrique": 6.925595197110468, "Ac\u00fastico": 6.925595197110468, "Gabriela": 6.925595197110468, "ZAYN": 6.925595197110468, "Dusk": 6.925595197110468, "SING": 6.925595197110468, "Brazilian": 6.925595197110468, "Fabian": 6.925595197110468, "Aida": 6.925595197110468, "B.": 6.520130089002303, "Performed": 6.520130089002303, "Abi": 6.520130089002303, "\u041c\u0430\u043a\u0441": 6.520130089002303, "\u043a\u043e\u043d\u0446\u0435\u0440\u0442": 6.520130089002303, "FISHING": 6.520130089002303, "Lara": 6.520130089002303, "Never": 6.424046260812321, "Luther": 6.2324480165505225, "maior": 6.2324480165505225, "sou": 6.2324480165505225, "Till": 6.2324480165505225, "Sia": 6.2324480165505225, "EILISH": 6.2324480165505225, "feat": 6.047245055071647, "Auditions": 6.009304465236313, "ao": 6.009304465236313, "Beatbox": 6.009304465236313, "UKRAINE": 6.009304465236313, "Ti": 6.009304465236313, "GOLDEN": 5.826982908442358, "EXPOSES": 5.826982908442358, "Lima": 5.826982908442358, "Est\u00e1": 5.826982908442358, "Tudo": 5.826982908442358, "Sobre": 5.826982908442358, "\u0420\u043e\u0441\u0441\u0438\u0438": 5.826982908442358, "JESSICA": 5.826982908442358, "Deus": 5.6728322286151, "Voc\u00ea": 5.6728322286151, "amo": 5.6728322286151, "Dawn": 5.539300835990577, "Madison": 5.539300835990577, "France": 5.539300835990577, "vivo": 5.421517800334194, "Tears": 5.421517800334194, "performance": 5.421517800334194, "Got": 5.354199910122218, "N\u00e3o": 5.316157284676367, "Laura": 5.316157284676367, "STREET": 5.316157284676367, "Singer": 5.316157284676367, "000": 5.220847104872043, "Session": 5.133835727882413, "Jr": 5.053793020208877, "KNOW": 4.979685048055154, "Talent": 4.910692176568203, "--": 4.910692176568203, "Sings": 4.728370619774249, "eu": 4.674303398503973, "STILL": 4.674303398503973, "Martin": 4.574219939946991, "HIM": 4.527699924312097, "\u00ab": 4.483248161741264, "\u00bb": 4.483248161741264, "HARD": 4.440688547322468, "Incredible": 4.440688547322468, "Voice": 4.322905511666084, "Grand": 4.286537867495209, "``": 4.273010959697223, "Beer": 4.25144654768394, "''": 4.218408845756684, "Lyric": 4.217544996008258, "by": 4.10844394069544, "Gold": 4.092381853054252, "\u00c9": 4.063394316180999, ".": 3.973400038649829, "OFF": 3.955180731540767, "Finale": 3.9051703109661053, "\u2018": 3.881072759387045, "Stand": 3.857542261976851, "26": 3.768594775960355, "\u2013": 3.7475413667625226, "AS": 3.6114091924379426, "\u0432": 3.575691109835863, "America": 3.541204933764694, "Know": 3.4756076512788807, "e": 3.4290876356439877, "Battle": 3.3702471356210544, "vs.": 3.249294525203392, "TIME": 3.249294525203392, "N'T": 3.2367157429965316, "FIRST": 3.1528342590158296, "King": 3.1301060079382736, "2018": 3.1189327073401483, "Compilation": 2.9553032835583464, "LIVE": 2.945913543208507, "O": 2.839618884558884, "WITH": 2.6914886925132087, "(": 2.5812151094788227, "ft.": 2.568886370420876, ")": 2.5688846470028546, "Live": 2.5373380126859506, "DO": 2.512796903769833, "Love": 2.4092562248289924, "@": 2.387633760815827, "Official": 2.3664689496237834, "MY": 2.2251148313180518, "Up": 2.1763246671486196, "Video": 1.7270981658446423, "\u2019": 1.5480046496679234, "with": 1.276620958949262, "&": 1.0381032403854644, "of": 0.900937682646722, "I": 0.8805898830744563, "'s": 0.8399574799852364, "A": 0.7878681430242339, ",": 0.6823996418363637, "The": 0.635879626201471, "?": 0.5582660116706124, "!": 0.4035023989403157}