{"Darker": 40.258297784209766, "eye": 32.47561336336017, "Shade": 31.299500438069494, "fake": 28.268821420217915, "shorts": 22.552691467688838, "oneeye": 16.103319113683906, "\ud83d\udc41": 16.103319113683906, "DARKER": 16.103319113683906, "LONDON-": 16.103319113683906, "Magic": 15.009017747962083, "prosthetic": 14.717024752564017, "disabled": 13.906094536347688, "SHADE": 13.906094536347688, "I": 11.910900963500062, "Apocalypse": 11.708869959011468, "acting": 11.498148927695816, "taking": 10.687218711479487, "#": 10.559091859214806, "my": 10.338616380773814, "eyes": 10.322575597891579, "you": 10.057024227822698, "film": 8.828146794231136, "Project": 8.62797987711717, "wrong": 8.534939845847385, "it": 8.445953216486089, "booktube": 8.051659556841953, "actingcareer": 8.051659556841953, "disabledactivism": 8.051659556841953, "eyes\u2026": 8.051659556841953, "pirates": 8.051659556841953, "skydive": 8.051659556841953, "Merlin": 8.051659556841953, "\ud83e\uddd9\ud83c\udffb\u200d\u2642\ufe0f\u2728": 8.051659556841953, "bridgeussy": 8.051659556841953, "fitted": 8.051659556841953, "Killer-": 8.051659556841953, "Demisexual": 8.051659556841953, "proved": 8.051659556841953, "MAGIC-": 8.051659556841953, "adore": 8.051659556841953, "dressing": 8.051659556841953, "Welcome": 8.017216578014807, "m": 7.4418524331112454, "a": 7.378896063300645, "fandom": 7.358512376282008, "auditions": 7.358512376282008, "patch": 7.358512376282008, "acceptance": 7.358512376282008, "casting": 7.358512376282008, "risk": 7.358512376282008, "actors": 6.953047268173844, "skydiving": 6.953047268173844, "mum": 6.953047268173844, "trained": 6.953047268173844, "Film": 6.739056659435468, "hope": 6.665365195722063, "dive": 6.665365195722063, "showing": 6.665365195722063, "makeover": 6.665365195722063, "woods": 6.665365195722063, "cosplay": 6.442221644407853, "wear": 6.442221644407853, "self": 6.442221644407853, "disco": 6.442221644407853, "though": 6.442221644407853, "dancer": 6.442221644407853, "successful": 6.442221644407853, "Teaser": 6.292769556807048, "changes": 6.259900087613898, "industry": 6.259900087613898, "Roots": 6.259900087613898, "Millennial": 6.259900087613898, "age": 6.259900087613898, "award": 6.259900087613898, "A": 6.235695551243582, "actor": 6.10574940778664, "tomorrow": 6.10574940778664, "started": 6.10574940778664, "dropped": 6.10574940778664, "'m": 5.915818712070383, "seeing": 5.854434979505734, "announcement": 5.854434979505734, "whole": 5.749074463847908, "deep": 5.749074463847908, "winning": 5.749074463847908, "books": 5.653764284043583, "custom": 5.653764284043583, "singing": 5.653764284043583, "80s": 5.653764284043583, "\ud83d\ude06": 5.566752907053953, "project": 5.566752907053953, "films": 5.486710199380417, "outfits": 5.412602227226695, "journey": 5.412602227226695, "experience": 5.412602227226695, "guess": 5.343609355739743, "dancing": 5.279070834602172, "Gen": 5.279070834602172, "channel": 5.218446212785738, "Tomorrow": 5.218446212785738, "Inspired": 5.161287798945789, "single": 5.161287798945789, "WHITE": 5.1072205776755135, "BBC": 5.0559272832879625, "HORROR": 5.0559272832879625, "chat": 5.00713711911853, "Anthony": 4.916165340912804, "Pirate": 4.873605726494008, "behind": 4.873605726494008, "the": 4.823201850444645, "thing": 4.755822690837625, "Can": 4.7226002050357865, "even": 4.7194550466667495, "always": 4.684363726855479, "something": 4.684363726855479, "moment": 4.684363726855479, "date": 4.650462175179798, "OF": 4.623733289325439, "put": 4.585923654042227, "this": 4.585515565929346, "of": 4.485220999641453, "many": 4.468140618385844, "think": 4.440741644197729, "there": 4.414073397115568, "getting": 4.414073397115568, "Killer": 4.414073397115568, "Release": 4.414073397115568, "Z": 4.3880979107123075, "\u2019": 4.37584506809855, "coming": 4.313989938558585, "next": 4.290459441148391, "better": 4.244997067071634, "really": 4.244997067071634, "MAGIC": 4.244997067071634, "much": 4.201511955131895, "Hello": 4.139636551413807, "RED": 4.139636551413807, "people": 4.062675510277679, "TRAILER": 4.026307866106804, "?": 4.017211146626646, "too": 3.974122112936234, "than": 3.9407856926686424, "Horror": 3.892776473482282, "good": 3.8772722869463165, "to": 3.8630323699053704, "Coming": 3.832151851665847, "!": 3.8301911889261566, "does": 3.788979679800638, "Is": 3.755746905880034, "real": 3.6696329221680717, "challenge": 3.574322742363747, "ever": 3.4977826652414126, "Short": 3.476948578338571, "with": 3.42571882559143, "did": 3.3976992066844303, "Every": 3.36031167461281, "got": 3.315461108447458, "made": 3.315461108447458, "'re": 3.272536063730424, "how": 3.2313779912369167, "get": 3.2153776498904754, "Scenes": 3.1918471524802814, "``": 3.1897798025395803, "''": 3.177260199842567, "but": 3.1613104286201996, "How": 3.155537720979358, "what": 3.153819756891042, "i": 3.117185623711262, "time": 3.081846257265953, "like": 3.074925814421379, "no": 3.074925814421379, "have": 3.0277790359956773, "make": 3.0277790359956773, "Behind": 3.021221635449518, "his": 2.989064523814987, "She": 2.9336657444251983, "new": 2.9041650800285006, "into": 2.8926042576274247, "out": 2.8313037317636285, "Why": 2.5103960116835276, "for": 2.485240501597948, "The": 2.441356668497346, ".": 2.4222260551065333, "Are": 2.420447775020588, "an": 2.399170376573303, "me": 2.399170376573303, "We": 2.0552074682229327, "(": 1.9733438002025927, ")": 1.969656030838404, "n't": 1.9694406464655074, "vs": 1.9117750046156983, "s": 1.8410594798173006, "and": 1.8224130274815902, "in": 1.659647463107009, "'s": 1.6479941162265974, "...": 1.4878040303098259, "is": 1.384702764412747, "on": 1.2638145745323741, "-": 1.086841564326581, ",": 0.594627467719573}