{"kennyfok2009": 241.54978670525858, "Cover": 100.40104026924635, "Dance": 79.73428035342442, "]": 63.582431081818285, "[": 63.50296083667097, "\ubc29\ud0c4\uc18c\ub144\ub2e8": 37.88821559058687, "BTS": 27.181593653475442, "\uc544\uc774\ucf58": 24.154978670525857, "|": 21.183659002971783, "\uc544\uc2a4\ud2b8\ub85c": 20.85914180452153, "ASTRO": 19.32666493322356, "iKON": 19.32666493322356, "\uc9c0\ubabb\ubbf8": 16.103319113683906, "(": 15.128969134886544, ")": 15.100696236427764, "KARD": 13.906094536347688, "Choreo": 12.884443288815707, "GOT7": 12.519800175227797, "Apology": 11.708869959011468, "1thek": 8.051659556841953, "\uc788\uc9c0": 8.051659556841953, "Dalla": 8.051659556841953, "\ub2ec\ub77c\ub2ec\ub77c": 8.051659556841953, "\uac13\uc138\ube10": 8.051659556841953, "Antae": 8.051659556841953, "\uc778\ud53c\ub2c8\ud2b8": 8.051659556841953, "\ud154\ubbf8": 8.051659556841953, "\uc6cc\ub108\uc6d0": 8.051659556841953, "\uc288\ud37c\uc8fc\ub2c8\uc5b4": 8.051659556841953, "Monsta": 8.051659556841953, "\ubaac\uc2a4\ud0c0\uc5d1\uc2a4": 8.051659556841953, "DRAMARAMA": 8.051659556841953, "\ub2c8\uac00\ubd88\uc5b4\uc640": 8.051659556841953, "LILILI": 8.051659556841953, "YABBAY": 8.051659556841953, "13\uc6d4\uc758": 8.051659556841953, "\ucda4": 8.051659556841953, "Limitless": 8.051659556841953, "\ubb34\ud55c\uc801\uc544": 8.051659556841953, "\ud53c": 8.051659556841953, "\uc5d1\uc18c": 8.051659556841953, "\ub85c\ub610": 8.051659556841953, "\uc7a5\ud654\uc2e0\uc740": 8.051659556841953, "Myoung": 8.051659556841953, "\uca54\uc5b4": 8.051659556841953, "\ub9ac\ub4ec": 8.051659556841953, "\ud0c0": 8.051659556841953, "\uc0c1\ub0a8\uc790": 8.051659556841953, "131130": 8.051659556841953, "2k13": 8.051659556841953, "TMF": 8.051659556841953, "Litty": 7.358512376282008, "Stigma": 7.358512376282008, "\ub0b4\uc77c": 7.358512376282008, "\ub540": 7.358512376282008, "Lotto": 7.358512376282008, "\uace0\uc591\uc774": 7.358512376282008, "Seventeen": 6.953047268173844, "\uc624\ub298": 6.665365195722063, "EXO": 6.665365195722063, "\uc228\ubc14\uaf2d\uc9c8": 6.442221644407853, "\ub208\ubb3c": 6.442221644407853, "Dope": 6.442221644407853, "Rhythm": 6.442221644407853, "Luv": 6.442221644407853, "2NE1": 6.442221644407853, "Lullaby": 6.259900087613898, "Hola": 6.259900087613898, "Sweat": 6.259900087613898, "Perth": 6.10574940778664, "Ta": 5.972218015162118, "concert": 5.972218015162118, "ITZY": 5.854434979505734, "127": 5.854434979505734, "Mina": 5.854434979505734, "JJ": 5.749074463847908, "NCT": 5.566752907053953, "eye": 5.412602227226695, "Korea": 5.343609355739743, "DNA": 5.218446212785738, "Tomorrow": 5.218446212785738, "Infinite": 5.161287798945789, "Sexy": 5.161287798945789, "Mic": 5.1072205776755135, "Danger": 5.1072205776755135, "Choreography": 5.0559272832879625, "Suit": 5.0559272832879625, "Dumb": 5.00713711911853, "Junior": 4.916165340912804, "Contest": 4.755822690837625, "Blood": 4.755822690837625, "Drop": 4.7194550466667495, "performance": 4.7194550466667495, "Sorry": 4.6176723523568075, "Tears": 4.585923654042227, "Feel": 4.585923654042227, "Wan": 4.525299032225792, "Today": 4.525299032225792, "Tell": 4.313989938558585, "Project": 4.313989938558585, "Bieber": 4.223018160352859, "Seek": 4.159839258731327, "Cool": 4.081367643289831, "dance": 4.062675510277679, "by": 4.032356248634395, "Justin": 3.9912165462955342, "Hide": 3.957314994619853, "V": 3.9407856926686424, "Beautiful": 3.8772722869463165, "Original": 3.788979679800638, "Fake": 3.774993437825898, "home": 3.7612001156935624, "Come": 3.5857514381873696, "Cat": 3.5298709797929133, "Boy": 3.4565397067073635, "na": 3.3976992066844303, "back": 3.378830722380047, "Girls": 3.2809749323762887, "Crazy": 3.207472470383362, "Teaser": 3.146384778403524, "X": 3.034379720027029, "Black": 2.836723799232968, "Super": 2.558598113501405, "One": 2.3512159834512674, "Love": 2.2227139392317463, "Me": 2.0379444007991516, "In": 1.4436589315458666, "&": 1.4398891742309754, ",": 1.189254935439146, "with": 1.1419062751971434, "'s": 0.8239970581132987, "-": 0.5434207821632905}