{"K-CITY": 219.67018484413205, "GAMING": 105.96273379792027, "Fortnite": 27.09836388270302, "K-City": 24.40779831601467, "2k22": 23.754832778674686, "WWE": 22.111803526502914, "Winter": 20.377448807292357, "Challenge": 14.262185988765658, "Resistance": 11.141966829086707, "Games": 10.82335466107214, "Bowl": 10.3829875856769, "Rumble": 9.755672467966816, "Begins": 9.680191812001123, "Royal": 8.571570340589664, "(": 8.438040842208293, ")": 8.438040842208293, "ZooKEEPER": 8.13593277200489, "'22": 8.13593277200489, "BECK": 8.13593277200489, "Shuffleboard": 8.13593277200489, "FROSTY": 8.13593277200489, "Loot": 8.017596773919598, "FORTNITE": 7.978407660220139, "Zookeeper": 7.442785591444945, "WAVES": 7.442785591444945, "MyRise": 7.442785591444945, "for": 7.176008312285399, "BULLIES": 7.037320483336781, "Bugle": 7.037320483336781, "!": 6.9895090638919335, "Season": 6.799907576613348, "Avatars": 6.749638410885, "PROWLER": 6.749638410885, "Frustrating": 6.749638410885, "Road": 6.631302412799707, "VIBIN": 6.52649485957079, "Lightsabers": 6.52649485957079, "Battle": 6.4184420501576085, "BEASTS": 6.190022622949577, "SOLID": 6.190022622949577, "UNCHARTED": 6.056491230325054, "ONLY": 6.023937585203263, "in": 5.9657731557542375, "OBI-WAN": 5.9387081946686715, "FREEZE": 5.9387081946686715, "Prediction": 5.9387081946686715, "Part": 5.892696523781925, "GM": 5.833347679010845, "Conference": 5.833347679010845, "Superstar": 5.73803749920652, "the": 5.684599079821912, "Women": 5.496875442389632, "RISE": 5.496875442389632, "TAG": 5.496875442389632, "*": 5.445493433262924, "BOAT": 5.42788257090268, "Chasing": 5.42788257090268, "SPORTS": 5.363344049765109, "Joins": 5.3027194279486745, "Quests": 5.245561014108726, "PICKS": 5.19149379283845, "Records": 5.19149379283845, "NFL": 5.19149379283845, "TANKS": 5.140200498450899, "Minigames": 5.044890318646575, "Fishing": 5.000438556075741, "Predictions": 4.877836233983408, "Super": 4.85764501451203, "GANG": 4.8400959060005615, "Beasts": 4.8400959060005615, "SWITCH": 4.768636942018416, "Daily": 4.670196869205164, "Dreams": 4.63942521053841, "WEIRD": 4.609572247388729, "is": 4.57534537835601, "Treasure": 4.552413833548781, "Shark": 4.525014859360666, "2K22": 4.525014859360666, "Surviving": 4.472371125875244, "Championship": 4.422360705300583, "REVENGE": 4.398263153721522, "ATTACK": 4.398263153721522, "Becoming": 4.398263153721522, "DRAFT": 4.351743138086629, "MARIO": 4.244112473894264, "Human": 4.184689053423463, "Gang": 4.165640858452769, "LEGENDARY": 4.09288150417034, "Spider-Man": 4.0754897614584715, "our": 4.008798386959799, "GOLD": 3.9927980456133576, "Match": 3.946278029978465, "Hunting": 3.901826267407631, "Breaking": 3.873252894963575, "Finale": 3.753906137331009, "Quest": 3.705115973161577, "Family": 3.705115973161577, "Summer": 3.681585475751383, "Gold": 3.6472964022727505, "FINALE": 3.636123101674625, "SONIC": 3.592637989734887, "ESCAPE": 3.571584580537054, "LEVEL": 3.530762586016799, "WAR": 3.4724936778928233, "Week": 3.3910006436416404, "Party": 3.268398321549308, "Nintendo": 3.238092972053979, "EPIC": 3.2086790868476855, "vs": 3.0830386245102237, "WIN": 3.0421825711981283, "Event": 2.9768774727903615, "Only": 2.9711467980813766, "Gaming": 2.910186098291689, "Wars": 2.873242583100005, "Online": 2.8578181127743734, "NEW": 2.723417771294552, "Mode": 2.6763472578607312, "Legends": 2.6721009669792806, "Story": 2.626544435376913, "Final": 2.622504025839908, "Star": 2.590755327525328, "BACK": 2.559983668858574, "Chapter": 2.5449457914940337, "Simulator": 2.5155319062877406, "Life": 2.48344359173624, "are": 2.4156209953974788, "ALL": 2.318821612041686, "3": 2.29333043037184, "'S": 2.051433358929719, "2": 1.9793940913199053, "All": 1.9253326949802376, "to": 1.7862696984222697, "a": 1.7298484674477967, "'s": 1.5351861713870187, ":": 1.485339354482105, "My": 1.4601095503700425, "Game": 1.3778382675771597, "on": 1.3526075714009305, "4": 1.0601239080265037, "and": 1.0350808630608404, "The": 0.9403586802863836, "#": 0.9392462011705405, "of": 0.7899225620915981, "1": 0.7432852512832672}