{"Colors": 29.09877252520421, "Learn": 28.912522433665853, "Children": 28.2362575153295, "Wooden": 26.11356648174813, "Origami": 24.00367882351495, "3D": 21.249526478666183, "Kids": 20.344085151665215, "origami": 19.535235988934183, "Shapes": 18.015122165401834, ".": 15.975502221238909, "with": 15.013194765628324, "box": 13.99775591743919, "Pencils": 13.834420875505785, "Numbers": 13.682811505145647, "Toy": 13.279592708657786, "dry": 13.023490659289456, "candies": 12.448126514385894, "easy": 12.433865146539333, "clay": 11.637196298169565, "for": 11.3738408747307, "paper": 11.328894938515049, "and": 9.972177280764704, "Cookies": 9.942600577395158, "DIY": 9.647725390921195, "Doh": 9.554288548513243, "ice": 9.331837278292793, "cream": 9.331837278292793, "toy": 9.229250689517693, "colors": 9.038630329909044, "watch": 8.782963586889274, "numbers": 8.782963586889274, "make": 8.39451978882126, "Learning": 7.720215047697625, "Anti-stress": 7.610357618312838, "MILK": 7.610357618312838, "KAWAII": 7.610357618312838, "notebook": 7.610357618312838, "Ice-hole": 7.610357618312838, "Paper": 7.170011855155376, "Air": 7.032026112181473, "Educational": 6.841405752572824, "Truck": 6.612585050217335, "Libra": 6.000919705878737, "video": 5.856452782377236, "delicious": 5.8185981490847825, "Popsicle": 5.8185981490847825, "Tractors": 5.8185981490847825, "Easy": 5.783717494035486, "Valentines": 5.664447469257524, "flower": 5.664447469257524, "craft": 5.664447469257524, "Cone": 5.664447469257524, "Play": 5.580152105415602, "wooden": 5.530916076633002, "cats": 5.413133040976618, "ball": 5.212462345514467, "interesting": 5.212462345514467, "toddlers": 5.125450968524837, "Bones": 5.125450968524837, "mini": 5.045408260851301, "facts": 5.045408260851301, "Hammer": 4.971300288697579, "Burger": 4.902307417210627, "collection": 4.837768896073056, "Valentine": 4.7199858604166725, "Slide": 4.7199858604166725, "Sport": 4.665918639146397, "fast": 4.565835180589414, "funny": 4.565835180589414, "Tractor": 4.565835180589414, "Flower": 4.519315164954522, "or": 4.415360472881116, "animals": 4.314520752308509, "Teach": 4.176370413827692, "Pizza": 4.026838679856728, "Balls": 4.026838679856728, "school": 3.921478164198901, "Cake": 3.8261679843945764, "How": 3.8093862897683572, "Education": 3.5499146077664183, "Fast": 3.4994837541395265, "Collection": 3.467222891921305, "Dog": 3.3618623762634785, "Toys": 3.347677741271522, "Cream": 3.347677741271522, "Train": 3.333691499296782, "Birthday": 3.3198981771644465, "from": 3.3090404976960133, "day": 3.2928695047765273, "Ice": 3.0564807267122966, "to": 2.4767229247665123, "Top": 2.347667429407952, "about": 2.302089920911633, "Make": 2.084904679181054, "Day": 1.8389164951828216, "'s": 0.825900555675194, "in": 0.660501163312065}