{"Nursery": 85.188334731677, "Lyrics": 83.33922609258066, "Rhymes": 76.13388617090406, "Songs": 61.71139046257955, "Children": 59.039447532052584, "Kids": 48.82580436399651, "Popular": 37.391566074049464, "Song": 33.38455322439491, "Rhyme": 30.25372977458994, "Cartoon": 26.894899010107828, "For": 20.953456138728487, "Animation": 19.245787513096374, "With": 15.893342689633112, "&": 15.351294244782007, "for": 13.81109249074442, "ABC": 12.718163277878096, "-": 11.794601657055031, "''": 11.349773409960818, "Babies": 10.8090732992411, "Alphabets": 10.424924691028934, "Little": 9.921835613559056, "``": 9.865265275134872, "Poem": 9.675537792146113, "Baby": 9.538443778398545, "3D": 9.106939919428363, "Videos": 8.493702375603924, "Phonics": 8.167994187393353, "English": 8.07113007745414, "Animated": 7.793571103217059, "Hark": 7.610357618312838, "Herald": 7.610357618312838, "A-Tisket": 7.610357618312838, "A-Tasket": 7.610357618312838, "Rock-a-bye": 7.610357618312838, "Pussy": 7.610357618312838, "Tisket": 6.9172104377528925, "Tasket": 6.9172104377528925, "ABCD": 6.9172104377528925, "abcd": 6.9172104377528925, "Educational": 6.841405752572824, "Alphabet": 6.639796354328893, "with": 6.568272709962391, "Lou": 6.511745329644728, "Yankee": 6.224063257192947, "Tommy": 6.224063257192947, "Learn": 6.195540521499826, "Doodle": 6.000919705878737, "Dell": 6.000919705878737, "Sat": 6.000919705878737, "sleeping": 6.000919705878737, "Pomegranate": 6.000919705878737, "Video": 5.926704045430764, "Skip": 5.8185981490847825, "On": 5.602063291510065, "Carol": 5.530916076633002, "Bye": 5.530916076633002, "Lamb": 5.530916076633002, "Tucker": 5.530916076633002, "Played": 5.413133040976618, "Angels": 5.413133040976618, "Muffin": 5.212462345514467, "Go": 5.199444648433164, "Learning": 5.146810031798417, "Man": 5.133865002787181, "Itsy": 5.045408260851301, "123": 5.045408260851301, "Farmer": 4.902307417210627, "Bitsy": 4.902307417210627, "Bingo": 4.837768896073056, "Humpty": 4.777144274256622, "Dumpty": 4.777144274256622, "Toes": 4.7199858604166725, "Baa": 4.7199858604166725, "Falling": 4.519315164954522, "Shoulders": 4.519315164954522, "Knees": 4.474863402383688, "Jumping": 4.474863402383688, "Mary": 4.391481793444637, "Town": 4.352261080291355, "Row": 4.352261080291355, "Sheep": 4.352261080291355, "More": 4.344556618779285, "Brother": 4.314520752308509, "Round": 4.314520752308509, "Monkeys": 4.278153108137634, "Twinkle": 4.243061788326363, "Teach": 4.176370413827692, "Sing": 4.113850056846357, "Spider": 4.055009556823424, "Boat": 4.026838679856728, "Bridge": 3.999439705668613, ",": 3.9647053595709942, "The": 3.9581675082842676, "Rain": 3.921478164198901, "Went": 3.8967855516085295, "Wall": 3.872688000029469, "Counting": 3.872688000029469, "Version": 3.8261679843945764, "Many": 3.760210016602779, "Fruits": 3.7391566074049467, "Names": 3.7391566074049467, "Cat": 3.6983346128846915, "Fruit": 3.6785319855885117, "Rock": 3.6591138997314103, "Head": 3.6591138997314103, "Are": 3.6346880198573874, "Away": 3.621373571748563, "London": 3.585005927577688, "Bed": 3.532820174407118, "Had": 3.4994837541395265, "He": 3.4514745349531655, "Wheels": 3.420702876286412, "Numbers": 3.420702876286412, "John": 3.347677741271522, "Five": 3.167706361822521, "Amazing": 3.133020803834631, "Bus": 3.1217212485806978, "Down": 3.1105479479825724, "Star": 3.099498111795987, "|": 3.0963933641430814, "Christmas": 2.8396729938471728, "Happy": 2.806336573579581, "Old": 2.7200084900910837, "If": 2.690376692484713, "Black": 2.683103933155633, "Know": 2.4686940618101776, "and": 2.3463946542975775, "One": 2.253771343640825, "And": 2.069094073154411, "Best": 2.0156462387109984, "in": 1.981503489936195, "you": 1.9439309302004053, "It": 1.8641544277726843, "This": 1.7726271711468975, "My": 1.7049957702582672, "A": 1.640520765597866, "New": 1.6015444328702424, "Is": 1.5489006993848207, "Your": 1.5190477362351393, "a": 1.3422073445426588, "To": 1.331836194146993, "You": 1.3077386425679325, "to": 1.2383614623832562, "How": 0.9523465724420893, "the": 0.5991436309624705}