{"Gorilla": 109.55609997964537, "3D": 106.78021300850709, "Animals": 102.51336288000437, "Monkey": 91.4562021380697, "Comedy": 88.42884470560551, "Funny": 83.83787449471698, "Forest": 77.73818546196347, "Videos": 77.48518423768596, "Jungle": 53.86552525194886, "Slider": 44.03527780418733, "Elephant": 43.73928632370371, "Cartoons": 34.91486397140754, "Monster": 31.5041246856192, "Animal": 31.113803372263742, "Cartoon": 27.035997739850036, "Train": 24.966954822099655, "Fun": 23.582447376687032, "Rescue": 23.155813831311725, "Giraffe": 22.017638902093665, "Ride": 20.216880506801132, "in": 19.973509662384924, "|": 17.67141794288637, "Truck": 16.814875005741623, "Airplane": 16.179908454927727, "and": 16.16613959763745, "Zoo": 14.963513130603232, "Magical": 14.209569845760516, "Tanker": 13.867495718512782, "Golden": 13.34652362840517, "Transformer": 13.29213157360922, "Dragon": 13.184321964594343, "Bike": 13.030442081431692, "Bikes": 12.48120135739289, "with": 12.145295764703505, "Fight": 11.915751412134242, "Parrot": 11.90583721248933, "Game": 11.424841661402684, "Thief": 11.26892975025226, "Magic": 10.342178007761785, "Dinosaur": 10.17584233751612, "Milk": 10.073255748741019, "Panda": 9.975675420402155, "Treasure": 9.6269686461126, "Bus": 9.548527219806036, "Car": 9.146260578648493, "Farm": 9.011999246616679, "Race": 8.281079699627748, "Attack": 8.240674284992709, "from": 8.173594924138548, "Video": 7.764201063387209, "Games": 7.746954129129657, "Police": 7.6854108117961495, "Toy": 7.53936054176637, "Tease": 7.339212967364555, "Sells": 7.339212967364555, "Transformers": 6.933747859256391, "Assembly": 6.933747859256391, "Transporter": 6.933747859256391, "Mixer": 6.64606578680461, "Barn": 6.64606578680461, "Cheetah": 6.64606578680461, "RRR": 6.64606578680461, "Farming": 6.4229222354904, "Deer": 6.4229222354904, "Play": 6.284022039405493, "Skateboard": 6.240600678696445, "Super": 6.195772429587617, "Pyramid": 6.086449998869187, "Egypt": 5.835135570588281, "Concrete": 5.729775054930455, "Wooden": 5.729775054930455, "FAT": 5.5474534981365, "Enjoy": 5.5474534981365, "Mummy": 5.467410790462964, "Mango": 5.467410790462964, "Tractor": 5.467410790462964, "Lion": 5.467410790462964, "Fresh": 4.987837710201077, "Plane": 4.987837710201077, "LEGO": 4.941317694566185, "Animated": 4.896865931995351, "Station": 4.896865931995351, "Gameplay": 4.8134843230563, "Juice": 4.774263609903018, "Competition": 4.736523281920172, "Gas": 4.736523281920172, "Village": 4.53585258645802, "Balls": 4.505999623308339, "Fruit": 4.477012086435087, "Rainbow": 4.343480693810564, "Cool": 4.062068234372378, "Cream": 4.043376101360226, "Color": 4.02502696269203, "Cute": 4.007008457189351, "Wild": 3.889225421532968, "Toys": 3.8734770645648284, "Build": 3.798253643327241, "Ice": 3.4890653656544965, "Hot": 3.4372402977899106, "Summer": 3.341012265695357, "Water": 3.253236654812971, "for": 2.4755471340960025, "VS": 2.456411044778184, "vs": 2.1081043505099686, "With": 1.7519643089643056, "at": 1.6832211565447024, "New": 1.6556332000258736, "&": 0.8134504403054402}