{"Kahani": 98.04614834421255, "Moral": 96.05651951803691, "Hindi": 79.26653752776807, "HINDI": 78.01195617642358, "Stories": 64.92591513720821, "KidsOne": 62.25489393977603, "\u0915\u0939\u093e\u0928\u0940": 49.02307417210628, "Chidiya": 39.070471977868365, "\u091a\u093f\u0921\u093c\u093f\u092f\u093e": 36.005518235272426, "Kids": 30.51612772749782, "Cartoon": 26.894899010107828, "Ka": 23.680775833099148, "|Chidiya": 22.831072854938512, "KidsOneHindi": 22.831072854938512, "\u0915\u093e": 20.52421725771847, "\u0915\u0940": 20.171174257580873, "|": 20.12655686693003, "|Moral": 19.535235988934183, "Jadui": 18.672189771578843, "Ki": 15.787183888732764, "Chinki": 15.220715236625676, "\u091a\u093f\u0902\u0915\u0940": 15.220715236625676, "Cartoon|": 15.220715236625676, "Hiran": 15.220715236625676, "\u0969": 15.220715236625676, "Dayaalu": 15.220715236625676, "\u0926\u092f\u093e\u0932\u0941": 15.220715236625676, "Kahani|": 15.220715236625676, "Kidsone": 15.220715236625676, "Dosti": 15.220715236625676, "Kahaniya": 15.136224782553903, "\u091c\u093e\u0926\u0941\u0908": 14.513306688219169, "\u091a\u093f\u0921\u093c\u093f\u092f\u094b\u0902": 13.834420875505785, "chidiya": 13.834420875505785, "Anokha": 13.834420875505785, "\u0939\u093f\u0930\u0923": 13.023490659289456, "|Hindi": 12.448126514385894, "\u0926\u094b\u0938\u094d\u0924\u0940": 12.448126514385894, "\u0905\u0928\u094b\u0916\u093e": 12.001839411757475, "\u0930\u093e\u0928\u0940": 12.001839411757475, "Rani": 11.637196298169565, "for": 11.3738408747307, "wala": 11.328894938515049, "Raja": 10.424924691028934, "\u092c\u0921\u093c\u0940": 10.250901937049674, "Ghar": 10.250901937049674, "\u0930\u093e\u091c\u093e": 10.250901937049674, "Deer": 9.942600577395158, "cartoon": 9.804614834421255, "\u0935\u093e\u0932\u0940": 9.331837278292793, "\u0918\u0930": 8.949726804767376, "Rhymes": 8.784679173565854, "\u0928\u0947": 8.110019113646848, "Fairy": 7.893591944366382, "Himmat|\u091b\u094b\u091f\u0940": 7.610357618312838, "\u0939\u093f\u092e\u094d\u092e\u0924|Chidiya": 7.610357618312838, "Chatur": 7.610357618312838, "Sauteli": 7.610357618312838, "Dukandar": 7.610357618312838, "Gaay": 7.610357618312838, "Aam": 7.610357618312838, "Chatori": 7.610357618312838, "\u091a\u091f\u094b\u0930\u0940": 7.610357618312838, "Cartoon|KidsOne": 7.610357618312838, "Cheel": 7.610357618312838, "\u0926\u093e\u0926\u093e": 7.610357618312838, "Vaalee": 7.610357618312838, "Stories|Chidiya": 7.610357618312838, "Kahani|KidsOne": 7.610357618312838, "|KidsOne": 7.610357618312838, "Chalak": 7.610357618312838, "Balu": 7.610357618312838, "\u0938\u0941\u0930\u0940\u0932\u0940": 7.610357618312838, "\u0938\u094b\u0928\u092a\u0930\u0940": 7.610357618312838, "Sonpari": 7.610357618312838, "\u0905\u0928\u0941\u092d\u0935": 7.610357618312838, "|Anubhav": 7.610357618312838, "Seekh|": 7.610357618312838, "Stories|chidiya": 7.610357618312838, "Aalsi": 7.610357618312838, "Memna": 7.610357618312838, "\u0906\u0932\u0938\u0940": 7.610357618312838, "\u092e\u0947\u092e\u0928\u093e": 7.610357618312838, "Papita": 7.610357618312838, "Akl": 7.610357618312838, "Badee": 7.610357618312838, "Sher": 7.610357618312838, "\u0905\u0915\u094d\u0932": 7.610357618312838, "Chaalbaaz": 7.610357618312838, "\u091a\u093e\u0932\u092c\u093e\u091c": 7.610357618312838, "\u091a\u0941\u0939\u093e": 7.610357618312838, "Stories|Hindi": 7.610357618312838, "Machli": 7.610357618312838, "Sikhaya": 7.610357618312838, "\u092c\u093e\u0926\u0932": 7.610357618312838, "|KidsoneHindi": 7.610357618312838, "Anokhi": 7.610357618312838, "\u0916\u0947\u0932\u0940": 7.610357618312838, "\u0939\u094b\u0932\u0940": 7.610357618312838, "Chidiyon": 7.610357618312838, "\u0926\u093e\u0928\u092a\u0947\u091f\u0940": 7.610357618312838, "Magarmach": 7.610357618312838, "Lagaan": 7.610357618312838, "\u0932\u0917\u093e\u0928": 7.610357618312838, "\u091a\u093f\u0921\u093f\u092f\u093e\u0902": 7.610357618312838, "Insaaf": 7.610357618312838, "\u0924\u094b\u0924\u0947": 7.610357618312838, "\u0907\u0902\u0938\u093e\u092b\u093c": 7.610357618312838, "Story": 6.921158130761285, "Choti": 6.9172104377528925, "\u0938\u094c\u0924\u0947\u0932\u0940": 6.9172104377528925, "\u0926\u0941\u0915\u093e\u0928\u0926\u093e\u0930": 6.9172104377528925, "Chori": 6.9172104377528925, "\u091a\u0940\u0932": 6.9172104377528925, "Billi": 6.9172104377528925, "mili": 6.9172104377528925, "Mota": 6.9172104377528925, "\u092a\u092a\u0940\u0924\u093e": 6.9172104377528925, "\u092e\u092e\u094d\u092e\u0940": 6.9172104377528925, "Chuha": 6.9172104377528925, "Sabak": 6.9172104377528925, "\u0938\u093f\u0916\u093e\u092f\u093e": 6.9172104377528925, "\u0938\u092c\u0915": 6.9172104377528925, "Tote": 6.9172104377528925, "\u0924\u093f\u0924\u0932\u0940": 6.9172104377528925, "\u0938\u091c\u093c\u093e": 6.511745329644728, "\u092c\u093f\u0932\u094d\u0932\u0940": 6.511745329644728, "\u0938\u0940\u0916": 6.511745329644728, "\u0917\u094b\u0932": 6.511745329644728, "Gol": 6.511745329644728, "tales": 6.511745329644728, "Childrens": 6.511745329644728, "Titli": 6.511745329644728, "Badi": 6.224063257192947, "Sone": 6.224063257192947, "Dada": 6.224063257192947, "\u0938\u093f\u0930": 6.224063257192947, "Jadu": 6.224063257192947, "\u091c\u093e\u0926\u0942": 6.224063257192947, "\u092c\u0928\u0940": 6.224063257192947, "\u092e\u093f\u0932\u0940": 6.224063257192947, "\u0930\u094b\u091f\u0940": 6.224063257192947, "Badal": 6.224063257192947, "\u091a\u0924\u0941\u0930": 6.000919705878737, "Saja": 6.000919705878737, "\u0915\u0939\u093e\u0928\u093f\u092f\u093e\u0902": 6.000919705878737, "\u091a\u093e\u0932\u093e\u0915": 6.000919705878737, "Bani": 6.000919705878737, "\u092e\u094b\u091f\u093e": 6.000919705878737, "Balgeet": 6.000919705878737, "\u0905\u0928\u094b\u0916\u0940": 6.000919705878737, "\u091c\u093e\u0928\u0935\u0930\u094b\u0902": 6.000919705878737, "\u092e\u0917\u0930\u092e\u091a\u094d\u091b": 6.000919705878737, "Nursery": 5.875057567701862, "\u0906\u092e": 5.8185981490847825, "\u092e\u091c\u0947\u0926\u093e\u0930": 5.8185981490847825, "\u092d\u093e\u0932\u0942": 5.8185981490847825, "\u092d\u0917\u0935\u093e\u0928": 5.8185981490847825, "\u092e\u091b\u0932\u0940": 5.664447469257524, "\u091c\u0902\u0917\u0932": 5.664447469257524, "\u091a\u094b\u0930\u0940": 5.664447469257524, "\u0917\u093e\u092f": 5.530916076633002, "\u091a\u094b\u0930": 5.530916076633002, "\u0907\u0932\u093e\u091c": 5.530916076633002, "\u0924\u0940\u0928": 5.413133040976618, "\u0936\u0947\u0930": 5.307772525318792, "Roti": 5.307772525318792, "\u0926\u094b": 5.212462345514467, "Mummy": 5.212462345514467, "Children": 5.133865002787181, "\u0938\u094b\u0928\u0947": 4.971300288697579, "Ya": 4.665918639146397, "\u092f\u093e": 4.665918639146397, "Teen": 4.614625344758847, "Aur": 4.565835180589414, "\u0915\u0930\u0928\u0947": 4.519315164954522, "Sir": 4.391481793444637, "Ne": 4.176370413827692, "Tales": 4.144621715513111, "Bird": 4.055009556823424, "Bedtime": 4.026838679856728, "Cat": 3.6983346128846915, "\u0914\u0930": 3.6400657047607154, "\u0938\u0947": 3.4994837541395265, "\u092e\u0947\u0902": 3.467222891921305, "se": 3.376251113715578, "\u0915\u0947": 3.376251113715578, "Songs": 2.683103933155633, "3": 2.450326438630224, "Do": 1.7022746801439066, "New": 1.6015444328702424, "For": 1.4966754384806062}