{"Dungeon": 61.913049874208156, "Quest": 51.87162362426208, "Enchanted": 49.52018098359662, "Roblox": 48.66986462849945, "Mining": 35.98677289822804, "Forest": 34.458331004126364, "In": 34.349257324665594, "*": 23.597138210806005, "Simulator": 20.124255250301925, "LEGENDARY": 16.37152601668136, "UPDATE": 15.292104681627846, "LIVE": 15.028325941101148, "NEW": 14.978797742120037, "Update": 14.23361924173925, "OVERPOWERED": 12.987810846703713, "Spell": 12.380045245899154, "DUNGEON": 11.66669535802169, "TRICKS": 10.85576514180536, "QUEST": 9.915757883313889, "Loadout": 9.915757883313889, "ROBLOX": 9.395959398178295, "TIPS": 9.27885042107682, "[": 9.24037105921553, "]": 9.24037105921553, "PVP": 8.529463522193998, "Galaxy": 8.369378106846925, "Champions": 7.954099377290437, "Arena": 7.832850133657567, "Halloween": 7.7748750599110625, "All": 7.7013307799209505, "(": 7.634417904855122, ")": 7.634417904855122, "Dominus": 7.442785591444945, "MCCRising": 7.442785591444945, "Rotating": 7.442785591444945, "Facecam": 7.442785591444945, "Enchantments": 7.037320483336781, "15,000": 7.037320483336781, "Application": 7.037320483336781, "Causing": 7.037320483336781, "SPELLS": 7.037320483336781, "Gamepass": 6.749638410885, "Kidnapping": 6.749638410885, "Cosmetic": 6.52649485957079, "FACECAM": 6.52649485957079, "Heal": 6.344173302776835, "MAGE": 6.190022622949577, "!": 6.18302724882748, "Northern": 6.056491230325054, "MYTHICAL": 6.056491230325054, "For": 5.988144659335905, "Lands": 5.833347679010845, "Dimensions": 5.833347679010845, "RELEASED": 5.73803749920652, "IMMORTAL": 5.73803749920652, "Dimension": 5.73803749920652, "Gem": 5.65102612221689, "TRADING": 5.570983414543353, "WARRIOR": 5.496875442389632, "Cyber": 5.363344049765109, "PAY": 5.363344049765109, "Codes": 5.363344049765109, "MCC": 5.3027194279486745, "REBIRTH": 5.245561014108726, "ARMOR": 5.245561014108726, "And": 5.220959665746213, "Curse": 5.140200498450899, "Knife": 5.044890318646575, "Theory": 5.044890318646575, "AND": 4.897914831330141, "Pets": 4.8400959060005615, "1.17": 4.768636942018416, "Crafting": 4.768636942018416, "LEAKS": 4.734735390342735, "RELEASE": 4.734735390342735, "WEAPONS": 4.734735390342735, "PICK": 4.670196869205164, "Mistake": 4.63942521053841, "GIVEAWAY": 4.472371125875244, "Store": 4.422360705300583, "Leaks": 4.285785170294832, "Rising": 4.264731761096999, "Anime": 4.264731761096999, "Killer": 4.244112473894264, "Spent": 4.184689053423463, "SMP": 4.1285995867724194, "Become": 4.0754897614584715, "CONFIRMED": 4.0754897614584715, "LEAKED": 4.041588209782789, "Of": 3.9834942757584892, "Been": 3.9770496886452187, "2": 3.9587881826398106, "Which": 3.8592666529888353, "Hour": 3.8454733308564992, "Best": 3.8386533418400512, "Survive": 3.81844465846858, "Chaos": 3.779223945315299, "FAST": 3.681585475751383, "Channel": 3.6250732654880404, "EASY": 3.6033332788516343, "Where": 3.5509652933343183, "Future": 3.5012037837752548, "Is": 3.3804259052386243, "BIGGEST": 3.3652481475392255, "FINALLY": 3.3156512063998536, "|": 3.267856482468404, "?": 3.059100083595059, "WIN": 3.0421825711981283, "Has": 3.006034057081817, "To": 2.910156186429351, "FULL": 2.8578181127743734, "Have": 2.852729043266902, "FINAL": 2.832627863945815, "New": 2.664855028793105, "Live": 2.646995045848204, "Team": 2.582973187083273, "24": 2.490485874361653, "YOU": 2.3738813892247137, "2021": 2.345972601107637, "Do": 2.292388354973531, "Play": 2.174927432381617, "Games": 2.164670932214428, "THIS": 2.079148758776266, "$": 2.0651950440024005, "We": 1.9896035143359931, "With": 1.9034847554543677, "n't": 1.8151644777543081, "TO": 1.7780905054967908, "Minecraft": 1.729052785935576, "I": 1.5863071653460892, "1": 1.4865705025665343, "My": 1.4601095503700425, "How": 1.441370713483795, "The": 1.4105380204295754, "#": 0.9392462011705405, "&": 0.8649242337238984, ":": 0.7426696772410525, "in": 0.662863683972693, "-": 0.4603867694670422}