{"Korean": 212.80189644266858, "British": 152.29732967099517, "try": 96.37470367829896, "first": 66.69791354478204, "Schoolers": 58.68117080102073, "time": 50.813132977326106, "BBQ": 47.845415562087304, "Chicken": 41.6911107929945, "Highschoolers": 41.55357118266281, "for": 34.729002726227954, "High": 34.44355107774776, "Footballers": 30.474969510681653, "the": 24.998315788280973, "Rappers": 21.26462913870547, "REAL": 20.956386950702996, "English": 20.316971580904998, "!": 20.175119947015784, "Fried": 16.264553401002583, "London": 15.52429103754818, "Street": 15.248319551600375, "Tottenham": 15.237484755340827, "Food": 14.546060881790396, "Korea": 14.538460966291895, "go": 14.164819735058776, "Restaurant": 13.199599658406637, "Priest": 13.040260178004607, "Commando": 13.040260178004607, "NOODLE": 12.464896033101045, "First": 12.101226732022939, "Workers": 11.653965816884716, "Toast": 11.3456644572302, "Drivers": 11.078601671981154, "Snacks": 11.078601671981154, "to": 11.060497560047146, "Opened": 10.843035600668388, "Spicy": 9.821384353136406, "Time": 9.202489535304787, "Try": 9.040716575046966, "Bar": 8.881377094644936, "Legends": 8.799733105604425, "Students": 8.645811023332168, "FIRE": 8.573075734990418, "School": 8.569705328617971, "s": 8.21688788139088, "Office": 8.184763706108503, "We": 8.06649422716285, "UK": 7.859725847112954, "+": 7.668442033930339, "Heung-min": 7.618742377670413, "introduces": 7.618742377670413, "Spurs": 7.618742377670413, "Mix-Coffee": 7.618742377670413, "Graders": 7.618742377670413, "Corn-dogs": 7.618742377670413, "Rice-Wine": 7.618742377670413, "Mindblown": 7.618742377670413, "Shaved-Ice": 7.618742377670413, "10-course": 7.618742377670413, "FEAST": 7.618742377670413, "KoreaTown": 7.618742377670413, "Toasts": 7.618742377670413, "queueing": 7.618742377670413, "seaweed": 7.618742377670413, "Choco-Pies": 7.618742377670413, "Cabbies": 7.618742377670413, "traditional": 7.618742377670413, "Street-Toast": 7.618742377670413, "Korean-War": 7.618742377670413, "HEATED": 7.618742377670413, "Headmaster": 7.618742377670413, "decides": 7.618742377670413, "Mind-Blown": 7.618742377670413, "Street-Food": 7.618742377670413, "Tik-tok": 7.618742377670413, "ddukbokki": 7.618742377670413, "\ud83d\udd25": 7.186781373870528, "Fizzy": 6.925595197110468, "Mart": 6.925595197110468, "dried": 6.925595197110468, "7-ELEVEN": 6.925595197110468, "franchise": 6.925595197110468, "Lunches": 6.925595197110468, "reunited": 6.925595197110468, "Vaccinated": 6.925595197110468, "talked": 6.925595197110468, "Shocked": 6.520130089002303, "huge": 6.520130089002303, "Celeb": 6.520130089002303, "SAT": 6.520130089002303, "Veteran": 6.520130089002303, "Traditional": 6.520130089002303, "rose": 6.520130089002303, "Limo": 6.520130089002303, "quitting": 6.520130089002303, "STUDENTS": 6.520130089002303, "in": 6.504001759440129, "...": 6.383104794746311, "Cab": 6.2324480165505225, "students": 6.2324480165505225, "Combos": 6.2324480165505225, "craziest": 6.2324480165505225, "Gentleman": 6.2324480165505225, "Ollie": 6.2324480165505225, "\u2019": 6.192018598671694, "by": 6.16266591104316, "a": 6.031156797596422, "sold": 6.009304465236313, "UNCUT": 6.009304465236313, "meal": 6.009304465236313, "Crown": 6.009304465236313, "a.k.a": 6.009304465236313, "8th": 5.826982908442358, "impression": 5.826982908442358, "CHALLENGE": 5.818424352716159, "Noodles": 5.6728322286151, "players": 5.6728322286151, "heard": 5.6728322286151, "original": 5.6728322286151, "'re": 5.5808572807362244, "WHOLE": 5.539300835990577, "favourite": 5.539300835990577, "start": 5.421517800334194, "\ud83d\udd25\ud83d\udd25": 5.421517800334194, "hits": 5.421517800334194, "outside": 5.421517800334194, "YouTube": 5.382977385026417, "Taxi": 5.316157284676367, "Exam": 5.316157284676367, "different": 5.316157284676367, "react": 5.220847104872043, "Army": 5.133835727882413, "message": 5.053793020208877, "Meal": 5.053793020208877, "Feet": 4.979685048055154, "Reactions": 4.979685048055154, "KFC": 4.979685048055154, ".": 4.966750048312286, "experience": 4.910692176568203, "bought": 4.910692176568203, "Twins": 4.846153655430632, "3000": 4.785529033614197, "Gifts": 4.728370619774249, "Cold": 4.674303398503973, "70": 4.674303398503973, "Beef": 4.674303398503973, "Captain": 4.623010104116422, "Running": 4.623010104116422, "tries": 4.574219939946991, "Comments": 4.574219939946991, "Incredible": 4.440688547322468, "gone": 4.440688547322468, "YouTubers": 4.399866552802212, "React": 4.399866552802212, "\ud83e\udd2f": 4.360645839648932, "Josh": 4.286537867495209, "and": 4.282093099632164, "happened": 4.25144654768394, "Beer": 4.25144654768394, "Burger": 4.25144654768394, "Queen": 4.25144654768394, "still": 4.217544996008258, "Fast": 4.217544996008258, "years": 4.217544996008258, "kids": 4.184755173185267, "food": 4.153006474870687, "from": 4.100795747818633, "trying": 4.092381853054252, "Dinner": 4.035223439214303, "take": 4.035223439214303, "watch": 4.035223439214303, "Squid": 4.0078244650261885, "Viral": 4.0078244650261885, "going": 3.8345527437521523, "been": 3.8120798879000937, "Son": 3.790100981181318, "never": 3.7067193722422673, "Stories": 3.6869167449460876, "Team": 3.6869167449460876, "gets": 3.575691109835863, "our": 3.4916079926253216, "Parents": 3.4756076512788807, "they": 3.356062500629098, "?": 3.3495960700236744, "What": 3.3466435381276765, "after": 3.342076258654358, "'ve": 3.301254264134103, "people": 3.2880090373840822, "best": 3.2749369558167296, "made": 3.2620335509808216, "ft": 3.249294525203392, "TIME": 3.249294525203392, "Crazy": 3.1999017698738155, "FIRST": 3.1528342590158296, "Kids": 3.096953800621373, "all": 3.054394186202577, "we": 2.9002435063753187, "``": 2.8486739731314823, "''": 2.8122725638377895, "Our": 2.7984608120653762, "House": 2.7589299733087413, "up": 2.751207927214831, "of": 2.702813047940166, "\u201c": 2.6699824872922453, "TV": 2.6629153200691524, "\u201d": 2.6629153200691524, "about": 2.6629153200691524, "BEST": 2.581789775256784, "The": 2.543518504805884, "on": 2.528744673746126, "'s": 2.519872439955709, "Game": 2.47124790085696, "that": 2.4539564037468993, "Man": 2.3983865525920884, "People": 2.340627718439896, "Why": 2.2908662088808325, "(": 2.064972087583058, "Best": 2.0580607466548857, ")": 2.055107717602284, "'": 2.0240309980685742, "it": 1.9592601619107923, "you": 1.7751979606390536, "with": 1.276620958949262, "1": 1.1055122667581063, "I": 0.8805898830744563, "#": 0.8618099884228599, "A": 0.7878681430242339}