{"Hearthstone": 175.00043037032535, "Battlegrounds": 155.7448137851535, "LEEROY": 24.40779831601467, "MURLOC": 24.40779831601467, "BUILD": 21.883778413636502, "STILL": 21.323658805484996, "IS": 17.885435623488803, "QUILBOAR": 16.27186554400978, "OZUMAT": 16.27186554400978, "GOOD": 14.916854098962549, "-": 13.811603084011267, "PIRATE": 11.47607499841304, "DIABLO": 11.141966829086707, "BUILDS": 10.605438855897349, "ARE": 9.000403004863886, "META": 8.529463522193998, "HERO": 8.408214278561129, "CHROMA": 8.13593277200489, "FALLBACK": 8.13593277200489, "TRANSITION": 8.13593277200489, "BRISTLEBACK": 8.13593277200489, "ALEXSTRASZA": 8.13593277200489, "MANTID": 8.13593277200489, "DYNAMIC": 8.13593277200489, "HIPSTER": 8.13593277200489, "SWOLEST": 8.13593277200489, "FINS": 8.13593277200489, "FELBAT": 8.13593277200489, "VIABLE": 8.13593277200489, "ZOTH": 8.13593277200489, "ZEPHRYS": 8.13593277200489, "PEGGY": 8.13593277200489, "DELETION": 8.13593277200489, "LIGHTFANG": 8.13593277200489, "GOD-ROLLS": 8.13593277200489, "ELIZA": 7.442785591444945, "TESS": 7.442785591444945, "EXISTS": 7.442785591444945, "SUPERB": 7.442785591444945, "MENAGERIE": 7.442785591444945, "TAUNT": 7.442785591444945, "MECHS": 7.442785591444945, "!": 7.2583363355800845, "NAGA": 6.749638410885, "TOKEN": 6.749638410885, "BONANZA": 6.749638410885, "MINION": 6.52649485957079, "ROLL": 6.52649485957079, "PRETTY": 6.52649485957079, "BG": 6.52649485957079, "NOW": 6.491167287566274, "=": 6.291000370452308, "HUGE": 6.250594955817269, "PIRATES": 6.056491230325054, "CRAZY": 6.03587791917627, "DODGE": 5.9387081946686715, "POST": 5.833347679010845, "WORKS": 5.73803749920652, "PURE": 5.73803749920652, "NERFED": 5.570983414543353, "TAKES": 5.42788257090268, "QUEEN": 5.363344049765109, "LOBBY": 5.363344049765109, "WORK": 5.3027194279486745, "QUICK": 5.19149379283845, "GOAL": 5.19149379283845, "NERF": 5.140200498450899, "BACK": 5.119967337717148, "GUARANTEED": 5.000438556075741, "KNIGHT": 5.000438556075741, "ALIVE": 4.8400959060005615, "BREAKING": 4.580584710515477, "POWER": 4.580584710515477, "\u2019": 4.381024326796631, "GOLDEN": 4.329270282234571, "N": 4.3072913755157956, "MY": 4.249331195201457, "IF": 4.2041071392805645, "DUO": 4.165640858452769, "REALLY": 4.058395328099171, "LOVE": 3.9927980456133576, "DRAGON": 3.8318676788007204, "AGAIN": 3.670024653350307, "THE": 3.616314018159792, "CAN": 3.5408129218703004, "GOD": 3.4538015448806707, "AMAZING": 3.3910006436416404, "IN": 3.2130278674853305, "ULTIMATE": 3.152326150296554, "TEAM": 3.017938959588135, "OP": 2.7468610421883897, "NEW": 2.723417771294552, "ONE": 2.655293848662899, "IT": 2.582973187083273, "FIRST": 2.4660518490243706, "EVER": 2.4557601629878234, "YOU": 2.3738813892247137, "ALL": 2.318821612041686, "THIS": 2.079148758776266, "BEST": 1.899563181801186, "OF": 1.838823452070955, "+": 1.7885435623488801, "2022": 1.702992679265711, "?": 1.5295500417975294, "I": 0.7931535826730446, "3": 0.7644434767906133, "(": 0.4018114686765854, ")": 0.4018114686765854}