{"BF5/BFV": 170.8545882121027, "~": 102.43456091365157, "Battlefield": 75.78086757506642, "Guide": 72.14481736996362, "Dying": 32.200471262652634, "Light": 29.360197226802455, "5": 19.96146088491395, "(": 10.045286716914635, ")": 10.045286716914635, "PANZERB\u00dcCHSE": 8.13593277200489, "ZK-383": 8.13593277200489, "P08": 8.13593277200489, "VGO": 8.13593277200489, "MP34": 8.13593277200489, "M28": 8.13593277200489, "TROMBONCINO": 8.13593277200489, "MG34": 8.13593277200489, "KARABIN": 8.13593277200489, "1938M": 8.13593277200489, "SELBSTLADER": 8.13593277200489, "1916": 8.13593277200489, "BREDA": 8.13593277200489, "M1935": 8.13593277200489, "GEWEHR": 8.13593277200489, "M95/30": 8.13593277200489, "MADSEN": 8.13593277200489, "SUOMI": 8.13593277200489, "KP/-31": 8.13593277200489, "S2-200": 8.13593277200489, "TURNER": 8.13593277200489, "SMLE": 8.13593277200489, "KRAG": 8.13593277200489, "JORGENSEN": 8.13593277200489, "Lockpick": 8.13593277200489, "CARBINE": 7.442785591444945, "M1907": 7.442785591444945, "Dropkick": 7.442785591444945, "SF": 7.037320483336781, "LEWIS": 7.037320483336781, "EMP": 6.749638410885, "monkey": 6.749638410885, "PG": 6.344173302776835, "MG": 6.344173302776835, "Variants": 6.344173302776835, "Heal": 6.344173302776835, "zombie": 6.190022622949577, "public": 6.190022622949577, "Controllers": 6.190022622949577, "Infected": 6.056491230325054, "How": 5.76548285393518, "MP40": 5.570983414543353, "Knew": 5.42788257090268, "+": 5.36563068704664, "Health": 5.3027194279486745, "RIFLE": 5.19149379283845, "BOYS": 4.957878941656944, "Wish": 4.877836233983408, "Types": 4.803728261829686, "Co-op": 4.580584710515477, "Done": 4.580584710515477, "Settings": 4.398263153721522, "//": 4.264731761096999, "Console": 4.165640858452769, "39": 4.025058907831579, "friends": 3.9927980456133576, "2": 3.9587881826398106, "2042": 3.9312401526139245, "Before": 3.7292135247406373, "GUN": 3.693281515514574, "to": 3.5725393968445394, "Zombie": 3.3652481475392255, "in": 3.314318419863465, "Special": 3.092507655085644, "AT": 3.0796869666565825, "Things": 3.02998729810431, "play": 3.02998729810431, "PS5": 2.9826411775071113, "with": 2.7120217290652766, "that": 2.634674561460163, "Playing": 2.6104798328731067, "was": 2.571412364682197, "'m": 2.4025914951071448, "Get": 2.37703099812761, "All": 1.9253326949802376, "Gameplay": 1.8499346774960257, "I": 1.5863071653460892, "10": 1.446333502825924, "for": 1.4352016624570798, "?": 1.0197000278650197, "a": 0.8649242337238984}