{"Dani": 50.10077616348558, "Evan": 50.07920070091119, "y": 39.47382746453037, "de": 31.91105639141132, "el": 25.864655111066533, "en": 25.34206660377246, "DINOSAURIOS": 24.154978670525857, "Jurassic": 19.62262585898431, "T-REX": 18.779700262841693, "la": 16.19737600734768, "Escaneamos": 16.103319113683906, "los": 14.936685773222573, "Dinosaurios": 14.717024752564017, "velociraptor": 14.717024752564017, "dinosaurios": 13.906094536347688, "Dino": 13.66545598612642, "aprender": 13.330730391444126, "Dominion": 13.242220191346703, "El": 13.15794248817679, "Vamos": 11.944436030324235, "Wheels": 11.871944983859558, "del": 11.084852190457084, "para": 10.898456847136067, "vs.": 10.525094323715848, "con": 10.430845735015712, "World": 9.756703024109449, "Hot": 9.330051402697947, "Charlie": 8.99262299070508, "Alive": 8.828146794231136, "Magico": 8.051659556841953, "CREAMOS": 8.051659556841953, "GiGANOTOSAURIO": 8.051659556841953, "VILLANO": 8.051659556841953, "JW": 8.051659556841953, "REXY": 8.051659556841953, "Combates": 8.051659556841953, "PI\u00d1ATA": 8.051659556841953, "cazadores": 8.051659556841953, "TROLEA": 8.051659556841953, "Aprendemos": 8.051659556841953, "ellos": 8.051659556841953, "abren": 8.051659556841953, "monas": 8.051659556841953, "DIRECTO": 8.051659556841953, "OVIRAPTOR": 8.051659556841953, "ROBA": 8.051659556841953, "NIEVE": 8.051659556841953, "construir": 8.051659556841953, "IGLU": 8.051659556841953, "MOSASAURIOS": 8.051659556841953, "PIRA\u00d1AS": 8.051659556841953, "simulador": 8.051659556841953, "CARNIVOROS": 8.051659556841953, "HERBIVOROS": 8.051659556841953, "RAPTORES": 8.051659556841953, "TIGRES": 8.051659556841953, "Simulador": 8.051659556841953, "Elefantes": 8.051659556841953, "Mosasaurio": 8.051659556841953, "conducen": 8.051659556841953, "nave": 8.051659556841953, "salvarle": 8.051659556841953, "Cerdos": 8.051659556841953, "Carreras": 8.051659556841953, "Camiones": 8.051659556841953, "pistas": 8.051659556841953, "!": 7.660382377852313, "Creamos": 7.358512376282008, "Hacemos": 7.358512376282008, "Universo": 7.358512376282008, "trading": 7.358512376282008, "Realidad": 7.358512376282008, "Pista": 7.358512376282008, "X-Ray": 7.358512376282008, "Encontramos": 7.358512376282008, "SIMULADOR": 7.358512376282008, "Scorpios": 7.358512376282008, "Salvajes": 7.358512376282008, "Revolt": 7.358512376282008, "Poder": 6.953047268173844, "He-Man": 6.953047268173844, "conocen": 6.953047268173844, "Misterio": 6.953047268173844, "Brachiosaurus": 6.953047268173844, "Equipo": 6.953047268173844, "hacemos": 6.665365195722063, "pokemon": 6.665365195722063, "Akedo": 6.665365195722063, "toda": 6.665365195722063, "MISTERIOSA": 6.665365195722063, "datos": 6.665365195722063, "nuestros": 6.665365195722063, "tienda": 6.665365195722063, "lead": 6.665365195722063, "Cretaceous": 6.665365195722063, "rescate": 6.665365195722063, "Kissy": 6.442221644407853, "RETO": 6.442221644407853, "MAQUINA": 6.442221644407853, "cosas": 6.442221644407853, "descubre": 6.259900087613898, "Jit": 6.259900087613898, "Giganotosaurus": 6.259900087613898, "otros": 6.259900087613898, "Zu": 6.10574940778664, "juguetes": 6.10574940778664, "sorpresa": 6.10574940778664, "Crate": 6.10574940778664, "wheels": 5.972218015162118, "Poster": 5.854434979505734, "Missy": 5.854434979505734, "Goo": 5.854434979505734, "nuevos": 5.854434979505734, "MOTO": 5.854434979505734, "vs": 5.735325013847095, "cards": 5.653764284043583, "DOMINION": 5.566752907053953, "snow": 5.566752907053953, "GIGANTE": 5.486710199380417, "Masters": 5.343609355739743, "Virtual": 5.279070834602172, "mas": 5.279070834602172, "TRUCK": 5.218446212785738, "nos": 5.1072205776755135, "Rex": 5.1072205776755135, "ver": 5.0559272832879625, "Legs": 4.960617103483638, "CHOCOLATE": 4.916165340912804, "Simulator": 4.873605726494008, "MONSTER": 4.832783731973753, "casa": 4.832783731973753, "Hack": 4.832783731973753, "Trucks": 4.832783731973753, "Dinosaurs": 4.832783731973753, "sobre": 4.793563018820471, "m\u00e1s": 4.7194550466667495, "Camp": 4.684363726855479, "hot": 4.6176723523568075, "a": 4.611810039562903, "Poppy": 4.525299032225792, "Mommy": 4.49631149535254, "Track": 4.49631149535254, "sus": 4.49631149535254, "Magical": 4.49631149535254, "Playtime": 4.3880979107123075, "Treasure": 4.201511955131895, "una": 4.159839258731327, "Y": 4.026307866106804, "Golden": 4.026307866106804, "por": 4.0086082890074035, "us": 3.8469669374509876, "al": 3.832151851665847, "En": 3.817553052244694, "SHOW": 3.817553052244694, "Race": 3.7475944636377836, "Blue": 3.7209262165556227, "Long": 3.6949507301523616, "un": 3.6949507301523616, "Gold": 3.6572104021695147, "Animal": 3.609008300351637, "Monster": 3.476948578338571, "\ud83d\ude31": 3.272536063730424, "Park": 3.2558690112452124, "Crazy": 3.207472470383362, "X": 3.034379720027029, "Battle": 3.0147069544283243, "La": 3.008234439922707, "LIVE": 2.9041650800285006, "100": 2.5878277518163437, ".": 2.4222260551065333, "Challenge": 2.2616993859447003, "4": 1.6171130380545005, "the": 1.6077339501482149, ",": 1.189254935439146, "to": 0.9657580924763426, "in": 0.8298237315535045}