{"guerrero": 64.41327645473562, "nadie": 56.33910078852509, "Coraz\u00f3n": 53.322921565776504, "Mujer": 48.84599526229312, "Luc\u00eda": 40.258297784209766, "Estrellas": 39.992191174332376, "de": 36.16586391026617, "C-3": 32.20663822736781, "laherencia": 32.20663822736781, "C-2": 32.20663822736781, "3/3": 29.861090075810587, "que": 29.559605841218893, "2/3": 29.272174897528668, "Augusto": 27.812189072695375, "Las": 24.265958229656896, "Heriberto": 24.154978670525857, "C-58": 24.154978670525857, "C-57": 24.154978670525857, "1/3": 22.615057136174332, "suena": 22.075537128846026, "en": 20.273653283017968, ":": 18.486189474989708, "|": 18.26177500256188, "se": 17.436556826870586, "con": 17.384742891692856, "Esta": 16.96129285213075, "historia": 16.460130598141248, "su": 16.250702041110717, "la": 16.19737600734768, "D\u00e9borah": 16.103319113683906, "villana": 16.103319113683906, "Cu\u00e9ntamelo": 16.103319113683906, "michellerenaud": 16.103319113683906, "noticia": 16.103319113683906, "Jacobo": 16.103319113683906, "confirma": 16.103319113683906, "C-56": 16.103319113683906, "por": 16.034433156029614, "Elisa": 14.717024752564017, "entera": 14.717024752564017, "AVANCE": 14.717024752564017, "detalles": 13.906094536347688, "'La": 12.884443288815707, "descubre": 12.519800175227797, "Fernando": 11.944436030324235, "c\u00f3mo": 11.708869959011468, "revela": 11.307528568087166, "el": 11.084852190457084, "Pedro": 10.973420398760833, "Juan": 10.82520445445339, "Vol": 9.587126037640942, "est\u00e1": 9.235344704713615, "a": 9.223620079125807, "sus": 8.99262299070508, "Ya": 8.99262299070508, "'": 8.754368810893547, "una": 8.319678517462654, "flechada": 8.051659556841953, "Gertrudis": 8.051659556841953, "planea": 8.051659556841953, "trampa": 8.051659556841953, "convertir\u00e1": 8.051659556841953, "bes\u00e1ndose": 8.051659556841953, "amenaza": 8.051659556841953, "\ud83e\udd2f\ud83d\ude33": 8.051659556841953, "danielelbittar": 8.051659556841953, "elizabeth\u00e1lvarez": 8.051659556841953, "Aub": 8.051659556841953, "'Mujer": 8.051659556841953, "arroja": 8.051659556841953, "escaleras": 8.051659556841953, "Joaqu\u00edn": 8.051659556841953, "Bondoni": 8.051659556841953, "comenzar\u00e1": 8.051659556841953, "loca": 8.051659556841953, "Reforma": 8.051659556841953, "Presentaci\u00f3n": 8.051659556841953, "telenovela": 8.051659556841953, "Isaura": 8.051659556841953, "arrestada": 8.051659556841953, "agredir": 8.051659556841953, "intentaron": 8.051659556841953, "abusar": 8.051659556841953, "dispuesta": 8.051659556841953, "luchar": 8.051659556841953, "Liliana": 8.051659556841953, "Abril": 8.051659556841953, "\ud83e\udd30\ud83c\udffb": 8.051659556841953, "amordividido": 8.051659556841953, "evacede\u00f1o": 8.051659556841953, "gabrielsoto": 8.051659556841953, "coquetea": 8.051659556841953, "Dami\u00e1n": 8.051659556841953, "espiado": 8.051659556841953, "mat\u00edasnovoa": 8.051659556841953, "Cobos": 8.051659556841953, "'Esta": 8.051659556841953, "pedazos": 8.051659556841953, "rol": 8.051659556841953, "Ornellas": 8.051659556841953, "enter\u00f3": 8.051659556841953, "Mariluz": 8.051659556841953, "quede": 8.051659556841953, "los": 7.468342886611286, "un": 7.389901460304723, "del": 7.389901460304723, "fotograf\u00edas": 7.358512376282008, "deshacerse": 7.358512376282008, "enfrenta": 7.358512376282008, "cae": 7.358512376282008, "abuelo": 7.358512376282008, "Tadeo": 7.358512376282008, "Osorio": 7.358512376282008, "Vieth": 7.358512376282008, "unos": 7.358512376282008, "grabar": 7.358512376282008, "recibir\u00e1": 7.358512376282008, "espera": 7.358512376282008, "Jes\u00fas": 7.358512376282008, "enfrentar\u00e1": 7.358512376282008, "cap\u00edtulo": 7.358512376282008, "termina": 7.358512376282008, "hablan": 7.358512376282008, "Madrastra": 7.358512376282008, "padece": 7.358512376282008, "me": 7.197511129719909, "joven": 6.953047268173844, "sufre": 6.953047268173844, "encuentra": 6.953047268173844, "Adri\u00e1n": 6.953047268173844, "fuerte": 6.953047268173844, "Emilio": 6.953047268173844, "protagonistas": 6.953047268173844, "'Mi": 6.953047268173844, "triste": 6.953047268173844, "enga\u00f1o": 6.953047268173844, "Carlota": 6.953047268173844, "Briana": 6.953047268173844, "siendo": 6.953047268173844, "hecho": 6.953047268173844, "Andr\u00e9s": 6.953047268173844, "Palacios": 6.953047268173844, "coronavirus": 6.953047268173844, "Guerrero": 6.953047268173844, "Guadalupe": 6.953047268173844, "Gaby": 6.665365195722063, "queda": 6.665365195722063, "papel": 6.665365195722063, "qued\u00f3": 6.665365195722063, "asegura": 6.665365195722063, "meses": 6.665365195722063, "eres": 6.665365195722063, "t\u00fa": 6.665365195722063, "mi\u00e9rcoles": 6.665365195722063, "Violeta": 6.665365195722063, "Aracely": 6.665365195722063, "Ar\u00e1mbula": 6.665365195722063, "exclusiva": 6.665365195722063, "y": 6.578971244088395, "pone": 6.442221644407853, "coraz\u00f3n": 6.442221644407853, "lugar": 6.259900087613898, "ser\u00e1": 6.259900087613898, "HOY": 6.259900087613898, "hijos": 6.259900087613898, "relaci\u00f3n": 5.972218015162118, "secreto": 5.972218015162118, "importante": 5.972218015162118, "hijo": 5.972218015162118, "semana": 5.972218015162118, "hombre": 5.854434979505734, "nueva": 5.854434979505734, "quiere": 5.854434979505734, "amor": 5.749074463847908, "Carmen": 5.653764284043583, "Marcus": 5.653764284043583, "familia": 5.486710199380417, "Michelle": 5.161287798945789, "Wendy": 5.161287798945789, "ver": 5.0559272832879625, "Este": 5.0559272832879625, "Laura": 4.873605726494008, "#": 4.799587208734003, "red": 4.793563018820471, "Emma": 4.755822690837625, "m\u00e1s": 4.7194550466667495, "como": 4.7194550466667495, "dan": 4.7194550466667495, "\ud83d\udc94": 4.585923654042227, "\ud83d\ude21": 4.555151995375473, "son": 4.267469922923692, "le": 4.223018160352859, "es": 4.100415838260526, "las": 4.081367643289831, "da": 4.062675510277679, "Max": 3.892776473482282, "al": 3.832151851665847, "\ud83d\ude31": 3.272536063730424, "no": 3.074925814421379, "5": 3.0561945013848826, "La": 3.008234439922707, ".": 2.4222260551065333, "!": 0.8511535975391459}