{"ASMR": 108.40558620383707, "Whispers": 64.18649127647109, "Close": 38.83445054061244, "Ear": 38.8321744869555, "Spoken": 38.271875533240745, "Soft": 37.32051454350421, "\ud83d\udca4": 33.23032893402305, "Sounds": 24.484329659976755, "Tasting": 23.81167442497866, "Assortment": 19.93819736041383, "Medical": 15.425965170085007, "|": 15.261679132492775, "Assistant": 13.867495718512782, "Movements": 12.8458444709808, "&": 12.201756604581604, "Layered": 11.90583721248933, "Tingles": 11.90583721248933, "Light": 11.864468112056343, "Tapping": 11.45955010986091, "Triggers": 11.45955010986091, "RP": 11.26892975025226, "Attention": 10.519542851369438, "Exam": 10.519542851369438, "Massage": 10.39829360773657, "Facial": 10.073255748741019, "Snack": 10.073255748741019, "Spa": 9.88263538913237, "Slow": 9.26232553252469, "Luxury": 9.196745886878709, "Low": 8.89768241893678, "Cleaning": 8.686961387621128, "Shop": 8.496341028012479, "Hand": 8.496341028012479, "Deep": 8.05005392538406, "Neurologist": 8.0323601479245, "Cognitive": 8.0323601479245, "Inventor": 8.0323601479245, "\ud83c\uddee\ud83c\uddea": 8.0323601479245, "\ud83d\udca4|": 8.0323601479245, "hr": 8.0323601479245, "\ud83e\udd43": 8.0323601479245, "3DIO": 8.0323601479245, "\u2728Tapping": 8.0323601479245, "Chocolatier": 8.0323601479245, "Candy": 7.715945756057726, "Implants": 7.339212967364555, "Interrogation": 7.339212967364555, "Breathy": 7.339212967364555, "Darker": 7.339212967364555, "Mosaic": 7.339212967364555, "\ud83c\udf6c\ud83c\udf6b": 7.339212967364555, "Bourbon": 7.339212967364555, "Hypnotizing": 7.339212967364555, "Orbital": 6.933747859256391, "Sci": 6.933747859256391, "Hr": 6.933747859256391, "Eating": 6.854379923872818, "Detailed": 6.64606578680461, "\ud83d\udc42": 6.64606578680461, "Sensitive": 6.64606578680461, "\ud83c\udf6c": 6.64606578680461, "Soothing": 6.64606578680461, "Fi": 6.4229222354904, "Tracing": 6.4229222354904, "Wax": 6.4229222354904, "Sleepy": 6.4229222354904, "Patreon": 6.4229222354904, "Appreciation": 6.4229222354904, "\ud83c\uddf9\ud83c\udded": 6.4229222354904, "Whiskey": 6.4229222354904, "\ud83d\udcab": 6.4229222354904, "Tingly": 6.4229222354904, "Barber": 6.4229222354904, "Guaranteed": 6.240600678696445, "Lotion": 6.240600678696445, "Instructions": 6.240600678696445, "Super": 6.195772429587617, "Shave": 6.086449998869187, "Calming": 5.952918606244665, "Powers": 5.835135570588281, "Treatment": 5.835135570588281, "Hearing": 5.835135570588281, "Removal": 5.835135570588281, "Role": 5.835135570588281, "Relief": 5.835135570588281, "\u2615\ufe0f": 5.729775054930455, "Scalp": 5.729775054930455, "Trigger": 5.729775054930455, "Intense": 5.63446487512613, "Letter": 5.5474534981365, "EXTREMELY": 5.5474534981365, "Mic": 5.5474534981365, "Pure": 5.467410790462964, "Ears": 5.467410790462964, "Irish": 5.32430994682229, "Nail": 5.32430994682229, "Speaking": 5.259771425684719, "DEEP": 5.259771425684719, "Thai": 5.199146803868285, "Focus": 5.199146803868285, "Extra": 5.141988390028335, "Mouth": 5.141988390028335, "Memory": 5.08792116875806, "Stress": 5.08792116875806, "Instant": 5.08792116875806, "Finger": 5.08792116875806, "Realistic": 5.0366278743705095, "Haircut": 5.0366278743705095, "Tea": 4.774263609903018, "Anxiety": 4.736523281920172, "Follow": 4.700155637749297, "Classic": 4.566624245124774, "Your": 4.389259401517121, "Eye": 4.368798501794854, "Sleep": 4.248170514006239, "Men": 4.161159137016609, "Talking": 4.120337142496354, "Store": 4.120337142496354, "But": 3.555023333446294, "Gets": 3.5437237781923607, "Test": 3.4680119564566643, "Edition": 3.4680119564566643, "%": 3.359531313462594, "Down": 3.2961616995300047, "-": 3.1770577265174325, "Play": 3.1420110197027467, "Making": 2.9954075455108713, "More": 2.9447638126921163, "to": 2.745463934280468, "for": 2.4755471340960025, "1": 2.4733087455019724, "100": 2.4640156441634034, "No": 2.3975705447552507, "Up": 2.3728779321648794, "(": 2.2343985228443297, ")": 2.189591172591524, "It": 1.9755761346958758, "+": 1.9365355854922757, "For": 1.8502752412078687, "You": 1.6590403583474878, "In": 1.5724556935469656, "My": 1.3705054073791894, "#": 1.0175457966489556, "and": 1.0103837248523406, "2": 0.9900739759847571, "'s": 0.9796390986921775, ",": 0.5951537810532077}