{"Lifetime": 146.53798578687937, "S1": 61.93545358734947, "Flashback": 59.722180151621174, "MAFS": 51.50958663397406, "Atlanta": 50.88387855639225, "Women": 40.81367643289831, "Little": 27.993861287953234, "Fit": 25.806438994728946, "S10": 25.768886577631413, "Fat": 23.779113454188124, "|": 21.183659002971783, "E7": 20.85914180452153, "Married": 19.0232907633505, "Sight": 16.70025872116186, "TextMeWhenYouGetHome": 16.103319113683906, "Lbs": 16.103319113683906, "Monie": 16.103319113683906, "Gains": 16.103319113683906, "E8": 14.717024752564017, "Fitness": 14.49835119592126, "Couples": 14.380689056461414, "S14": 13.906094536347688, "Her": 13.20006752493457, "(": 13.15562533468395, ")": 13.13104020558936, "Client": 12.884443288815707, "Shorts": 12.691154053384857, "E1": 12.519800175227797, ":": 12.324126316659806, "Juicy": 11.307528568087166, "Coach": 10.687218711479487, "-": 10.32499486110252, "His": 10.201605385188907, "Reunion": 10.01427423823706, "to": 9.657580924763426, ",": 8.919412015793595, "React": 8.828146794231136, "\ud83e\udd2a\ud83e\udd55": 8.051659556841953, "DIVISION": 8.051659556841953, "premieres": 8.051659556841953, "Barstow": 8.051659556841953, "Harmon": 8.051659556841953, "McGuire": 8.051659556841953, "MEGA-BATTLE": 8.051659556841953, "Call-Out": 8.051659556841953, "Starz": 8.051659556841953, "POUNDS": 8.051659556841953, "MOTIVATE": 8.051659556841953, "UNFOLLOWED": 8.051659556841953, "E19": 8.051659556841953, "\ud83d\udc76\ud83c\udffb\ud83c\udf7c": 8.051659556841953, "Olajuwon": 8.051659556841953, "Katina": 8.051659556841953, "PROPOSES": 8.051659556841953, "\ud83d\udc8d\ud83d\udc69\ud83c\udffe\u200d\u2764\ufe0f\u200d\ud83d\udc68\ud83c\udffe": 8.051659556841953, "CONFRONT": 8.051659556841953, "Ex-BF": 8.051659556841953, "Miss": 8.017216578014807, "Get": 7.393232695325112, "Recalls": 7.358512376282008, "8/7c": 7.358512376282008, "DEFENDS": 7.358512376282008, "HERSELF": 7.358512376282008, "RUDE": 7.358512376282008, "Lindsey": 7.358512376282008, "BLOCKED": 7.358512376282008, "Twinz": 7.358512376282008, "FACE-OFF": 7.358512376282008, "June": 7.171502876374739, "TAKEN": 6.953047268173844, "BYE": 6.953047268173844, "E6": 6.953047268173844, "E18": 6.953047268173844, "#": 6.719422092227604, "First": 6.685840984076805, "Cheerleader": 6.665365195722063, "GAIN": 6.665365195722063, "S4": 6.665365195722063, "Proposes": 6.665365195722063, "Attic": 6.665365195722063, "Temper": 6.665365195722063, "E2": 6.442221644407853, "JUICE": 6.442221644407853, "Angie": 6.442221644407853, "Melanie": 6.442221644407853, "at": 6.436477561495019, "!": 6.383651981543594, "E5": 6.259900087613898, "Knee": 6.259900087613898, "Carrot": 6.10574940778664, "Disappearance": 6.10574940778664, "DIRTY": 6.10574940778664, "Gain": 6.10574940778664, "Suitcase": 5.972218015162118, "FIRED": 5.972218015162118, "Attempts": 5.972218015162118, "Gets": 5.915818712070383, "She": 5.867331488850397, "Struggles": 5.854434979505734, "Wednesday": 5.749074463847908, "Reach": 5.749074463847908, "QUEEN": 5.749074463847908, "SURPRISES": 5.749074463847908, "Andrea": 5.653764284043583, "E3": 5.653764284043583, "He": 5.557319996556413, "Everybody": 5.486710199380417, "Trainer": 5.412602227226695, "GF": 5.412602227226695, "\ud83d\udc51": 5.412602227226695, "Flowers": 5.412602227226695, "Origin": 5.412602227226695, "6th": 5.343609355739743, "Salon": 5.343609355739743, "Dying": 5.279070834602172, "Buried": 5.279070834602172, "Goals": 5.218446212785738, "Family": 5.192676882968504, "Former": 5.161287798945789, "TRANSFORMATION": 5.161287798945789, "Will": 5.133725246702597, "Weight": 5.0559272832879625, "69": 5.00713711911853, "With": 4.9792273303480545, "Baby": 4.943859461711463, "Man": 4.877062900907767, "Elite": 4.873605726494008, "Lies": 4.873605726494008, "Bring": 4.832783731973753, "EXPOSED": 4.793563018820471, "Worth": 4.755822690837625, "Major": 4.755822690837625, "Health": 4.7194550466667495, "Against": 4.7194550466667495, "Director": 4.684363726855479, "Competition": 4.684363726855479, "July": 4.650462175179798, "Horse": 4.650462175179798, "EX": 4.650462175179798, "a": 4.611810039562903, "Vacation": 4.468140618385844, "Talks": 4.440741644197729, "Husband": 4.440741644197729, "Killer": 4.414073397115568, "Forever": 4.414073397115568, "From": 4.370382999817314, "Dolls": 4.338087490137646, "Bar": 4.338087490137646, "Finds": 4.338087490137646, "Tiny": 4.338087490137646, "WEEK": 4.244997067071634, "Favorite": 4.244997067071634, "While": 4.244997067071634, "Father": 4.201511955131895, "PARTY": 4.201511955131895, "Moment": 4.201511955131895, "Breaks": 4.201511955131895, "Person": 4.201511955131895, "GIRL": 4.180458545934062, "Still": 4.119833924117628, "Together": 4.119833924117628, "Dancing": 4.100415838260526, "Wants": 4.062675510277679, "Daughter": 4.044326371609483, "Drama": 4.044326371609483, "the": 4.019334875370538, "Some": 3.892776473482282, "There": 3.817553052244694, "SHOW": 3.817553052244694, "Would": 3.788979679800638, "60": 3.774993437825898, "OVER": 3.774993437825898, "Help": 3.6822117043749323, "Him": 3.6822117043749323, "and": 3.6448260549631804, "Ca": 3.609008300351637, "Eating": 3.5630231871098137, "Being": 3.5298709797929133, "vs.": 3.5083647745719495, "2022": 3.4798494953780783, "Girls": 3.2809749323762887, "25": 3.239475201469536, "18": 3.2313779912369167, "OUT": 3.2233458195396523, "``": 3.1897798025395803, "''": 3.177260199842567, "Down": 3.1316786310138287, "They": 3.117185623711262, "Over": 3.0477132508964946, "Has": 3.034379720027029, "Fun": 3.0277790359956773, "Compilation": 3.008234439922707, "Friends": 2.9702551918574907, "Did": 2.8868735829184393, "Our": 2.881175561803802, "Dance": 2.847652869765158, "up": 2.809912541782311, "Not": 2.7433918594407487, "Season": 2.7433918594407487, "By": 2.695073282169941, "ft.": 2.6763811491577885, "Be": 2.6311245575696676, "on": 2.5276291490647482, "Story": 2.52223046933053, "Why": 2.5103960116835276, "'s": 2.4719911743398963, "Movie": 2.464410898441704, "'S": 2.4569481772401143, "The": 2.441356668497346, "Are": 2.420447775020588, "Out": 2.3921773410823324, "Trailer": 2.368079789503272, "Who": 2.3646842005021336, "One": 2.3512159834512674, "Official": 2.267834374512216, "Do": 2.151762203259462, "n't": 1.9694406464655074, "This": 1.931362137891003, "It": 1.9139325027557195, "of": 1.7940883998565813, "For": 1.778782550295786, "in": 1.659647463107009, "New": 1.602770162695096, "5": 1.5280972506924413, "You": 1.5178707189086098, "In": 1.4436589315458666, "To": 1.424941807592929, "?": 1.3390703822088819, "for": 1.242620250798974}