{"JON": 139.81173514935816, "SAT": 110.37768564423013, "LIL": 101.52857775905512, "YEAAAAAHHHH": 56.36161689789367, "LIVE": 43.56247620042751, "TURN": 27.063011136133476, "EST": 26.661460782888252, "LIVEEEE": 24.154978670525857, "SHOWS": 22.075537128846026, "AUG": 22.075537128846026, "JULY": 19.32666493322356, "YING": 16.103319113683906, "BEATKING": 16.103319113683906, "BACKKKK": 16.103319113683906, "YEAHHHH": 16.103319113683906, "UP": 15.844288171277913, "WE": 14.913776773108609, "QUEENDOM": 14.717024752564017, "NOV": 14.717024752564017, "JAN": 13.906094536347688, "THROW": 12.884443288815707, "PILOT": 12.884443288815707, "DOCTOR": 11.708869959011468, "YANG": 11.498148927695816, "TWINS": 11.133505814107906, "SET": 10.82520445445339, "MAY": 10.436892425571475, "IM": 10.322575597891579, "STREAM": 10.111854566575925, "NFT": 9.921234206967275, "AT": 9.92018228543611, "DAT": 9.747211452988015, "feat": 9.742915536326091, "COME": 9.171847308084454, "!": 8.937112774161031, "EPISODE": 8.881483288395458, "2020": 8.171350164157118, "OOBIE": 8.051659556841953, "VYBZ": 8.051659556841953, "KARTEL": 8.051659556841953, "7PM": 8.051659556841953, "FEB23": 8.051659556841953, "FEB": 8.051659556841953, "8PM": 8.051659556841953, "YOOOO": 8.051659556841953, "DOIN": 8.051659556841953, "1OHR": 8.051659556841953, "4PM": 8.051659556841953, "6PM": 8.051659556841953, "Hort": 8.051659556841953, "Oobie": 8.051659556841953, "Bently": 8.051659556841953, "Bentayga": 8.051659556841953, "outfitted": 8.051659556841953, "Startech": 8.051659556841953, "27TH": 8.051659556841953, "NIGHT": 7.849050343593724, "BEST": 7.776222128093384, "AUCTION": 7.358512376282008, "BYOB": 7.358512376282008, "Chyna": 7.358512376282008, "SEPT": 7.358512376282008, "rims": 7.358512376282008, "DJ": 7.171502876374739, "ELEPHANT": 6.953047268173844, "BITCH": 6.953047268173844, "WED": 6.953047268173844, "STARTS": 6.953047268173844, "OF": 6.935599933988158, "kit": 6.665365195722063, "BACK": 6.596138731471178, "BDAY": 6.442221644407853, "STARTING": 6.442221644407853, "MARCH": 6.259900087613898, "TONIGHT": 5.972218015162118, "MARATHON": 5.854434979505734, "CONTROL": 5.749074463847908, "Featuring": 5.749074463847908, "JUNE": 5.749074463847908, "TODAY": 5.653764284043583, "Bitch": 5.653764284043583, "8th": 5.566752907053953, "15th": 5.161287798945789, "THE": 5.009530618307567, "Jon": 4.793563018820471, "GOES": 4.755822690837625, "NEXT": 4.7194550466667495, "P": 4.585923654042227, "AN": 4.338087490137646, "CHRISTMAS": 3.974122112936234, "27": 3.8469669374509876, "MAN": 3.788979679800638, "Lil": 3.7612001156935624, ".": 3.6333390826598, "gets": 3.597312260588446, "White": 3.5298709797929133, "23": 3.4266867435576827, "GOT": 3.3882204627298864, "19": 3.378830722380047, "TIME": 3.36031167461281, "21": 3.351179191049537, "22": 3.351179191049537, "17": 3.315461108447458, "DAY": 3.272536063730424, "25": 3.239475201469536, "``": 3.1897798025395803, "''": 3.177260199842567, "Just": 3.146384778403524, "his": 2.989064523814987, "30": 2.9336657444251983, "11": 2.8983679623441745, "&": 2.879778348461951, "IT": 2.820550939987367, "AND": 2.7286495777035453, "FOR": 2.704552026124485, "15": 2.6223139278875127, "IS": 2.479505524664189, "24": 2.460672576331097, "MY": 2.442187761656994, "1": 2.4265087119892197, "$": 2.289608174061777, "7": 2.1739237750623146, "-": 2.173683128653162, "TO": 2.1490262234405875, "A": 1.7816273003553091, ",": 1.189254935439146, "with": 1.1419062751971434, "I": 1.0828091785000056, "2": 0.9159722098138096, "and": 0.9112065137407951, "(": 0.6577812667341976, ")": 0.656552010279468}