{"Stubborn": 125.96029088635966, "Husky": 80.05251030722874, "refuses": 19.597987204634165, "husky": 14.382408856502144, "manipulator": 14.193442756989521, "list": 12.80714839586963, "master": 10.97456693212132, "nice": 9.22362945741352, "brother": 8.915328097759003, "he": 8.676086277311382, "need": 7.39104799366521, "bury": 7.0967213784947605, "whether": 7.0967213784947605, "Protests": 7.0967213784947605, "lets": 7.0967213784947605, "defiance": 7.0967213784947605, "Dunkin": 7.0967213784947605, "protests": 7.0967213784947605, "convincing": 7.0967213784947605, "Protesting": 7.0967213784947605, "rawhide": 7.0967213784947605, "mom": 7.0264048800773, "eat": 6.409802160768267, "just": 6.409802160768267, "pill": 6.403574197934815, "refill": 6.403574197934815, "Shep": 6.403574197934815, "Diva": 6.403574197934815, "go": 6.10734022132042, "tantrum": 5.9981090898266505, "bowl": 5.9981090898266505, "Drunk": 5.9981090898266505, "obstacle": 5.9981090898266505, "Laziest": 5.9981090898266505, "Quiet": 5.9981090898266505, "scratches": 5.9981090898266505, "howling": 5.9981090898266505, "throws": 5.71042701737487, "Patient": 5.71042701737487, "Cone": 5.71042701737487, "Zeus": 5.71042701737487, "food": 5.585312570581181, "received": 5.48728346606066, "bone": 5.48728346606066, "Antics": 5.48728346606066, "course": 5.48728346606066, "Seat": 5.48728346606066, "to": 5.319269531438235, "jealous": 5.304961909266705, "destroys": 5.304961909266705, "demands": 5.304961909266705, "shepherd": 5.304961909266705, "reacts": 5.150811229439447, "fails": 5.150811229439447, "attempt": 5.150811229439447, "steals": 5.017279836814924, "doesn": 5.017279836814924, "Howling": 5.017279836814924, "Tug": 5.017279836814924, "Demands": 5.017279836814924, "baby": 4.8477850880657085, "tired": 4.794136285500715, "new": 4.703578500263021, "Puzzle": 4.69882610569639, "thinks": 4.69882610569639, "mad": 4.69882610569639, "newborn": 4.61181472870676, "crying": 4.61181472870676, "is": 4.553186741859914, "leave": 4.457664048879502, "beach": 4.457664048879502, "bad": 4.206349620598596, "news": 4.206349620598596, "visit": 4.206349620598596, "'s": 4.185699572149187, "bed": 4.052198940771337, "makes": 4.052198940771337, "days": 4.052198940771337, "let": 4.005678925136444, "Front": 4.005678925136444, "vet": 4.005678925136444, "Treat": 4.005678925136444, "because": 4.005678925136444, "Always": 3.9612271625656104, "Wants": 3.8386248404732783, "War": 3.8008845124904314, "tries": 3.7645168683195562, "Some": 3.6309854756950335, "Head": 3.4858034658505357, "toy": 3.4591352187683744, "know": 3.4591352187683744, "Shepherd": 3.4331597323651137, "made": 3.3355212628011977, "Moments": 3.312531744576499, "water": 3.2900588887244404, "Toy": 3.0893881932622893, "little": 3.0713696877596113, "what": 2.985847514321449, "t": 2.9535866521032275, "over": 2.9223341085991232, "and": 2.7858557327437565, "Gets": 2.77923326495845, "make": 2.7529159566410764, "He": 2.7529159566410764, "can": 2.6659045796514467, "the": 2.5976620638141883, "Christmas": 2.511753899824188, "first": 2.442761028337237, "out": 2.378222507199666, "time": 2.334547443697004, "his": 2.236908974133088, "of": 2.175328593788712, "vs": 2.0029711776879977, "it": 1.996854950670562, "with": 1.8584097752128381, "you": 1.7884536810935554, "\u2019": 1.7354292127853352, "What": 1.5995531532015583, "...": 1.437239162735139, "at": 1.3633801015970148, "a": 1.2767661902999408, ":": 1.0854542040905986, "for": 0.9941627838811914, "The": 0.7440919821751939, "in": 0.7132147436107544, "!": 0.4171221926503772}