{"Trying": 46.20697124957254, "see": 38.37624715374287, "if": 35.73810124329149, "they": 35.45236751885093, "work": 29.77296262736529, "Hacks": 21.471621196185197, "FABFITFUN": 21.34430834509939, "HACKS": 19.33769490153502, "EXPENSIVE": 18.689689651989035, "Girly": 17.185425261739717, "BOTTLED": 15.615833257852817, "Shopping": 14.898014458120537, "SECTION": 14.229538896732926, "FOOD": 14.125002039641412, "2019": 12.217305751280175, "Haul": 11.216981108018576, "Clothing": 10.85478566069995, "From": 10.742172065833937, "Unboxing": 10.735810598092598, "Box": 10.665012289694994, "LIFE": 10.328679820852829, "Try": 9.767762455618229, "Fall": 9.638390336375455, "WISH": 9.624368710744834, "BUYING": 9.624368710744834, "Japan": 9.433748351136185, "WATER": 9.344844825994517, "MY": 9.273366473193121, "HAUL": 9.129854759178498, "CHEAP": 8.448795380940597, "Work": 8.293474536021487, "Dollar": 8.288709965593524, "OUTFIT": 7.873431236037035, "7-ELEVEN": 7.807916628926408, ".Luxury": 7.807916628926408, "Thrus": 7.807916628926408, "SSSniperWolf": 7.807916628926408, "On": 7.754478863170537, "EVERY": 7.7133458206899626, "Life": 7.577654493152553, "CLOTHING": 7.565129876382518, "Eating": 7.176817847500604, "I": 6.949301463079203, "Store": 6.876937552918774, "to": 6.731773426959233, "Uploading": 6.709304340258298, "VSCO": 6.709304340258298, "Eat": 6.550634271546305, "Guessing": 6.421622267806518, "SOMEONE": 6.421622267806518, "CREDIT": 6.421622267806518, "THRIFTING": 6.421622267806518, "PH": 6.421622267806518, "REGRET": 6.198478716492308, "BLINDFOLDED": 6.198478716492308, "JAPAN": 6.016157159698354, "TASTE": 6.016157159698354, "TRY": 5.865438611450514, "Hired": 5.862006479871095, "MENS": 5.862006479871095, "FITS": 5.862006479871095, "DECIDE": 5.862006479871095, "Flavored": 5.728475087246572, "Boba": 5.728475087246572, "Dressed": 5.728475087246572, "Goods": 5.610692051590189, "Letting": 5.610692051590189, "Stylist": 5.5053315359323625, "TAKE": 5.5053315359323625, "COSTUMES": 5.5053315359323625, "Area": 5.5053315359323625, "Coachella": 5.410021356128038, "BAKING": 5.410021356128038, "CARD": 5.3230099791384085, "FRONT": 5.3230099791384085, "HAIR": 5.2977226594237585, "51": 5.242967271464872, "Polly": 5.242967271464872, "GONE": 5.1688592993111495, "Celebrities": 5.1688592993111495, "SIZE": 5.099866427824199, "PROM": 5.099866427824199, "DRESSES": 5.099866427824199, "Person": 5.035327906686628, "At": 5.029223608403832, "Beauty": 4.931164753923195, "COOKIES": 4.917544871030244, "Food": 4.874557201597492, "MYSTERY": 4.863477649759968, "Transforming": 4.863477649759968, "THRIFT": 4.812184355372417, "Tok": 4.763394191202986, "Prom": 4.763394191202986, "Thrift": 4.763394191202986, "that": 4.7571419999439355, "Gadget": 4.716874175568092, "Brands": 4.672422412997259, "DISNEY": 4.672422412997259, "COOKING": 4.672422412997259, "ON": 4.671291910509868, "What": 4.605118867140723, "My": 4.574030434304003, "Dresses": 4.549820090904927, "Tik": 4.512079762922079, "Together": 4.512079762922079, "Tested": 4.475712118751205, "vs": 4.471525193497288, "FAVORITE": 4.440620798939935, "STORE": 4.440620798939935, "Quarantine": 4.373929424441262, "Useful": 4.373929424441262, "KIDS": 4.373929424441262, "WORKOUT": 4.373929424441262, "Rare": 4.342180726126682, "Through": 4.342180726126682, "DECOR": 4.311409067459929, "HOURS": 4.252568567436995, "Friend": 4.2243976904702984, "Target": 4.196998716282184, "+": 4.149142815063062, "the": 4.14851443147855, "Personal": 4.144354982796762, "Taste": 4.144354982796762, "Actually": 4.144354982796762, "WRONG": 4.144354982796762, "Mystery": 4.07024701064304, "Drive": 4.07024701064304, "myself": 4.046716513232846, "Weird": 4.046716513232846, "cream": 4.023726995008147, "Items": 4.023726995008147, "actually": 4.023726995008147, "CRAZY": 3.9792752324373133, "HOLIDAY": 3.95776902721635, "TEST": 3.916096330815782, "WORLD": 3.8958936234982624, "Closet": 3.8958936234982624, "AN": 3.8958936234982624, "IN": 3.8715976789019853, "Restaurant": 3.8566729103449813, "CAR": 3.8566729103449813, "THINGS": 3.837624715374287, "TESTING": 3.8005834436939376, "WORK": 3.7474736183799893, "Tried": 3.713572066704308, "Dinner": 3.713572066704308, "Going": 3.713572066704308, "Princess": 3.713572066704308, "in": 3.6987231426918337, "See": 3.6970427647530975, "Cheap": 3.6970427647530975, "Budget": 3.6970427647530975, "TRYING": 3.664781902534876, "ONLY": 3.664781902534876, "Vintage": 3.6335293590307716, "HALLOWEEN": 3.618261886899983, "SHOPPING": 3.603224009535442, "As": 3.573810124329149, "Cook": 3.5594213868770495, "AMAZING": 3.531250509910353, "been": 3.5038515357222386, "Fast": 3.490428515390098, "Instagram": 3.4771832886400773, "Friends": 3.4771832886400773, "Outfit": 3.4641112070727247, "Home": 3.4605487711547482, "Favorite": 3.4512078022368167, "Drink": 3.4512078022368167, "Go": 3.4512078022368167, "They": 3.438468776459387, "Workout": 3.3890760211298105, "Best": 3.388468898188355, "Only": 3.3535693326729006, "Day": 3.293418614462664, "DIY": 3.2766117928699052, "UNBOXING": 3.2646218466564045, "If": 3.2435684374585723, "ONE": 3.2332056504230255, "In": 3.222945002263776, "Ultimate": 3.2127967787918186, "CHALLENGE": 3.153956278768885, "A": 3.129513257151552, "...": 3.096670329722971, "got": 3.089417757631314, "SUMMER": 3.062984500563158, "ALL": 3.054326437820044, "Winter": 3.0457426941286525, "For": 3.0401161375292483, "Girl": 3.0372320044607437, "Testing": 3.028793135814879, "Secret": 2.9876350633213717, "Ice": 2.932719305725257, "Products": 2.902641850487979, "ROUTINE": 2.902641850487979, "Halloween": 2.8952617431903565, "have": 2.8174840421476723, "HOME": 2.797281334830153, "into": 2.7019711550258276, "24": 2.6374326338882566, "Tour": 2.6317668963525795, "The": 2.5684333935824912, "2020": 2.54005846986308, "Challenge": 2.451330354254396, "Mini": 2.4326382212422435, "Time": 2.327277705584417, "(": 2.320586097032716, "Why": 2.2985282922984314, "Making": 2.262739184446846, ")": 2.2578113567599707, "First": 2.202114562630411, "Christmas": 2.18389912273907, "Summer": 2.1414899408139765, "$": 2.0617134383862554, "n't": 2.024091446596671, "an": 2.0149030205422647, "Me": 1.9997741389459647, "2": 1.8987031882700864, "of": 1.8407281145235816, "for": 1.557658129553493, "Easy": 1.5445183663347848, "at": 1.529395204760564, "on": 1.2611312181658845, "a": 1.2526493686290872, "To": 1.2162428969177503, "1": 1.148622709242771, "How": 0.7895148298572078, "and": 0.6858567472972661, "!": 0.34455358340638764}