{"Retreat": 30.432249994345938, "Writing": 29.175677852941405, "Symptoms": 24.96240271478578, "COVID": 22.83312122562387, "Day": 16.129623905809176, "Experience": 16.10010785076812, "Story": 14.785931663453367, "Our": 12.717112108839071, "Future": 11.915751412134242, "Self": 8.737597003589707, "Hello": 8.637576162440386, "Talking": 8.240674284992709, "My": 8.223032444275136, "Doodies": 8.0323601479245, "does\u2026": 8.0323601479245, "accident\u2026": 8.0323601479245, "Atlas": 7.339212967364555, "Push-ups": 7.339212967364555, "often": 7.339212967364555, "Penny": 6.933747859256391, "Pockets": 6.933747859256391, "Bunch": 6.64606578680461, "Silly": 6.64606578680461, "Lemonade": 6.64606578680461, "Gadget": 6.64606578680461, "Shaming": 6.64606578680461, "doesn": 6.4229222354904, "Creepiest": 6.4229222354904, "Apprentice": 6.240600678696445, "ATTACKED": 6.086449998869187, "Such": 6.086449998869187, "Spoon": 5.952918606244665, "Kids": 5.864987440200604, "Drag": 5.835135570588281, "storm": 5.835135570588281, "Cabin": 5.835135570588281, "Cliff": 5.835135570588281, "Regrets": 5.729775054930455, "Drinking": 5.467410790462964, ":": 5.431730784126366, "was": 5.370505234414063, "Mean": 5.32430994682229, "Kitty": 5.32430994682229, "Mr.": 5.259771425684719, "Peace": 5.259771425684719, "RIP": 5.199146803868285, "TELL": 5.199146803868285, "Dealing": 5.141988390028335, "Angry": 5.0366278743705095, "ll": 4.896865931995351, "|": 4.819477620787191, "Bubble": 4.774263609903018, "Bath": 4.631162766262345, "Thing": 4.631162766262345, "Saying": 4.505999623308339, "Recipes": 4.477012086435087, "win": 4.318788081220193, "HAD": 4.271160032230938, "shorts": 4.194931904609826, "I": 4.091804860863454, "and": 4.0415348994093625, "Could": 4.02502696269203, "Pizza": 4.007008457189351, "There": 3.98930888008995, "Kid": 3.971917137378081, "TRUTH": 3.857972878028863, "Been": 3.8427054058980747, "Boy": 3.827667528533534, "Biggest": 3.812852442748394, "-": 3.812469271820919, "Cat": 3.6885547260708167, "Morning": 3.625640900660247, "HER": 3.589708891434184, "Found": 3.589708891434184, "Beautiful": 3.5664520292699167, "See": 3.5664520292699167, "he": 3.52150064140765, "Dad": 3.4372402977899106, "when": 3.427189961936409, "Friends": 3.253236654812971, "Easy": 3.2448684051424546, "The": 3.184083220680627, "Old": 3.1648256974689177, "but": 3.1420110197027467, "Just": 3.1420110197027467, "\u2019": 3.123121288283797, "Funny": 3.1051064627672957, "He": 3.021724853828245, "To": 2.9768966047194163, "t": 2.884865671111047, "Tour": 2.8733048487099713, "like": 2.8618761528863486, "Have": 2.795918185094551, "that": 2.7800867198778705, "Most": 2.714240154080284, "Who": 2.675773873252488, "Make": 2.5899424374027067, "Can": 2.5392987045839517, "Are": 2.5311019373797734, "All": 2.491096602766074, "A": 2.4646250833568404, "100": 2.4640156441634034, "Challenge": 2.4302413270447993, "with": 2.429059152940701, "an": 2.415589050257929, "8": 2.3940054785907545, "7": 2.185921372866776, "Life": 2.079116813636716, "#": 2.0350915932979112, "6": 2.021092973520339, "!": 2.016781291357716, "of": 1.9540946091694973, "On": 1.8946330938382663, "TO": 1.8732647594325673, "a": 1.7806471464353955, "You": 1.6590403583474878, "THE": 1.5787351490318087, "5": 1.563109831128728, "...": 1.45728430732488, "is": 1.4216641032067412, "3": 1.2918407883182772, "for": 1.2377735670480012, "1": 1.2366543727509862, "2": 0.9900739759847571, "'s": 0.9796390986921775, ")": 0.7298637241971746, ",": 0.5951537810532077}