{"\ud83d\udc83": 48.479166379773275, "\u062c\u0631\u0628\u0646\u0627": 45.640910623016126, "\u0627\u063a\u0631\u0628": 34.96189745065415, "\u0644\u0623\u0648\u0644": 31.16224008275261, "\u0641\u064a": 24.219015060175188, "\u0627\u0634\u062a\u0631\u064a\u0646\u0627": 22.856227133011238, "\u0645\u0646\u062a\u062c\u0627\u062a": 20.776785591331404, "\u0645\u0646": 17.62198907724156, "\u0645\u0627\u0643\u0646\u0634": 15.237484755340827, "\u0627\u0644\u0645\u0646\u062a\u062c\u0627\u062a": 15.237484755340827, "\u0627\u0648\u0646\u0644\u0627\u064a\u0646": 15.237484755340827, "\u062d\u0627\u062c\u0647": 15.237484755340827, "\u0627\u0644\u0623\u0643\u0644": 15.237484755340827, "\u0623\u0648\u0631\u062f\u0631": 15.237484755340827, "\u0643\u064a\u062f\u0627\u0647\u0645": 15.237484755340827, "\u0639\u0644\u064a": 14.022910195511919, "\u0645\u0634\u062a\u0631\u064a\u0627\u062a": 13.851190394220936, "\u0644\u064a\u0646\u0627": 13.851190394220936, "\u0635\u0646\u0639\u0646\u0627": 13.851190394220936, "\u0623\u063a\u0631\u0628": 11.3456644572302, "\u0645\u0631\u0629": 10.632314569352735, "\u0627\u0643\u0628\u0631": 10.441694209744085, "\u0642\u0628\u0644": 9.821384353136406, "\u0627\u0644\u064a": 9.571058067228394, "\u0627\u0644\u0639\u064a\u062f": 9.456741239548498, "\u0627\u0644\u0639\u0627\u0644\u0645": 9.348606797007946, "\u0643\u0644": 8.435089992016517, "\u0628\u0639\u062f": 8.369510346370534, "\u0627\u0644\u0634\u064a\u0641": 7.618742377670413, "\u0634\u0631\u0628\u064a\u0646\u064a": 7.618742377670413, "\u0627\u0644\u0639\u0634\u0645\ud83d\ude31": 7.618742377670413, "\u0627\u0644\u0645\u0635\u0627\u064a\u0628": 7.618742377670413, "\u062f\u064a\ud83d\ude2d\u0627\u0644\u062d\u0645\u062f": 7.618742377670413, "\u0627\u0644\u0644\u062e\u0628\u0637\u0629\ud83d\ude02\u0648\u0627\u0644\u0639\u0642\u0627\u0628": 7.618742377670413, "\u0627\u0644\u0645\u0634\u064a": 7.618742377670413, "\u0627\u0644\u062f\u0627\u0626\u0631\u064a\ud83d\ude05": 7.618742377670413, "\u0627\u0644\u0627\u0645\u0631\u064a\u0643\u064a\u0647": 7.618742377670413, "\ud83d\udc83\u062c\u0626\u0646\u0627": 7.618742377670413, "\u062c\u0627\u062a\u0644\u0646\u0627": 7.618742377670413, "\u0627\u0644\u0641\u0631\u062d\u2764\ufe0f\ud83d\udc83": 7.618742377670413, "\u062c\u064a\u0646\u0627": 7.618742377670413, "\u0627\u0644\u0647\u0646\u0627": 7.618742377670413, "\u0628\u0633\u0646\u0647\ud83d\ude02": 7.618742377670413, "\ud83e\uddd0\u062c\u0628\u0646\u0627": 7.618742377670413, "\u0627\u0644\u0639\u064a\u062f\ud83d\udc83": 7.618742377670413, "\u0645\u062e\u0628\u0648\u0632\u0627\u062a": 7.618742377670413, "\u0641\u0631\u0646\u0633\u064a\u0629": 7.618742377670413, "\u0628\u0627\u0644\u0641\u062d\u0645": 7.618742377670413, "\ud83d\ude2d\u0627\u0644\u0637\u0639\u0645": 7.618742377670413, "\u0627\u0644\u062a\u0648\u0642\u0639\u0627\u062a\ud83d\ude21": 7.618742377670413, "\u0641\u0631\u062d\u0647": 7.618742377670413, "\u0645\u0642\u0627\u0631\u0646\u0647": 7.618742377670413, "\u0627\u062d\u0644\u064a": 7.618742377670413, "\u0645\u0635\u0631\ud83d\ude0d": 7.618742377670413, "\u0639\u0632\u0645\u062a\u0647\u0627": 7.618742377670413, "\u0628\u062a\u062d\u0628\u0647\u0627\u2764\ufe0f\ud83d\ude05": 7.618742377670413, "\u0645\u0633\u062a\u0648\u0631\u062f\u0647\ud83d\udc83\u062a\u0642\u0631\u064a\u0628\u0627": 7.618742377670413, "\u062d\u0628\u0627\u0631": 7.618742377670413, "\u0645\u064a\u062a": 7.618742377670413, "\u0627\u0644\u0639\u0635\u0627\u0626\u0631": 7.618742377670413, "\ud83e\udd23\u0631\u0636\u0639\u0629": 7.618742377670413, "\u062a\u0643\u0633\u0628\ud83d\udc83\u2764\ufe0f": 7.618742377670413, "\u0627\u0644\u062a\u0631\u0643\u064a": 7.618742377670413, "\u0645\u0631\u0629\ud83d\udc83\u062e\u0644\u0627\u0635": 7.618742377670413, "\u0647\u0646\u0633\u0627\u0641\u0631": 7.618742377670413, "\u062a\u0631\u0643\u064a\u0627\ud83e\udd23\ud83d\udc8b": 7.618742377670413, "\u0627\u0641\u062a\u0643\u0627\u0633\u0627\u062a": 7.618742377670413, "\u0627\u0644\u062d\u0644\u0648\u064a\u0627\u062a": 7.618742377670413, "\u0631\u0645\u0636\u0627\u0646\ud83d\ude31\u062c\u0627\u0644\u0646\u0627": 7.618742377670413, "\u0647\u0628\u0648\u0637\ud83e\udd23\ud83d\udc83": 7.618742377670413, "\u0641\u0637\u0631\u0646\u0627": 7.618742377670413, "\u0637\u0644\u0628\u062a\u0644\u0647\u0627": 7.618742377670413, "\u0628\u0645\u0646\u0627\u0633\u0628\u0647": 7.618742377670413, "\u0637\u0644\u0628\u0646\u0627": 7.618742377670413, "\ud83d\ude13\u062e\u0633\u0631\u0646\u0627": 7.618742377670413, "\u0648\u0631\u0627\u0646\u0627": 7.618742377670413, "\u0628\u0642\u064a\u062a\u064a": 7.618742377670413, "\u0631\u0627\u062c\u0644": 7.618742377670413, "\u0647\u062a\u0639\u0645\u0644\u064a": 7.618742377670413, "\u0627\u064a\u0647\ud83d\ude02\u0631\u062f": 7.618742377670413, "\u0635\u062f\u0645\u0646\u0627\ud83d\ude02": 7.618742377670413, "\u0633\u0627\u0628\u0643": 7.618742377670413, "\u062c\u0627\u0644\u0643\ud83e\uddd0": 7.618742377670413, "\u0627\u0644\u0623\u0648\u0644\u064a": 7.618742377670413, "\u0647\u0627\u0646\u0645\ud83d\udc83": 7.618742377670413, "\u0643\u062f\u0627": 7.618742377670413, "\ud83d\udc83\u0628\u062f\u0648\u0646": 7.618742377670413, "\u0646\u0647\u0627\u064a\u0629\ud83e\udd23\u2764\ufe0f": 7.618742377670413, "\u0639\u0632\u0645\u0646\u0627": 7.618742377670413, "\u0623\u0645\u064a\u0631\u0629": 7.618742377670413, "\u0648\u062e\u0637\u064a\u0628\u0647\u0627": 7.618742377670413, "\u0645\u0631\u0629\ud83d\udc83\u0639\u0632\u0645\u0646\u0627\u0647\u0645": 7.618742377670413, "\u0623\u0643\u062a\u0631": 7.618742377670413, "\u0628\u064a\u062d\u0628\u0648\u0647\u0627": 7.618742377670413, "\u0627\u0644\u062c\u064a\u0644\u064a": 7.618742377670413, "\ud83d\udc83\u0627\u062a\u0635\u062f\u0645\u0646\u0627": 7.618742377670413, "\u062a\u0644\u0627\u062c\u0629": 7.618742377670413, "\u0623\u0648\u0646": 7.618742377670413, "\u0644\u0627\u064a\u0646": 7.618742377670413, "\ud83e\udd23\u0628\u0643\u064a\u0646\u0627": 7.618742377670413, "\u0627\u0644\u063a\u0631\u064a\u0628\u0629\ud83d\ude2d\ud83d\ude31": 7.618742377670413, "\u0623\u0644\u0648\u0627\u0646": 7.618742377670413, "\u0627\u0644\u0634\u0645\u0648\u0639": 7.618742377670413, "\ud83d\udc83\u0642\u0645\u0629": 7.618742377670413, "\u0627\u0644\u0633\u0639\u0627\u062f\u0629\ud83e\udd23": 7.618742377670413, "\u0645\u062e\u0644\u0644\u0627\u062a": 7.618742377670413, "\ud83d\ude31\u0627\u0644\u0645\u0627\u0646\u062c\u0627": 7.618742377670413, "\u0645\u062e\u0644\u0644\ud83d\ude02": 7.618742377670413, "\u062a\u0648\u0631\u062a\u0647": 7.618742377670413, "\u0627\u0644\u0639\u0631\u0648\u0633\u0647": 7.618742377670413, "\u0627\u062a\u0635\u062f\u0645\u0646\u0627": 7.618742377670413, "\u0627\u0644\u0646\u062a\u064a\u062c\u0647\ud83e\udd23\u2764\ufe0f": 7.618742377670413, "\u0648\u0643\u0645\u0627\u0646": 7.618742377670413, "\u0627\u0644\u062c\u0648\u0627\u0632": 7.618742377670413, "\u0644\u0644\u0639\u0631\u0648\u0633\u0647\ud83d\ude18\ud83e\udd70": 7.618742377670413, "\u062a\u0631\u0648\u062d\u064a": 7.618742377670413, "\u062a\u0639\u0645\u0644\u064a": 7.618742377670413, "\u062d\u0648\u0627\u062c\u0628\u0643": 7.618742377670413, "\u0647\u0637\u0644\u0642": 7.618742377670413, "\u0648\u0627\u0633\u064a\u0628": 7.618742377670413, "\u0627\u062d\u0644\u0627\u0645": 7.618742377670413, "\u0627\u0644\u0646\u0647\u0627\u064a\u0647": 7.618742377670413, "\u2764\ufe0f": 7.413438744484535, "\u0644\u0644\u0647": 6.925595197110468, "\u062a\u062c\u0631\u0628\u0647": 6.925595197110468, "\u0644\u0643\u0645": 6.925595197110468, "\u0627\u0644\u0641\u0631\u062d": 6.925595197110468, "\u0623\u0645\u0631\u064a\u0643\u0627": 6.925595197110468, "\u0627\u062d\u0646\u0627": 6.925595197110468, "\u062e\u0627\u0631\u062c": 6.925595197110468, "\u0643\u062d\u0643": 6.925595197110468, "\u0627\u0644\u0641\u0637\u0627\u0631": 6.925595197110468, "\ud83d\ude31\ud83d\ude21": 6.925595197110468, "\u0627\u0644\u0623\u0633\u062f": 6.925595197110468, "\u0627\u0644\u0625\u0646\u062a\u0631\u0646\u062a": 6.925595197110468,