{"Locos": 181.15121718697407, "Asado": 173.383801230776, "el": 87.78245824500605, "X": 71.89757456529578, "de": 41.01277574546974, "Argentina": 30.99239358246154, "Receta": 29.18086589855981, "Argentino": 28.459077793465852, "la": 27.906367921114843, "Tradicional": 26.837217361033193, "M\u00e1s": 20.675437197244598, "La": 19.039125844180635, "en": 18.22736959294729, "Cerdo": 18.048471479095063, "para": 17.28397766261522, "mejor": 17.245636269839714, "|": 16.890241960110938, "Comida": 15.728901814394616, "Matambre": 15.615833257852817, "Duelo": 15.615833257852817, "Callejera": 15.615833257852817, "y": 14.513209252439896, "Parrilla": 14.229538896732926, "Especial": 12.396957432984616, "un": 12.322115240856272, "M\u00e9xico": 11.010663071864725, "Mundo": 10.337718598622299, "Todo": 9.835089742060488, "FT": 9.624368710744834, ":": 9.368253343158628, "clave": 7.807916628926408, "definitivo": 7.807916628926408, "\u00bfChivito": 7.807916628926408, "Lomito": 7.807916628926408, "Preparamos": 7.807916628926408, "buscamos": 7.807916628926408, "repuestas": 7.807916628926408, "Parrillas": 7.807916628926408, "El\u00e9ctrica|": 7.807916628926408, "Chorizos": 7.807916628926408, "Pomarola": 7.807916628926408, "venganza": 7.807916628926408, "Moctezuma": 7.807916628926408, "asado": 7.807916628926408, "+500": 7.807916628926408, "Asar": 7.807916628926408, "premio": 7.807916628926408, "DELIRIO": 7.807916628926408, "Osobuco": 7.807916628926408, "callejera": 7.807916628926408, "chorip\u00e1n": 7.807916628926408, "cordob\u00e9s": 7.807916628926408, "Manejamos": 7.807916628926408, "700km": 7.807916628926408, "suscriptor": 7.807916628926408, "\ud83c\udde6\ud83c\uddf7": 7.807916628926408, "puso": 7.807916628926408, "mapa": 7.807916628926408, "\u00bfvale": 7.807916628926408, "Ruta": 7.807916628926408, "Garnacha": 7.807916628926408, "MH": 7.807916628926408, "Dillom": 7.807916628926408, "Bostero": 7.807916628926408, "Choripan": 7.807916628926408, "Definitiva": 7.807916628926408, "Costillar": 7.807916628926408, "Charla": 7.807916628926408, "Ramita": 7.807916628926408, "LXA": 7.807916628926408, "\u00a1Hist\u00f3rico": 7.807916628926408, "Salar": 7.807916628926408, "Uyuni": 7.807916628926408, "Vac\u00edo": 7.807916628926408, "es": 7.394085529506195, "del": 7.329563805069752, "El": 7.236523773799966, "Tierno": 7.114769448366463, "\u00bfMerece": 7.114769448366463, "\u00a1UN": 7.114769448366463, "\u00bfEl": 7.114769448366463, "sorprender": 7.114769448366463, "Abrimos": 7.114769448366463, "Restaurante": 7.114769448366463, "Cero": 7.114769448366463, "Morgen": 7.114769448366463, "Fuimos": 7.114769448366463, "Fallar": 7.114769448366463, "Tabla": 7.114769448366463, "Nuestra": 6.709304340258298, "Hicimos": 6.709304340258298, "Milanesa": 6.709304340258298, "corte": 6.709304340258298, "Mexicanos": 6.709304340258298, "supermercado": 6.709304340258298, "vs": 6.707287790245932, "Short": 6.661159628896404, "Encontramos": 6.421622267806518, "uso": 6.421622267806518, "Paleta": 6.421622267806518, "Cruz": 6.421622267806518, "Hamburguesa": 6.421622267806518, "grande": 6.421622267806518, "Pescado": 6.421622267806518, "Principiantes": 6.198478716492308, "\ud83c\uddf2\ud83c\uddfd": 6.198478716492308, "Maxi": 6.198478716492308, "primera": 6.016157159698354, "Nos": 6.016157159698354, "Sobre": 6.016157159698354, "Res": 5.728475087246572, "horas": 5.728475087246572, "tiene": 5.728475087246572, "Primer": 5.728475087246572, "pas\u00f3": 5.610692051590189, "\u00bfCu\u00e1l": 5.5053315359323625, "Tomahawk": 5.5053315359323625, "vez": 5.410021356128038, "Mejor": 5.410021356128038, "forma": 5.410021356128038, "pena": 5.410021356128038, "Secreto": 5.410021356128038, "media": 5.242967271464872, "desde": 5.242967271464872, "\u00bfQu\u00e9": 5.242967271464872, "estos": 5.1688592993111495, "Gluten": 5.1688592993111495, "Costa": 5.1688592993111495, "Shorts": 5.1323392277335325, "Trucos": 5.099866427824199, "Carne": 5.035327906686628, "FT.": 5.035327906686628, "nuevo": 4.917544871030244, "dos": 4.863477649759968, "mas": 4.812184355372417, "Triple": 4.812184355372417, "sobre": 4.763394191202986, "Delivery": 4.763394191202986, "esto": 4.716874175568092, "Grande": 4.672422412997259, "#": 4.60692493197949, "Tacos": 4.406719247264253, "a": 4.3842727902018055, "31": 4.196998716282184, "Para": 4.196998716282184, "m\u00e1s": 3.95776902721635, "hacer": 3.8566729103449813, "?": 3.8313996735348534, "por": 3.713572066704308, "ft": 3.6490335455667364, "Sandwich": 3.5038515357222386, "TV": 3.4512078022368167, "una": 3.3890760211298105, "o": 3.3420085102718247, "Pizza": 3.2435684374585723, "que": 3.071718180531913, "@": 2.6431306550028943, "No": 2.1589423907652026, "Tips": 2.127744019909341, "shorts": 1.7724351964016523, "!": 0.6891071668127753, "-": 0.6690496289808848, ",": 0.44083956904539634}