{"MINECRAFT": 221.85729629129276, "NO": 89.59837185890423, "NOOB": 54.083740187126814, "O": 51.113139922059915, "E": 41.75630069528008, "HUGGY": 40.7888803590965, "PRO": 37.957904964074324, "HACKER": 34.0369933716906, "GOD": 32.72012378952781, "LOPERS": 30.474969510681653, "ZERAR": 30.474969510681653, "COM": 29.815376636478295, "DIAS": 29.13491454221179, "SOBREVIVER": 27.70238078844187, "DE": 25.746904902838857, "PARA": 25.53915324882804, "100": 25.12796903769833, "AJUDOU": 22.856227133011238, "ESPADA": 22.856227133011238, "AVARITIA": 22.856227133011238, "PLAYTIME": 22.6913289144604, "AMIGO": 21.803229198244658, "MEU": 20.923775865926334, "DIAMANTE": 20.776785591331404, "DO": 20.102375230158664, "UM": 19.775903657703836, "vs": 19.18298804279727, "SOBREVIVENDO": 18.69734404965157, "CASA": 18.533596861211336, "FILME": 18.02791339570894, "NA": 17.22177553887388, "POPPY": 16.61790250797173, "VIROU": 16.61790250797173, "MELHOR": 15.662541314616128, "%": 15.377237977002046, "POPY": 15.237484755340827, "CONSTRUA": 15.237484755340827, "ZUMBIS": 15.237484755340827, "TROLLEI": 13.851190394220936, "TROLL": 13.851190394220936, "VIDRO": 13.851190394220936, "SEGURA": 13.851190394220936, "DA": 13.777420431099104, "ESCADA": 13.040260178004607, "DESAFIOS": 13.040260178004607, "VIREI": 13.040260178004607, "LUCKY": 13.040260178004607, "MAS": 12.968716534998252, "A": 12.605890288387743, "AMANDA": 12.464896033101045, "ENCONTRAMOS": 12.464896033101045, "PERDIDO": 12.464896033101045, "RAFAEL": 12.464896033101045, "MAIS": 12.459019424612062, "MUNDO": 12.459019424612062, "VIDA": 12.459019424612062, "DIA": 12.3667044486118, "BASE": 12.018608930472626, "BLOCK": 12.018608930472626, "COMO": 11.370302943543955, "BATALHA": 11.3456644572302, "EM": 11.180766238679361, "minecraft": 11.078601671981154, "ROUND": 11.078601671981154, "CONTRA": 10.843035600668388, "GIGANTE": 10.843035600668388, "POR": 10.474823977875964, "NOVA": 10.107586040417754, "MUITO": 9.959370096110309, "QUE": 8.981308693158427, "EU": 7.962312435888055, "OS": 7.76214551877409, "CRIAMOS": 7.618742377670413, "NOVOS": 7.618742377670413, "PORTAIS": 7.618742377670413, "DIMENS\u00d5ES": 7.618742377670413, "MIN\u00c9RIOS": 7.618742377670413, "ent\u00e3o": 7.618742377670413, "CONSEGUIMOS": 7.618742377670413, "ASSUSTAR": 7.618742377670413, "MEDROSO": 7.618742377670413, "SEGURAN\u00c7A": 7.618742377670413, "CONSTRU\u00c7\u00c3O": 7.618742377670413, "SUBI": 7.618742377670413, "SECRETOS": 7.618742377670413, "PICARETA": 7.618742377670413, "TRANSFORMA": 7.618742377670413, "ALIENIGENA": 7.618742377670413, "SELVA": 7.618742377670413, "ATHOS": 7.618742377670413, "CACTO": 7.618742377670413, "DESERTO": 7.618742377670413, "cortei": 7.618742377670413, "GERADOR": 7.618742377670413, "COBBLESTONE": 7.618742377670413, "REALISTA": 7.618742377670413, "HEROBRINE": 7.618742377670413, "SIREN": 7.618742377670413, "\ud83d\udd25TESTEI": 7.618742377670413, "EXPLODIR": 7.618742377670413, "TNT": 7.618742377670413, "TORNOU": 7.618742377670413, "PREFEITO": 7.618742377670413, "MOBS": 7.618742377670413, "VIRARAM": 7.618742377670413, "FORTES": 7.618742377670413, "OVERPOWER": 7.618742377670413, "EVOLUINDO": 7.618742377670413, "SUFICIENTE": 7.618742377670413, "GODZILA": 7.618742377670413, "FASE": 7.618742377670413, "SEGURO": 7.618742377670413, "insana": 7.618742377670413, "HCKER": 7.618742377670413, "CHOVE": 7.618742377670413, "ITENS": 7.618742377670413, "VIRO": 7.618742377670413, "MOB": 7.618742377670413, "MATO": 7.618742377670413, "NOVAS": 7.618742377670413, "BOTAS": 7.618742377670413, "PERSONALIZADAS": 7.618742377670413, "PODERES": 7.618742377670413, "EXPLOS\u00c3O": 7.618742377670413, "MINERA\u00c7\u00c3O": 7.618742377670413, "TELEPORTE": 7.618742377670413, "INVENT\u00c1RIO": 7.618742377670413, "MULTIPLICA": 7.618742377670413, "x1000": 7.618742377670413, "REVERSO": 7.618742377670413, "CURIOSO": 7.618742377670413, "CRIEI": 7.618742377670413, "CUBO": 7.618742377670413, "MINERIO": 7.618742377670413, "SOMENTE": 7.618742377670413, "AZAR": 7.618742377670413, "GIRE": 7.618742377670413, "POLICIAS": 7.618742377670413, "MUTANTE": 7.618742377670413, "CRIATIVO": 7.618742377670413, "SALVAM": 7.618742377670413, "VILAGERS": 7.618742377670413, "AMANDINHA": 7.618742377670413, "DIAMANTE\ud83d\udc8e": 7.618742377670413, "BEB\u00ea": 7.618742377670413, "TORRE": 7.618742377670413, "CUB\u00c3O": 7.618742377670413, "ARMADILHA": 7.618742377670413, "ILHA": 7.618742377670413, "DERROTAR": 7.618742377670413, "AJUDEI": 7.618742377670413, "SUBIMOS": 7.618742377670413, "C\u00c9U": 7.618742377670413, "AS": 7.222818384875885, "ME": 6.991426040927634, "DIAMANTES": 6.925595197110468, "C\u00c2MERAS": 6.925595197110468, "ALTA": 6.925595197110468, "BURACO": 6.925595197110468, "SOBREVIVI": 6.925595197110468, "VILLAGER": 6.925595197110468, "CONHE\u00c7A": 6.925595197110468, "VILA": 6.925595197110468, "BEB\u00caS": 6.925595197110468, "ARANHA": 6.925595197110468, "FICAMOS": 6.925595197110468, "PRESOS": 6.925595197110468, "VOID": 6.925595197110468, "VIRAMOS": 6.925595197110468, "VIRAR": 6.925595197110468, "MODO": 6.925595197110468, "SURVIVAL": 6.925595197110468, "ESCONDERIJO": 6.925595197110468, "ENDERMAN": 6.925595197110468, "FAZENDA": 6.520130089002303, "TESTEI": 6.520130089002303, "QUALQUER": 6.520130089002303, "MILH\u00c3O": 6.520130089002303, "FORTE": 6.520130089002303, "ESCAPAR": 6.520130089002303, "CRAFT": 6.520130089002303, "SPIDER": 6.520130089002303, "ATAQUE": 6.520130089002303, "SORTE": 6.520130089002303, "ROLETA": 6.520130089002303, "ENCONTREI": 6.520130089002303, "SE": 6.399803539747631, "conseguir": 6.2324480165505225, "eles": 6.2324480165505225, "TRANSFORMEI": 6.2324480165505225, "LAVA": 6.2324480165505225, "\u00faltima": 6.2324480165505225, "FLASH": 6.2324480165505225, "HOMEM": 6.2324480165505225, "CAIU": 6.2324480165505225, "MONSTRO": 6.2324480165505225, "FIQUEI": 6.009304465236313, "MAR": 6.009304465236313, "SONIC.EXE": 6.009304465236313, "NAO": 6.009304465236313, "JUNTOS": 6.009304465236313, "SEGUNDOS": 6.009304465236313, "PRESENTE": 6.009304465236313, "MAIOR": 6.009304465236313, "ITEM": 5.826982908442358, "KONG": 5.826982908442358, "MANH\u00c3": 5.826982908442358, "NOSSA": 5.826982908442358, "FAMILIA": 5.826982908442358, "DENTRO": 5.6728322286151, "S\u00c3O": 5.6728322286151, "TENTE": 5.6728322286151, "SECRETO": 5.6728322286151, "HACK": 5.539300835990577, "SPIDERMAN": 5.539300835990577, ":": 5.500692070007238, "AGUA": 5.421517800334194, "MINUTOS": 5.421517800334194, "CADA": 5.421517800334194, "DEI": 5.421517800334194, "no": 5.2566195817833545, "NOVO": 5.053793020208877, "AO": 5.053793020208877, "todos": 4.979685048055154, "RICO": 4.910692176568203, "HEAD": 4.846153655430632, "tem": 4.785529033614197, "ERA": 4.728370619774249, "AMIGOS": 4.574219939946991, "KING": 4.483248161741264, "ver": 4.440688547322468, "HORAS": 4.440688547322468, "\u00e9": 4.440688547322468, "SQUID": 4.286537867495209, "como": 4.217544996008258, "DOS": 4.092381853054252, "PLAY": 4.092381853054252, "MINHA": 4.092381853054252, "UMA": 4.0078244650261885, "6": 3.911563795068935, "TE": 3.9051703109661053, "SUPER": 3.881072759387045, "*": 3.877139537306692, "para": 3.593390686935264, "MAN": 3.444355107774776, "o": 3.384635873073154, "GAME": 3.3702471356210544, "TIME": 3.249294525203392, "REAL": 2.993769564386142, "que": 2.865152186564049, "``": 2.8486739731314823, "''": 2.8122725638377895, "(": 2.5812151094788227, ")": 2.5688846470028546, "3": 2.404020190316175, "do": 2.2764081257056024, "VS": 2.216064995798134, "1": 2.2110245335162126, ",": 2.047198925509091, "5": 1.4660096829663092, "-": 1.1407119378970614, "!": 0.8070047978806314, "a": 0.7538945996995527}