{"Louie": 119.962181796533, "Funny": 73.10518473991496, "Chub": 71.97730907791981, "Pranked": 66.96054598271282, "w/Man": 63.87049240645285, "Animations": 56.773771027958084, "Beagle": 56.385913268356674, "Dogs": 55.092840474954215, "Suits": 49.67704964946332, "Compilation": 34.00849801744133, "Suit": 28.552135086874348, "Marie": 28.552135086874348, "Dances": 27.4364173303033, "Surprised": 27.19063212619934, ":": 26.050900898174365, "Real": 25.63920864307307, "Joker": 23.992436359306602, "LEGO": 21.21984763706682, "Minecraft": 20.069119347259697, "Dog": 19.696803157644705, "PRANKED": 19.210722593804444, "Costumes": 19.17654514200286, "Angry": 18.15492737847517, "vs": 18.026740599191978, "Life": 18.020274336289354, "&": 16.90346667547754, "Pink": 15.45243368831834, "Puppy": 15.132062399948266, "Among": 15.051839510444772, "Ghostface": 14.193442756989521, "Beagles": 14.193442756989521, "Pool": 14.165493268021386, "Gorilla": 13.372992146638506, "Birds": 13.160235554897762, "Characters": 12.80714839586963, "Blue": 12.659582983081739, "Man": 12.21468044264084, "shorts": 12.129285379565601, "in": 12.124650641382825, "ALIENS": 11.996218179653301, "Yoda": 10.97456693212132, "DOGS": 10.711082561635797, "Party": 10.457410397551607, "By": 10.343447487911641, "Treasure": 10.034559673629849, "Evil": 8.915328097759003, "Police": 8.412699241197192, "Chase": 8.412699241197192, "Having": 8.011357850272889, "Us": 7.5290337366391125, "FUNNY": 7.458851097016573, "Toys": 7.325468348019228, "My": 7.151473451911641, "Bue": 7.0967213784947605, "REALY": 7.0967213784947605, "ANIMATIONS": 7.0967213784947605, "JUMPSUITS": 7.0967213784947605, "w/Purple": 7.0967213784947605, "w/Red": 7.0967213784947605, "PRANKING": 7.0967213784947605, "Creepers": 7.0967213784947605, "HotWheels": 7.0967213784947605, "\ud83e\udd28": 7.0967213784947605, "w/Pink": 7.0967213784947605, "Green": 6.8663194647302275, "#": 6.752757232225787, "The": 6.696827839576745, "with": 6.5044342132449335, "Jigsaw": 6.403574197934815, "Villains": 6.403574197934815, "Jumpsuit": 6.403574197934815, "RAINBOW": 6.403574197934815, "Olaf": 6.403574197934815, "\ud83d\ude22\u2764\ufe0f": 6.403574197934815, "w/Blue": 6.403574197934815, "CHUCKY": 6.403574197934815, "!": 6.256832889755658, "Scream": 5.9981090898266505, "Ep1": 5.9981090898266505, "starving": 5.9981090898266505, "Minion": 5.9981090898266505, "Peppa": 5.9981090898266505, "Reindeer": 5.9981090898266505, "Villain": 5.9981090898266505, "Purple": 5.71042701737487, "HAVING": 5.71042701737487, "Cookie": 5.71042701737487, "Ft.": 5.71042701737487, "Spooked": 5.71042701737487, "VIRAL": 5.71042701737487, "Ep2": 5.71042701737487, "EVIL": 5.71042701737487, "Stole": 5.71042701737487, "Throwing": 5.48728346606066, "Buddies": 5.48728346606066, "Sir": 5.48728346606066, "Guys": 5.304961909266705, "Stuff": 5.304961909266705, "by": 5.277549896380327, "Chucky": 5.150811229439447, "SANTA": 5.017279836814924, "COMPILATION": 5.017279836814924, "Surprises": 5.017279836814924, "Invasion": 5.017279836814924, "Get": 4.923984780530249, "SCARY": 4.899496801158541, "PRANK": 4.899496801158541, "Squid": 4.69882610569639, "HALLOWEEN": 4.61181472870676, "Keeps": 4.61181472870676, "Prank": 4.531772021033223, "PARTY": 4.531772021033223, "Frozen": 4.531772021033223, "Wars": 4.531772021033223, "Stealing": 4.531772021033223, "Alien": 4.531772021033223, "BAD": 4.457664048879502, "RED": 4.324132656254979, "weeks": 4.324132656254979, "VIDEOS": 4.263508034438544, "Candy": 4.206349620598596, "Fall": 4.206349620598596, "Crying": 4.15228239932832, "Pig": 4.100989104940769, "Please": 4.052198940771337, "From": 4.030634027020595, "Weird": 4.005678925136444, "Edition": 4.005678925136444, "Fighting": 4.005678925136444, "m": 3.9612271625656104, "LIFE": 3.9186675481468147, "Star": 3.8008845124904314, "Scary": 3.8008845124904314, "Sleepy": 3.695523996832605, "Pit": 3.662734174009614, "short": 3.662734174009614, "us": 3.662734174009614, "Own": 3.662734174009614, "Again": 3.6309854756950335, "TOP": 3.6309854756950335, ",": 3.54494231208652, "Sleep": 3.5413733170053465, "again": 3.4591352187683744, "years": 3.4331597323651137, "Surprise": 3.3831493117904525, "Ball": 3.3831493117904525, "Loves": 3.3831493117904525, "....": 3.3355212628011977, "Golden": 3.2465737767847016, "Trying": 3.2465737767847016, "other": 3.184698373066614, "But": 3.1648957457704348, "Red": 3.1264294649426385, "Game": 3.1264294649426385, "Car": 3.05367011066021, "Crazy": 3.0191839345890408, "...": 2.874478325470278, "get": 2.596911708164495, "Play": 2.596911708164495, "Amazing": 2.57493280144572, "VS": 2.532373187026924, "when": 2.4619923902651246, "8": 2.360522930100265, "Video": 2.1694676933375554, "Cute": 2.0153170135102974, "a": 1.9151492854499113, "are": 1.8656127616401736, "10": 1.8034165537702678, "\u2019": 1.7354292127853352, "Baby": 1.6895496070346414, "You": 1.6543036679729666, "With": 1.6371358643506013, "from": 1.5752604606325138, "to": 1.5197912946966385, "I": 1.244518898720286, ".": 0.9208541083889992, "A": 0.8448174953288715, "-": 0.6964639331859391, "and": 0.6964639331859391}