{"que": 140.40812774578976, "Parte": 89.74420418823692, "10": 66.4486520582777, "de": 65.94951654225007, "parte": 64.42221644407853, "LLORAR": 62.5774254135646, "MAS": 56.77416578840368, "\u00a1YA": 44.15107425769205, "risa": 40.258297784209766, "Descontinuadas": 40.258297784209766, "Extra\u00f1amos": 40.258297784209766, "PIXAR": 39.992191174332376, "y": 39.47382746453037, "EST\u00c1N": 36.792561881410045, "la": 35.634227216164895, "Comidas": 34.76523634086922, "PIRATA": 33.326825978610316, "Pel\u00edculas": 33.326825978610316, "7": 32.60885662593472, "Videojuegos": 32.211108222039265, "Festejado": 32.20663822736781, "\ud83c\udf82\ud83d\ude2d": 32.20663822736781, "Graciosas": 32.20663822736781, "Ex\u00e1menes": 32.20663822736781, "probar": 32.20663822736781, "Que": 31.47418046746778, "Respuestas": 29.434049505128034, "Cumplea\u00f1os": 29.272174897528668, "Historia": 27.833764535269765, "Pasteles": 27.812189072695375, "HICIERON": 27.812189072695375, "Todos": 27.433550996902085, "20": 26.580320104895918, "Trucos": 25.768886577631413, "debes": 25.768886577631413, "Personas": 25.039600350455594, "Las": 24.265958229656896, "BURLARON": 24.154978670525857, "\ud83d\udc68\ud83c\udffb\u200d\ud83d\udcbb": 24.154978670525857, "TONTOS": 22.075537128846026, "(": 21.70678180222852, ")": 21.666216339222444, "Mas": 21.65040890890678, "Los": 21.44593645418248, "PARA": 21.33734961461846, "Veces": 19.996095587166188, "SIMPSONS": 19.996095587166188, "NI": 19.996095587166188, "NO": 19.895213828003726, "Google": 19.664661363651216, "Personajes": 19.32666493322356, "SAB\u00cdAS": 18.779700262841693, "Tweets": 18.317248223359922, "en": 17.73944662264072, "Disney": 17.71075877410653, "\ud83d\ude0b": 16.96129285213075, "PARTE": 16.237806681680084, "Juguetes": 16.237806681680084, "Tatuajes": 16.103319113683906, "salieron": 16.103319113683906, "Due\u00f1os": 16.103319113683906, "\ud83c\udfae\ud83e\udd23": 16.103319113683906, "Disfraces": 16.103319113683906, "dieron": 16.103319113683906, "Plagios": 16.103319113683906, "\ud83c\udfac\ud83e\udd23": 16.103319113683906, "LIBRE": 16.103319113683906, "Resultaron": 16.103319113683906, "PERD\u00d3N": 16.103319113683906, "VER": 15.837212503806516, "TODOS": 15.655338638357213, "al": 15.328607406663387, "ABSURDOS": 14.717024752564017, "TIEMPO": 14.717024752564017, "CREER": 14.717024752564017, "\ud83d\ude32\ud83c\udfac": 14.717024752564017, "Conversaciones": 14.717024752564017, "GRACIOSAS": 14.717024752564017, "TIENEN": 14.717024752564017, "Fallas": 14.717024752564017, "BARATOS": 13.906094536347688, "CARO": 13.906094536347688, "DEMASIADO": 13.906094536347688, "tienes": 13.906094536347688, "VERDAD": 13.906094536347688, "tienen": 13.906094536347688, "DIOS": 13.906094536347688, "LOS": 13.757770962126681, "Animadas": 13.330730391444126, "MUY": 11.708869959011468, "SER": 11.708869959011468, "WhatsApp": 11.708869959011468, "YA": 11.708869959011468, "\ud83e\udd23": 10.934820928733101, "para": 10.898456847136067, "\ud83e\udd24": 10.82520445445339, "15": 10.48925571155005, "se": 10.461934096122352, "con": 10.430845735015712, "Cosas": 10.322575597891579, "Series": 9.439154335210572, "tu": 9.050598064451584, "sus": 8.99262299070508, "le": 8.446036320705717, "QUE": 8.360917091868124, "las": 8.162735286579663, "TE": 8.125351020555359, "LASTIMA": 8.051659556841953, "ALEGR\u00cdA": 8.051659556841953, "\ud83d\ude06\ud83c\udfac": 8.051659556841953, "\ud83c\udfac\ud83e\udd2b": 8.051659556841953, "RID\u00cdCULOS": 8.051659556841953, "Doblaje": 8.051659556841953, "\ud83c\udfa4\ud83e\udd23": 8.051659556841953, "MALOS": 8.051659556841953, "Exist\u00edan": 8.051659556841953, "\ud83c\udfae\ud83d\ude02": 8.051659556841953, "\ud83d\udc45\ud83e\udd88": 8.051659556841953, "Punto": 8.051659556841953, "Estrenarse": 8.051659556841953, "QUEREMOS": 8.051659556841953, "Videojuego": 8.051659556841953, "Regalos": 8.051659556841953, "\ud83c\udf81\ud83c\udf85\ud83c\udffb\ud83c\udf84": 8.051659556841953, "MENTIROSAS": 8.051659556841953, "PINOCHO": 8.051659556841953, "RISA": 8.051659556841953, "TREMENDOS": 8.051659556841953, "Hab\u00edas": 8.051659556841953, "Dado": 8.051659556841953, "Cuenta": 8.051659556841953, "\ud83d\udc67\ud83c\udffb\u27a1\ufe0f\ud83d\udc69\ud83c\udffb": 8.051659556841953, "ANDAN": 8.051659556841953, "TONTER\u00cdAS": 8.051659556841953, "\ud83d\udc81\ud83c\udffb\u200d\u2640\ufe0f\ud83d\udc59": 8.051659556841953, "APROBADAS": 8.051659556841953, "Se\u00f1ales": 8.051659556841953, "\ud83e\uddd1\ud83c\udffb\u200d\ud83d\udcbb": 8.051659556841953, "QUIEREN": 8.051659556841953, "Alumnos": 8.051659556841953, "hicieron": 8.051659556841953, "REPROBAR": 8.051659556841953, "\ud83c\udfac\ud83c\udfae": 8.051659556841953, "OCULTOS": 7.358512376282008, "LATINO": 7.358512376282008, "Teor\u00edas": 7.358512376282008, "PEL\u00cdCULAS": 7.358512376282008, "\ud83c\udfae\ud83c\udfac": 7.358512376282008, "raros": 7.358512376282008, "queremos": 7.358512376282008, "ESTRENAN": 7.358512376282008, "Queremos": 7.358512376282008, "Favoritos": 7.358512376282008, "\ud83e\udd25": 7.358512376282008, "\ud83c\udf83\ud83d\udc7b": 7.358512376282008, "ADULTOS": 7.358512376282008, "DeToxoMoroxo": 7.358512376282008, "Mitos": 7.358512376282008, "\ud83d\ude32\ud83c\udfae": 7.358512376282008, "fueron": 7.358512376282008, "QUIERE": 7.358512376282008, "\ud83d\udc69\ud83c\udffb\u200d\ud83c\udfeb": 7.358512376282008, "\ud83d\ude33": 7.171502876374739, "8": 6.97443542776427, "Est\u00e1n": 6.953047268173844, "PERDER": 6.953047268173844, "Secretos": 6.665365195722063, "bien": 6.665365195722063, "ahora": 6.665365195722063, "PUEDES": 6.665365195722063, "IMPOSIBLE": 6.665365195722063, "MAM\u00c1": 6.442221644407853, "Pel\u00edcula": 6.442221644407853, "6": 6.358243108181829, "MIEDO": 6.259900087613898, "Mujeres": 6.259900087613898, "TAN": 6.10574940778664, "COMIDA": 6.10574940778664, "14": 6.095426501792989, "hasta": 5.972218015162118, "tus": 5.854434979505734, "13": 5.84352168383776, "#": 5.759504650480803, "esta": 5.566752907053953, "Navidad": 5.566752907053953, "FIN": 5.566752907053953, "DE": 5.476907155600332, "Momentos": 5.412602227226695, "vida": 5.343609355739743, "mas": 5.279070834602172, "Ver": 5.1072205776755135, "ya": 5.0559272832879625, "SON": 4.916165340912804, "AL": 4.755822690837625, "\ud83d\ude22": 4.684363726855479, "!": 4.681344786465302, "5": 4.584291752077323, "2": 4.579861049069048, "lo": 4.313989938558585, "son": 4.267469922923692, "Con": 4.119833924117628, "su": 4.062675510277679, "SE": 4.026307866106804, "Se": 3.924525171796862, "los": 3.734171443305643, "del": 3.6949507301523616, "a": 3.6894480316503224, "te": 3.5190600636886975, "23": 3.4266867435576827, "19": 3.378830722380047, "22": 3.351179191049537, "21": 3.351179191049537, "Halloween": 3.298069365735589, "\ud83d\ude31": 3.272536063730424, "16": 3.021221635449518, "|": 2.921884000409901, "11": 2.8983679623441745, "12": 2.699801423365887, "9": 2.648982174969674, "2022": 1.7399247476890392, "3": 1.3350647833209754}