{"mabucrush": 224.906084141886, "comedy": 61.055054025096716, "\ud83d\ude02\ud83d\udd25": 35.717511637467986, "\ud83d\ude02": 31.797662505640247, "ur": 30.432249994345938, "#": 28.491282306170756, "shorts": 25.169591427658954, "u": 18.52465106504938, "Comment": 15.263763506274179, "\ud83d\ude05\u2764\ufe0f": 14.67842593472911, "Wait": 14.100466913247889, "friend": 12.075080888076089, "Relatable": 11.90583721248933, "\ud83d\ude05": 11.8140467571072, "\u2764\ufe0f": 10.631171334577083, "When": 10.628326960961342, "moments": 9.793731863990702, "always": 9.548527219806036, "many": 9.26232553252469, "Reality": 9.196745886878709, "experience": 8.789547976396229, "this": 8.562863744394917, "end": 8.496341028012479, "mumbai": 8.0323601479245, "gang\ud83d\ude2c": 8.0323601479245, "\ud83d\ude2c\ud83d\udd25": 8.0323601479245, "Manufacturer": 8.0323601479245, "defect": 8.0323601479245, "Ponnuga": 8.0323601479245, "kitta": 8.0323601479245, "pesum": 8.0323601479245, "bothu": 8.0323601479245, "Nammala": 8.0323601479245, "kandukavey": 8.0323601479245, "matta": 8.0323601479245, "breaker": 8.0323601479245, "Mabu": 8.0323601479245, "frd": 8.0323601479245, "page": 8.0323601479245, "Unnaku": 8.0323601479245, "onnu": 8.0323601479245, "varuvanu": 8.0323601479245, "solluvanga": 8.0323601479245, "nambathiga": 8.0323601479245, "Unnai": 8.0323601479245, "ketkindren": 8.0323601479245, "porathey": 8.0323601479245, "saapaduku": 8.0323601479245, "thaa": 8.0323601479245, "vanthaley": 8.0323601479245, "nanga": 8.0323601479245, "aayuduvom": 8.0323601479245, "\ud83d\ude05\ud83d\udd25": 7.339212967364555, "rewind": 7.339212967364555, "offence": 7.339212967364555, "Function": 6.933747859256391, "everywhere": 6.933747859256391, "Expectation": 6.64606578680461, "\ud83d\ude41": 6.64606578680461, "shoe": 6.64606578680461, "na": 6.4241571646389275, "r": 6.4229222354904, "shocking": 6.4229222354904, "lover": 6.4229222354904, "active": 6.4229222354904, "best": 6.392156481946045, "brings": 6.086449998869187, "comment": 5.952918606244665, "hits": 5.729775054930455, "link": 5.729775054930455, "speed": 5.5474534981365, "va": 5.5474534981365, "wear": 5.393302818309242, "Anyone": 5.32430994682229, "call": 5.259771425684719, "pick": 5.141988390028335, "single": 5.141988390028335, "moment": 5.141988390028335, "\ud83d\ude44": 5.141988390028335, "dress": 5.08792116875806, "team": 5.08792116875806, "nu": 5.08792116875806, "\ud83d\ude0b": 5.08792116875806, "Crush": 4.987837710201077, "Happen": 4.941317694566185, "visit": 4.896865931995351, "favourite": 4.896865931995351, "meet": 4.854306317576555, "shop": 4.8134843230563, "\ud83e\udd7a": 4.774263609903018, "phone": 4.774263609903018, "Happens": 4.700155637749297, "Hard": 4.700155637749297, "done": 4.665064317938026, "\ud83e\udd14": 4.566624245124774, "every": 4.505999623308339, "Dangerous": 4.505999623308339, "long": 4.421442235280276, "mom": 4.343480693810564, "Hello": 4.318788081220193, "Do": 4.132426817601616, "song": 4.043376101360226, "days": 4.007008457189351, "only": 3.921486283751189, "End": 3.921486283751189, "n't": 3.8775807557587294, "birthday": 3.71487203438819, "for": 3.7133207011440037, "who": 3.662912295457479, "my": 3.545557367719155, "\ud83d\udd25": 3.5437237781923607, "food": 3.4784832563239596, "in": 3.473653854327813, "did": 3.359531313462594, "his": 3.083600257546332, "How": 3.0531521755925435, "After": 3.015080311109576, "His": 2.9509557829400372, "our": 2.8965617108742387, "life": 2.8906965914218405, "like": 2.8618761528863486, "Most": 2.714240154080284, "Who": 2.675773873252488, "the": 2.65676390541559, "That": 2.5643000067893693, "VS": 2.456411044778184, "with": 2.429059152940701, "No": 2.3975705447552507, "?": 2.385329326290608, "do": 2.331916574533814, "of": 1.9540946091694973, "on": 1.3990417146441236, "|": 0.8032462701311986}