{"Machinery": 188.0586806018529, "Excavators": 152.81538917433883, "Random": 129.82903330751088, "Daily": 110.3383139380096, "Trucks": 94.32172623994411, "Video": 63.2261988577764, "|": 31.979717109444042, "2022": 29.259535860118127, "Excavator": 9.220789220249795, "Frying": 6.961769867288376, "Fish": 5.457692470512101, "Move": 4.821703703792105, "Giant": 4.43604122298012, "Rock": 3.4960339644886487, "Water": 3.465262305821895, "On": 2.013009976910207, "In": 1.961184909045621, "The": 1.4684910871992742}