{"Makeupd0ll": 226.42958223886583, "Transform": 31.848740636334487, "Makeup": 29.411289098485454, "Watch": 27.209579053297244, "Transformation": 22.212313484877406, "|": 18.766935511234376, "Install": 18.091309434499916, "Me": 15.998193111567717, "Wig": 15.917100929749253, "2019": 15.27163218910022, "Routine": 11.762977567843535, "Foundation": 10.240402422761909, "Glowy": 10.199732855648397, "+": 9.681333235147143, "AF": 9.344844825994517, "Basic": 8.563112208620494, "Lace": 8.393997432564367, "Curls": 8.340660938400045, "Hair": 8.196059420196512, "Glow": 8.047453990016294, "TheHairDoll": 7.807916628926408, "VDAY": 7.807916628926408, "(": 7.735286990109054, ")": 7.526037855866568, "Stealing": 7.114769448366463, "Glam": 7.007703071444477, "Alma": 6.709304340258298, "Mayvenn": 6.709304340258298, "Luminous": 6.709304340258298, "Rocking": 6.709304340258298, "Skincare": 6.425593557583637, "Fall": 6.425593557583637, "Tired": 6.421622267806518, "Atlanta": 6.421622267806518, "Hairs": 6.421622267806518, "Everyday": 6.3658876312842745, "Panic": 6.198478716492308, "Wiggins": 6.198478716492308, "Birthday": 6.091485388257305, "Holiday": 6.074464008921487, "Attacks": 6.016157159698354, "Anastasia": 6.016157159698354, "Baddie": 6.016157159698354, "Party": 5.991464547107982, "Monogram": 5.862006479871095, "Slay": 5.862006479871095, "BB": 5.728475087246572, "Hydrating": 5.728475087246572, "Beverly": 5.728475087246572, "Hairline": 5.728475087246572, "BADDIE": 5.728475087246572, "OILY": 5.610692051590189, "Ali": 5.610692051590189, "GRWM": 5.528983024014324, "Frontal": 5.410021356128038, "Chapter": 5.3230099791384085, "Sew": 5.3230099791384085, "Hills": 5.242967271464872, "Full": 5.142949332192918, "Vuitton": 5.035327906686628, "Premium": 5.035327906686628, "Flawless": 5.035327906686628, "Quick": 4.7396746400064265, "Blonde": 4.672422412997259, "Fenty": 4.629862798578463, "Chit": 4.589040804058207, "Louis": 4.589040804058207, "My": 4.574030434304003, "Pearl": 4.549820090904927, "Up": 4.509914088009582, "Extensions": 4.475712118751205, "Glue": 4.406719247264253, "Summer": 4.282979881627953, "BUY": 4.252568567436995, "Pregnancy": 4.119037174812473, "Looking": 4.07024701064304, "Demo": 4.07024701064304, "Styling": 4.001254139156089, "WATCH": 4.001254139156089, "Again": 3.8760909962020826, "QUICK": 3.8566729103449813, "Curly": 3.837624715374287, "NATURAL": 3.7474736183799893, "Wear": 3.730379185020689, "NEW": 3.730234507599415, "Finally": 3.680782243881317, "before": 3.6335293590307716, "Deep": 3.618261886899983, "Side": 3.603224009535442, "Low": 3.588408923750302, "Chat": 3.573810124329149, "Go": 3.4512078022368167, "Bag": 3.3890760211298105, "In": 3.222945002263776, "Test": 3.2127967787918186, "2018": 3.202746442938317, "Baby": 2.8806629437692037, "Like": 2.8450719986665014, "Super": 2.7265122639419457, "@": 2.6431306550028943, "Spring": 2.6431306550028943, "Skin": 2.571474666096459, "2020": 2.54005846986308, "Look": 2.4996489315252037, "Part": 2.3231196954357536, "!": 2.067321500438326, "-": 2.0071488869426544, "by": 1.8998336907574775, "#": 1.842769972791796, "to": 1.8359382073525181, "you": 1.7942014728836067, "Home": 1.7302743855773741, "Best": 1.6942344490941774, "Day": 1.646709307231332, "How": 1.5790296597144156, "Easy": 1.5445183663347848, "What": 1.535039622380241, "at": 1.529395204760564, "New": 1.4675573251986564, "?": 1.2771332245116178, "on": 1.2611312181658845, "a": 1.2526493686290872, "To": 1.2162428969177503, "&": 1.1721616072759191, "1": 1.148622709242771, "'s": 0.9546175357403303, "2": 0.9493515941350432, "of": 0.9203640572617908, "the": 0.82970288629571, "with": 0.819503446926817, "and": 0.6858567472972661, ",": 0.44083956904539634}