{"MALLE": 184.7442834022635, "JOEPOE": 152.6148428105655, "CASSAVEVRAGEN": 40.1618007396225, "SAMBAL": 38.5375334129424, "BARS": 34.668739296281956, "BIJ": 32.41813936383642, "EEN": 28.260403820753883, "#": 23.40355332292598, "MET": 23.387085859867497, "MAAKT": 22.53785950050452, "I": 22.504926734749, "IK": 22.28923220632914, "REAGEERT": 18.721802036089336, "MONEY": 17.178762118564528, "'IK": 13.29213157360922, "'": 12.474700881820297, "8": 11.970027392953773, "EIGEN": 10.073255748741019, "DE": 9.99588263678792, "HEB": 9.70861263515311, "BEN": 8.954024172870174, "``": 8.741129934268493, "''": 8.61220934848992, "JE": 8.281079699627748, "T.Y": 8.0323601479245, "Pijp": 8.0323601479245, "DROPT": 8.0323601479245, "DONNY": 8.0323601479245, "HANSIE": 8.0323601479245, "BKO": 8.0323601479245, "FUIF": 8.0323601479245, "KALIBWOY": 8.0323601479245, "SELLAH": 8.0323601479245, "SC\u00c8NE": 8.0323601479245, "JERMAINE": 8.0323601479245, "NIFFER": 8.0323601479245, "BADBOY": 8.0323601479245, "HASSAN": 8.0323601479245, "GEZOCHT": 8.0323601479245, "DOPEBWOY": 8.0323601479245, "'ALS": 8.0323601479245, "PUFFEN": 8.0323601479245, "EROP": 8.0323601479245, "SOA": 8.0323601479245, "PASSOA": 8.0323601479245, "GEBLEVEN": 8.0323601479245, "MEVROUW": 8.0323601479245, "SEVN": 8.0323601479245, "YSTIJD": 8.0323601479245, "ANU": 8.0323601479245, "YOUSTOUB": 8.0323601479245, "BEROOFD": 8.0323601479245, "CAMERAMANNEN": 8.0323601479245, "TATTOE\u00cbREN": 8.0323601479245, "SEKSTAPE": 8.0323601479245, "DEFANO": 8.0323601479245, "HOLWIJN": 8.0323601479245, "QUCEE": 8.0323601479245, "SNAPKING": 8.0323601479245, "NEPSTE": 8.0323601479245, "JAIRZINHO": 8.0323601479245, "KEES": 8.0323601479245, "BUITENLANDER": 8.0323601479245, "LIJPE": 8.0323601479245, "TERUGBLIK": 8.0323601479245, "DUTCHTUBER": 8.0323601479245, "PRANKER": 8.0323601479245, "BEKVECHTEN": 8.0323601479245, "PVV'ERS": 8.0323601479245, "BUURT": 8.0323601479245, "HOMO": 8.0323601479245, "MAKKIE": 8.0323601479245, "GOZER": 8.0323601479245, "HARDDRUGS": 8.0323601479245, "JOELA": 8.0323601479245, "'JONNA": 8.0323601479245, "NIEUWE": 7.943834274756162, ":": 7.604423097776911, "ROELVINK": 7.339212967364555, "SBMG": 7.339212967364555, "DING": 7.339212967364555, "TAYA": 7.339212967364555, "BROEDERLIEFDE": 7.339212967364555, "CAMERAMAN": 7.339212967364555, "BETAALT": 7.339212967364555, "'DE": 7.339212967364555, "ENIGE": 7.339212967364555, "HOOGTEPUNTEN": 7.339212967364555, "SCHIETEN": 7.339212967364555, "HOORDE": 7.339212967364555, "FRASER": 7.339212967364555, "SLOPEN": 7.339212967364555, "OP": 7.0430012828153, "-": 6.989526998338352, "DOCU": 6.933747859256391, "SCHEVENINGEN": 6.933747859256391, "KASTEN": 6.933747859256391, "THC": 6.933747859256391, "VECHTEN": 6.933747859256391, "BADR": 6.933747859256391, "PRAAT": 6.933747859256391, "PRANKCALL": 6.933747859256391, "HADDEN": 6.933747859256391, "GESLAGEN": 6.933747859256391, "VERKOPEN": 6.933747859256391, "IN": 6.846367414695672, "VAN": 6.700457841600562, "VALLEN": 6.64606578680461, "TON": 6.64606578680461, "GESTOPT": 6.64606578680461, "PITTIGE": 6.64606578680461, "BETER": 6.64606578680461, "3": 6.459203941591386, "MURDER": 6.4229222354904, "GEZIEN": 6.4229222354904, "MAG": 6.4229222354904, "ROCKS": 6.4229222354904, "KONING": 6.4229222354904, "ZOU": 6.4229222354904, "GING": 6.240600678696445, "GEZELLIG": 6.240600678696445, "M'N": 6.240600678696445, "ANDERE": 6.240600678696445, "LINK": 6.240600678696445, "MARIO": 6.086449998869187, "JOHNNY": 6.086449998869187, "DOET": 5.952918606244665, "BENT": 5.952918606244665, "TA": 5.835135570588281, "ALBUM": 5.5474534981365, "TRACK": 5.5474534981365, "HARI": 5.5474534981365, "ONLINE": 5.5474534981365, "OUDE": 5.5474534981365, "JIJ": 5.5474534981365, "WEG": 5.467410790462964, "VRAGEN": 5.393302818309242, "CONCERT": 5.393302818309242, "WIL": 5.393302818309242, "CASH": 5.32430994682229, "NIEUW": 5.32430994682229, "BIJNA": 5.32430994682229, "73": 5.259771425684719, "TOTAL": 5.259771425684719, "NU": 5.141988390028335, "BEAT": 5.08792116875806, "DAT": 5.08792116875806, "4": 5.076002532590245, "AMSTERDAM": 5.0366278743705095, "VEEL": 4.987837710201077, "MIJ": 4.987837710201077, "2": 4.950369879923786, "1": 4.946617491003945, "CLUB": 4.941317694566185, "DEZE": 4.896865931995351, "RUN": 4.854306317576555, "OM": 4.854306317576555, "DOEN": 4.854306317576555, "AIR": 4.854306317576555, "YOUTUBER": 4.854306317576555, "ALS": 4.774263609903018, "IS": 4.711212691312437, "5": 4.689329493386184, "DIE": 4.566624245124774, "POP": 4.505999623308339, "ER": 4.44884120946839, "WAT": 4.368798501794854, "DAN": 4.294690529641132, "OF": 4.286964379183239, "U": 4.271160032230938, "l": 4.248170514006239, "ZIJN": 4.1822125462144415, "NIET": 4.120337142496354, "2016": 4.100534515200175, "TE": 4.062068234372378, "LOS": 4.02502696269203, "VOOR": 3.971917137378081, "D": 3.8734770645648284, "MAN": 3.812852442748394, "FREE": 3.7838649058751415, "ABOUT": 3.7419007067761094, "MIJN": 3.7419007067761094, "HET": 3.6135195401279026, "WAS": 3.4576491694211176, "O": 3.1648256974689177, "Last": 3.1270853694860707, "VIDEO": 3.001922226532065, "?": 2.9816616578632598, "!": 2.8234938079008027, "LIFE": 2.8120043228461755, "Out": 2.5727746337803414, "WE": 2.551721224582509, "AND": 2.502931060413077, "ME": 2.415589050257929, "ON": 2.3386280091218006, "'S": 2.2393465395403567, "7": 2.185921372866776, "de": 2.168728972326403, "6": 2.021092973520339, "Day": 2.016202988226147, "+": 1.9365355854922757, "THE": 1.5787351490318087, ",": 1.1903075621064154, "&": 0.8134504403054402, "|": 0.8032462701311986, "(": 0.7447995076147765, ")": 0.7298637241971746}