{"LaComunidad3": 290.2686380663529, "Comunidad": 70.37320483336781, "\ud83e\ude78": 53.99710728708, "\ud83e\udd87": 47.247468876195, "#": 46.02306385735648, "VAMPIRO": 45.68546401699553, "EL": 42.85901496644465, "La": 41.46948725440616, "LA": 40.80336647713008, "EVENTO": 39.663031533255555, "DE": 39.12917308289328, "\ud83d\udd25": 28.24610068813439, "NIVEL": 25.457051671407335, "DR\u00c1CULA": 24.40779831601467, "KHORNAR": 24.40779831601467, "CONSIGO": 23.754832778674686, "\ud83d\ude0e": 21.428925851474162, "\ud83d\udc3a": 20.248915232655, "BATALLA": 19.032519908330507, "CREO": 18.57006786884873, "EN": 18.17992378862586, "PODER": 17.21411249761956, "\ud83e\udd23": 16.37152601668136, "AUTOM\u00c1TICA": 16.27186554400978, "COMUNIDAD": 14.88557118288989, "CONTRA": 14.873636824970834, "UN": 14.413333115406537, "\ud83d\udd0e": 14.074640966673561, "ATAQUE": 13.49927682177, "MINECRAFT": 13.173372807300815, "NUEVO": 13.124197968933984, "\ud83d\ude08": 13.055229414259887, "ARMADURA": 13.05298971914158, "ES": 12.440846176321848, "ESPADA": 12.380045245899154, "FORMA": 12.380045245899154, "UNA": 11.88463650632776, "\ud83d\udc8e": 11.47607499841304, "\ud83e\udd29": 10.491122028217452, "YA": 10.280400996901799, "FIN": 10.182820668562934, "BUNKER": 9.680191812001123, "A": 8.703350896407398, "Minecraft": 8.64526392967788, "MEJOR": 8.614582751031591, "\ud83d\ude28": 8.488224947788527, "\ud83e\udddb\u200d\u2642\ufe0f": 8.13593277200489, "MANUGLITCH": 8.13593277200489, "BICHOMAN": 8.13593277200489, "PESADILLA": 8.13593277200489, "\u00bf\u00c9STO": 8.13593277200489, "HAB\u00cdA": 8.13593277200489, "FALLADO": 8.13593277200489, "CONOC\u00cd": 8.13593277200489, "CONDE": 8.13593277200489, "\ud83c\udf8f": 8.13593277200489, "ELECCIONES": 8.13593277200489, "ALCALDE": 8.13593277200489, "UNICORNIO": 8.13593277200489, "CONSIGUI\u00d3": 8.13593277200489, "LUCHAR": 8.13593277200489, "CONVERT\u00cd": 8.13593277200489, "MAMM\u00d3N": 8.13593277200489, "SALV\u00d3": 8.13593277200489, "VAMP\u00cdRICA": 8.13593277200489, "REINA": 8.13593277200489, "\ud83d\udc65": 8.13593277200489, "BAFUMAO": 8.13593277200489, "AUMENTA": 8.13593277200489, "MARTILLO": 8.13593277200489, "NIGROMANTE": 8.13593277200489, "llevar": 8.13593277200489, "objeto": 8.13593277200489, "ATORMENTO": 8.13593277200489, "PROHIBIDA": 8.13593277200489, "VIVOOOOOOOOOO\ud83e\udddf\u200d\u2642\ufe0f": 8.13593277200489, "INVOCA": 8.13593277200489, "ESP\u00cdRITU": 8.13593277200489, "VISI\u00d3N": 8.13593277200489, "+30": 8.13593277200489, "\u2601": 8.13593277200489, "\ud83c\udff0": 8.13593277200489, "EMPEZADO": 8.13593277200489, "PLANTO": 8.13593277200489, "INVASI\u00d3N": 8.13593277200489, "REGADERA": 8.13593277200489, "CARGASERIES": 8.13593277200489, "EMPEZAR": 8.13593277200489, "\u00a1PERO": 8.13593277200489, "DESTIERRO": 8.13593277200489, "MORD\u00cd": 8.13593277200489, "TORTUMAGO": 8.13593277200489, "MINO": 8.13593277200489, "ENTEROS": 8.13593277200489, "Vampiro": 8.13593277200489, "Nivel": 8.13593277200489, "nada": 8.13593277200489, "PRECIOSO": 8.13593277200489, "PLANTACI\u00d3N": 8.13593277200489, "GLITCHEADO": 8.13593277200489, "cagar": 8.13593277200489, "\u00a1ANTONIA": 8.13593277200489, "BARONES": 8.13593277200489, "CHETOS": 8.13593277200489, "\ud83d\udd75\ufe0f\u200d\u2642\ufe0f": 8.13593277200489, "LADR\u00d3N": 8.13593277200489, "AL": 7.6909466617129985, "3": 7.644434767906133, "HACKER": 7.584254700302413, "DEL": 7.532969839075737, "PARA": 7.507812274662018, "\ud83d\udfe8": 7.442785591444945, "SILLA": 7.442785591444945, "Secretlab": 7.442785591444945, "EXTRA\u00d1O": 7.442785591444945, "S\u00d3LO": 7.442785591444945, "VIAJO": 7.442785591444945, "\ud83e\udddf\u200d\u2642\ufe0f": 7.442785591444945, "EXISTO": 7.442785591444945, "MORGAN": 7.442785591444945, "CAMBIAR": 7.442785591444945, "ENCANTAR": 7.442785591444945, "PODEROSA": 7.442785591444945, "poderoso": 7.442785591444945, "\ud83d\udd28": 7.442785591444945, "Preparo": 7.442785591444945, "\ud83d\udc75": 7.442785591444945, "CAPTURO": 7.442785591444945, "\u00bf": 7.442785591444945, ":": 7.426696772410525, "POR": 7.410231946323154, "LOS": 7.386563031029148, "MI": 7.27224620334925, "NOOB": 7.061525172033598, "MAPAS": 7.037320483336781, "M\u00cd": 7.037320483336781, "ADI\u00d3S": 7.037320483336781, "SUE\u00d1O": 7.037320483336781, "ACABAR": 7.037320483336781, "puedes": 7.037320483336781, "DEMONIO": 7.037320483336781, "DIMENSI\u00d3N": 7.037320483336781, "CRE\u00c9": 7.037320483336781, "SANGRE": 7.037320483336781, "CIELO": 7.037320483336781, "EMPIEZO": 7.037320483336781, "CHUNKS": 7.037320483336781, "\ud83d\udc2e": 7.037320483336781, "\ud83e\uddd9\u200d\u2640\ufe0f": 7.037320483336781, "CREAR": 6.749638410885, "\ud83d\udc26": 6.749638410885, "ABEJA": 6.749638410885, "PERSIGUE": 6.749638410885, "PELIGROSA": 6.749638410885, "VUELTA": 6.749638410885, "RARA": 6.749638410885, "INFINITOS": 6.749638410885, "EXPERIMENTO": 6.52649485957079, "DEFINITIVA": 6.52649485957079, "MIDAS": 6.52649485957079, "\ud83d\udc1d": 6.52649485957079, "OTRO": 6.52649485957079, "ANA": 6.52649485957079, "CASTILLO": 6.52649485957079, "\ud83c\udf31": 6.52649485957079, "\ud83d\udc22": 6.52649485957079, "BRUJA": 6.52649485957079, "ALDEANOS": 6.52649485957079, "QUI\u00c9N": 6.52649485957079, "x": 6.506261698837039, "\ud83d\udc37": 6.344173302776835, "Unicorn": 6.344173302776835, "VIENE": 6.190022622949577, "CAP\u00cdTULO": 6.190022622949577, "ORO": 6.190022622949577, "CRAFTEAR": 6.190022622949577, "DA\u00d1O": 6.190022622949577, "ENFRENTO": 6.190022622949577, "\ud83d\ude31": 6.109056814040855, "LOBO": 6.056491230325054, "INFINITO": 6.056491230325054, "PASADO": 5.9387081946686715, "SIMULADOR": 5.833347679010845, "Marketplace": 5.833347679010845, "BLOQUE": 5.833347679010845, "FOOLS": 5.833347679010845, "\ud83d\udc7b": 5.833347679010845, "CAMBIO": 5.833347679010845, "\ud83d\udcaa": 5.833347679010845, "HOMBRE": 5.73803749920652, "THOR": 5.73803749920652, "ESTOY": 5.73803749920652, "PICO": 5.73803749920652, "DIRECTO": 5.570983414543353, "DIAMANTES": 5.570983414543353, "APRIL": 5.496875442389632, "RISING": 5.42788257090268, "hay": 5.363344049765109, "Rounds": 5.3027194279486745, "m\u00e1s": 5.3027194279486745, "NUEVOS": 5.3027194279486745, "CARRO": 5.245561014108726, "\ud83d\udcb0": 5.19149379283845, "HA": 5.140200498450899, "HISTORIA": 5.140200498450899, "BEDROCK": 5.140200498450899, "SOY": 5.000438556075741, "67": 5.000438556075741, "Birds": 4.957878941656944, "MUY": 4.91705694713669, "NETHER": 4.91705694713669, "EST\u00c1": 4.91705694713669, "PERO": 4.8400959060005615, "65": 4.768636942018416, "62": 4.768636942018416, "56": 4.734735390342735, "66": 4.670196869205164, "63": 4.670196869205164, "57": 4.670196869205164, "\ud83d\udc80": 4.670196869205164, "ME": 4.64958355805638, "61": 4.63942521053841, "53": 4.63942521053841, "59": 4.609572247388729, "58": 4.609572247388729, "54": 4.609572247388729, "GAMER": 4.580584710515477, "NO": 4.578987993894333, "Tycoon": 4.552413833548781, "ESTE": 4.498346612278505, "52": 4.472371125875244, "55": 4.398263153721522, "46": 4.398263153721522, "M\u00c1S": 4.398263153721522, "ABOUT": 4.351743138086629, "OFFICIAL": 4.351743138086629, "COMO": 4.329270282234571, "49": 4.3072913755157956, "Angry": 4.264731761096999, "48": 4.264731761096999, "se": 4.244112473894264, "TODO": 4.223909766576744, "\ud83d\ude21": 4.184689053423463, "47": 4.184689053423463, "44": 4.184689053423463, "41": 4.165640858452769, "45": 4.146948725440616, "43": 4.1285995867724194, "38": 4.110581081269741, "51": 4.09288150417034, "\ud83d\udd34": 4.0754897614584715, "42": 4.0754897614584715, "\ud83e\udd2f": 4.058395328099171, "MUNDO": 4.041588209782789, "37": 4.041588209782789, "39": 4.025058907831579, "36": 4.008798386959799, "van": 4.008798386959799, "33": 3.9312401526139245, "35": 3.8874375299555313, "34": 3.873252894963575, "HE": 3.805199431718559, "29": 3.7414836173324515, "LEGENDS": 3.7170921642082924, "AMONG": 3.7170921642082924, "BASE": 3.705115973161577, "32": 3.705115973161577, "CON": 3.681585475751383,