{"Masterpieces": 152.37484755340827, "Mediocre": 144.75610517573784, "Marek": 138.51190394220936, "Painting": 88.39245917822765, "minutes": 71.05101675715949, "15": 49.11107849007587, "'": 26.312402974891466, "Choose": 20.88338841948817, "in": 17.653719061337494, "'s": 17.639107079689964, "Adventure": 16.61202589948275, "Lockdown": 16.140893756857214, "Pooman": 15.237484755340827, "mins": 15.237484755340827, "Own": 11.715510932898315, "'The": 10.107586040417754, "-": 9.696051472125022, "Arthurian": 7.618742377670413, "Barbican": 7.618742377670413, "Cathedral": 7.618742377670413, "Kinkade": 7.618742377670413, "'Deer": 7.618742377670413, "Cottage": 7.618742377670413, "Grimshaw": 7.618742377670413, "'Nightfall": 7.618742377670413, "Thames": 7.618742377670413, "Whistler": 7.618742377670413, "Lucian": 7.618742377670413, "'Girl": 7.618742377670413, "Nolan": 7.618742377670413, "'Ned": 7.618742377670413, "Magritte": 7.618742377670413, "O'Keeffe": 7.618742377670413, "'Hibiscus": 7.618742377670413, "Plumeria": 7.618742377670413, "Pooman.co.uk": 7.618742377670413, "Klee": 7.618742377670413, "'Senecio": 7.618742377670413, "Beardsley": 7.618742377670413, "'Isolde": 7.618742377670413, "Winslow": 7.618742377670413, "Breezing": 7.618742377670413, "Watercolour": 7.618742377670413, "Seascape": 7.618742377670413, "Bembridge": 7.618742377670413, "Lifeboat": 7.618742377670413, "Pier": 7.618742377670413, "Wyeth": 7.618742377670413, "'Christina": 7.618742377670413, "Kandinsky": 7.618742377670413, "'Several": 7.618742377670413, "Medicore": 7.618742377670413, "Hokusai": 7.618742377670413, "Kanagawa": 7.618742377670413, "Degas": 7.618742377670413, "'Waiting": 7.618742377670413, "Brack": 7.618742377670413, "Lawren": 7.618742377670413, "'Lakes": 7.618742377670413, "1928": 7.618742377670413, "John": 7.334997318177972, "Atkinson": 6.925595197110468, "Pauline": 6.925595197110468, "Freud": 6.925595197110468, "Rene": 6.925595197110468, "Aubrey": 6.925595197110468, "Circles": 6.925595197110468, "Edgar": 6.925595197110468, "Mountains": 6.925595197110468, "Paul": 6.549873911633459, "Sidney": 6.520130089002303, "invented": 6.520130089002303, "Portrait": 6.520130089002303, "Walks": 6.2324480165505225, "Susan": 6.2324480165505225, "Lovers": 6.2324480165505225, "Creek": 6.009304465236313, "cards": 6.009304465236313, "Your": 5.867345692603402, "Kitten": 5.826982908442358, "Homer": 5.6728322286151, "Advert": 5.539300835990577, "Georgia": 5.421517800334194, "Hits": 5.421517800334194, "Harris": 5.421517800334194, "St": 5.220847104872043, "card": 5.220847104872043, "Kelly": 4.979685048055154, "Drawing": 4.910692176568203, "Scariest": 4.910692176568203, "Wave": 4.910692176568203, "Greatest": 4.674303398503973, "Self": 4.623010104116422, "Andrew": 4.623010104116422, "Bird": 4.527699924312097, "Charlie": 4.483248161741264, "thing": 4.440688547322468, "Times": 4.399866552802212, "Part": 4.396414756796255, "own": 4.360645839648932, "Thomas": 4.360645839648932, "Brown": 4.25144654768394, "Minutes": 4.184755173185267, "II": 4.1222348162039335, "Lady": 3.9811562179440276, "Mother": 3.929862923556477, "Ghost": 3.9051703109661053, "London": 3.881072759387045, "game": 3.857542261976851, "Great": 3.857542261976851, "|": 3.786837728837385, "....": 3.667498659088986, "off": 3.444355107774776, "Final": 3.384635873073154, "Two": 3.3702471356210544, "'ve": 3.301254264134103, "Halloween": 3.176091121180097, "can": 3.0440313991670305, "Making": 3.0440313991670305, "a": 3.015578398798211, "An": 2.7904286403681122, "Episode": 2.4947783982671545, "Christmas": 2.4369588273783283, "World": 2.371718305509927, "do": 2.2764081257056024, "your": 2.202641975465993, "Up": 2.1763246671486196, "this": 2.129804651513727, "&": 2.076206480770929, "from": 2.0503978739093167, "With": 1.8598406037931328, "you": 1.7751979606390536, "5": 1.4660096829663092, "with": 1.276620958949262, "The": 1.271759252402942, "on": 1.264372336873063, "3": 1.2020100951580874, "to": 0.9217081300039289, "of": 0.900937682646722, "I": 0.8805898830744563, "the": 0.8063972834929346, "A": 0.7878681430242339, "(": 0.5162430218957645, ")": 0.513776929400571, "!": 0.4035023989403157}