{"\u2744\ufe0f\ud83c\udf84\ud83c\udf85": 193.23982936420686, "\ud83c\udf85\ud83c\udf84\u2744\ufe0f": 185.18816980736491, "Colinde": 132.45322277307616, "COLINDE": 104.67157423894538, "colinde": 88.56825512526149, "COLAJ": 77.30665973289425, "Craciun": 73.58512376282009, "Colaj": 54.95174467007976, "romanesti": 48.309957341051714, "2022": 43.49811869222598, "traditionale": 40.258297784209766, "CRACIUN": 40.258297784209766, "din": 35.126609877034404, "Ardeal": 34.76523634086922, "frumoase": 33.326825978610316, "Romanesti": 32.20663822736781, "2021": 27.55238680212126, "mai": 25.806438994728946, "Cele": 24.42299763114656, "Maramures": 24.154978670525857, "NOI": 20.85914180452153, "DE": 19.169175044601165, "de": 19.146633834846796, "si": 17.352349960550583, "minunate": 16.103319113683906, "decembrie": 16.103319113683906, "TRADITIONALE": 16.103319113683906, "ROMANESTI": 16.103319113683906, "2022\u2744\ufe0f\ud83c\udf84\ud83c\udf85": 16.103319113683906, "cantece": 16.103319113683906, "seara": 16.103319113683906, "Traditionale": 16.103319113683906, "Pentru": 14.717024752564017, "Seara": 14.717024752564017, "colaj": 13.906094536347688, "populare": 13.906094536347688, "noi": 12.884443288815707, "nou": 12.21149881557328, "NOU": 11.498148927695816, "-": 8.151311732449358, "AJUN": 8.051659556841953, "CRESTINE": 8.051659556841953, "MARAMURES": 8.051659556841953, "ARDEAL": 8.051659556841953, "DECEMBRIE": 8.051659556841953, "PRAG": 8.051659556841953, "SARBATORI": 8.051659556841953, "\ud83c\udf85\ud83c\udf84\u2744\ufe0fColinde": 8.051659556841953, "COLINDELE": 8.051659556841953, "ROMANILOR": 8.051659556841953, "\ud83c\udf85\ud83c\udf84\u2744\ufe0fColaj": 8.051659556841953, "CR\u0102CIUN": 8.051659556841953, "Cr\u0103ciun": 8.051659556841953, "Deschide": 8.051659556841953, "crestine": 8.051659556841953, "\ud83c\udf85\ud83c\udf84\u2744\ufe0f5": 8.051659556841953, "Colinde2022": 8.051659556841953, "craciun": 8.051659556841953, "Asculta": 8.051659556841953, "Cantece": 8.051659556841953, "\ud83c\udf85\ud83c\udf84\u2744\ufe0fCOLINDE": 8.051659556841953, "Colinde\u2744\ufe0f\ud83c\udf84\ud83c\udf85": 8.051659556841953, "ZIUA": 7.358512376282008, "ore": 7.358512376282008, "ASCULTATE": 7.358512376282008, "HITURI": 7.358512376282008, "Ore": 7.358512376282008, "usa": 6.953047268173844, "CELE": 6.953047268173844, "DIN": 6.665365195722063, "cele": 6.665365195722063, "pentru": 6.442221644407853, "IN": 5.754784541535915, "vol": 5.749074463847908, "MAI": 5.749074463847908, "cu": 5.566752907053953, "De": 5.486783718881497, "SI": 5.00713711911853, "10": 1.7959095150885866, "In": 1.4436589315458666, "#": 0.9599174417468006, "2": 0.9159722098138096, "(": 0.6577812667341976, ")": 0.656552010279468, ",": 0.594627467719573}