{"Trust": 32.661430474024776, "Estate": 28.662865645539732, "Crypto": 24.867730293078665, "Tax": 24.188844480365283, "Planning": 20.84984938205787, "shorts": 17.733840575683807, "Kohler": 15.220715236625676, "IRS": 13.834420875505785, "Summit": 11.061832153266003, "Your": 10.633334153645976, "#": 9.992441125918738, "J": 9.942600577395158, "LIVE": 9.365163745742093, "Series": 9.331643843947717, "Return": 8.782963586889274, "your": 8.245126133670471, "Revocable": 7.610357618312838, "Write-off": 7.610357618312838, "Gerald": 7.610357618312838, "Celente": 7.610357618312838, "credits": 7.610357618312838, "ROTH": 7.610357618312838, "EXTEND": 7.610357618312838, "Return-": 7.610357618312838, "ROI": 7.610357618312838, "LLC": 7.610357618312838, "Mark": 7.607390257085036, "need": 7.563432443647485, "Plan": 7.099829215532837, "Taxable": 6.9172104377528925, "Extending": 6.9172104377528925, "FORUM": 6.9172104377528925, "!": 6.566734074423007, "FOLLOW": 6.511745329644728, "continued": 6.511745329644728, "60,000": 6.511745329644728, "IRA": 6.511745329644728, "OPEN": 6.511745329644728, "Business": 6.383034021032479, "Legally": 6.224063257192947, "Maintaining": 6.000919705878737, "Trends": 6.000919705878737, "Foreign": 6.000919705878737, "Taxes": 6.000919705878737, "Funding": 5.8185981490847825, "Screwed": 5.8185981490847825, "Mortgage": 5.8185981490847825, "Rewards": 5.8185981490847825, "GOES": 5.530916076633002, "Miami": 5.530916076633002, "Let": 5.48564633571451, "Screw": 5.413133040976618, "Decisions": 5.413133040976618, "SHOW": 5.307772525318792, "Sale": 5.125450968524837, "Answering": 5.125450968524837, "Mine": 5.045408260851301, "Real": 5.03321483501215, "same": 4.971300288697579, "OFF": 4.971300288697579, "NFTs": 4.837768896073056, "Difficult": 4.837768896073056, "education": 4.777144274256622, "Investment": 4.7199858604166725, "Legal": 4.7199858604166725, "Pt": 4.665918639146397, "Wants": 4.665918639146397, "Less": 4.665918639146397, "Up": 4.654307779149698, "Leave": 4.614625344758847, "Structure": 4.565835180589414, "Cleaning": 4.565835180589414, "Will": 4.5169989696735415, "Protect": 4.474863402383688, "do": 4.470158421257345, "Pay": 4.432303787964892, "NEED": 4.391481793444637, "Pet": 4.352261080291355, "Door": 4.352261080291355, "Mega": 4.314520752308509, "Mom": 4.278153108137634, "Sweet": 4.243061788326363, "Crash": 4.209160236650682, "MONEY": 4.209160236650682, "Wash": 4.144621715513111, ":": 4.12950277837597, "Reasons": 4.113850056846357, "ever": 4.113850056846357, "Part": 4.107059113226599, "BACK": 4.083997093696676, "talk": 4.055009556823424, "Wo": 4.026838679856728, "Gift": 3.999439705668613, "better": 3.9727714585864518, "Finding": 3.946795972183191, "I": 3.912246994094466, "Everyone": 3.872688000029469, "Elon": 3.849157502619275, "Market": 3.7817162218237423, "Gold": 3.7817162218237423, "their": 3.6400657047607154, "Podcast": 3.6400657047607154, "should": 3.621373571748563, "did": 3.585005927577688, "Mother": 3.5499146077664183, "than": 3.532820174407118, "Mind": 3.4994837541395265, "Spring": 3.4359703484172, "Ways": 3.420702876286412, "My": 3.4099915405165344, "Going": 3.4056649989218712, "There": 3.347677741271522, "19": 3.3062925251086677, "Questions": 3.2536487916232457, "Why": 3.203088865740485, "Every": 3.167706361822521, "Getting": 3.1560103220593296, "Money": 3.133020803834631, "Need": 3.088569041263797, "Special": 3.0460094268450013, "10": 2.9452611284532066, "May": 2.891858747017743, "Change": 2.874159169918342, "After": 2.856767427206473, "Back": 2.79817326294042, "?": 2.7752238748654285, "a": 2.6844146890853176, "Year": 2.683103933155633, "Making": 2.6615977279346694, "in": 2.64200465324826, "You": 2.615477285135865, "$": 2.516607417506075, "20": 2.510491190488639, "By": 2.510491190488639, "THE": 2.5044121444122567, "Out": 2.480458903389764, "'s": 2.477701667025582, "Know": 2.4686940618101776, "is": 2.4402339024949753, "&": 2.42388856496558, "Get": 2.379249001458251, "vs": 2.368610603253195, "|": 2.322295023107311, "The": 2.261810004733867, "or": 2.207680236440558, "it": 2.088896700450591, "And": 2.069094073154411, "-": 2.0512350707921794, "Best": 2.0156462387109984, "an": 1.957868438044187, "How": 1.9046931448841786, "n't": 1.8966248128034684, "On": 1.8673544305033551, "to": 1.8575421935748841, "...": 1.8420366225190652, "Day": 1.8389164951828216, "Are": 1.8173440099286937, "Do": 1.7022746801439066, "``": 1.6442108791891454, "''": 1.6213962014229741, "3": 1.225163219315112, "What": 1.2184405049202354, "1": 1.138011323811937, "2": 1.0479135246191178, "A": 0.820260382798933, "the": 0.5991436309624705, ",": 0.4955881699463743}