{"Genshin": 142.04206171028204, "Impact": 136.57241500646342, "2.4": 88.81842623887569, "Patch": 44.46139167793892, "\u2605\u2605\u2605\u2605": 40.679663860024455, "\u2605\u2605\u2605\u2605\u2605": 40.679663860024455, "2.5": 33.42590048726012, "|": 31.58927933052791, "PATCH": 28.211673405118468, "2.6": 24.76009049179831, "NEW": 24.51075994165097, "Time/Claim": 24.40779831601467, "Re-Runs": 24.40779831601467, "Re-Run": 24.40779831601467, "Gems": 22.60410448886756, "Banners": 22.328356774334836, "HURRY": 20.248915232655, "Promo": 16.490626327168897, "2.5-3.0": 16.27186554400978, "YAE": 16.27186554400978, "MIKO": 16.27186554400978, "Enkanomiya": 16.27186554400978, "F2P": 15.736683042326177, "&": 15.56863620703017, "Limited": 15.420601495352699, "Upcoming": 15.274231002844402, "Primogems": 14.88557118288989, "Road-Map": 14.88557118288989, "Itto": 14.88557118288989, "Code": 14.305910826055248, "Ayaka": 13.49927682177, "Ayato": 13.49927682177, "CLAIM": 13.05298971914158, "FREE": 12.99299252493177, "BANNER": 12.68834660555367, "NOTES": 12.380045245899154, "Countdown": 11.66669535802169, "COUNTDOWN": 11.47607499841304, "Summons": 11.30205224443378, "TOTAL": 10.993750884779264, "Report": 10.993750884779264, "Predictions": 9.755672467966816, "Leak": 9.680191812001123, "LIVESTREAM": 9.403891135039489, "Guide": 9.018102171245452, "Rewards": 8.529463522193998, "REVEALED": 8.408214278561129, "Tier-List": 8.13593277200489, "Dendro": 8.13593277200489, "14000+": 8.13593277200489, "2.6-3.0": 8.13593277200489, "Routes": 8.13593277200489, "P.1": 8.13593277200489, "2.5-2.6": 8.13593277200489, "SELECTIVE": 8.13593277200489, "DEVELOPERS": 8.13593277200489, "65,000+": 8.13593277200489, "GEO": 8.13593277200489, "!": 7.795990878956387, "Skins": 7.6909466617129985, "LIVE": 7.514162970550574, "RAIDEN": 7.442785591444945, "Kamisato": 7.442785591444945, "Warping": 7.442785591444945, "SELECT": 7.442785591444945, "Constellation": 7.442785591444945, "Dainsleif": 7.442785591444945, "16000+": 7.442785591444945, "10,000+": 7.442785591444945, "EXACT": 7.442785591444945, "Ganyu": 7.442785591444945, "Commission": 7.442785591444945, "Gorou": 7.442785591444945, "FAST": 7.363170951502766, "MULTIPLE": 7.037320483336781, "Rates": 7.037320483336781, "Claimed": 7.037320483336781, "Xiao": 7.037320483336781, "Arataki": 7.037320483336781, "Artifacts": 7.037320483336781, "Chasm": 6.749638410885, "WISHES": 6.749638410885, "Shenhe": 6.749638410885, "Wishes": 6.344173302776835, "Puzzles": 6.190022622949577, "Dates": 6.190022622949577, "DMG": 6.190022622949577, "Shogun": 6.056491230325054, "For": 5.988144659335905, "RATE": 5.9387081946686715, "Playable": 5.9387081946686715, "GEMS": 5.9387081946686715, "Achievements": 5.9387081946686715, "Stream": 5.8419940287918095, "EVENTS": 5.833347679010845, "Raiden": 5.73803749920652, "Free": 5.725866426882288, "BOOST": 5.65102612221689, "WEB": 5.570983414543353, "LETS": 5.496875442389632, "Sponsored": 5.363344049765109, "Banner": 5.363344049765109, "Live": 5.293990091696408, "Points": 5.140200498450899, "Mechanics": 5.091410334281467, "Teams": 5.091410334281467, "Each": 5.044890318646575, "UPDATED": 4.957878941656944, "LUCKIEST": 4.91705694713669, "Wish": 4.877836233983408, "Chest": 4.701945567519744, "NO": 4.578987993894333, "2nd": 4.498346612278505, "Builds": 4.398263153721522, "Massive": 4.374732656311328, "Worth": 4.374732656311328, "META": 4.264731761096999, "Comparison": 4.223909766576744, "Tricks": 4.2041071392805645, "Farming": 4.09288150417034, "MASSIVE": 4.008798386959799, "BEST": 3.799126363602372, "Changes": 3.7170921642082924, "200": 3.7170921642082924, "Weapons": 3.7170921642082924, "Quest": 3.705115973161577, "Tips": 3.6472964022727505, "*": 3.6303289555086162, "STREAM": 3.61414419495585, "+": 3.5770871246977602, "IS": 3.5770871246977602, "Hidden": 3.5509652933343183, "40": 3.520812255163631, "Over": 3.510959958720619, "Character": 3.4724936778928233, "MAN": 3.417433900709796, "EPIC": 3.2086790868476855, "GO": 3.145500185226154, "EN": 3.02998729810431, "21": 2.9768774727903615, "Be": 2.965448776966739, "To": 2.910156186429351, "30": 2.756035418464431, "Team": 2.582973187083273, "20": 2.4123476700525095, "Get": 2.37703099812761, "ALL": 2.318821612041686, "11": 2.1931333968781894, "On": 2.119775612306537, "Of": 1.9917471378792446, "9": 1.9896035143359931, "TO": 1.7780905054967908, "2022": 1.702992679265711, "IN": 1.6065139337426653, "6": 1.5212071718011297, "In": 1.4934459706376344, "How": 1.441370713483795, "4": 1.0601239080265037, "5": 0.9505457564244738, "#": 0.9392462011705405, "3": 0.7644434767906133, ",": 0.7058186334430898, "?": 0.5098500139325098}