{"Found": 25.127962240039288, "He": 24.17379883062596, "We": 17.950403052021265, "...": 16.03012738057368, "Unsolved": 13.29213157360922, "This": 11.60571519454956, "Warning": 11.26892975025226, "Have": 11.183672740378205, "Murder": 10.786605636618484, "Abandoned": 10.39829360773657, "Us": 9.995639346396253, "Footage": 9.6269686461126, "My": 9.593537851654325, "They": 9.42603305910824, "Someone": 9.330128635876052, "Was": 9.315319388301887, "Car": 9.146260578648493, "Idea": 9.07170517291604, "Up\u2026": 8.0323601479245, "EVICTED": 8.0323601479245, "Hazmat": 8.0323601479245, "Reappeared": 8.0323601479245, "Here\u2026": 8.0323601479245, "Sender": 8.0323601479245, "Unmarked": 8.0323601479245, "Package\u2026": 8.0323601479245, "Figured": 8.0323601479245, "Far\u2026": 8.0323601479245, "Appeared": 8.0323601479245, "Happened\u2026": 7.339212967364555, "Autopsy": 7.339212967364555, "UPLOADING": 7.339212967364555, "Totaled": 7.339212967364555, "Murderer": 7.339212967364555, "Crawled": 7.339212967364555, "Out\u2026": 7.339212967364555, "No": 7.192711634265752, "Time": 7.066819036968656, "Murdered": 6.933747859256391, "Haunting": 6.933747859256391, "Showed": 6.64606578680461, "Scamming": 6.64606578680461, "Discovered": 6.4229222354904, "Walked": 6.4229222354904, "Condition": 6.4229222354904, "Least": 6.240600678696445, "Expected": 6.240600678696445, "Tracking": 6.240600678696445, "Walls": 6.240600678696445, "Her": 6.139031035329186, "She": 6.097507052432328, "Evidence": 6.086449998869187, "Highway": 6.086449998869187, "An": 5.9650082813499266, "To": 5.953793209438833, "Lab": 5.952918606244665, "Brings": 5.952918606244665, "Solve": 5.952918606244665, "Me": 5.9478800780776275, "Suit": 5.835135570588281, "Taken": 5.835135570588281, "Device": 5.835135570588281, "Push": 5.835135570588281, "Stealing": 5.729775054930455, "Tunnel": 5.729775054930455, "Year": 5.645747990166159, "Woods": 5.63446487512613, "Standing": 5.5474534981365, "Trapped": 5.5474534981365, "Died": 5.467410790462964, "Arrested": 5.467410790462964, "Thinks": 5.393302818309242, "Wanted": 5.393302818309242, "Told": 5.393302818309242, "DNA": 5.32430994682229, "Called": 5.32430994682229, "When": 5.314163480480671, "Wear": 5.259771425684719, "Cop": 5.199146803868285, "Out": 5.145549267560683, "I": 5.114756076079318, "Get": 5.045943622593047, "Entire": 5.0366278743705095, "Answers": 5.0366278743705095, "PERFECT": 4.987837710201077, "Missing": 4.941317694566185, "Said": 4.896865931995351, "Each": 4.854306317576555, "Report": 4.8134843230563, "Haunted": 4.8134843230563, "Turned": 4.774263609903018, "Against": 4.774263609903018, "Move": 4.774263609903018, "And": 4.745755864329759, "Its": 4.736523281920172, "Changes": 4.700155637749297, "Months": 4.700155637749297, "Door": 4.665064317938026, "2000": 4.566624245124774, "Leave": 4.566624245124774, "Then": 4.505999623308339, "Hidden": 4.44884120946839, "Daughter": 4.421442235280276, "STOP": 4.368798501794854, "Them": 4.318788081220193, "Other": 4.294690529641132, "CAUGHT": 4.22569765815418, "Dinner": 4.203718751435406, "Side": 4.1822125462144415, "Him": 4.120337142496354, "Had": 4.120337142496354, "Or": 4.081116429343073, "Studio": 4.081116429343073, "Hide": 4.062068234372378, "Through": 4.02502696269203, "Fan": 3.971917137378081, "Boyfriend": 3.954822704018781, "It": 3.9511522693917516, "Caught": 3.9380155857024, "Went": 3.921486283751189, "Without": 3.9052257628794087, "Been": 3.8427054058980747, "Help": 3.8427054058980747, "Police": 3.8427054058980747, "Meet": 3.812852442748394, "Something": 3.7838649058751415, "Too": 3.7419007067761094, "Everything": 3.6756513212349087, "Need": 3.6135195401279026, "Has": 3.5664520292699167, "Would": 3.5664520292699167, "May": 3.4997606547712445, "Every": 3.4997606547712445, "Way": 3.4680119564566643, "Never": 3.368921053812433, "A": 3.2861667778091204, "Into": 3.2448684051424546, "Trying": 3.1725477435628284, "Old": 3.1648256974689177, "Last": 3.1270853694860707, "How": 3.0531521755925435, "Did": 2.9954075455108713, "of": 2.931141913754246, "Things": 2.8675741740009864, "!": 2.8234938079008027, "Who": 2.675773873252488, "Home": 2.598638144370261, "At": 2.5813216943587998, "20": 2.577039032566799, "That": 2.5643000067893693, "an": 2.415589050257929, "The": 2.38806241551047, "Up": 2.3728779321648794, "Why": 2.3386280091218006, "..": 2.302260364950926, "Your": 2.1946297007585605, "7": 2.185921372866776, "*": 2.05094593667002, "Of": 2.038398720617931, "n't": 1.9387903778793647, "Is": 1.9387903778793647, "On": 1.8946330938382663, "For": 1.8502752412078687, "to": 1.8303092895203121, "the": 1.7711759369437265, "With": 1.7519643089643056, "in": 1.7368269271639065, "You": 1.6590403583474878, "In": 1.5724556935469656, "for": 1.2377735670480012, ":": 1.086346156825273, "'s": 0.9796390986921775, "a": 0.8903235732176977, "(": 0.7447995076147765, ")": 0.7298637241971746, "?": 0.596332331572652}