{"CS": 39.7098256003057, "GO": 31.438903388451816, "skins": 22.856227133011238, "KeyDrop": 15.237484755340827, "FACEIT": 15.237484755340827, "KNIFE": 13.851190394220936, "..": 11.911502074202321, "...": 10.212967671594097, "MONEY": 8.573075734990418, "PRINTING": 7.618742377670413, "MattCS": 7.618742377670413, "RELOAD": 7.618742377670413, "SAVING": 7.618742377670413, "AK-47": 7.618742377670413, "CROSSHAIR": 7.618742377670413, "-\u0338\u0321\u035d-\u0335\u033c\u0325\u0347\u0320\u032c\u0333\u032f\u0329\u0347\u033a\u0316\u0351\u033d\u0307\u035b\u034a\u0303\u0314\u0302\u031a\u035c-\u0338\u0322\u0327\u0332\u034d\u0318\u032d\u032f\u032d\u032b\u0339\u0331\u0330\u0308\u0301\u0313\u0313\u030e\u030b\u0308\u0301\u0306\u0308\u0304\u034c\u0360-\u0338\u0328\u0333\u0318\u0333\u032a\u0356\u0359\u032a\u032c\u0301\u0307\u0346\u0302\u030d\u0350\u034c\u035d": 7.618742377670413, "SILVERS": 7.618742377670413, "Fragger": 7.618742377670413, "Sawcon": 7.618742377670413, "faceit\ud83d\ude33": 7.618742377670413, "Toxicest": 7.618742377670413, "BHOP": 7.618742377670413, "Skripe": 7.618742377670413, "NadeKing": 7.618742377670413, "Upgrading": 7.618742377670413, "1+4": 7.618742377670413, "bunnyhopper": 7.618742377670413, "Visualizer": 6.925595197110468, "Cases": 6.925595197110468, "rank": 6.925595197110468, "1150": 6.925595197110468, "CHEATERS": 6.925595197110468, "METAVERSE": 6.925595197110468, "Skins": 6.925595197110468, "JUMPS": 6.520130089002303, "STARTS": 6.520130089002303, "package": 6.520130089002303, "\ud83e\udd1d": 6.520130089002303, ":": 6.417474081675111, "opened": 6.2324480165505225, "strangers": 6.2324480165505225, "I": 6.164129181521194, "HARDEST": 6.009304465236313, "DESTROYS": 6.009304465236313, "JOURNEY": 6.009304465236313, "Valorant": 6.009304465236313, "starting": 5.826982908442358, "LIKES": 5.826982908442358, "CASE": 5.6728322286151, "BALD": 5.6728322286151, "sent": 5.6728322286151, "Hosted": 5.6728322286151, "Sold": 5.539300835990577, "Enemy": 5.539300835990577, "player": 5.421517800334194, "FAMOUS": 5.220847104872043, "OPENING": 5.133835727882413, "gave": 5.133835727882413, "Fit": 5.133835727882413, "NOVA": 5.053793020208877, "plays": 5.053793020208877, "BOYS": 4.785529033614197, "away": 4.785529033614197, "NFT": 4.785529033614197, "CEO": 4.728370619774249, "caught": 4.623010104116422, "using": 4.623010104116422, "\ud83d\udc40": 4.623010104116422, "BOUGHT": 4.574219939946991, "went": 4.574219939946991, "M": 4.440688547322468, "GOLD": 4.440688547322468, "0": 4.440688547322468, "W/": 4.399866552802212, "Drake": 4.322905511666084, "lost": 4.286537867495209, "Russian": 4.286537867495209, "SQUID": 4.286537867495209, "GAMES": 4.286537867495209, "``": 4.273010959697223, "Fat": 4.25144654768394, "''": 4.218408845756684, "VS.": 4.184755173185267, "YouTuber": 4.153006474870687, "from": 4.100795747818633, "Giving": 4.063394316180999, "me": 4.0555107943191135, "real": 3.790100981181318, "2022": 3.7708022015453357, "CAR": 3.726922079559787, "10,000": 3.6297583311061388, "my": 3.5854845405799263, "gets": 3.575691109835863, "best": 3.2749369558167296, "made": 3.2620335509808216, "ALL": 3.249294525203392, "Crazy": 3.1999017698738155, "THE": 3.1239167288835774, "(": 3.0974581313745873, ")": 3.0826615764034258, "REAL": 2.993769564386142, "when": 2.9840133894407774, "AND": 2.839618884558884, "Top": 2.8229518320736724, "in": 2.787429325474341, "NOT": 2.720902577719502, "BEST": 2.581789775256784, "ft.": 2.568886370420876, "'s": 2.519872439955709, "100": 2.512796903769833, "IS": 2.4770788211677535, "Time": 2.3006223838261968, "a": 2.261683799098658, "$": 2.125680934329865, "IN": 1.9911212639797762, "This": 1.9250102388677137, "What": 1.6733217690638382, "\u2019": 1.5480046496679234, "How": 1.4745567435447675, "with": 1.276620958949262, "!": 1.210507196820947, ".": 0.9933500096624572, "to": 0.9217081300039289, "the": 0.8063972834929346, "A": 0.7878681430242339, ",": 0.6823996418363637, "The": 0.635879626201471, "-": 0.5703559689485307, "?": 0.5582660116706124}