{"Max": 54.498870628751945, "Kids": 19.77543784684585, "wheels": 17.916654045486354, "kids": 17.036343288502906, "Tractor": 15.167781849863887, "appeared": 13.906094536347688, "Nikita": 13.330730391444126, "wheel": 12.519800175227797, "Toy": 12.355259706328185, "Magic": 12.007214198369667, "story": 11.725574491351262, "rescue": 11.708869959011468, "fell": 11.133505814107906, "car": 11.084852190457084, "power": 10.436892425571475, "Songs": 10.430845735015712, "play": 10.13649216714014, "Fruits": 9.832330681825608, "Vegetables": 9.665567463947506, "ride": 9.587126037640942, "cars": 9.587126037640942, "Yummy": 9.235344704713615, "Wash": 9.171847308084454, "with": 9.135250201577147, "and": 9.112065137407951, "on": 8.84670202172662, "compilation": 8.580918882296782, "Pretend": 8.580918882296782, "toy": 8.489994134143268, "Car": 8.230175578322246, "compilations": 8.051659556841953, "tow": 8.051659556841953, "\ud83d\udd34\ud83c\udf15\ud83d\udd35": 8.051659556841953, "Playhouses": 8.051659556841953, "Talking": 7.9824330925910685, "friend": 7.881571385337285, "off": 7.785552946964564, "Song": 7.57861985313051, "Ride": 7.468342886611286, "the": 7.234802775666967, "Tom": 7.171502876374739, "Properly": 6.953047268173844, "Cars": 6.913079413414727, "education": 6.665365195722063, "Clap": 6.442221644407853, "Clumsy": 6.442221644407853, "Toys": 6.307639513782084, "shake": 6.259900087613898, "mega": 6.259900087613898, "superheroes": 6.259900087613898, "for": 6.2131012539948705, "experiment": 6.10574940778664, "Fun": 6.055558071991355, "mud": 5.972218015162118, "Transform": 5.972218015162118, "monkeys": 5.972218015162118, "Cha": 5.854434979505734, "in": 5.808766120874532, "dogs": 5.749074463847908, "Funny": 5.516709464234922, "stuck": 5.486710199380417, "Liam": 5.343609355739743, "video": 5.316064020979184, "Shake": 5.218446212785738, "body": 5.218446212785738, "store": 5.218446212785738, "TV": 5.209844370351287, "Real": 5.184148085395589, "Helps": 5.1072205776755135, "buy": 5.1072205776755135, "balls": 5.0559272832879625, "police": 5.0559272832879625, "bought": 5.0559272832879625, "Story": 5.04446093866106, "animals": 5.00713711911853, "change": 4.960617103483638, "Cleaning": 4.832783731973753, "Monkey": 4.832783731973753, "Spin": 4.832783731973753, "Superheroes": 4.793563018820471, "stories": 4.793563018820471, "truck": 4.7194550466667495, "build": 4.6176723523568075, "Driver": 4.6176723523568075, "dad": 4.555151995375473, "plays": 4.525299032225792, "Part": 4.45722732271787, "Sand": 4.440741644197729, "other": 4.3880979107123075, "Hands": 4.3880979107123075, "Adventures": 4.3880979107123075, "children": 4.313989938558585, "Life": 4.303524406518924, "]": 4.238828738787886, "[": 4.233530722444732, "little": 4.180458545934062, "toys": 4.139636551413807, "Winter": 4.119833924117628, "Dancing": 4.100415838260526, "playing": 4.062675510277679, "Colors": 3.9407856926686424, "Snow": 3.892776473482282, "had": 3.892776473482282, "funny": 3.8772722869463165, "Hero": 3.8772722869463165, "world": 3.8469669374509876, "Five": 3.832151851665847, "from": 3.8235500092313965, "Beach": 3.774993437825898, "a": 3.6894480316503224, "real": 3.6696329221680717, "Children": 3.6572104021695147, "Dad": 3.5190600636886975, "best": 3.3421293555296194, "made": 3.315461108447458, "Playing": 3.2809749323762887, "has": 3.2233458195396523, "LIFE": 3.184125106386371, "REAL": 3.1613104286201996, "My": 3.067976567859357, "new": 2.9041650800285006, "to": 2.8972742774290277, "&": 2.879778348461951, "about": 2.809912541782311, "Little": 2.7993861287953234, "Play": 2.648982174969674, "Super": 2.558598113501405, "!": 2.5534607926174377, "your": 2.5025834719467337, "an": 2.399170376573303, "Your": 2.2525669023814276, "Day": 2.1247335308715427, "IN": 1.918261513845305, "It": 1.9139325027557195, "2": 1.8319444196276191, "On": 1.7255100836868542, "New": 1.602770162695096, "How": 1.577768860489679, "To": 1.424941807592929, "The": 1.220678334248673, "1": 1.2132543559946098, "#": 0.9599174417468006, "of": 0.8970441999282907, "A": 0.8908136501776546, "'s": 0.8239970581132987, "|": 0.7304710001024752, ",": 0.594627467719573}