{"\u041c\u0430\u0439\u044f": 241.54978670525858, "\u041c\u0430\u0448\u0430": 220.75537128846025, "\u0414\u0435\u0442\u0441\u043a\u0438\u0435": 220.75537128846025, "\u043f\u0435\u0441\u043d\u0438": 220.75537128846025, "\u0438\u0441\u0442\u043e\u0440\u0438\u0438": 186.82442768782775, "\u0438": 129.41969815675753, "\u041f\u0435\u0441\u0435\u043d\u043a\u0430": 69.53047268173844, "\u043f\u0440\u043e": 61.0574940778664, "\u041f\u0435\u0441\u043d\u044f": 36.792561881410045, "|": 21.914130003074256, "\u0412\u043e\u0437\u0434\u0443\u0448\u043d\u044b\u0439": 16.103319113683906, "\u0428\u0430\u0440\u0438\u043a": 16.103319113683906, "\u0425\u043b\u043e\u043f-\u0445\u043b\u043e\u043f": 16.103319113683906, "\u0411\u043e-\u0431\u043e": 16.103319113683906, "\u0418\u0433\u0440\u0430\u0435\u043c": 14.717024752564017, "\u0442\u044b": 13.906094536347688, "\u0427\u0442\u043e": 10.687218711479487, "\u0444\u0440\u0443\u043a\u0442": 8.051659556841953, "\u0423\u0433\u0430\u0434\u0430\u0439": 8.051659556841953, "\u041f\u0440\u0438\u043d\u0446\u0435\u0441\u0441\u0443": 8.051659556841953, "\u0421\u043a\u0432\u043e\u0437\u044c": 8.051659556841953, "\u0441\u0442\u0435\u043d\u0443": 8.051659556841953, "\u0432\u0438\u0434\u0438\u0448\u044c": 8.051659556841953, "\u043c\u0435\u043d\u044f\u0435\u043c": 8.051659556841953, "\u0413\u043e\u0442\u043e\u0432\u0438\u043c": 8.051659556841953, "\u0421\u043c\u0443\u0437\u0438": 8.051659556841953, "\u041c\u0430\u043b\u0435\u043d\u044c\u043a\u0438\u0435": 8.051659556841953, "\u041f\u0435\u0440\u0432\u0430\u044f": 8.051659556841953, "\u0441\u0442\u0440\u0438\u0436\u043a\u0430": 8.051659556841953, "\u041f\u043e\u0436\u0430\u0440\u043d\u044b\u0445": 8.051659556841953, "\u041d\u0435\u0432\u0438\u0434\u0438\u043c\u043a\u0443": 8.051659556841953, "\u0424\u0440\u0443\u043a\u0442\u044b": 8.051659556841953, "\u0411\u0443\u0440\u0433\u0435\u0440": 8.051659556841953, "\u0421\u0442\u043e\u043c\u0430\u0442\u043e\u043b\u043e\u0433\u0430": 8.051659556841953, "\u041c\u0430\u043b\u0435\u043d\u044c\u043a\u043e\u0435": 8.051659556841953, "\u0421\u0432\u0435\u0442\u043e\u0444\u043e\u0440": 8.051659556841953, "\u0418\u0437\u0443\u0447\u0430\u0435\u043c": 8.051659556841953, "\u041d\u044f\u043d\u044e": 8.051659556841953, "\u0411\u0440\u0430\u0442\u0435\u0446": 8.051659556841953, "\u0414\u0436\u043e\u043d\u043d\u0438": 8.051659556841953, "\u0441\u043f\u0438\u0448\u044c": 8.051659556841953, "\u041a\u043e\u043c\u0430\u0440\u043e\u0432": 8.051659556841953, "\u041a\u043e\u0441\u0442\u044e\u043c\u043e\u0432": 8.051659556841953, "\u0437\u043e\u0432\u0443\u0442": 8.051659556841953, "\u041a\u043e\u043b\u0435\u0441\u0430": 8.051659556841953, "\u0410\u0432\u0442\u043e\u0431\u0443\u0441\u0435": 8.051659556841953, "\u0416\u0438\u0432\u043e\u0442\u043d\u044b\u0435": 7.358512376282008, "\u0421\u043b\u0430\u0439\u043c": 7.358512376282008, "\u0411\u043e\u043b\u044c\u0448\u043e\u0435": 7.358512376282008, "\u0444\u043e\u0440\u043c\u044b": 7.358512376282008, "\u0418\u0433\u0440\u0430": 7.358512376282008, "\u041a\u043e\u043d\u043a\u0443\u0440\u0441": 7.358512376282008, "\u0446\u0432\u0435\u0442\u0430": 6.953047268173844, "\u041f\u043e\u043b": 6.953047268173844, "\u041b\u0430\u0432\u0430": 6.953047268173844, "\u043c\u0435\u043d\u044f": 6.665365195722063, "\u044d\u0442\u043e": 6.259900087613898, "\u0432\u0441\u0435": 6.10574940778664, "\u041a\u0430\u043a": 5.486710199380417, "\u0437\u0430": 5.00713711911853, "\u043d\u0430": 4.684363726855479, "\u0432": 4.3880979107123075, "?": 1.3390703822088819, ",": 0.594627467719573, "-": 0.5434207821632905}