{"MBCTheVoiceSenior": 112.72323379578734, "\u0641\u064a": 43.903382009250876, "\u064a\u0627\u063a\u064a": 32.20663822736781, "\u0627\u0644\u062d\u0644\u0642\u0629": 30.967726793674736, "\u0645\u0646": 24.376053061666077, "\u0627\u0644\u062e\u062a\u0627\u0645\u064a\u0629": 24.154978670525857, "\u0628\u0639\u062f": 23.088361761784036, "\u0627\u0644\u0645\u062f\u0631\u0628\u064a\u0646": 22.075537128846026, "\u0627\u0644\u062d\u0644\u0627\u0642": 22.075537128846026, "\u0627\u0644\u0630\u0647\u0628\u064a\u0629": 22.075537128846026, "\u0627\u0644\u0645\u0648\u0627\u0647\u0628": 20.85914180452153, "\u0628\u0623\u063a\u0646\u064a\u0629": 20.85914180452153, "\u0627\u0644\u062a\u064a": 18.779700262841693, "\u0645\u0639": 16.979988268286537, "#": 16.31859650969561, "\u0639\u064a\u0627\u0634\u064a": 16.103319113683906, "\u0644\u0639\u0628\u062f\u0648": 16.103319113683906, "\u0645\u0631\u0641\u062a": 16.103319113683906, "\u0627\u0644\u0623\u0635\u064a\u0644": 16.103319113683906, "\u0627\u0644\u062d\u0633\u064a\u0646": 16.103319113683906, "\u0641\u0636\u0644\u0627\u0648\u064a": 16.103319113683906, "\u062a\u064f\u0639\u064a\u062f\u0646\u0627": 16.103319113683906, "\u0627\u0644\u0632\u0645\u0646": 16.103319113683906, "\u0627\u0644\u062c\u0645\u064a\u0644": 16.103319113683906, "\u0627\u0644\u0635\u0648\u064a\u0631\u064a": 16.103319113683906, "\u0642\u0644\u064a\u0644": 16.103319113683906, "\u064a\u062a\u0648\u0651\u062c": 16.103319113683906, "\u0645\u0633\u064a\u0631\u062a\u0647": 16.103319113683906, "\u0645\u064a\u0646": 15.837212503806516, "\u0645\u0647\u062f\u064a": 14.717024752564017, "\u0623\u0636\u062d\u0643": 14.717024752564017, "\u0633\u0639\u0627\u062f": 14.717024752564017, "\u0627\u0644\u0631\u062d\u064a\u0645": 14.717024752564017, "\u0646\u0647\u0627\u0626\u064a\u0627\u062a": 14.717024752564017, "\u0639\u0628\u062f\u0648": 13.906094536347688, "\u0623\u062f\u0627\u0621": 13.906094536347688, "\u0627\u0644\u0646\u0647\u0627\u0626\u064a\u0629": 13.906094536347688, "\u0633\u0648\u0641": 13.906094536347688, "\u0623\u062b\u0646\u0627\u0621": 13.330730391444126, "\u062a\u063a\u0646\u064a": 13.330730391444126, "\u0641\u064a\u0635\u0644": 13.330730391444126, "\u0635\u0648\u062a": 13.330730391444126, "\u0627\u0644\u0639\u0631\u0628\u064a": 13.330730391444126, "\u0639\u0644\u0649": 12.669054481058577, "\u062d\u0633\u0646": 11.944436030324235, "\u0623\u062d\u0644\u0649": 11.944436030324235, "\u0643\u0627\u0645\u0644": 11.708869959011468, "\u0625\u0644\u0649": 11.133505814107906, "\u0639\u0628\u062f": 10.687218711479487, "\u0627\u0644\u0639\u0627\u0644\u0645": 10.687218711479487, "\u064a\u0627": 9.438910093333499, "\u0647\u0627\u0636\u062d\u0643": 8.051659556841953, "\u0648\u0623\u0632\u0639\u0644": 8.051659556841953, "\u0648\u064a\u0632\u0639\u0644\u0646\u064a": 8.051659556841953, "\u064a\u064f\u0637\u0644\u0642": 8.051659556841953, "\u0628\u0627\u0644\u0644\u0647\u062c\u0629": 8.051659556841953, "\u062d\u0635\u0631\u064a\u064b\u0627": 8.051659556841953, "Mehdi": 8.051659556841953, "Ayachi": 8.051659556841953, "Adhak": 8.051659556841953, "\u0645\u0642\u062a\u0637\u0641\u0627\u062a": 8.051659556841953, "\u0627\u0644\u0623\u063a\u0646\u064a\u0627\u062a": 8.051659556841953, "\u0623\u062f\u0651\u0627\u0647\u0627": 8.051659556841953, "\u0645\u0634\u0648\u0627\u0631\u0647": 8.051659556841953, "\u062a\u0639\u0644\u064a\u0642": 8.051659556841953, "\u0648\u0645\u062f\u0631\u0628\u0647": 8.051659556841953, "\u0627\u0644\u0641\u0648\u0632": 8.051659556841953, "\u0628\u0627\u0644\u0644\u0642\u0628": 8.051659556841953, "\u0648\u0627\u0644\u062c\u0645\u0647\u0648\u0631": 8.051659556841953, "\u0642\u0644\u0628\u0627\u0646": 8.051659556841953, "\u062c\u0631\u0649": 8.051659556841953, "\u0628\u0625\u062d\u0633\u0627\u0633\u0647\u0627": 8.051659556841953, "\u0627\u0644\u0645\u0631\u0647\u0641": 8.051659556841953, "\u0648\u062a\u0633\u0644\u0637\u0646": 8.051659556841953, "\u0645\u0648\u0627\u0644": 8.051659556841953, "\u064a\u0641\u0648\u0642": 8.051659556841953, "\u0644\u0641\u064a\u0635\u0644": 8.051659556841953, "\u0648\u0623\u063a\u0646\u064a\u0629": 8.051659556841953, "\u0627\u0644\u0641\u0644\u0643\u0644\u0648\u0631": 8.051659556841953, "\u062a\u062e\u062a\u0645": 8.051659556841953, "\u0645\u0634\u0627\u0631\u0643\u062a\u0647\u0627": 8.051659556841953, "\u0628\u0627\u0644\u0641\u0646": 8.051659556841953, "\u0648\u0628\u0623\u063a\u0646\u064a\u0629": 8.051659556841953, "\u0639\u0646\u0643": 8.051659556841953, "\u0643\u0644\u062b\u0648\u0645": 8.051659556841953, "\u063a\u0627\u062f\u0631\u062a": 8.051659556841953, "\u062a\u0648\u062f\u0651\u0639": 8.051659556841953, "\u0648\u0627\u0644\u0645\u0634\u0627\u0647\u062f\u064a\u0646": 8.051659556841953, "\u0645\u0644\u0647\u0645\u0629": 8.051659556841953, "\u0648\u0635\u0648\u062a\u0647": 8.051659556841953, "\u0627\u0644\u0646\u0647\u0627\u0626\u064a\u0627\u062a": 8.051659556841953, "\u0628\u062a\u0633\u0623\u0644": 8.051659556841953, "\u0644\u0641\u0627\u064a\u0632\u0647": 8.051659556841953, "\u064a\u0634\u0639\u0644": 8.051659556841953, "\u0628\u0635\u0648\u062a\u0647": 8.051659556841953, "\u0648\u0623\u062f\u0627\u0626\u0647": 8.051659556841953, "\u0648\u062e\u0641\u0629": 8.051659556841953, "\u062f\u0651\u0645\u0647": 8.051659556841953, "\u064a\u0624\u062f\u064a": 8.051659556841953, "\u0627\u0644\u0645\u0648\u0627\u0644": 8.051659556841953, "\u0628\u062d\u0631\u0641\u064a\u0629": 8.051659556841953, "\u0648\u064a\u0633\u0644\u0637\u0646": 8.051659556841953, "\u0637\u064a\u0631": 8.051659556841953, "\u0645\u0631\u0633\u0648\u0644": 8.051659556841953, "\u0641\u0627\u0642": 8.051659556841953, "\u0627\u0644\u062a\u0648\u0642\u0639\u0627\u062a": 8.051659556841953, "\u0627\u0644\u062a\u0631\u0627\u062b": 8.051659556841953, "\u064a\u0637\u0631\u0628": 8.051659556841953, "\u0641\u062e\u0631\u064a": 8.051659556841953, "\u0627\u0647": 8.051659556841953, "\u0645\u0633\u0644\u0651\u064a\u0646\u064a": 8.051659556841953, "\u0627\u0646\u0637\u0644\u0642\u062a": 8.051659556841953, "\u062a\u0646\u062a\u0647\u064a": 8.051659556841953, "\u0628\u0641\u0648\u0632": 8.051659556841953, "\u0645\u0648\u0647\u0628\u0629": 8.051659556841953, "\u0630\u0647\u0628\u064a\u0629": 8.051659556841953, "\u0628\u0644\u0642\u0628": 8.051659556841953, "\u0648\u0627\u0633\u062a\u0639\u062f\u0627\u062f\u0627\u062a": 8.051659556841953, "\u0633\u0647\u0631\u0629": 8.051659556841953, "\u0627\u0644\u063a\u0646\u0627\u0626\u064a\u0629": 8.051659556841953, "\u0646\u062d\u062a\u0641\u0644": 8.051659556841953, "\u0645\u0639\u0627\u064b": 8.051659556841953, "\u0628\u0623\u062c\u0645\u0644": 8.051659556841953, "\u064a\u0646\u0633\u0627\u0647\u0627": 8.051659556841953, "\u062e\u0645\u0633\u064a\u0646": 8.051659556841953, "\u0627\u062d\u062a\u0631\u0627\u0641": 8.051659556841953, "\u062a\u0641\u0627\u0639\u0644\u064a\u0629": 8.051659556841953, "\u0648\u0627\u0644\u0641\u0646\u064a\u0629": 8.051659556841953, "\u0648\u0627\u062e\u062a\u0631": 8.051659556841953, "\u0627\u0644\u062c\u0648\u0627\u0628": 8.051659556841953, "\u064a\u0633\u062a\u0631\u062c\u0639": 8.051659556841953, "\u0643\u0648\u0645\u064a\u062f\u064a\u0627": 7.358512376282008, "\u062c\u062f\u0651\u064a\u0647": 7.358512376282008, "\u0627\u0644\u062e\u0644\u064a\u062c": 7.358512376282008, "\u0645\u0627\u0631\u0633": 7.358512376282008, "\u0628\u0646\u062f\u0646\u0647\u0627_\u0623\u0643\u062b\u0631": 7.358512376282008, "\u0645\u0644\u062d\u0645": 7.358512376282008, "\u064a\u0642\u0637\u0639": 7.358512376282008, "\u0627\u0644\u0623\u0646\u0641\u0627\u0633": 7.358512376282008, "\u063a\u0646\u0627\u0626\u0647": 7.358512376282008, "\u0644\u0648\u062f\u064a\u0639": 7.358512376282008, "\u0627\u0644\u0635\u0627\u0641\u064a": 7.358512376282008, "\u064a\u062e\u0637\u0641": 7.358512376282008, "\u0642\u0644\u0648\u0628": 7.358512376282008, "\u0644\u064a": 7.358512376282008, "\u0627\u0644\u062e\u064a\u0627\u0644": 7.358512376282008, "\u0627\u0644\u0628\u0631\u0646\u0627\u0645\u062c": 7.358512376282008,