{"BASS": 57.090068987930074, "Escalade": 42.578001553230656, "Cadillac": 35.20626726754294, "Audio": 34.30096974289477, "Amps": 32.78152379590105, "ported": 32.78152379590105, "Subs": 31.542130650299704, "B2": 30.61966819139328, "''": 25.71895391843639, "laser": 25.07449074691372, "Output": 25.07449074691372, "box": 23.82272644976078, "Subwoofers": 23.452630314481063, "Wired": 22.96475114354496, "acrylic": 22.96475114354496, "slot": 22.96475114354496, "SMD": 22.96475114354496, "12": 21.76354491774103, "Amp": 21.0280871001998, "Fired": 20.885309601865128, "output": 20.885309601865128, "finish": 20.68004159224128, "System": 20.431030196176778, "Sound": 19.899128847331323, "watts": 19.668914277540633, "system": 19.241272790390006, "install": 18.23791931307925, "Watts": 17.589472735860795, "!": 17.13217889066691, "up": 16.673422424992015, "steel": 15.51003119418096, "LOC": 15.30983409569664, "High-Low": 15.30983409569664, "pods": 15.30983409569664, "Audiocontrol": 15.30983409569664, "9.2.4": 15.30983409569664, "Atmos": 15.30983409569664, "Bandpass": 15.30983409569664, "Alternators": 15.30983409569664, "tested": 14.84060054023833, "together": 14.646984976825618, "sound": 14.242289942504879, "Flexing": 13.923539734576751, "deeper": 13.923539734576751, "Acrylic": 13.923539734576751, "Dolby": 13.923539734576751, "Rack": 13.831183830374693, "start": 13.800897713829418, "Plate": 13.558268495757511, "cut": 13.430589652501125, "6": 13.250059655477008, "``": 13.228017359097365, "33": 13.190461529480515, "LED": 13.141876781525196, "12,000": 13.112609518360422, "Converters": 13.112609518360422, "fit": 12.968137613019351, "(": 12.89361224343781, "HARD": 12.862863653585539, ")": 12.67454615675071, "Sundown": 12.53724537345686, "Floating": 12.53724537345686, "clear": 12.53724537345686, "door": 12.298706959076721, "amp": 12.090958270828441, "truth": 12.090958270828441, "sets": 12.090958270828441, "panels": 12.090958270828441, "Power": 11.758060698946224, "each": 11.726315157240531, "'s": 11.568897245157087, "audio": 11.418013797586015, "huge": 11.15095101233697, "Clean": 11.11101998780068, "Excursion": 10.915384941024202, "Laser": 10.70466390970855, "Caddy": 10.5140435500999, "panel": 10.5140435500999, "Custom": 10.29405073145543, "Order": 10.179935380773568, "6th": 10.031719436466124, "Rage": 9.764656651217079, "Yukon": 9.64340740758421, "Clear": 9.64340740758421, ".": 9.59997491025682, "video": 9.432172623994411, "BEAST": 9.31836954858866, "battery": 9.31836954858866, "it": 9.263993362356288, "24": 9.149240585580689, "Two": 9.031578446120845, "-": 8.89328054131239, "We": 8.867350955700502, "the": 8.845695778702579, "Wall": 8.718160363687984, "Steel": 8.575242435723693, "MUCH": 8.441859686726348, "they": 8.31681897276368, "two": 8.257113046464319, "15": 8.248926808229674, "Tahoe": 8.14279621878442, "fire": 8.14279621878442, "THAT": 8.087998270408193, "Test": 8.052039907640829, "out": 8.013931278419953, "home": 7.932075187468769, "&": 7.900692698774602, "to": 7.86473479720927, "SO": 7.834494859129904, "Chevy": 7.758038536884268, "Bedlined": 7.65491704784832, "Interlocked": 7.65491704784832, "welded": 7.65491704784832, "Zapco": 7.65491704784832, "gigantic": 7.65491704784832, "activated": 7.65491704784832, "Tranny": 7.65491704784832, "Tucking": 7.65491704784832, "2500.1": 7.65491704784832, "Strapped": 7.65491704784832, ".67": 7.65491704784832, "ohms": 7.65491704784832, "Distorted": 7.65491704784832, "L.O.C": 7.65491704784832, "Galaga": 7.65491704784832, "arcade": 7.65491704784832, "firing": 7.65491704784832, "Strapping": 7.65491704784832, "2500.1x2": 7.65491704784832, "decide": 7.65491704784832, "Scoping": 7.65491704784832, "Intelli-Supply": 7.65491704784832, "PSC-90": 7.65491704784832, "magnet": 7.65491704784832, "emblem": 7.65491704784832, "Duromax": 7.65491704784832, "XP12000EH": 7.65491704784832, "14.5": 7.65491704784832, "tweeter": 7.65491704784832, "Mids": 7.65491704784832, "Highs": 7.65491704784832, "3-Ways": 7.65491704784832, "Soundigital": 7.65491704784832, "EVOX2": 7.65491704784832, "3000.1": 7.65491704784832, "135lb": 7.65491704784832, "alternators": 7.65491704784832, "Epicenter": 7.65491704784832, "framed": 7.65491704784832, "LC-1.1500": 7.65491704784832, "1500watts": 7.65491704784832, "Boxx": 7.65491704784832, "PA15": 7.65491704784832, "Gately": 7.65491704784832, "Klipsch": 7.65491704784832, "3/16": 7.65491704784832, "nipples": 7.65491704784832, "15hz": 7.65491704784832, "Throat": 7.65491704784832, "Choking": 7.65491704784832, "Bloodbath": 7.65491704784832, "stainless": 7.65491704784832, "hold": 7.65491704784832, "surround": 7.65491704784832, "audio/theater": 7.65491704784832, "Skelator": 7.65491704784832, "Plated": 7.65491704784832, "engraved": 7.65491704784832, "Towering": 7.65491704784832, "Towers": 7.65491704784832, "220volts": 7.65491704784832, "alotta": 7.65491704784832, "Sparks": 7.65491704784832, "800lbs": 7.65491704784832, "Ferrite": 7.65491704784832, "Flexed": 7.65491704784832, "10Hz": 7.65491704784832, "XLVIII": 7.65491704784832, "ANL": 7.65491704784832, "33,000": 7.65491704784832, "Voltages": 7.65491704784832, "370a": 7.65491704784832, "Etching": 7.65491704784832, "Multi-Color": 7.65491704784832, "Anodized": 7.65491704784832, "Pulleys": 7.65491704784832, "Embark": 7.65491704784832, "alt": 7.65491704784832, "stuffed": 7.65491704784832, "modules": 7.65491704784832, "full": 7.652551302718451, "update": 7.331866002568092, "Box": 7.331866002568092, "down": 7.259130714226343, "build": 7.188948074603802, "got": 7.154759207885203, "CRAZY": 7.154759207885203, "made": 6.992067928977297, "Focal": 6.961769867288376, "Forgiato": 6.961769867288376, "\ud83d\udd0a\ud83d\udd0a\ud83d\udd0a\ud83d\udd0a\ud83d\udd0a": 6.961769867288376, "Classy": 6.961769867288376, "converters": 6.961769867288376, "LEDs": 6.961769867288376, "generator": 6.961769867288376, "sail": 6.961769867288376, "wired": 6.961769867288376, "processor": 6.961769867288376, "Gigantic": 6.961769867288376, "Surround": 6.961769867288376, "Channels": 6.961769867288376, "hitting": 6.961769867288376, "Whipping": 6.961769867288376, "Lows": 6.961769867288376, "32,000": 6.961769867288376, "moved": 6.961769867288376, "enclosure": 6.961769867288376, "24k": 6.961769867288376, "Woofer": 6.961769867288376, "Unboxed": 6.961769867288376, "fuse": 6.961769867288376, "Maximus": 6.961769867288376, "4/0": 6.961769867288376, "dummy": 6.961769867288376, "new": 6.624539028546032, "RACK": 6.556304759180211, "8500": 6.556304759180211, "4runner": 6.556304759180211, "Amplifiers": 6.556304759180211, "amps": 6.556304759180211, "watt": 6.556304759180211, "means": 6.556304759180211, "subwoofer": 6.556304759180211, "Dedicated": 6.556304759180211, "bass": 6.556304759180211, "Dragged": 6.556304759180211, "rated": 6.556304759180211, "Lowest": 6.556304759180211, "pushed": 6.556304759180211, "logo": 6.556304759180211, "Bling": 6.556304759180211, "Bump": 6.556304759180211, "X26": 6.556304759180211, "GMC": 6.545780826348878, "like": 6.545780826348878, "Line": 6.520935786351764, "2": 6.43832705362256, "It": 6.305872388780109, "upgraded": 6.26862268672843, "Beating": 6.26862268672843, "Hair": 6.26862268672843, "Slapping": 6.26862268672843, "Watt": 6.26862268672843, "Monitors": 6.26862268672843, "speaker": 6.26862268672843, "trees": 6.26862268672843, "Modding": 6.26862268672843, "shape": 6.26862268672843, "juice": 6.26862268672843, "results": 6.26862268672843, "Beard": 6.26862268672843, "Unbelievable": 6.26862268672843, "Slot": 6.26862268672843, ",": 6.113742636703079, "mirror": 6.0454791354142206, "meter": 6.0454791354142206, "Signals": 6.0454791354142206, "THEN": 6.0454791354142206, "UGLY": 6.0454791354142206, "Waves": 6.0454791354142206, "XS": 6.0454791354142206, "Torture": 6.0454791354142206, "Bonce": 6.0454791354142206, "Loudest": 6.0454791354142206, "3,000": 6.0454791354142206, "Ported": 6.0454791354142206, "High": 5.890773693071973, "Mounted": 5.863157578620266, "inches": 5.863157578620266, "increase": 5.863157578620266,