{"SISTER": 22.62649516112896, "*": 21.627815985090727, "MY": 19.537502093255952, "PREGNANT": 19.49442290597603, "TELLING": 17.563304938517202, "Sister": 14.990377854551134, "'M": 12.734991201214903, "FASHION": 11.708869959011468, "PREGNANCY": 11.133505814107906, "NOVA": 10.973420398760833, "...": 10.41462821216878, "my": 10.338616380773814, "IM": 10.322575597891579, "im": 10.214441155351027, "I": 9.74528260650005, "WENT": 8.725560205456034, "SHE": 8.239667848235255, "\ud83e\udd30\ud83c\udffd\ud83d\udc76\ud83c\udffd": 8.051659556841953, "filler": 8.051659556841953, "\ud83d\udc76\ud83c\udffd": 8.051659556841953, "Avoided": 8.051659556841953, "DISSOLVED": 8.051659556841953, "spending": 8.051659556841953, "MACBOOK": 8.051659556841953, "ghosted": 8.051659556841953, "INTERRUPTING": 8.051659556841953, "MOANING": 8.051659556841953, "now": 7.785552946964564, "IN": 7.67304605538122, "My": 7.669941419648393, "24": 7.38201772899329, "Maternity": 7.358512376282008, "lmao": 7.358512376282008, "FILLER": 7.358512376282008, "900": 7.358512376282008, "after": 7.016729549143899, "LIP": 6.953047268173844, "belong": 6.953047268173844, "SWAPPING": 6.953047268173844, "cinema": 6.953047268173844, "Hours": 6.814537315401162, "GOT": 6.776440925459773, "ALL": 6.72062334922562, "CRAVINGS": 6.665365195722063, "LAW": 6.665365195722063, "2am": 6.665365195722063, "omg": 6.665365195722063, "STREETS": 6.665365195722063, "thanks": 6.665365195722063, "day": 6.630922216894916, "WHAT": 6.462755982473833, "dying": 6.442221644407853, "bored": 6.442221644407853, "LYING": 6.442221644407853, "FINDING": 6.259900087613898, "cheated": 6.259900087613898, "REVIEWED": 6.259900087613898, "shower": 6.10574940778664, "ugly": 6.10574940778664, "changing": 6.10574940778664, "ARTIST": 6.10574940778664, "RATES": 5.972218015162118, "Controls": 5.972218015162118, "appearance": 5.854434979505734, "NOSE": 5.749074463847908, "leaving": 5.749074463847908, "CUT": 5.653764284043583, "possible": 5.653764284043583, "GENDER": 5.653764284043583, "SHOCKED": 5.653764284043583, "FRONT": 5.653764284043583, "EXPOSES": 5.653764284043583, "JOB": 5.566752907053953, "OUTFITS": 5.566752907053953, "GLOW": 5.566752907053953, "MISSING": 5.343609355739743, "living": 5.343609355739743, "alone": 5.343609355739743, "STARS": 5.343609355739743, "Range": 5.279070834602172, "because": 5.279070834602172, "BEST": 5.184148085395589, "boyfriend": 5.161287798945789, "TRANSFORMATION": 5.161287798945789, "SAY": 5.1072205776755135, "CLUB": 5.0559272832879625, "Answering": 5.0559272832879625, "MAKEUP": 5.0559272832879625, "beach": 5.0559272832879625, "left": 5.0559272832879625, "EMOTIONAL": 4.960617103483638, "Vs.": 4.960617103483638, "Word": 4.873605726494008, "DUBAI": 4.832783731973753, "me": 4.798340753146606, "finally": 4.793563018820471, "GIVEAWAY": 4.793563018820471, "HILARIOUS": 4.793563018820471, "BROTHER": 4.755822690837625, "MAD": 4.755822690837625, "then": 4.755822690837625, "GETTING": 4.7194550466667495, "L": 4.7194550466667495, "REVEAL": 4.684363726855479, "!": 4.681344786465302, "WEIRD": 4.650462175179798, "date": 4.650462175179798, "Lives": 4.585923654042227, "$": 4.579216348123554, "TRYING": 4.555151995375473, "FRIENDS": 4.555151995375473, "Dubai": 4.555151995375473, "\ud83d\ude21": 4.555151995375473, "LONDON": 4.525299032225792, "reaction": 4.440741644197729, "Sisters": 4.440741644197729, "getting": 4.414073397115568, "WHY": 4.3880979107123075, "face": 4.3880979107123075, "SEE": 4.3880979107123075, "vlog": 4.3880979107123075, "HAUL": 4.313989938558585, "TO": 4.298052446881175, "HAIR": 4.290459441148391, "hair": 4.290459441148391, "Haul": 4.244997067071634, "really": 4.244997067071634, "OFF": 4.223018160352859, "much": 4.201511955131895, "TRY": 4.081367643289831, "being": 4.0086082890074035, "AGAIN": 3.9912165462955342, "WILL": 3.957314994619853, "baby": 3.9407856926686424, "EXTREME": 3.9407856926686424, "home": 3.7612001156935624, "Questions": 3.6822117043749323, "HOURS": 3.6822117043749323, "real": 3.6696329221680717, "REACTION": 3.6572104021695147, "Cream": 3.6328189490453555, "1000": 3.597312260588446, "BABY": 3.574322742363747, "she": 3.574322742363747, "NEVER": 3.5630231871098137, "For": 3.557565100591572, "w/": 3.5518498865116888, "Try": 3.4464893708538624, "life": 3.4464893708538624, "go": 3.416930568612318, "Every": 3.36031167461281, "See": 3.351179191049537, "Reaction": 3.3067274284787036, "DIY": 3.3067274284787036, "(": 3.2889063336709876, "so": 3.272536063730424, "DAY": 3.272536063730424, "OUT": 3.2233458195396523, "at": 3.2182387807475097, "'ve": 3.2153776498904754, "UP": 3.1688576342555828, "what": 3.153819756891042, "Ice": 3.1244058716847487, "i": 3.117185623711262, "DO": 2.989064523814987, "as": 2.945714082941373, "\ud83d\ude02": 2.9336657444251983, "After": 2.92176084191888, "to": 2.8972742774290277, "ME": 2.804635484681467, ")": 2.626208041117872, "do": 2.5835994157068223, "on": 2.5276291490647482, "ON": 2.494831495142416, "'S": 2.4569481772401143, "..": 2.427642050654615, "OF": 2.3118666446627194, "Life": 2.151762203259462, "We": 2.0552074682229327, ":": 2.0540210527766343, "shorts": 2.0502446788808033, "a": 1.8447240158251612, "A": 1.7816273003553091, "On": 1.7255100836868542, "THE": 1.6698435394358555, "With": 1.6597424434493515, "in": 1.659647463107009, "``": 1.5948899012697901, "''": 1.5886300999212835, "5": 1.5280972506924413, "To": 1.424941807592929, "for": 1.242620250798974, "1": 1.2132543559946098, "#": 0.9599174417468006, "and": 0.9112065137407951, "the": 0.8038669750741074, "&": 0.7199445871154877, ",": 0.594627467719573}