{"Melisa": 31.231666515705633, "Beleli": 31.231666515705633, "Favourite": 12.934227202379786, "Skincare": 12.851187115167274, "Favorite": 10.353623406710451, "Lifestyle": 9.726955299519936, "Favourites": 8.95142423750241, "Products": 8.707925551463937, "Favorites": 8.684361452253365, "101": 8.448795380940597, "Tweets": 7.807916628926408, "PrivateDetoxBox": 7.807916628926408, "|": 6.881209687452605, "My": 6.8610456514560045, "Bag": 6.778152042259621, "Up": 6.764871132014373, "Podcasts": 6.709304340258298, "In": 6.445890004527552, "Blogger": 6.421622267806518, "Feelings": 6.421622267806518, "Winter": 6.091485388257305, "Highlighter": 6.016157159698354, "Ski": 6.016157159698354, "Loving": 5.5053315359323625, "Spring": 5.286261310005789, "Filming": 5.1688592993111495, "Deal": 4.974703284870192, "Lipsticks": 4.974703284870192, "Beauty": 4.931164753923195, "Books": 4.863477649759968, "Random": 4.763394191202986, "Detox": 4.763394191202986, "Make": 4.645005494584456, "Apps": 4.512079762922079, "Of": 4.448840640289419, "With": 4.418587132285049, "July": 4.406719247264253, "Drugstore": 4.406719247264253, "January": 4.342180726126682, "Summer": 4.282979881627953, "Makeup": 4.201612728355065, "Current": 4.023726995008147, "Reacting": 4.001254139156089, "Experience": 4.001254139156089, "End": 3.916096330815782, "Essentials": 3.8958936234982624, "Weekend": 3.8760909962020826, "March": 3.8566729103449813, "Ca": 3.8005834436939376, "Been": 3.764865361091858, "London": 3.7474736183799893, "Dry": 3.618261886899983, "Music": 3.618261886899983, "TV": 3.4512078022368167, "Date": 3.2646218466564045, "Ultimate": 3.2127967787918186, "High": 3.192796112085149, "Without": 3.125785401802189, "What": 3.070079244760482, "School": 3.062984500563158, "Fashion": 3.003895584193152, "Ready": 2.995732273553991, "Shopping": 2.9796028916241073, "&": 2.930404018189798, "Night": 2.764491512007162, "Live": 2.70805020110221, "Things": 2.6721181918761467, "'ve": 2.6662530724237485, "Old": 2.6604221521129556, "I": 2.605988048654701, "Skin": 2.571474666096459, "The": 2.5684333935824912, "Back": 2.560892556765922, "Vlog": 2.514611804201916, "To": 2.4324857938355007, "More": 2.4234215661373195, "Routine": 2.352595513568707, "15": 2.3440848239007983, "Haul": 2.243396221603715, "Review": 2.209494669928034, "VLOG": 2.209494669928034, "Christmas": 2.18389912273907, "Hair": 2.049014855049128, "n't": 2.024091446596671, "Get": 2.0210192475597006, "Me": 1.9997741389459647, "'s": 1.9092350714806605, "Life": 1.8944136232881383, "Day": 1.646709307231332, "...": 1.5483351648614856, "For": 1.5200580687646241, "New": 1.4675573251986564, ",": 1.322518707136189, "5": 1.0925332425917276, ":": 0.9368253343158628, "How": 0.7895148298572078, "A": 0.782378314287888, "in": 0.7397446285383668, "!": 0.34455358340638764}