{"C-Class": 38.58859096075662, "\u2013": 35.64940810745949, "VISION": 35.629773832707485, "EQXX": 33.751925926544736, "Marco": 31.343113433642152, "MBUX": 31.343113433642152, "Mercedes-Benz": 28.346354822432836, "Premiere": 27.383247566940028, "Polo": 21.10464921681587, "EQS": 20.97620378693189, "shorts": 20.34343407593422, "New": 19.92076483864907, "All-Electric": 19.28681481516842, "|": 19.187830265666424, "Generation": 18.25549837796002, "Online": 17.74416489192048, "The": 17.621893046391293, "G-Class": 17.589472735860795, "Digital": 17.01487866474466, "360\u00b0": 16.373077411536304, "Music": 16.28559243756884, "AWAKE": 15.30983409569664, "the": 14.969639010112058, ":": 14.667503799017773, "Immersive": 13.923539734576751, "World": 13.650118165847168, "T-Class": 13.112609518360422, "EQG": 12.53724537345686, "Episode": 12.362275425521938, "SUV": 12.17280611384998, "Assistance": 11.15095101233697, "2021": 11.01116498945981, "#": 10.450468871969708, "Mission": 10.179935380773568, "Systems": 9.64340740758421, "Advanced": 9.12774918898001, "EQE": 8.87208244596024, "new": 8.832718704728043, "to": 8.73859421912141, "Connect": 8.718160363687984, "SL": 8.645425075346234, "of": 8.5697663487339, "2nd": 8.378362290097188, "App": 8.378362290097188, "in": 8.174867223563107, "Scenes": 8.14279621878442, "Its": 7.982710803437349, "Desire": 7.65491704784832, "Conditionally": 7.65491704784832, "Unfold": 7.65491704784832, "NF-G": 7.65491704784832, "Reinterpreted": 7.65491704784832, "Revelation": 7.65491704784832, "Sir": 7.65491704784832, "Kitchenette": 7.65491704784832, "EQGorden": 7.65491704784832, "GLC": 7.652551302718451, "Use": 7.567432073880859, "1st": 7.223731560027541, "Driving": 7.207930859405073, "Concept": 7.154759207885203, "Behind": 7.055565325606458, "Magical": 6.961769867288376, "Alicia": 6.961769867288376, "High-End": 6.961769867288376, "Successful": 6.961769867288376, "MissionXX": 6.961769867288376, "Pioneers": 6.961769867288376, "Outstanding": 6.961769867288376, "Predecessor": 6.961769867288376, "Handover": 6.961769867288376, "Trademark": 6.961769867288376, "Exceed": 6.961769867288376, "Unleash": 6.961769867288376, "How": 6.891367792533382, "Mercedes-AMG": 6.701703909288302, "Luxury": 6.648367415123979, "me": 6.570938390762598, "Dedicated": 6.556304759180211, "Immortal": 6.556304759180211, "Pairing": 6.556304759180211, "Supplies": 6.556304759180211, "\u201c": 6.448200498010014, "Challenge": 6.424531582716009, "Design": 6.378017858387474, "Control": 6.288115082662941, "Automated": 6.26862268672843, "Combined": 6.26862268672843, "Sharp": 6.26862268672843, "V-Class": 6.26862268672843, "XX": 6.26862268672843, "All-electric": 6.26862268672843, "Struggle": 6.26862268672843, "Share": 6.26862268672843, "Functions": 6.26862268672843, "Innovative": 6.0454791354142206, "Innovations": 6.0454791354142206, "Present": 6.0454791354142206, "\u201d": 6.0403761192373695, "Test": 6.039029930730622, "Life": 5.945571641448202, "Mercedes-EQ": 5.863157578620266, "Stirling": 5.863157578620266, "Sleeping": 5.863157578620266, "Spacious": 5.709006898793008, "Arrow": 5.709006898793008, "Moss": 5.709006898793008, "Success": 5.575475506168485, "Smooth": 5.575475506168485, "Connectivity": 5.575475506168485, "Peek": 5.457692470512101, "Blast": 5.457692470512101, "Sporty": 5.457692470512101, "Dawn": 5.457692470512101, "Unexpected": 5.457692470512101, "and": 5.378697837224672, "Keys": 5.352331954854275, "League": 5.352331954854275, "all-electric": 5.352331954854275, "EQB": 5.25702177504995, "Creating": 5.25702177504995, "NFT": 5.25702177504995, "Scenic": 5.17001039806032, "Partner": 5.17001039806032, "Easily": 5.17001039806032, "07": 5.17001039806032, "Strong": 5.089967690386784, "Explore": 5.089967690386784, "Stories": 4.9468668467461105, "Hands": 4.9468668467461105, "Kind": 4.9468668467461105, "Ride": 4.92392039391622, "Innovation": 4.8823283256085395, "Beauty": 4.8823283256085395, "(": 4.835104591289179, "Era": 4.821703703792105, "Luxurious": 4.764545289952156, ")": 4.752954808781516, "Comfort": 4.65918477429433, "INSIDE": 4.65918477429433, "02": 4.563874594490005, "Legends": 4.563874594490005, "Art": 4.5194228319191705, "SLR": 4.476863217500375, "Mark": 4.43604122298012, "Living": 4.359080181843992, "Your": 4.2509759206737945, "Tribute": 4.189181145048594, "Space": 4.15840948638184, "Worlds": 4.15840948638184, "All-New": 4.099568986358907, "Level": 4.043999135204096, "Drive": 4.026019953820414, "Silver": 4.0173308881219345, "Mercedes": 4.01188561937423, "A": 3.96713740743007, "Key": 3.9660375937343844, "Game": 3.8262756513592255, "Exterior": 3.7837160369404295, "Comparison": 3.7837160369404295, "Star": 3.763096749737694, "G": 3.7428940424201746, "Inside": 3.665933001284046, "Safety": 3.64758386261585, "Future": 3.4960339644886487, "Last": 3.4208105432510614, "Love": 3.350851954644151, "Gets": 3.236076440051723, "Vehicle": 3.236076440051723, "Trailer": 3.224100249005007, "x": 3.166280678116181, "&": 3.1602770795098407, "Wheels": 3.10104015624778, "Interior": 3.0699495691777487, "as": 3.059797197713731, "Garage": 3.010526148706948, "Made": 3.010526148706948, "That": 3.000956697690797, "An": 2.92752922913598, "our": 2.8591265022515797, "300": 2.7422621621122687, ".": 2.6181749755245876, "More": 2.5673207126159365, "Performance": 2.513253491345661, "Big": 2.381917489284574, "AMG": 2.3666500171537854, "3": 2.233554448161301, "Up": 2.2299670303669177, "with": 2.115542691923338, "Road": 2.1097396033687583, "This": 1.9919565677123747, "by": 1.981593780676828, "First": 1.6887703087246286, "a": 1.6610867556104694, "is": 1.466652924765731, "4": 1.3991670060949537, "for": 1.1506288743116748, "on": 1.04556780468094, "1": 0.9994766974806731, "2": 0.80479088170282, ",": 0.47028789513100605}