{"WiLL": 152.6148428105655, "Made-It": 152.6148428105655, "Mike": 86.18119914270238, "Creed": 83.49798906137521, "Album": 61.574802664962235, "Audio": 51.71089003880893, "II": 51.412695152244154, "/Audio": 32.129440591698, "From": 30.757134977556884, "\u201c": 29.571863326906733, "ft.": 28.066134742112993, "\u201d": 26.44748952405964, "Sremmurd": 24.0970804437735, "(": 20.854386213213743, "Pharrell": 20.80124357776917, ")": 20.436184277520887, "Rae": 17.858755818733993, "/": 17.30174961836281, "Gucci": 17.189325164791363, "Runnin": 16.064720295849, "YuGo": 16.064720295849, "Sean": 15.597440411604854, "'Em": 14.67842593472911, "Kendrick": 14.67842593472911, "Lamar": 14.67842593472911, "Aries": 14.67842593472911, "Round": 14.562918952729664, ":": 14.12250003872855, "Music": 13.720465586149826, "The": 13.532353687892664, "Official": 13.125941882321907, "YG": 12.8458444709808, "Migos": 12.8458444709808, "-": 12.70823090606973, "Fate": 12.172899997738375, "Minaj": 11.45955010986091, "Nicki": 10.934821580925927, "Come": 10.435449768971878, "Success": 10.28397678005667, "Kill": 10.073255748741019, "Savage": 9.975675420402155, "On": 9.473165469191331, "Hit": 8.737597003589707, "Big": 8.340260159633612, "THEWXLLXM": 8.0323601479245, "Eearz": 8.0323601479245, "ScHoolboy": 8.0323601479245, "Fallon/2018": 8.0323601479245, "F.I.G.H.T": 8.0323601479245, "Amen": 8.0323601479245, "Swae": 8.0323601479245, "Razzle": 8.0323601479245, "Hasselhoff": 8.0323601479245, "Promised": 8.0323601479245, "Lil": 8.014016914378702, "Video": 7.764201063387209, ",": 7.7369991536917, "Iver": 7.339212967364555, "Pint": 7.339212967364555, "Dazzle": 7.339212967364555, "YoungBoy": 6.933747859256391, "Mantra": 6.933747859256391, "Mane": 6.933747859256391, "Barbies": 6.933747859256391, "''": 6.889767478791935, "Chainz": 6.64606578680461, "Starring": 6.64606578680461, "21": 6.557539913636272, "Bout": 6.4229222354904, "Quavo": 6.4229222354904, "Yachty": 6.4229222354904, "Keef": 6.240600678696445, "Tessa": 6.086449998869187, "Gunna": 6.086449998869187, "Prayer": 6.086449998869187, "Bon": 6.086449998869187, "Thompson": 5.835135570588281, "Nas": 5.729775054930455, "Rihanna": 5.729775054930455, "Pre": 5.63446487512613, "Thug": 5.63446487512613, "Wayne": 5.5474534981365, "Culture": 5.467410790462964, "Rick": 5.467410790462964, "Ross": 5.467410790462964, "Tonight": 5.393302818309242, "Midnight": 5.393302818309242, "Jimmy": 5.259771425684719, "``": 5.244677960561095, "Center": 5.08792116875806, "Watching": 5.08792116875806, "Can": 5.078597409167903, "Chief": 5.0366278743705095, "Up": 4.745755864329759, "Speed": 4.665064317938026, "Lee": 4.631162766262345, "Check": 4.566624245124774, "Nothing": 4.566624245124774, "Cold": 4.421442235280276, "Walk": 4.368798501794854, "Welcome": 4.248170514006239, "Broke": 4.1822125462144415, "We": 3.9889784560047254, "Fight": 3.971917137378081, "Future": 3.971917137378081, "Young": 3.889225421532968, "Perfect": 3.755694028908445, "Final": 3.6885547260708167, "Again": 3.6756513212349087, "Power": 3.6379109932520617, "Need": 3.6135195401279026, "With": 3.503928617928611, "Ice": 3.4890653656544965, "feat": 3.427189961936409, "Never": 3.368921053812433, "Down": 3.2961616995300047, "Black": 3.1571628247233487, "Show": 3.055626405503926, "Q": 2.790613132864858, "My": 2.7410108147583787, "Out": 2.5727746337803414, "That": 2.5643000067893693, "Part": 2.5270286119921375, "1": 2.4733087455019724, "Live": 2.4640156441634034, ".": 2.281468501744494, "Do": 2.066213408800808, "Me": 1.9826266926925427, "2": 1.9801479519695142, "Is": 1.9387903778793647, "What": 1.667609391072589, "You": 1.6590403583474878, "?": 1.192664663145304, "to": 0.9151546447601561, "&": 0.8134504403054402, "!": 0.40335625827154326}