{"Mila": 174.55794447254348, "Morphle": 169.93342407772573, "Orphle": 169.93342407772573, "Cartoons": 75.20420033205558, "Sitter": 69.17210437752892, "Kids": 61.03225545499564, "Videos": 56.62468250402617, "Pet": 52.22713296349626, "Magic": 49.69880450872986, "vs": 42.63499085855751, "Cartoon": 33.61862376263478, "|": 23.22295023107311, "3D": 21.249526478666183, "!": 17.73018200094212, "+": 17.48326080665148, "More": 17.37822647511714, "Bandits": 13.834420875505785, "Video": 13.828976106005115, "and": 11.731973271487888, "+More": 11.061832153266003, "Vs": 10.97734169919423, "-": 9.743366586262852, "&": 8.887591404873794, "Sports": 7.69831500523855, "Runaway": 7.610357618312838, "Orphles": 7.610357618312838, "Neighbour": 7.610357618312838, "Burping": 7.610357618312838, "Oprhle": 7.610357618312838, "Parping": 7.610357618312838, "Morplhe": 7.610357618312838, "Baby": 7.1538328337989086, "Suits": 6.9172104377528925, "Hiccup": 6.9172104377528925, "Diaper": 6.9172104377528925, "Dunk": 6.9172104377528925, "Morphing": 6.9172104377528925, "Hobby": 6.9172104377528925, "the": 6.590579940587175, "Mischief": 6.511745329644728, "Havoc": 6.511745329644728, "And": 6.2072822194632336, "Sitting": 6.000919705878737, "Potty": 6.000919705878737, "Tummy": 5.8185981490847825, "Wobbly": 5.8185981490847825, "Paintbrush": 5.664447469257524, "Jail": 5.530916076633002, "Carwash": 5.530916076633002, "Pin": 5.530916076633002, "Flood": 5.307772525318792, "Angry": 5.125450968524837, "Tooth": 5.045408260851301, "Pirate": 4.971300288697579, "'s": 4.955403334051164, "Returns": 4.902307417210627, "Mirror": 4.902307417210627, "Bubble": 4.777144274256622, "Sick": 4.665918639146397, "Trouble": 4.614625344758847, "Horse": 4.614625344758847, "Toilet": 4.565835180589414, "Boo": 4.519315164954522, "Robots": 4.432303787964892, "Fly": 4.391481793444637, "Seek": 4.352261080291355, "Hide": 4.209160236650682, "Dinosaurs": 3.9727714585864518, "The": 3.9581675082842676, "Scary": 3.921478164198901, "Robot": 3.872688000029469, "Adventure": 3.803695128542518, "Mystery": 3.760210016602779, "Ten": 3.760210016602779, "Day": 3.6778329903656433, "Paper": 3.585005927577688, "Giant": 3.5160130560907366, "Doctor": 3.4514745349531655, "VS": 3.2796242780265064, "Red": 3.1217212485806978, "Animal": 2.956397268155314, "Super": 2.766170531854246, "Family": 2.7125178183619263, "at": 1.6597150657251107, "is": 1.2201169512474876, "in": 0.660501163312065}