{"Milusik": 385.553287100376, "papa": 99.69098680206915, "Lanusik": 72.29124133132049, "toys": 48.543063175765546, "playing": 48.543063175765546, "plays": 47.365232819201715, "and": 34.35304664497958, "Toys": 30.987816516518627, "with": 30.363239411758762, "Kids": 26.39244348090272, "play": 22.966005171201203, "playtime": 18.721802036089336, "Papa": 18.393491773757418, "fun": 16.028033828757405, "Play": 15.710055098513733, "magic": 15.109883623111529, "kids": 14.406173396324746, "amusement": 13.867495718512782, "stories": 13.795118830318064, "Fun": 13.475684215249732, "dad": 13.34652362840517, "Song": 12.598232901352517, "Selfie": 12.48120135739289, "farm": 12.172899997738375, "Alphabet": 12.172899997738375, "story": 11.8140467571072, "cafe": 11.45955010986091, "ABC": 10.934821580925927, "about": 10.609851177536163, "pretend": 10.28397678005667, "for": 9.90218853638401, "/": 9.886714067635891, "the": 9.741467653190496, "children": 9.6269686461126, "park": 9.548527219806036, "Museum": 9.473046563840343, "Shark": 9.330128635876052, "Funny": 9.315319388301887, "Breakfast": 9.196745886878709, "Plays": 9.011999246616679, "Nursery": 8.89768241893678, "Dress": 8.737597003589707, "Shop": 8.496341028012479, "at": 8.416105782723513, "Animals": 8.20106903040035, "friend": 8.05005392538406, "moral": 8.0323601479245, "12345": 8.0323601479245, "cheerful": 8.0323601479245, "\u041c\u0438\u043b\u0443\u0441\u0438\u043a": 8.0323601479245, "\u0418\u0433\u0440\u0430\u0435\u043c": 8.0323601479245, "\u0421\u0432\u0438\u043d\u043a\u0438": 8.0323601479245, "\u041f\u0435\u043f\u043f\u044b": 8.0323601479245, "\u0412\u0435\u0441\u0451\u043b\u044b\u0435": 8.0323601479245, "\u043f\u0443\u043f\u0441\u0438\u043a\u0430": 8.0323601479245, "Children": 7.9786177601799, "Kid": 7.943834274756162, "in": 7.81572117223758, "Toy": 7.53936054176637, "\u0430\u043b\u0444\u0430\u0432\u0438\u0442": 7.339212967364555, "fruits": 7.339212967364555, "feeds": 7.339212967364555, "Ice": 6.978130731308993, "Phonics": 6.933747859256391, "\u0430\u043d\u0433\u043b\u0438\u0439\u0441\u043a\u0438\u0439": 6.933747859256391, "Pororo": 6.933747859256391, "sand": 6.933747859256391, "\u0432": 6.795262319389729, "Videos": 6.737842107624866, "Waterslide": 6.64606578680461, "Tent": 6.64606578680461, "\u043f\u0430\u0440\u043a\u0435": 6.64606578680461, "cups": 6.4229222354904, "Rapunzel": 6.4229222354904, "Treasures": 6.4229222354904, "best": 6.392156481946045, "rhymes": 6.240600678696445, "Humpty": 6.240600678696445, "Playhouse": 6.240600678696445, "sun": 6.240600678696445, "butterfly": 6.240600678696445, "\u0443\u0447\u0438\u0442": 6.240600678696445, "\u043c\u0430\u0433\u0430\u0437\u0438\u043d": 6.240600678696445, "PEPPA": 6.240600678696445, "zoo": 6.240600678696445, "her": 6.125093696696999, "Dumpty": 6.086449998869187, "playground": 6.086449998869187, "LAND": 6.086449998869187, "\u0438\u0441\u0442\u043e\u0440\u0438\u0438": 6.086449998869187, "seek": 5.952918606244665, "twin": 5.952918606244665, "country": 5.835135570588281, "princess": 5.835135570588281, "bath": 5.835135570588281, "eats": 5.729775054930455, "Pikachu": 5.729775054930455, "PIG": 5.729775054930455, "friendship": 5.63446487512613, "Princesses": 5.63446487512613, "Baby": 5.560173439755741, "For": 5.550825723623606, "Toddlers": 5.5474534981365, "dreams": 5.5474534981365, "magical": 5.5474534981365, "CHILDREN": 5.5474534981365, "MUSEUM": 5.5474534981365, "Costumes": 5.5474534981365, "doll": 5.5474534981365, "Dresses": 5.5474534981365, "hide": 5.467410790462964, "Yummy": 5.467410790462964, "Family": 5.399282709318262, "Once": 5.393302818309242, "learning": 5.199146803868285, "songs": 5.199146803868285, "Educational": 5.199146803868285, "Balloons": 5.199146803868285, "series": 5.199146803868285, "Dolls": 5.199146803868285, "animals": 5.199146803868285, "new": 5.179884874805413, "Make": 5.179884874805413, "store": 5.141988390028335, "Sand": 4.987837710201077, "Floor": 4.987837710201077, "Lava": 4.941317694566185, "colors": 4.896865931995351, "Sing": 4.854306317576555, "\u043f\u0440\u043e": 4.8134843230563, "Rain": 4.774263609903018, "Mama": 4.774263609903018, "Wheels": 4.774263609903018, "Up": 4.745755864329759, "Alive": 4.736523281920172, "compilation": 4.736523281920172, "KID": 4.736523281920172, "Theme": 4.736523281920172, "Rhymes": 4.700155637749297, "cream": 4.700155637749297, "Balloon": 4.665064317938026, "caught": 4.631162766262345, "Child": 4.5983729434393545, "Doll": 4.53585258645802, "beach": 4.505999623308339, "left": 4.44884120946839, "sister": 4.394773988198114, "makeup": 4.343480693810564, "Slime": 4.343480693810564, "Satisfying": 4.343480693810564, "Rainbow": 4.343480693810564, "Sea": 4.248170514006239, "Stories": 4.22569765815418, "Princess": 4.22569765815418, "Truck": 4.203718751435406, "Songs": 4.1822125462144415, "Alone": 4.120337142496354, "Fish": 4.081116429343073, "funny": 4.062068234372378, "Cream": 4.043376101360226, "song": 4.043376101360226, "English": 4.043376101360226, "Color": 4.02502696269203, "Pool": 4.02502696269203, "|": 4.0162313506559935, "Away": 3.954822704018781, "want": 3.954822704018781, "Caught": 3.9380155857024, "of": 3.9081892183389946, "Animal": 3.889225421532968, "Wild": 3.889225421532968, "Learn": 3.812852442748394, "GO": 3.755694028908445, "had": 3.755694028908445, "Cooking": 3.755694028908445, "Blue": 3.71487203438819, "family": 3.7016268076381693, "Playing": 3.6885547260708167, "Cat": 3.6885547260708167, "Power": 3.6379109932520617, "Disney": 3.6135195401279026, "Found": 3.589708891434184, "a": 3.561294292870791, "Giant": 3.555023333446294, "baby": 3.555023333446294, "Makeup": 3.4890653656544965, "Mom": 3.4073873346402292, "Dance": 3.359531313462594, "New": 3.311266400051747, "Park": 3.28742801956125, "&": 3.253801761221761, "Water": 3.253236654812971, "Like": 3.001922226532065, "Making": 2.9954075455108713, "how": 2.9509557829400372, "have": 2.9447638126921163, "Go": 2.920372359567957, "Let": 2.9143663355077454, "Real": 2.8733048487099713, "on": 2.7980834292882473, "Food": 2.785336075764014, "video": 2.754245488693983, "Challenge": 2.4302413270447993, "are": 2.3693996677885543, ".": 2.281468501744494, "'S": 2.2393465395403567, "from": 2.043398731034637, "'s": 1.959278197384355, "With": 1.7519643089643056, "The": 1.5920416103403134, "is": 1.4216641032067412, "-": 1.270823090606973, "I": 1.0229512152158635, "to": 0.9151546447601561, "A": 0.8215416944522801, "!": 0.8067125165430865, ",": 0.5951537810532077}