{"Louie": 206.32831400262742, "Miss": 131.94478263624288, "outfits": 29.378991013975284, "casual": 28.053460257950945, "IDEAS": 25.542368896681193, "under": 24.007524834936532, "spring": 20.471722811110503, "work": 19.84864175157686, "SPRING": 19.84864175157686, "WINTER": 19.78884513608175, "|": 18.14137099419323, "Outfit": 17.320556035363623, "wear": 17.01027426974798, "ideas": 16.596401295971344, "pieces": 16.230064068384113, "haul": 16.21784218729286, "OUTFIT": 15.74686247207407, "investments": 15.615833257852817, "\ud83d\udcbc": 15.615833257852817, "WORK": 14.989894473519957, "Affordable": 14.78817105901239, "Try": 14.651643683427343, "\u2744\ufe0f": 14.436553066117252, "\ud83d\udc56": 14.229538896732926, "Walmart": 14.017267238991776, "WARDROBE": 13.88958839573539, "Haul": 13.46037732962229, "outfit": 12.59099614884655, "GIFT": 12.2830336866663, "CAPSULE": 12.032314319396708, "denim": 12.032314319396708, "Ideas": 11.849186600016067, "FALL": 11.242420855139969, "JEANS": 11.221384103180378, "$": 10.308567191931278, "*": 10.044119872329414, "items": 9.726955299519936, "On": 9.69309857896317, "2022": 9.324526904105612, "clothing": 9.259725597156926, "winter": 8.95142423750241, "clothes": 8.684361452253365, "Work": 8.293474536021487, "petites": 7.807916628926408, "FLATS": 7.807916628926408, "Flats": 7.807916628926408, "breastfeeding": 7.807916628926408, "handbags": 7.807916628926408, "mamas": 7.807916628926408, "REMODELING": 7.807916628926408, "\ud83e\ude9aNEW": 7.807916628926408, "justfab": 7.807916628926408, "STUFFERS": 7.807916628926408, "\u2728loungewear": 7.807916628926408, "intimates": 7.807916628926408, "shoes\u2728": 7.807916628926408, "Keith": 7.807916628926408, "Dinnerware": 7.807916628926408, "2021": 7.356836275764171, "12": 7.24286724772214, "love": 7.206448019070884, "OUTFITS": 7.118842773754099, "PETITES": 7.114769448366463, "transitional": 7.114769448366463, "Lulus": 7.114769448366463, "WEATHER": 7.114769448366463, "Bonito": 7.114769448366463, "Outerwear": 7.114769448366463, "STOCKING": 7.114769448366463, "PATENT": 7.114769448366463, "LEATHER": 7.114769448366463, "PANTS": 7.114769448366463, "PANTY": 7.114769448366463, "LINES": 7.114769448366463, "EBY": 7.114769448366463, "robes": 7.114769448366463, "NEIWAI": 7.114769448366463, "REFRIGERATOR": 7.114769448366463, "Transitional": 7.114769448366463, "handbag": 7.114769448366463, "luxe": 7.114769448366463, "options": 7.114769448366463, "Saks": 7.114769448366463, "5TH": 7.114769448366463, "&": 7.032969643655514, "Favorite": 6.902415604473633, "Outfits": 6.876937552918774, "HAUL": 6.847391069383873, "try": 6.826934948507939, "LAYERS": 6.709304340258298, "Basement": 6.709304340258298, "SEAMLESS": 6.709304340258298, "Cookware": 6.709304340258298, "50": 6.445898300511673, "WELLNESS": 6.421622267806518, "COMFY": 6.421622267806518, "Appliances": 6.421622267806518, "\u2728": 6.405492885876634, "25": 6.405492885876634, "Must-Haves": 6.198478716492308, "ACCESSORIES": 6.198478716492308, "Staples": 6.198478716492308, "UNDERWEAR": 6.198478716492308, "Winter": 6.091485388257305, "Fashion": 6.007791168386304, "pants": 5.862006479871095, "MATCHING": 5.862006479871095, "SETS": 5.862006479871095, "Baby": 5.7613258875384075, "JEWELRY": 5.728475087246572, "jewelry": 5.728475087246572, "Gap": 5.728475087246572, "Kitchen": 5.704179142650296, "30s": 5.610692051590189, "COLD": 5.610692051590189, "\ud83d\udc8e": 5.610692051590189, "weather": 5.610692051590189, "chic": 5.610692051590189, "sleep": 5.5053315359323625, "cold": 5.5053315359323625, "\ud83d\udca1": 5.5053315359323625, "BASICS": 5.410021356128038, "Charles": 5.410021356128038, "Newborn": 5.3230099791384085, "75": 5.3230099791384085, "Matching": 5.3230099791384085, "low": 5.3230099791384085, "essentials": 5.242967271464872, "Capsule": 5.242967271464872, "ORGANIZATION": 5.242967271464872, "jeans": 5.1688592993111495, "BASE": 5.1688592993111495, "SHOE": 5.1688592993111495, "Laundry": 5.099866427824199, "affordable": 5.099866427824199, "shoes": 5.035327906686628, "Dining": 4.917544871030244, "Declutter": 4.863477649759968, "business": 4.812184355372417, "must": 4.763394191202986, "MONTH": 4.763394191202986, "TRENDS": 4.763394191202986, "that": 4.7571419999439355, "Vacation": 4.672422412997259, "Organize": 4.672422412997259, "What": 4.605118867140723, "48": 4.512079762922079, "Wardrobe": 4.512079762922079, "gift": 4.475712118751205, "\u2600\ufe0f": 4.406719247264253, "BEST": 4.375031526418517, "FAVORITES": 4.373929424441262, "everyday": 4.342180726126682, "\ud83c\udf81": 4.342180726126682, "Designer": 4.342180726126682, "mom": 4.311409067459929, "Basic": 4.281556104310247, "kids": 4.252568567436995, "WEAR": 4.2243976904702984, "MOM": 4.2243976904702984, "ways": 4.196998716282184, "\ud83c\udf38": 4.144354982796762, "fashion": 4.144354982796762, "\ud83c\udf84": 4.144354982796762, "date": 4.0943445622221, "KITCHEN": 4.046716513232846, "Items": 4.023726995008147, "never": 3.95776902721635, "Essentials": 3.8958936234982624, "baby": 3.8566729103449813, "products": 3.8566729103449813, "OFF": 3.837624715374287, "Reveal": 3.8005834436939376, "beauty": 3.782564938191259, "FASHION": 3.782564938191259, "go": 3.730379185020689, "night": 3.730379185020689, "STYLE": 3.730379185020689, "Wear": 3.730379185020689, "ONLY": 3.664781902534876, "Clothing": 3.618261886899983, "PRODUCTS": 3.603224009535442, "COLLECTION": 3.531250509910353, ",": 3.5267165523631707, "BABY": 3.4512078022368167, "Best": 3.388468898188355, "style": 3.330579814448202, "Under": 3.2753171357731525, "UPDATE": 3.2646218466564045, "week": 3.2127967787918186, "Fall": 3.2127967787918186, "best": 3.116568746697265, "Clean": 3.116568746697265, "will": 3.054326437820044, "Holiday": 3.0372320044607437, "Gift": 3.0204248861443626, "i": 2.8450719986665014, "Love": 2.831182886505834, "have": 2.8174840421476723, "HOME": 2.797281334830153, "Spring": 2.6431306550028943, "on": 2.522262436331769, "the": 2.48910865888713, "100": 2.4326382212422435, "30": 2.418844899109908, "out": 2.3785709999719677, "NO": 2.3398564877912773, "ON": 2.335645955254934, "new": 2.290463732461701, "HOW": 2.2784875414149854, "FOR": 2.235762596748644, "Summer": 2.1414899408139765, "-": 2.0071488869426544, "Me": 1.9997741389459647, "of": 1.8407281145235816, "to": 1.8359382073525181, "TO": 1.8065017509652583, "I": 1.7373253657698007, "for": 1.557658129553493, "my": 1.4781957234037122, "+": 1.3830476050210205, "10": 1.3798113562418124, "1": 1.148622709242771, "5": 1.0925332425917276, "2": 0.9493515941350432, "with": 0.819503446926817, "(": 0.7735286990109054, ")": 0.7526037855866569, "in": 0.7397446285383668, "!": 0.6891071668127753}