{"Morphle": 240.970804437735, "Caricaturas": 201.07868791843532, "Espa\u00f1ol": 175.05406711764843, "Episodio": 154.1501336517696, "Ni\u00f1os": 140.04325369411873, "completo": 140.04325369411873, "para": 86.44122923552794, "en": 76.42689643301537, "Recopilaci\u00f3n": 36.69606483682278, "|": 24.09738810393596, "dinosaurio": 24.0970804437735, "la": 23.19702893640584, "Mi": 21.01859375717703, "de": 19.518560750937628, "m\u00e1gico": 18.721802036089336, "Mis": 16.90339462537839, "emoci\u00f3n": 16.064720295849, "zool\u00f3gico": 16.064720295849, "cami\u00f3n": 14.67842593472911, "el": 14.130201910376941, "dinosaurios": 13.867495718512782, "parque": 13.29213157360922, "Isla": 13.29213157360922, "Mila": 12.48120135739289, "El": 9.70970880698328, "Un": 8.322318274033218, "cocodrilo": 8.0323601479245, "letras": 8.0323601479245, "m\u00e1gicas|": 8.0323601479245, "bandidos": 8.0323601479245, "secuestran": 8.0323601479245, "conejo": 8.0323601479245, "monstruo": 8.0323601479245, "contratiempos": 8.0323601479245, "Carreras": 8.0323601479245, "lanchas": 8.0323601479245, "cient\u00edficas": 8.0323601479245, "m\u00e1gicas": 8.0323601479245, "\u00a1Morphle": 8.0323601479245, "tele": 8.0323601479245, "Huevo": 8.0323601479245, "cuento": 8.0323601479245, "patito": 8.0323601479245, "feo": 8.0323601479245, "mendigo": 8.0323601479245, "Enmascarados": 8.0323601479245, "Travesura": 8.0323601479245, "gr\u00faa": 8.0323601479245, "robotiburones": 8.0323601479245, "los": 7.8760311714048, "Los": 7.567729811750283, "gafas": 7.339212967364555, "ninja": 7.339212967364555, "|El": 7.339212967364555, "Pascua": 7.339212967364555, "carrera": 7.339212967364555, "perros": 7.339212967364555, "rojo": 7.339212967364555, "autob\u00fas": 7.339212967364555, "Viajes": 7.339212967364555, "algunos": 7.339212967364555, "formas": 7.339212967364555, "noticias": 7.339212967364555, "animales": 7.339212967364555, "roja": 7.339212967364555, "necesita": 6.933747859256391, "Jugando": 6.933747859256391, "juntos": 6.933747859256391, "r\u00e1pidas": 6.933747859256391, "C\u00e1rcel": 6.933747859256391, "c\u00e1rcel": 6.933747859256391, "dentista": 6.933747859256391, "Superh\u00e9roes": 6.64606578680461, "y": 6.60994465842432, "con": 6.592323399060009, "dormir": 6.4229222354904, "La": 6.2690406959471785, "gran": 5.835135570588281, "tiempo": 5.835135570588281, "Princesa": 5.5474534981365, "va": 5.5474534981365, "d\u00eda": 5.08792116875806, "Parte": 4.941317694566185, "Robot": 4.631162766262345, "al": 3.9052257628794087, "del": 3.755694028908445, ":": 2.172692313650546, "3": 1.2918407883182772, "1": 1.2366543727509862, "a": 0.8903235732176977, "(": 0.7447995076147765, ")": 0.7298637241971746, "-": 0.6354115453034865, "!": 0.40335625827154326}