{"\u00e8": 42.8186556388342, "OGGI": 38.2745852392416, "DIRETTA": 34.80884933644188, "ALLE": 31.343113433642152, "lanotiziainprimafila": 30.61966819139328, "Ecco": 30.2273956770711, "il": 30.09515830939837, "di": 29.78473132099196, "MotoGP": 27.95510864576598, "Quartararo": 19.668914277540633, "con": 19.468584660773793, "SBK": 18.80586806018529, "le": 18.077691327676682, "GP": 15.574867728619033, "per": 15.51003119418096, "noi": 15.30983409569664, "Alvaro": 15.30983409569664, "Bautista": 15.30983409569664, "gli": 15.30983409569664, "mese": 15.30983409569664, "Tracer7": 15.30983409569664, "d'Italia": 15.30983409569664, "19:15": 15.30983409569664, "DopoGP": 13.923539734576751, "perch\u00e9": 13.923539734576751, "vi": 13.923539734576751, "la": 13.513003715329061, "e": 13.244446503978548, "Misano": 13.112609518360422, "Catalunya": 13.112609518360422, ".": 13.090874877622937, "IN": 12.337656210037828, "va": 12.090958270828441, "della": 11.15095101233697, "come": 10.179935380773568, ":": 9.778335866011847, "Un": 9.12774918898001, "se": 8.50743933237233, "annunciato": 7.65491704784832, "volte": 7.65491704784832, "numero": 7.65491704784832, "Giacomo": 7.65491704784832, "Agostini": 7.65491704784832, "Torna": 7.65491704784832, "vieni": 7.65491704784832, "Moto.it": 7.65491704784832, "agli": 7.65491704784832, "eventi": 7.65491704784832, "HAT": 7.65491704784832, "diamo": 7.65491704784832, "coppia": 7.65491704784832, "terza": 7.65491704784832, "Headless": 7.65491704784832, "BELSTAFF": 7.65491704784832, "TRIALMASTER": 7.65491704784832, "fatta": 7.65491704784832, "Fuoristrada": 7.65491704784832, "vietato": 7.65491704784832, "Falso": 7.65491704784832, "Vieni": 7.65491704784832, "Sassi": 7.65491704784832, "Toscana": 7.65491704784832, "l'Africa": 7.65491704784832, "2/Ecco": 7.65491704784832, "merita": 7.65491704784832, "lode": 7.65491704784832, "autostrada": 7.65491704784832, "tinge": 7.65491704784832, "rosso": 7.65491704784832, "Rpha1": 7.65491704784832, "Redbull": 7.65491704784832, "L'ho": 7.65491704784832, "provato": 7.65491704784832, "dico": 7.65491704784832, "tornato": 7.65491704784832, "BaBau": 7.65491704784832, "resiste": 7.65491704784832, "Catastrofe": 7.65491704784832, "mezze": 7.65491704784832, "stagioni": 7.65491704784832, "voi": 7.65491704784832, "sveliamo": 7.65491704784832, "Athena": 7.65491704784832, "Cascobene": 7.65491704784832, "negozio": 7.65491704784832, "migliori": 7.65491704784832, "preparazioni": 7.65491704784832, "italiane": 7.65491704784832, "dove": 7.65491704784832, "l'ultima": 7.65491704784832, "Viaggio": 7.65491704784832, "tra": 7.65491704784832, "errori": 7.65491704784832, "Montmel\u00f2": 7.65491704784832, "scopriamo": 7.65491704784832, "Zam": 7.65491704784832, "novit\u00e0": 7.65491704784832, "tecniche": 7.65491704784832, "1/Quanto": 7.65491704784832, "bella": 7.65491704784832, "trionfa": 7.65491704784832, "altri": 7.65491704784832, "affondano": 7.65491704784832, "Nakagami": 7.65491704784832, "sbaglia": 7.65491704784832, "Sfida": 7.65491704784832, "pazzesca": 7.65491704784832, "Ancora": 7.65491704784832, "A.": 7.65491704784832, "Bagnaia": 7.65491704784832, "casuale": 7.65491704784832, "piloti": 7.65491704784832, "chiuso": 7.65491704784832, "divertirsi": 7.65491704784832, "servano": 7.65491704784832, "carenatura": 7.65491704784832, "Dovizioso/Morbidelli": 7.65491704784832, "reazioni": 7.65491704784832, "opposte": 7.65491704784832, "Dalla": 7.65491704784832, "Sicilia": 7.65491704784832, "all'Isola": 7.65491704784832, "Wheelup": 7.65491704784832, "veste": 7.65491704784832, "Bachets": 7.65491704784832, "tutte": 7.65491704784832, "motocicliste": 7.65491704784832, "emozioni": 7.65491704784832, "d'alta": 7.65491704784832, "quota": 7.65491704784832, "da": 7.154759207885203, "SYM": 6.961769867288376, "storia": 6.961769867288376, "successo": 6.961769867288376, "perfetta": 6.961769867288376, "Campionato": 6.961769867288376, "Italiano": 6.961769867288376, "Rea": 6.961769867288376, "Toprak": 6.961769867288376, "Airblade": 6.961769867288376, "sportiva": 6.961769867288376, "Varg": 6.961769867288376, "piace": 6.961769867288376, "questa": 6.961769867288376, "cosa": 6.961769867288376, "composto": 6.961769867288376, "nata": 6.961769867288376, "Centro": 6.961769867288376, "ed": 6.961769867288376, "guidare": 6.961769867288376, "citt\u00e0": 6.961769867288376, "favorito": 6.961769867288376, "Espargaro": 6.961769867288376, "mercato": 6.961769867288376, "sicuri": 6.961769867288376, "Thok": 6.961769867288376, "Tribe": 6.961769867288376, "18": 6.701703909288302, "anche": 6.556304759180211, "Clover": 6.556304759180211, "fa": 6.556304759180211, "nuovo": 6.556304759180211, "Milano": 6.556304759180211, "nel": 6.556304759180211, "strike": 6.556304759180211, "Spencer": 6.556304759180211, "quasi": 6.556304759180211, "Twin": 6.332561356232362, "uno": 6.26862268672843, "prova": 6.26862268672843, "HJC": 6.26862268672843, "Stark": 6.26862268672843, "elettrica": 6.26862268672843, "Vi": 6.26862268672843, "Chi": 6.26862268672843, "M.": 6.0454791354142206, "alla": 6.0454791354142206, "Yamaha": 5.964176426772829, "R18": 5.863157578620266, "highlights": 5.709006898793008, "cross": 5.709006898793008, "Choice": 5.709006898793008, ",": 5.643454741572072, "solo": 5.575475506168485, "ne": 5.575475506168485, "pi\u00f9": 5.575475506168485, "Ti": 5.457692470512101, "Tuono": 5.457692470512101, "che": 5.457692470512101, "cv": 5.352331954854275, "pista": 5.25702177504995, "Piston": 5.17001039806032, "Africa": 5.17001039806032, "Italia": 5.015859718233062, "non": 5.015859718233062, "ma": 4.821703703792105, "Roma": 4.764545289952156, "Aprilia": 4.764545289952156, "660": 4.764545289952156, "Riders": 4.65918477429433, "Austin": 4.65918477429433, "#": 4.644652831986537, "al": 4.610394610124898, "una": 4.322712537673117, "Tiger": 4.2876212178618465, "Enduro": 4.2876212178618465, "2022": 3.90127144801575, "Triumph": 3.848254558078001, "GT": 3.8238277200776767, "D": 3.804769446138262, "?": 3.7602936947418986, "Ep": 3.7428940424201746, "un": 3.723091415123995, "80": 3.723091415123995, "Factory": 3.723091415123995, "Extreme": 3.703673329266893, "Ducati": 3.6846251342961986, "Man": 3.665933001284046, "End": 3.465262305821895, "PRO": 3.435409342672214, "La": 3.392237170807005, "Team": 3.260467893175882, "\u201c": 3.224100249005007, "13": 3.189008929193737, "...": 3.09133893016791, "200": 3.059797197713731, "1000": 3.0497468618602293, "\u201d": 3.0201880596186848, "Kit": 2.9820882133864144, "!": 2.9250061520650825, "Motor": 2.7496422694098914, "\u2013": 2.7422621621122687, "Top": 2.450910360771525, "R": 2.2750196943078613, "in": 2.2295092427899386, "Your": 2.1254879603368972, "Test": 2.013009976910207, "Honda": 1.8378058878851162, "4": 1.3991670060949537, "BMW": 1.3413690015712254, "1": 0.9994766974806731, "-": 0.9881422823680434, "(": 0.8058507652148631, ")": 0.7921591347969194, "&": 0.7900692698774602}