{"Motorcycles": 67.0268983207775, "Engines": 35.69433834360946, "Mind": 21.4093278194171, "Blow": 20.359870761547135, "Legendary": 15.269903071160352, "Ever": 14.549924597425353, "Overpowered": 13.923539734576751, "Bikes": 12.214194328176632, "That": 12.003826790763188, "Dirt": 11.414308338414786, "Shocking": 10.70466390970855, "Swap": 10.488101893465945, "Custom": 10.29405073145543, "Extremely": 9.64340740758421, "Crazy": 9.601709254784438, "Motorcycle": 9.149240585580689, "powered": 9.12774918898001, "Stroke": 9.12774918898001, "Ultimate": 8.703980570225868, "Seen": 8.645425075346234, "Your": 8.501951841347589, "Cool": 8.378362290097188, "\ud83d\ude31": 8.14279621878442, "Most": 8.118471472410457, "\ud83d\ude31\ud83d\ude02": 7.65491704784832, "Trikes": 7.65491704784832, "2021\ud83d\udd25": 7.65491704784832, "Biggest": 7.567432073880859, "\ud83d\udd25": 7.188948074603802, "ANYTHING": 6.961769867288376, "ENGINES": 6.556304759180211, "\ud83d\udd25\ud83d\ude31": 6.556304759180211, "Choppers": 6.556304759180211, "Design": 6.378017858387474, "Wheelers": 6.26862268672843, "\ud83d\udc80": 6.26862268672843, "CB750": 6.26862268672843, "Terrific": 6.0454791354142206, "Strongest": 6.0454791354142206, "Made": 6.021052297413896, "lose": 5.863157578620266, "You": 5.833470091420352, "Scooters": 5.709006898793008, "\ud83d\ude28": 5.575475506168485, "MIND": 5.457692470512101, "Will": 5.455326725382232, "Mechanics": 5.352331954854275, "Absolutely": 5.352331954854275, "Streetfighter": 5.25702177504995, "Forgotten": 5.17001039806032, "Sounding": 5.089967690386784, "Scrambler": 5.015859718233062, "LARGEST": 4.9468668467461105, "Coolest": 4.9468668467461105, "Top": 4.90182072154305, "Superbike": 4.8823283256085395, "Garden": 4.8823283256085395, "Sportster": 4.8823283256085395, "Italian": 4.8823283256085395, "Must": 4.821703703792105, "many": 4.821703703792105, "\ud83d\udca5": 4.71047806868188, "Madness": 4.71047806868188, "Rat": 4.65918477429433, "Kids": 4.610394610124898, "Mower": 4.610394610124898, "Mad": 4.476863217500375, "Giant": 4.43604122298012, "\ud83d\ude0e": 4.3968205098268385, "SWAP": 4.359080181843992, "Expensive": 4.359080181843992, "Incredible": 4.2876212178618465, "MONSTER": 4.253719666186165, "motorcycle": 4.220929843363174, "R1": 4.189181145048594, "Little": 4.189181145048594, "Rider": 4.189181145048594, "WILL": 4.15840948638184, "their": 4.15840948638184, "YAMAHA": 4.15840948638184, "Cylinder": 4.15840948638184, "Davidson": 4.099568986358907, "NEVER": 4.043999135204096, "Mega": 4.043999135204096, "Tractor": 3.9660375937343844, "Starting": 3.9660375937343844, "Insane": 3.8937169321547582, "Amazing": 3.7837160369404295, "Harley": 3.763096749737694, "world": 3.6846251342961986, "See": 3.6295653571131714, "Never": 3.6118657800137703, "American": 3.5440431836750093, "Cruiser": 3.4502244284573544, "Dream": 3.4502244284573544, "years": 3.4502244284573544, "Max": 3.4208105432510614, "Action": 3.33742893431201, "'ve": 3.311111625994637, "Like": 3.285469195381299, "have": 3.285469195381299, "with": 3.1733140378850075, "after": 3.166280678116181, "off": 3.111622265578317, "When": 3.0905688563804845, "TURBO": 3.059797197713731, "Two": 3.010526148706948, "more": 2.972785820724101, "The": 2.9369821743985485, "Bike": 2.850896003115064, "Mini": 2.764567919626567, "Off": 2.692072417588413, "Old": 2.5923220148213537, "Big": 2.381917489284574, "Time": 2.381917489284574, "All": 2.3768023886178034, "World": 2.2750196943078613, "Up": 2.2299670303669177, "Road": 2.1097396033687583, "Part": 2.0417889414602506, "7": 2.020127444679071, "Best": 2.005942809687115, "This": 1.9919565677123747, "Turbo": 1.9919565677123747, "-": 1.9762845647360867, "6": 1.892865665068144, "Honda": 1.8378058878851162, "10": 1.8259714302381136, "2": 1.60958176340564, "and": 1.5367708106356204, "in": 1.4863394951932922, "2021": 1.3763956236824761, "the": 1.3608762736465507, "3": 1.1167772240806506, "'s": 0.9640747704297573, ",": 0.9405757902620121, ".": 0.8727249918415292, "of": 0.85697663487339, "&": 0.7900692698774602, "!": 0.4178580217235832}