{"Arora": 22.99629785539163, "office": 18.779700262841693, "Sushant": 18.779700262841693, "Kapoor": 18.343694616168907, "Malhotra": 18.317248223359922, "Advani": 17.916654045486354, "Mumbai": 17.916654045486354, "Malaika": 17.916654045486354, "her": 17.89653212773033, "Kiara": 17.563304938517202, "mother": 16.70025872116186, "Varun": 16.460130598141248, "Jugjugg": 16.103319113683906, "Dhawan": 16.03082806721923, "Anil": 15.483863396837368, "Khan": 15.328607406663387, "Singh": 15.155918719202552, "Maddock": 14.717024752564017, "Jeeyo": 14.717024752564017, "sis": 14.717024752564017, ";": 13.575897096677377, "vacation": 13.330730391444126, "arrives": 12.884443288815707, "at": 12.872955122990039, "Aaryan": 12.519800175227797, "as": 11.782856331765492, "Kartik": 11.708869959011468, "Rajput": 11.708869959011468, "they": 11.24278339091335, "project": 11.133505814107906, "'s": 10.711961755472883, "looks": 9.050598064451584, "reaction": 8.881483288395458, "film": 8.828146794231136, "new": 8.712495240085502, "&": 8.639335045385852, "Ali": 8.319678517462654, "Hit": 8.052615732213608, "Tamboli": 8.051659556841953, "Shivdasani": 8.051659556841953, "flaunts": 8.051659556841953, "toned": 8.051659556841953, "abs": 8.051659556841953, "crop": 8.051659556841953, "Bazmee": 8.051659556841953, "Jovan": 8.051659556841953, "Geeta": 8.051659556841953, "Hinaya": 8.051659556841953, "receiving": 8.051659556841953, "recce": 8.051659556841953, "Nimrat": 8.051659556841953, "showroom": 8.051659556841953, "Drishyam": 8.051659556841953, "Chhabra-Mahira": 8.051659556841953, "Siddhant": 8.051659556841953, "Chaturvedi": 8.051659556841953, "T-series": 8.051659556841953, "commute": 8.051659556841953, "Chahatt": 8.051659556841953, "SSR": 8.051659556841953, "Heed": 8.051659556841953, "Jhakaas": 8.051659556841953, "eyeballs": 8.051659556841953, "Shamita": 8.051659556841953, "Rajkummar": 8.051659556841953, "promoting": 8.051659556841953, "breezy": 8.051659556841953, "salwar": 8.051659556841953, "with": 7.993343926380003, "in": 7.46841358398154, "Flaunts": 7.358512376282008, "Huma": 7.358512376282008, "Qureshi": 7.358512376282008, "Oversized": 7.358512376282008, "Tshirt": 7.358512376282008, "Aftab": 7.358512376282008, "Bhulaiyaa": 7.358512376282008, "Duper": 7.358512376282008, "paps": 7.358512376282008, "Anees": 7.358512376282008, "Basra": 7.358512376282008, "Ratna": 7.358512376282008, "Dasani": 7.358512376282008, "cum": 7.358512376282008, "Setia": 7.358512376282008, "Nikamma": 7.358512376282008, "Haafiz": 7.358512376282008, "Helly": 7.358512376282008, "Riddhima": 7.358512376282008, "Samara": 7.358512376282008, "Kapur": 7.358512376282008, "pose": 7.358512376282008, "Arbaaz": 7.358512376282008, "Anubhav": 7.358512376282008, "Demise": 7.358512376282008, "Yuvraj": 7.358512376282008, "Pap": 7.358512376282008, "smiles": 7.358512376282008, "Harbhajan": 6.953047268173844, "Specs": 6.953047268173844, "Khuda": 6.953047268173844, "Shivaleeka": 6.953047268173844, "Paras": 6.953047268173844, "Ayushmann": 6.953047268173844, "Khurrana": 6.953047268173844, "Amrita": 6.953047268173844, "Kundra": 6.953047268173844, "Sanya": 6.953047268173844, "Armaan": 6.953047268173844, "Crop": 6.665365195722063, "Dhoopar": 6.665365195722063, "Vinny": 6.665365195722063, "Nikita": 6.665365195722063, "Shy": 6.665365195722063, "Heer": 6.665365195722063, "Adipurush": 6.665365195722063, "Stylish": 6.665365195722063, "Promoting": 6.665365195722063, "casual": 6.665365195722063, "Sudhir": 6.665365195722063, "Trendy": 6.442221644407853, "Olive": 6.442221644407853, "Dheeraj": 6.442221644407853, "Sensational": 6.442221644407853, "Sahil": 6.442221644407853, "Screening": 6.442221644407853, "Bhool": 6.442221644407853, "discussion": 6.442221644407853, "Ranaut": 6.442221644407853, "Shirley": 6.442221644407853, "Neetu": 6.442221644407853, "Siddharth": 6.442221644407853, "Dutta": 6.442221644407853, "Bhasin": 6.442221644407853, "request": 6.442221644407853, "Saree": 6.442221644407853, "grab": 6.442221644407853, "suit": 6.442221644407853, "all": 6.399258585844673, "on": 6.31907287266187, "Abs": 6.259900087613898, "1.5": 6.259900087613898, "Gorgeous": 6.259900087613898, "Leone": 6.259900087613898, "Raut": 6.259900087613898, "Ambedkar": 6.259900087613898, "salon": 6.259900087613898, "Manish": 6.259900087613898, "Aditya": 6.259900087613898, "Sidharth": 6.259900087613898, "Metro": 6.259900087613898, "Che": 6.259900087613898, "Jasmin": 6.259900087613898, "Shilpa": 6.259900087613898, "unique": 6.259900087613898, "for": 6.2131012539948705, "Kundali": 6.10574940778664, "fame": 6.10574940778664, "Kriti": 6.10574940778664, "Sanon": 6.10574940778664, "leaves": 6.10574940778664, "Abhimanyu": 6.10574940778664, "designer": 6.10574940778664, "shoot": 6.10574940778664, "screen": 6.10574940778664, "Nawazuddin": 6.10574940778664, "Siddiqui": 6.10574940778664, "Po": 6.10574940778664, "Shaheer": 6.10574940778664, "fat": 6.10574940778664, "Malik": 6.10574940778664, ".": 6.055565137766333, "Bhagya": 5.972218015162118, "opened": 5.972218015162118, "Ops": 5.972218015162118, "returns": 5.972218015162118, "Remembering": 5.972218015162118, "Memorable": 5.972218015162118, "Flashback": 5.972218015162118, "month": 5.972218015162118, "Dilip": 5.854434979505734, "Kangana": 5.854434979505734, "buying": 5.854434979505734, "Mishra": 5.854434979505734, "airport": 5.854434979505734, "Nikki": 5.749074463847908, "Rawal": 5.749074463847908, "success": 5.749074463847908, "BREAKS": 5.749074463847908, "Devgn": 5.749074463847908, "Sinha": 5.749074463847908, "Funeral": 5.749074463847908, "Photoshoot": 5.653764284043583, "Prabhas": 5.653764284043583, "Khanna": 5.653764284043583, "Sheikh": 5.653764284043583, "step": 5.653764284043583, "shoes": 5.653764284043583, "white": 5.653764284043583, "Icon": 5.566752907053953, "Saif": 5.566752907053953, "Bharat": 5.566752907053953, "clothes": 5.566752907053953, "Debut": 5.486710199380417, "trying": 5.412602227226695, "Kaur": 5.412602227226695, "Jodi": 5.412602227226695, "street": 5.412602227226695, "Wow": 5.412602227226695, ",": 5.351647209476157, "asks": 5.343609355739743, "top": 5.343609355739743, "Om": 5.279070834602172, "Tina": 5.279070834602172, "Kai": 5.279070834602172, "Emergency": 5.218446212785738, "Upcoming": 5.161287798945789, "Ajay": 5.161287798945789, "Actress": 5.1072205776755135, "black": 5.1072205776755135, "Rao": 5.1072205776755135, "Sunny": 5.0559272832879625, "wife": 5.0559272832879625, "Roy": 5.0559272832879625, "Sara": 5.00713711911853, "Singer": 5.00713711911853, "Pay": 5.00713711911853, "Pregnant": 4.960617103483638, "Lightyear": 4.960617103483638, "meet": 4.960617103483638, "Shetty": 4.960617103483638, "Fitness": 4.832783731973753, "Award": 4.832783731973753, "together": 4.832783731973753, "to": 4.828790462381713, "give": 4.793563018820471, "Shah": 4.793563018820471, "\ud83d\ude02\ud83d\ude02": 4.755822690837625, "OM": 4.755822690837625, "style": 4.755822690837625, "Photo": 4.755822690837625, "emotional": 4.7194550466667495, "hot": 4.6176723523568075, "while": 4.6176723523568075, "Press": 4.585923654042227, "Bollywood": 4.585923654042227, "ready": 4.49631149535254, "fans": 4.49631149535254, "DOWN": 4.468140618385844, "Dr.": 4.468140618385844, "Raj": 4.468140618385844, "surprise": 4.440741644197729, "were": 4.414073397115568, "Kumar": 4.3880979107123075, "Sharma": 4.362780102728017, "Bar": 4.338087490137646, "Coffee": 4.338087490137646, "coming": 4.313989938558585, "here": 4.267469922923692, "son": 4.267469922923692, "Wife": 4.201511955131895, "him": 4.081367643289831, "Case": 4.081367643289831, "house": 3.9912165462955342, "off": 3.892776473482282, "Cute": 3.817553052244694, "Animation": 3.8031643147925944, "Date": 3.7612001156935624, "song": 3.7612001156935624, "Of": 3.6701069115141776, "2": 3.6638888392552382, "|": 3.652355000512376, "their": 3.5857514381873696, "she": 3.574322742363747, "Interview": 3.4977826652414126, "he": 3.4565397067073635, "London": 3.407268657700581, "Film": 3.369528329717734,