{"Cardboard": 47.69834618404595, "Make": 33.81541775214611, "ideas": 16.188213096705617, "Machine": 14.64786250601956, "How": 13.142518999606073, "Wheels": 12.919693408984468, "Nerf": 11.621283732875526, "invisible": 10.810353516659198, "From": 10.364861240771974, "Bicycle": 10.234989371755637, "Hydraulic": 9.926688012101119, "Drill": 8.933814239473337, "Spot": 8.767051021595234, "Welding": 8.767051021595234, "Press": 8.54039365098123, "idea": 8.037764794419417, "Bank": 7.827043763103764, "To": 7.786980108149033, "Remote": 7.636423403495114, "E-Power": 7.602401335665818, "Panel/Wood": 7.602401335665818, "Carrom": 7.602401335665818, "18000mAh": 7.602401335665818, "Genuis": 7.602401335665818, "||": 7.547519878353446, "Homemade": 7.462400649515854, "nerf": 6.909254155105873, "Igniters": 6.909254155105873, "joint": 6.909254155105873, "Power": 6.639988817547952, "shorts": 6.6263213679403705, "to": 6.592694645672919, "cardboard": 6.503789046997708, "NERF": 6.503789046997708, "Trolley": 6.503789046997708, "BRILLIANT": 6.503789046997708, "Home": 6.44124066092435, "Powerful": 6.272986434022469, "AMONG": 6.216106974545927, "Easy": 6.118213106791629, "CREATIVE": 5.992963423231718, "JCB": 5.992963423231718, "Control": 5.954857044763094, "USEFUL": 5.810641866437763, "Proper": 5.810641866437763, "Project": 5.803841939746804, "Electric": 5.680454801736124, "TOUCH": 5.656491186610505, "Sliding": 5.656491186610505, "Science": 5.646555685108578, "at": 5.631983778244583, "invention": 5.522959793985982, "Dispenser": 5.522959793985982, "bicycle": 5.522959793985982, "Twist": 5.522959793985982, "Rival": 5.405176758329599, "Capacitor": 5.405176758329599, "Amazing": 5.321517826113028, "Transmission": 5.299816242671772, "Using": 5.251335186490488, "Tape": 5.2045060628674475, "PVC": 5.2045060628674475, "wire": 5.2045060628674475, "Balance": 5.117494685877818, "PERFECT": 5.037451978204281, "Making": 4.98082709461855, "wheels": 4.963344006050559, "Matches": 4.894351134563609, "Circular": 4.894351134563609, "Craft": 4.829812613426037, "IDEA": 4.829812613426037, "Cutter": 4.769187991609602, "Pipe": 4.712029577769654, "Tractor": 4.657962356499378, "Pencil": 4.657962356499378, "Customize": 4.606669062111827, "Wire": 4.606669062111827, "Coca": 4.4669071197366685, "behind": 4.4669071197366685, "Invisible": 4.4669071197366685, "Together": 4.424347505317873, "Track": 4.383525510797617, "Smallest": 4.383525510797617, "Cola": 4.3443047976443365, "Satisfying": 4.306564469661489, "Saw": 4.270196825490615, "Top": 4.169896878402222, "Scenes": 4.018882397209708, "MINI": 3.991483423021594, "N'T": 3.938839689536172, "Works": 3.841201219972256, "Working": 3.5080567734437174, "For": 3.4889363623647176, "AND": 3.3828936304897117, "US": 3.3828936304897117, "way": 3.368294831068559, "Perfect": 3.3539060936164593, "DO": 3.2983362424616485, "Best": 3.216879816718498, "TOP": 3.1715845368225044, "home": 3.1715845368225044, "Hot": 3.1480540394123104, "Box": 3.125064521187612, "#": 3.0736199338343146, "Change": 2.9676723474361824, "Guide": 2.9389622415537513, "from": 2.7596501351888993, "Our": 2.704561535714907, "Game": 2.585121498850894, "make": 2.5785208148195418, "DIY": 2.514805000433434, "Wireless": 2.437615361742304, "20": 2.4319173406276664, "with": 2.4234442643679577, "That": 2.387465578056833, "Most": 2.3501279076191883, "Will": 2.3294017771020714, "or": 2.1774513181844157, "World": 1.9154259793259985, "|": 1.8990766126249425, "``": 1.6916046916252911, "''": 1.4475432416494005, "I": 1.4223846820132455, "10": 1.3877932372436266, "(": 1.3108506870607999, ")": 1.2822105795113028, "5": 1.1503523812285923, "2022": 1.0470444438551534, "3": 0.943107415982181, "for": 0.7726075981533931, "of": 0.7138288761004553, "in": 0.6699534440933097, "The": 0.6392113497955807, ":": 0.6186113704076835, "the": 0.5938961535835382, "a": 0.5875869843902733, "!": 0.4659181270755709}