{"Crown": 71.46817934928234, "Victoria": 41.93266296864897, "Marauder": 41.04210305034186, "Mercury": 29.293969953651235, "Vic": 26.761659774271376, "9C1": 15.30983409569664, "P71": 15.30983409569664, "PPV": 11.418013797586015, "Roush": 11.418013797586015, "ACTUALLY": 11.15095101233697, "Caprice": 10.915384941024202, "Between": 10.031719436466124, "Bought": 9.67230074701502, "Just": 9.498842034348543, "NASCAR": 9.31836954858866, "!": 8.775018456195248, "4th": 8.31681897276368, "Cobra": 8.199137972717814, "MOST": 8.087998270408193, "Merica": 7.65491704784832, "grown": 7.65491704784832, "cry\ud83d\ude22": 7.65491704784832, "baby\ud83d\ude08": 7.65491704784832, "Vics\ud83d\ude02\ud83d\ude02": 7.65491704784832, "Opus": 7.65491704784832, "Victorias": 7.65491704784832, "Yourselves": 7.65491704784832, "Financially": 7.65491704784832, "Behalf": 7.65491704784832, "Seems": 7.65491704784832, "Hobocop2": 7.65491704784832, "DIRECT": 7.65491704784832, "FPIU": 7.65491704784832, "a": 7.474890400247112, "Mod": 7.0880863673500185, "My": 7.020078777063317, "Lumina": 6.961769867288376, "Complaint": 6.961769867288376, "filming": 6.961769867288376, "Hearing": 6.961769867288376, "thunder": 6.961769867288376, "Drunken": 6.961769867288376, "Warned": 6.961769867288376, "Sheeps": 6.961769867288376, "DIVE": 6.961769867288376, "Mufflers": 6.961769867288376, "Vics": 6.961769867288376, "Gather": 6.961769867288376, "DIFFERENCES": 6.961769867288376, "Stock": 6.961059555905367, "Got": 6.78447434161401, "NOT": 6.596416442317458, "Bald": 6.556304759180211, "sing": 6.556304759180211, "dumb": 6.556304759180211, "Heres": 6.556304759180211, "Gambler": 6.556304759180211, "WOLF": 6.556304759180211, "Recover": 6.556304759180211, "A.K.A": 6.556304759180211, "mans": 6.556304759180211, "my": 6.376463881010691, "on": 6.2734068280856405, "Gymkhana": 6.26862268672843, "planned": 6.26862268672843, "Magnum": 6.26862268672843, "HATED": 6.26862268672843, "DELETED": 6.26862268672843, "Transform": 6.26862268672843, "THE": 6.125366824380752, "Eagles": 6.0454791354142206, "Snorkel": 6.0454791354142206, "Clothing": 6.0454791354142206, "Comeback": 6.0454791354142206, "This": 5.975869703137124, "Nashville": 5.863157578620266, "Zip": 5.863157578620266, "tie": 5.863157578620266, "HONEST": 5.863157578620266, "UNICORN": 5.863157578620266, "Hey": 5.863157578620266, "Enthusiasts": 5.863157578620266, "are": 5.85505845827196, "RAREST": 5.709006898793008, "WORKS": 5.709006898793008, "poor": 5.709006898793008, "Overlanding": 5.709006898793008, "LT1": 5.709006898793008, "I": 5.6352411294670315, "Redneck": 5.575475506168485, "Happen": 5.575475506168485, "Inch": 5.575475506168485, "Cleetus": 5.575475506168485, "it": 5.558396017413774, "Victory": 5.457692470512101, "enough": 5.457692470512101, "works": 5.457692470512101, "MANY": 5.457692470512101, "Brace": 5.457692470512101, "COMPARISON": 5.457692470512101, "Utility": 5.457692470512101, "and": 5.378697837224672, "Edit": 5.352331954854275, "Rims": 5.352331954854275, "Internet": 5.352331954854275, "Instrument": 5.352331954854275, "gen": 5.25702177504995, "Panther": 5.25702177504995, "LEFT": 5.25702177504995, "Answer": 5.25702177504995, "Across": 5.25702177504995, "Pizza": 5.25702177504995, "Drove": 5.17001039806032, "Please": 5.17001039806032, "Expected": 5.17001039806032, "Cluster": 5.089967690386784, "Interceptor": 5.015859718233062, "\ud83d\ude08": 4.9468668467461105, "Hands": 4.9468668467461105, "OEM": 4.9468668467461105, "Shock": 4.9468668467461105, "DEEP": 4.9468668467461105, "Cop": 4.9468668467461105, "From": 4.935062484015131, "noise": 4.8823283256085395, "Might": 4.8823283256085395, "Donuts": 4.764545289952156, "Backyard": 4.764545289952156, "BROKE": 4.71047806868188, "Throttle": 4.71047806868188, "STOP": 4.71047806868188, "them": 4.65918477429433, "this": 4.615619034261703, "LAST": 4.610394610124898, "Mistake": 4.563874594490005, "Installed": 4.563874594490005, "'ll": 4.563874594490005, "Doing": 4.5194228319191705, "man": 4.476863217500375, "working": 4.476863217500375, "Seats": 4.476863217500375, "Cable": 4.476863217500375, "Hours": 4.359080181843992, "Explorer": 4.359080181843992, "Patrol": 4.322712537673117, "CHEAP": 4.322712537673117, "Florida": 4.2876212178618465, "fuel": 4.253719666186165, "if": 4.253719666186165, "GOOD": 4.253719666186165, "Your": 4.2509759206737945, "Road": 4.219479206737517, "Tribute": 4.189181145048594, "2002": 4.1285565232321595, "Headlight": 4.099568986358907, "K": 4.07139810939221, "SPORT": 4.07139810939221, "Lift": 4.043999135204096, "BAD": 4.043999135204096, "Car": 4.018677138977957, "Setup": 4.0173308881219345, "Would": 4.0173308881219345, "LX": 4.0173308881219345, "EASY": 3.9413449811440127, "$": 3.922369818091242, "Days": 3.8937169321547582, "Highway": 3.8707274139300596, "28": 3.848254558078001, "2003": 3.8262756513592255, "Gen": 3.804769446138262, "way": 3.804769446138262, "OLD": 3.804769446138262, "Intake": 3.804769446138262, "Country": 3.7837160369404295, "Cold": 3.723091415123995, "Sounds": 3.665933001284046, "i": 3.64758386261585, "Highlights": 3.6295653571131714, "Collection": 3.6118657800137703, "FINALLY": 3.6118657800137703, "Never": 3.6118657800137703, "Off-Road": 3.594474037301901, "They": 3.5605724856262198, "YouTube": 3.5605724856262198, "but": 3.465262305821895, "....": 3.465262305821895, "Police": 3.465262305821895, "for": 3.4518866229350245, "Finally": 3.4502244284573544, "Installing": 3.435409342672214, "of": 3.42790653949356, "go": 3.4064218057989617, "the": 3.402190684116377, "Things": 3.3782509288322653, "make": 3.3782509288322653, "N": 3.3241837075619896, "14": 3.311111625994637, "``": 3.307004339774341, "Home": 3.298208221158729, "we": 3.285469195381299, "Like": 3.285469195381299, "So": 3.260467893175882, "(": 3.2234030608594524, "EVER": 3.189008929193737, "HOW": 3.177580233370114, ")": 3.1686365391876774, "May": 3.166280678116181, "after": 3.166280678116181, "Me": 3.166280678116181, "...": 3.09133893016791, "Did": 3.0905688563804845, "Was": 3.0905688563804845, "Making": 3.0699495691777487, "as": 3.059797197713731, "Rally": 3.0397965310070614, "''": 3.0257592845219285, "Meet": 3.010526148706948, "Kit": 2.9820882133864144, "Here": 2.9635691656191767, "into": 2.9453868465359867, "The": 2.9369821743985485, "is": 2.933305849531462, "that": 2.850896003115064, "Wheel": 2.8107299613897294, "Corvette": 2.706157157470152, "Off": 2.692072417588413, "20": 2.664484461069584, "Install": 2.631036527002044, "to": 2.621578265736423, "500": 2.6179644454346915, "Edition": 2.54897157394774, "?": 2.5068624631612657, "up": 2.381917489284574, "Air": 2.356599681300284, "Racing": 2.351612139789245, "Video": 2.3417110688065335, "[": 2.3125827958835097, "]": 2.3078095171308517, "/": 2.1254879603368972, "With": 2.1058409629531005, "It": 2.1019574629267033, "Cars": 2.056495088849946, "an": 1.9679416915085008, "Is": 1.961184909045621, "You": 1.944490030473451, "Review": 1.9215757709505752, "What": 1.8055922679014615, "Ford": 1.5749838527527305, "in": 1.4863394951932922, ",": 1.410863685393018, "How": 1.3782735585066763, "2021": 1.3763956236824761, "New": 1.1718096963911218, "3": 1.1167772240806506, "with": 1.057771345961669, "1": 0.9994766974806731, "A": 0.9917843518575175, "'s": 0.9640747704297573, ".": 0.8727249918415292, "&": 0.7900692698774602}