{"ARK": 131.94789461164567, "Evolved": 117.54863918799361, "Hardcore": 108.86327798259926, "Survival": 74.27866995203442, "#": 27.238139833945674, "EVOLVED": 24.76009049179831, "Tamed": 24.40779831601467, "PRIME": 24.20047953000281, "I": 22.20830031484525, "in": 18.560183151235403, "Fought": 17.500043037032533, "KONG": 15.420601495352699, "Manticore": 14.88557118288989, "Sacrificed": 14.074640966673561, "STRONGEST": 13.495039836835515, "FINALLY": 13.262604825599414, "MANTICORE": 13.05298971914158, "Wyvern": 12.68834660555367, "a": 12.108939272134577, "KING": 12.075176723494739, "into": 11.907509891161446, "Attacked": 11.877416389337343, "Tricked": 11.66669535802169, "my": 11.5882500566172, "GOLEM": 10.3829875856769, "MEGA": 10.199202970831184, "and": 9.315727767547564, "POWER": 9.161169421030953, "38": 8.221162162539482, "Underestimated": 8.13593277200489, "Deathworm": 8.13593277200489, "DodoRex": 8.13593277200489, "Angered": 8.13593277200489, "Risked": 8.13593277200489, "FIRE-BLASTING": 8.13593277200489, "FAAR": 8.13593277200489, "Regretted": 8.13593277200489, "Ressurect": 8.13593277200489, "GOD-KILLING": 8.13593277200489, "Pteranodon": 8.13593277200489, "PYGMIES": 8.13593277200489, "Pygmy": 8.13593277200489, "raised": 8.13593277200489, "then": 8.116790656198342, "DRAGON": 7.663735357601441, "Enormous": 7.442785591444945, "Raised": 7.442785591444945, "EVOLVES": 7.442785591444945, "TAMES": 7.442785591444945, "Grew": 7.442785591444945, "AMBUSHED": 7.442785591444945, "Friend": 7.410231946323154, "Unthinkable": 7.037320483336781, "Resurrected": 7.037320483336781, "Hatched": 7.037320483336781, "Tames": 7.037320483336781, "Fed": 7.037320483336781, "Eachother": 7.037320483336781, "BOSS": 7.021919917441238, "EVERYTHING": 6.8528051413851125, "SPINO": 6.749638410885, "WYVERN": 6.749638410885, "CARNO": 6.749638410885, "DINOS": 6.749638410885, "Treat": 6.749638410885, "prepared": 6.749638410885, "GODLY": 6.52649485957079, "WINGS": 6.52649485957079, "STRONGER": 6.52649485957079, "flew": 6.52649485957079, "Baby": 6.476185944107958, "the": 6.3951739647996515, "INSTANTLY": 6.344173302776835, "Summoned": 6.190022622949577, "1000x": 6.056491230325054, "so": 5.953754945580723, "Deadliest": 5.9387081946686715, "DIES": 5.9387081946686715, "it": 5.861543595864776, "GAVE": 5.833347679010845, "BIGGER": 5.833347679010845, "HARDER": 5.73803749920652, "Summon": 5.65102612221689, "CREATURES": 5.65102612221689, "ANCIENT": 5.570983414543353, "POWERFUL": 5.42788257090268, "to": 5.358809095266809, "came": 5.3027194279486745, "HORSE": 5.245561014108726, "Dino": 5.245561014108726, "Myself": 5.091410334281467, "Steal": 5.044890318646575, "BOSSES": 5.000438556075741, "Deal": 4.957878941656944, "an": 4.844399932991043, "HELL": 4.768636942018416, "Turned": 4.768636942018416, "BEAST": 4.734735390342735, "Hands": 4.734735390342735, "DAMAGE": 4.63942521053841, "Mistake": 4.63942521053841, "next": 4.609572247388729, "something": 4.525014859360666, "Own": 4.472371125875244, "LAVA": 4.447053317890954, "INCREDIBLE": 4.422360705300583, "ANGRY": 4.398263153721522, "My": 4.380328651110128, "Trapped": 4.351743138086629, "GOLDEN": 4.329270282234571, "THAN": 4.285785170294832, "Against": 4.184689053423463, "Tiny": 4.1285995867724194, "Fighting": 4.1285995867724194, "37": 4.041588209782789, "Item": 4.041588209782789, "Take": 4.025058907831579, "36": 4.008798386959799, "Went": 3.9770496886452187, "33": 3.9312401526139245, "Blood": 3.9312401526139245, "Could": 3.9312401526139245, "35": 3.8874375299555313, "34": 3.873252894963575, "100,000": 3.7921273501512065, "29": 3.7414836173324515, "know": 3.7292135247406373, "Happened": 3.7170921642082924, "32": 3.705115973161577, "Wrong": 3.693281515514574, "28": 3.681585475751383, "WAS": 3.6585959575266838, "TRAILER": 3.636123101674625, "Down": 3.636123101674625, "31": 3.636123101674625, "27": 3.6033332788516343, "26": 3.5408129218703004, "Over": 3.510959958720619, "Far": 3.4631039375429844, "GOD": 3.4538015448806707, "Find": 3.4264025706925563, "Finally": 3.399734323610395, "one": 3.3910006436416404, "Zombie": 3.3652481475392255, "23": 3.3484410292228444, "Test": 3.3484410292228444, "Death": 3.2761203676432182, "Old": 3.230657993566461, "about": 3.2086790868476855, "Dragon": 3.1801057144036298, "of": 3.1596902483663922, "Into": 3.152326150296554, "25": 3.145500185226154, "Everything": 3.1319864660594314, "what": 3.1319864660594314, "HUGE": 3.1252974779086347, "21": 2.9768774727903615, "MORE": 2.965448776966739, "we": 2.9374357407390645, "MOST": 2.9264466191634693, "18": 2.9155769469265658, "X": 2.904824155150304, "19": 2.8836593439582607, "Made": 2.862933213441144, "If": 2.832627863945815, "got": 2.7888252412874217, "17": 2.7746406062954656, "30": 2.756035418464431, "with": 2.7120217290652766, "16": 2.667872630869759, "22": 2.655293848662899, "that": 2.634674561460163, "And": 2.6104798328731067, "NOT": 2.6025432832773703, "IT": 2.582973187083273, "was": 2.571412364682197, "14": 2.541221392403051, "24": 2.490485874361653, "EVER": 2.4557601629878234, "15": 2.4321502973486893, "13": 2.4221999664955214, "20": 2.4123476700525095, "ALL": 2.318821612041686, "Time": 2.3069871543946836, "Do": 2.292388354973531, "by": 2.2894939969471664, "12": 2.2415299377400397, "but": 2.2036875845568797, "11": 2.1931333968781894, "THIS": 2.079148758776266, "this": 1.941527380900218, "It": 1.9233266762533718, "n't": 1.8151644777543081, "'s": 1.5351861713870187, "2": 1.484545568489929, ".": 1.4792062478264987, "for": 1.4352016624570798, "New": 1.3324275143965525, "THE": 1.205438006053264, "|": 1.0892854941561347, "!": 1.0753090867526052, "3": 0.7644434767906133, ",": 0.7058186334430898}