{"Devon": 83.54123840746051, "PRUSA": 15.30983409569664, "Slapton": 15.30983409569664, "Brixham": 15.30983409569664, "Damien": 15.30983409569664, "Ilfracombe": 15.30983409569664, "Bystock": 15.30983409569664, "Seaton": 15.30983409569664, "Unedited": 13.923539734576751, "Hirst": 13.923539734576751, "Verity": 13.923539734576751, "Mk2": 12.090958270828441, "Material": 12.090958270828441, "Sherman": 11.726315157240531, "Sands": 11.418013797586015, "Multi": 10.70466390970855, "i3": 10.5140435500999, "Clip": 9.42095613736376, "DJI": 9.220789220249795, "Original": 8.087998270408193, "Exmouth": 7.65491704784832, "17/05/20": 7.65491704784832, "STEALTH20-X": 7.65491704784832, "loss": 7.65491704784832, "QUANUM": 7.65491704784832, "VENTURE": 7.65491704784832, "QUADCOPTER": 7.65491704784832, "Kelpies": 7.65491704784832, "Falkirk": 7.65491704784832, "Leat": 7.65491704784832, "Tiverton": 7.65491704784832, "Exmoor": 7.65491704784832, "Rolle": 7.65491704784832, "Obelisk": 7.65491704784832, "Bicton": 7.65491704784832, "Woodbury": 7.65491704784832, "Bridgwater": 7.65491704784832, "Blackbury": 7.65491704784832, "Ladram": 7.65491704784832, "Lilies": 7.65491704784832, "slapton": 7.65491704784832, "sands": 7.65491704784832, "Tank": 7.369250268592397, "Seafront": 6.961769867288376, "PRINT": 6.961769867288376, "Purge": 6.961769867288376, "Berry": 6.961769867288376, "Forts": 6.961769867288376, "Hind": 6.961769867288376, "Exe": 6.961769867288376, "nr": 6.961769867288376, "Ponies": 6.961769867288376, "odd": 6.961769867288376, "Willow": 6.961769867288376, "Sidmouth": 6.961769867288376, "Coasters": 6.556304759180211, "Somerset": 6.556304759180211, "Lighthouse": 6.26862268672843, ",": 6.113742636703079, "Jacob": 6.0454791354142206, "Printing": 5.863157578620266, "Reserve": 5.863157578620266, "Castle": 5.863157578620266, "Tramway": 5.863157578620266, "Beer": 5.863157578620266, "HOUR": 5.709006898793008, "Inspire": 5.709006898793008, "Altitude": 5.575475506168485, "Mill": 5.575475506168485, "FPV": 5.457692470512101, "Scotland": 5.457692470512101, "Enhanced": 5.457692470512101, "Sunrise": 5.457692470512101, ".": 5.236349951049175, "Nature": 5.17001039806032, "Tower": 5.089967690386784, "Wind": 5.089967690386784, "Ladder": 5.089967690386784, "Pond": 5.089967690386784, "Waste": 5.015859718233062, "Forward": 4.9468668467461105, "Camp": 4.9468668467461105, "GPS": 4.8823283256085395, "noise": 4.8823283256085395, "Point": 4.71047806868188, "SOLD": 4.476863217500375, "Golden": 4.476863217500375, "Phantom": 4.3968205098268385, "Version": 4.2876212178618465, "Massive": 4.189181145048594, "Mode": 4.189181145048594, "Bay": 4.189181145048594, "(": 4.029253826074315, "at": 3.9970554237631095, "Farm": 3.9660375937343844, ")": 3.9607956739845966, "3D": 3.8937169321547582, "River": 3.8707274139300596, "Flight": 3.8262756513592255, "Open": 3.763096749737694, "North": 3.703673329266893, "RC": 3.665933001284046, "Man": 3.665933001284046, "Head": 3.6118657800137703, "60": 3.3241837075619896, "Upgrade": 3.260467893175882, "F1": 3.260467893175882, "'s": 2.892224311289272, "Start": 2.68510374827232, "2017": 2.5611668470415583, "Model": 2.5550506200241223, "Speed": 2.5429292594917774, "#": 2.3223264159932686, "Full": 2.2983307731763083, "on": 2.09113560936188, "the": 2.041314410469826, "Test": 2.013009976910207, "1": 1.9989533949613463, "-": 1.482213423552065, "The": 1.4684910871992742, "Car": 1.3395590463259859, "2": 0.80479088170282, "in": 0.7431697475966461, "!": 0.4178580217235832}