{"Juguetes": 70.36382895394703, "Muchos": 44.15107425769205, "de": 34.038460150838745, "Abrimos": 32.20663822736781, "Mundo": 29.763702620901825, "TOYS": 27.90277305107879, "Nuevos": 27.812189072695375, "Abriendo": 24.154978670525857, "PLAY-DOH": 22.075537128846026, "Divertidos": 20.85914180452153, "Playdoh": 18.317248223359922, "SURPRISE": 16.250702041110717, "Helados": 16.103319113683906, "POPSICLES": 16.103319113683906, "Antiguos": 16.103319113683906, "Divertidos|": 16.103319113683906, "PLAYDOH": 16.103319113683906, "Nuevas": 14.717024752564017, "JUGUETES": 13.906094536347688, "Jugando": 12.884443288815707, "Noms": 12.884443288815707, "Num": 12.519800175227797, "juguetes": 12.21149881557328, "KIDS": 12.132979114828448, "Fun": 12.11111614398271, "Play-Doh": 11.133505814107906, "Lots": 10.973420398760833, "Coloring": 10.214441155351027, "CREAM": 9.665567463947506, "Toys": 9.461459270673126, "Doh": 9.438910093333499, "NEW": 9.183669373020166, "VIDEOS": 8.99262299070508, "ICE": 8.828146794231136, "FOR": 8.113656078373454, "Cubeta": 8.051659556841953, "Paletas": 8.051659556841953, "\ud83c\udf68Galletas\ud83c\udf6aGolosinas": 8.051659556841953, "Comidita": 8.051659556841953, "INCLUSIVE": 8.051659556841953, "|PLAYDOH": 8.051659556841953, "ADRABLES": 8.051659556841953, "FLORECITAS": 8.051659556841953, "BLUME": 8.051659556841953, "|Mundodejuguetes": 8.051659556841953, "Unicornio-New": 8.051659556841953, "Gusanito": 8.051659556841953, "Bailarin": 8.051659556841953, "Giggle": 8.051659556841953, "Abriebdo": 8.051659556841953, "Ni\u00f1os|Mundo": 8.051659556841953, "ABRIENDO": 8.051659556841953, "JUGUEETES": 8.051659556841953, "ANTIGUOS": 8.051659556841953, "Toys|Mundo": 8.051659556841953, "PLAYDOUGH": 8.051659556841953, "|MUSICAL": 8.051659556841953, "BILL": 8.051659556841953, "toys|Mundo": 8.051659556841953, "Cofree": 8.051659556841953, "Unicornios": 8.051659556841953, "Lleno": 8.051659556841953, "Sorpresa|": 8.051659556841953, "NUEVOS|": 8.051659556841953, "UNBOXING|Mundo": 8.051659556841953, "TOOTIES": 8.051659556841953, "pikmi": 8.051659556841953, "SURPIRSE": 8.051659556841953, "|WORLD": 8.051659556841953, "PASTELITOS": 7.358512376282008, "MUCHOS": 7.358512376282008, "ABRIMOS": 7.358512376282008, "CUTIE": 7.358512376282008, "Opening": 7.038120127377395, "Plastilina": 6.953047268173844, "Haciendo": 6.953047268173844, "Divertido": 6.953047268173844, "Wiggle": 6.953047268173844, "peque\u00f1a": 6.953047268173844, "Smooshy": 6.953047268173844, "pops": 6.953047268173844, "Castillo": 6.665365195722063, "NUEVOS": 6.665365195722063, "DONUTS": 6.665365195722063, "Mushy": 6.665365195722063, "y": 6.578971244088395, "MODERN": 6.442221644407853, "Mu\u00f1ecas": 6.442221644407853, "FIESTA": 6.442221644407853, "BANK": 6.442221644407853, "Mu\u00f1eca": 6.259900087613898, "BORN": 6.259900087613898, "PEPPA": 6.259900087613898, "PIG": 6.259900087613898, "HOUSES": 6.259900087613898, "Sparkle": 6.10574940778664, "Juegos": 6.10574940778664, "CHANGING": 6.10574940778664, "Magic": 6.003607099184833, "PIGGY": 5.972218015162118, "Disney": 5.90358625803551, "\ud83c\udf6d": 5.854434979505734, "BABIES": 5.854434979505734, "DOLLS": 5.749074463847908, "Juego": 5.749074463847908, "SURPRISES": 5.749074463847908, "Sorpresa": 5.749074463847908, "GENDER": 5.653764284043583, "Books": 5.412602227226695, "Mas": 5.412602227226695, "Chest": 5.412602227226695, "Play": 5.297964349939348, "Numbers": 5.00713711911853, "Unicorn": 5.00713711911853, "Para": 4.873605726494008, "Born": 4.7194550466667495, "OPENING": 4.684363726855479, "COLOR": 4.650462175179798, "ABC": 4.525299032225792, "Breakfast": 4.49631149535254, "Drawing": 4.440741644197729, "TOY": 4.414073397115568, "FUN": 4.313989938558585, "MAGIC": 4.244997067071634, "Barbie": 4.223018160352859, "LOL": 4.180458545934062, "Colors": 3.9407856926686424, "world": 3.8469669374509876, "Princess": 3.788979679800638, "FOOD": 3.7612001156935624, "del": 3.6949507301523616, "BABY": 3.574322742363747, "con": 3.476948578338571, "Unboxing": 3.436539040000694, "kids": 3.407268657700581, "Learn": 3.3976992066844303, "Series": 3.146384778403524, "Videos": 3.0612269700632173, "Making": 3.021221635449518, "La": 3.008234439922707, "!": 2.9790375913870104, "Surprise": 2.9158611197916917, "new": 2.9041650800285006, "#": 2.8797523252404016, "DE": 2.738453577800166, "of": 2.691132599784872, "Baby": 2.4719297308557313, "Game": 2.3215597738683793, "OF": 2.3118666446627194, "For": 1.778782550295786, "New": 1.602770162695096, "``": 1.5948899012697901, "''": 1.5886300999212835, "3": 1.3350647833209754, "1": 1.2132543559946098, "with": 1.1419062751971434, "2": 0.9159722098138096, "and": 0.9112065137407951, "|": 0.7304710001024752, "The": 0.6103391671243364}