{"Slaiman": 224.906084141886, "V": 45.7727505071827, "E": 39.35814136838092, "O": 34.813082672158096, "by": 34.34009786358951, "feat": 23.990329733554862, "BRYAN": 16.064720295849, "MENSAH": 16.064720295849, "Jamie-Rose": 16.064720295849, "SLAIMAN": 16.064720295849, "&": 9.761405283665283, "-": 8.895761634248812, "J.O.Y": 8.0323601479245, "Tolhurst": 8.0323601479245, "Malikai": 8.0323601479245, "DOWN4U": 8.0323601479245, "Kiing": 8.0323601479245, "Harold": 8.0323601479245, "LYDiE": 8.0323601479245, "DatBreddaDom": 8.0323601479245, "Lyric": 7.403253615276339, "Rhys": 7.339212967364555, "Imagination": 7.339212967364555, "Poet": 7.339212967364555, "Daze": 7.339212967364555, "Wrapper": 7.339212967364555, "BLISS": 7.339212967364555, "Paranoia": 6.933747859256391, "Odd": 6.933747859256391, "Bulb": 6.933747859256391, ".": 6.844405505233482, "(": 6.703195568532989, "Rouge": 6.64606578680461, "INSTRUMENTAL": 6.64606578680461, "REMAKE": 6.64606578680461, "Shade": 6.64606578680461, ")": 6.568773517774572, "Fallen": 6.240600678696445, "Runway": 6.240600678696445, "Bounce": 6.086449998869187, "Harris": 5.952918606244665, "Shape": 5.952918606244665, "Choosing": 5.835135570588281, "Trees": 5.835135570588281, "Roses": 5.835135570588281, "Assumptions": 5.729775054930455, "Pump": 5.5474534981365, "Highlight": 5.5474534981365, "Palm": 5.5474534981365, "Terror": 5.5474534981365, "Pure": 5.467410790462964, "Mine": 5.467410790462964, "Kanye": 5.467410790462964, "Sheeran": 5.199146803868285, "Banana": 5.08792116875806, "Underground": 5.0366278743705095, "Motion": 4.987837710201077, "Desert": 4.941317694566185, "Ed": 4.774263609903018, "Rose": 4.631162766262345, "Low": 4.44884120946839, "Moment": 4.44884120946839, "West": 4.343480693810564, "Broken": 4.343480693810564, "Lil": 4.007008457189351, "Run": 3.921486283751189, "Video": 3.8821005316936046, "James": 3.8734770645648284, "LOVE": 3.625640900660247, "Remix": 3.625640900660247, "Halloween": 3.6015433490811866, "You": 3.3180807166949755, "Amazing": 3.220175792552083, "Bad": 3.1960782409730224, "THE": 3.1574702980636173, "Last": 3.1270853694860707, "x": 3.1270853694860707, "Night": 3.0765330903232395, "IT": 2.6570817402403355, "On": 1.8946330938382663, "I": 1.0229512152158635, "of": 0.9770473045847486, "The": 0.7960208051701567}