{"STI": 62.29947091447613, "SUPRA": 57.79979132525023, "TURBO": 33.65776917485104, "CARBON": 26.86117930500225, "A90": 25.8500519903016, "|": 25.583773687555233, "BIG": 25.51171934018955, "MK5": 24.734334233730554, "OLM": 22.96475114354496, "6466": 22.96475114354496, "LIP": 20.885309601865128, "DRAG": 19.02384723069131, "2020-UP": 15.30983409569664, "FIBER": 15.269903071160352, "FRONT": 14.84060054023833, "THE": 14.292522590221754, "RACING": 13.800897713829418, "TOMEI": 13.112609518360422, "INSTALL": 12.662789530089523, "SUBARU": 12.298706959076721, "WHP": 12.090958270828441, "FP": 11.726315157240531, "W/": 11.726315157240531, "EXHAUST": 11.61218224179018, "AND": 11.469701220265097, "MY": 11.469701220265097, "IS": 11.211547135714813, "STYLE": 10.70466390970855, "POV": 10.681717456878658, "WE": 10.535346964370364, "*": 10.29405073145543, "WRX": 10.01228680293603, "2020": 9.99462618514234, "TOYOTA": 9.972551122685969, "GOES": 9.893733693492221, "REAR": 9.764656651217079, "0-60": 9.64340740758421, "HOW": 9.532740700110342, "BOOST": 9.220789220249795, "STOCK": 9.038845663838341, "MAKE": 9.038845663838341, "CAN": 8.645425075346234, "'S": 8.602275915198824, "MUCH": 8.441859686726348, "FROM": 8.14279621878442, "WHY": 7.882689962288025, "SO": 7.834494859129904, "N'T": 7.7874338643095165, "GO": 7.741454827860119, "VALENCE/DIFFUSER": 7.65491704784832, "KIES": 7.65491704784832, "UMPER": 7.65491704784832, "TRIM/GARNISH": 7.65491704784832, "RACING\u2026I": 7.65491704784832, "ROTATED/BIG": 7.65491704784832, "PLUSH": 7.65491704784832, "ALCANTARA": 7.65491704784832, "IGNORE": 7.65491704784832, "SKIRTS": 7.65491704784832, "T-S5": 7.65491704784832, "VOLK": 7.65491704784832, "TE-37": 7.65491704784832, "FTSPEED": 7.65491704784832, "VISCONTI": 7.65491704784832, "NAMELESS": 7.65491704784832, "MID-PIPE": 7.65491704784832, "CNT": 7.65491704784832, "MUFFLERS": 7.65491704784832, "W/ELH": 7.65491704784832, "MOTOR/STOCK": 7.65491704784832, "LOCATION": 7.65491704784832, "Baderbuilt": 7.65491704784832, "BADERBUILT": 7.65491704784832, "FACE-OFF": 7.65491704784832, "GOAL": 7.65491704784832, "THOUGHTS": 7.65491704784832, "3.XX": 7.65491704784832, "SUPRAS": 7.65491704784832, "SUBISPEED": 7.65491704784832, "SRH": 7.65491704784832, "BNW": 7.65491704784832, "CATASTROPHE": 7.65491704784832, "MESSED": 7.65491704784832, "ENGINE": 6.992067928977297, "RK": 6.961769867288376, "HEART": 6.961769867288376, "clickbait": 6.961769867288376, "FEELS": 6.961769867288376, "ONLINE": 6.961769867288376, "\ud83c\udfce\ud83d\udca8": 6.961769867288376, "MAXTON": 6.961769867288376, "FLARES": 6.961769867288376, "TURNED": 6.961769867288376, "PART": 6.756501857664531, "``": 6.614008679548682, "STUFF": 6.556304759180211, "STORE": 6.556304759180211, "\ud83e\udd17": 6.556304759180211, "RUMBLE": 6.556304759180211, "PRACTICE": 6.556304759180211, "TRAP": 6.556304759180211, "FEAT": 6.556304759180211, "IMPORT": 6.556304759180211, "LAUNCHING": 6.556304759180211, "LAG": 6.556304759180211, "S209": 6.556304759180211, "WRX/STI": 6.556304759180211, "PLACE": 6.556304759180211, "\ud83d\ude25": 6.556304759180211, "MOTORSPORTS": 6.26862268672843, "CLIP": 6.26862268672843, "FORGED": 6.26862268672843, "TITAN": 6.26862268672843, "600whp": 6.26862268672843, "BAY": 6.26862268672843, "RUNWAY": 6.26862268672843, "QUICK": 6.26862268672843, "BYE": 6.26862268672843, "2015+": 6.26862268672843, "HEADLIGHTS": 6.26862268672843, "''": 6.051518569043857, "STEERING": 6.0454791354142206, "SIDE": 6.0454791354142206, "V1": 6.0454791354142206, "1ST": 6.0454791354142206, "SAVED": 6.0454791354142206, "2015-2021": 6.0454791354142206, "UP": 6.0403761192373695, "EXPERIENCE": 5.863157578620266, "INTAKE": 5.863157578620266, "CHARGE": 5.863157578620266, "\ud83d\udd0a": 5.863157578620266, "FORZA": 5.863157578620266, "ENOUGH": 5.863157578620266, "MKV": 5.863157578620266, "REACTION": 5.863157578620266, "SOUNDING": 5.863157578620266, "CRUISE": 5.863157578620266, "GR": 5.85505845827196, "IT": 5.718253004503159, "FOR": 5.718253004503159, "SIMPLE": 5.709006898793008, "I": 5.6352411294670315, "PROBLEMS": 5.575475506168485, "BEEN": 5.575475506168485, "CAM": 5.575475506168485, "BREAKING": 5.457692470512101, "FUTURE": 5.457692470512101, "PIPE": 5.457692470512101, "B58": 5.457692470512101, "SHORT": 5.457692470512101, "SICK": 5.352331954854275, "ZERO": 5.352331954854275, "HORSEPOWER": 5.352331954854275, "FLEX": 5.25702177504995, "SOME": 5.25702177504995, "OMG": 5.25702177504995, "SHE": 5.25702177504995, "SHORTS": 5.25702177504995, "SWAPPED": 5.25702177504995, "MK4": 5.25702177504995, "SELLING": 5.17001039806032, "\ud83e\udd2f": 5.089967690386784, "'VE": 5.089967690386784, "CLOSE": 5.089967690386784, "EVERY": 5.015859718233062, "SHOULD": 5.015859718233062, "GONE": 5.015859718233062, "?": 5.013724926322531, "TO": 4.968866105620338, "RUINED": 4.9468668467461105, "BUDGET": 4.8823283256085395, "DRIVER": 4.821703703792105, "E85": 4.821703703792105, "WHEEL": 4.764545289952156, "OUR": 4.764545289952156, "EXTREME": 4.610394610124898, "DID": 4.610394610124898, "ABANDONED": 4.610394610124898, "LOVE": 4.5194228319191705, "FUEL": 4.476863217500375, "MOD": 4.43604122298012, "DYNO": 4.43604122298012, "S3": 4.43604122298012, "WRONG": 4.43604122298012, "NOW": 4.43604122298012, "HE": 4.43604122298012, "R33": 4.3968205098268385, "ASMR": 4.359080181843992, "ONLY": 4.359080181843992, "WORST": 4.359080181843992, "BUY": 4.322712537673117, "KIT": 4.2876212178618465, "GOT": 4.2876212178618465, "GOOD": 4.253719666186165, "V2": 4.253719666186165, "CA": 4.15840948638184, "HAVE": 4.15840948638184, "BLACK": 4.1285565232321595, "FASTEST": 4.099568986358907, "MAX": 4.099568986358907, "NEED": 4.07139810939221, "WHEELS": 4.07139810939221, "feat": 4.07139810939221, "130": 4.043999135204096, "BAD": 4.043999135204096, "GETS": 3.9660375937343844, "GT500": 3.9660375937343844, "BOUGHT": 3.9660375937343844, "EASY": 3.9413449811440127, "+": 3.86266389179188, "NEW": 3.856138600522247, "NISSAN": 3.665933001284046, "LOUD": 3.5773796039426013, "MOTOR": 3.4960339644886487, "FAST": 3.4960339644886487, "AUDI": 3.3782509288322653, "GT-R": 3.3644576066999297, "DRIVE": 3.350851954644151, "BACK": 3.285469195381299, "Z": 3.236076440051723, "(": 3.2234030608594524, "EVER": 3.189008929193737, ")": 3.1686365391876774, "INSANE": 3.166280678116181, "YOU": 3.1440575413314704, "WITH": 3.13312847079928, "not": 3.122317554695065, "FULL": 3.0905688563804845, "DIY": 3.000956697690797, "Supra": 2.9453868465359867, "THIS": 2.9187185994538254, "ON": 2.6577047740842055, "500": 2.6179644454346915, "VS": 2.4958617486337915, "CAR": 2.4731334975562356, "#": 2.3223264159932686, "2019": 2.2750196943078613, "!": 2.089290108617916, "7": 2.020127444679071, "A": 1.983568703715035, ":": 1.9556671732023696, "vs": 1.714745795127889, "Toyota": 1.6659556309584571, ",": 1.410863685393018, "4": 1.3991670060949537, "2021": 1.3763956236824761, "BMW": 1.3413690015712254, ".": 0.8727249918415292}