{"Yamaha": 48.6915999909535, "WR450F": 24.0970804437735, "MRL247": 24.0970804437735, "Motorcyclist": 20.80124357776917, "Drivers": 16.40223237138889, "MT-09SP": 16.064720295849, "MT-09": 16.064720295849, "MT-10": 16.064720295849, "BIKE": 15.779314277054159, "Wheelie": 13.867495718512782, "Walkaround": 13.867495718512782, "Raceway": 13.867495718512782, "Bike": 13.030442081431692, "YAMAHA": 12.8458444709808, "Supermoto": 12.8458444709808, "SP": 12.172899997738375, "Sponsored": 12.172899997738375, "Highway": 12.172899997738375, "PUBG": 11.670271141176562, "|": 11.24544778183678, "Zealand": 10.64861989364458, "Test": 10.404035869369993, "Valley": 10.17584233751612, "California": 9.330128635876052, "Hidden": 8.89768241893678, "2021": 8.163582403266073, "4K": 8.124136468744757, "Dominator": 8.0323601479245, "Quickshift": 8.0323601479245, "au.vicoffroad.com": 8.0323601479245, "LANE-SPLITTING": 8.0323601479245, "MT-10/FZ-10": 8.0323601479245, "Intimidates": 8.0323601479245, "BIKELIFE": 8.0323601479245, "Filtering": 8.0323601479245, "Lightbar": 8.0323601479245, "Vicoffroad.com.au": 8.0323601479245, "Z900": 8.0323601479245, "Kawi": 8.0323601479245, "FZ8": 8.0323601479245, "MyRandomLife247": 8.0323601479245, "V3.0": 8.0323601479245, "Coppers": 8.0323601479245, "Reynolds": 7.339212967364555, "WHEELIES": 7.339212967364555, "BIKER": 7.339212967364555, "wheelie": 6.933747859256391, "A7S": 6.933747859256391, "Barrier": 6.933747859256391, "TEXTING": 6.933747859256391, "Samurai": 6.933747859256391, "Crazy": 6.756799595533954, "SONY": 6.64606578680461, "Ortega": 6.64606578680461, "Desperate": 6.64606578680461, "Measures": 6.64606578680461, "Kawasaki": 6.64606578680461, "by": 6.438768349423034, "Exhaust": 6.4229222354904, "Initial": 6.4229222354904, "Busted": 6.4229222354904, "NEARLY": 6.4229222354904, "HITS": 6.4229222354904, "Trailer": 6.408092821244399, "Does": 6.360659768009766, "NEW": 6.260818617953776, "Trolling": 6.086449998869187, "Install": 6.086449998869187, "Dropping": 6.086449998869187, "ANGELES": 5.952918606244665, "Aussie": 5.835135570588281, "ALIVE": 5.835135570588281, "Rides": 5.835135570588281, "Drag": 5.835135570588281, "Crashes": 5.729775054930455, "Concrete": 5.729775054930455, "DRIVER": 5.729775054930455, "Others": 5.729775054930455, "Scooter": 5.729775054930455, "Sword": 5.63446487512613, "LED": 5.5474534981365, "Nearly": 5.5474534981365, "DRIVING": 5.467410790462964, "LIGHT": 5.393302818309242, "III": 5.32430994682229, "stream": 5.32430994682229, "RAW": 5.259771425684719, "Calls": 5.199146803868285, "Patrol": 5.141988390028335, "Driver": 5.08792116875806, "Custom": 5.0366278743705095, "Kill": 5.0366278743705095, "Ninja": 4.987837710201077, "Racing": 4.987837710201077, "Impressions": 4.941317694566185, "BMW": 4.941317694566185, "Helping": 4.896865931995351, "Close": 4.854306317576555, "3rd": 4.700155637749297, "GIVEAWAY": 4.700155637749297, "Riding": 4.700155637749297, "Funniest": 4.665064317938026, "Track": 4.5983729434393545, "Ghost": 4.566624245124774, "Times": 4.53585258645802, "Sydney": 4.44884120946839, "USA": 4.394773988198114, "Cars": 4.394773988198114, "2nd": 4.318788081220193, "coming": 4.318788081220193, "REVEAL": 4.271160032230938, "MUSIC": 4.248170514006239, "River": 4.1822125462144415, "2016": 4.100534515200175, "Ride": 4.043376101360226, "and": 4.0415348994093625, "LOS": 4.02502696269203, "Fight": 3.971917137378081, "Call": 3.954822704018781, "Channel": 3.954822704018781, "'M": 3.769680270883185, "Street": 3.6756513212349087, "Moments": 3.625640900660247, "2017": 3.51057157087546, "Trip": 3.4576491694211176, "UPDATE": 3.3228299466121665, "You": 3.3180807166949755, "New": 3.311266400051747, "Into": 3.2448684051424546, "Bad": 3.1960782409730224, "Funny": 3.1051064627672957, "Ever": 3.055626405503926, "Review": 3.021724853828245, "Like": 3.001922226532065, "VIDEO": 3.001922226532065, "Part": 2.5270286119921375, "with": 2.429059152940701, "an": 2.415589050257929, "MY": 2.040895600816518, "It": 1.9755761346958758, "'s": 1.959278197384355, "For": 1.8502752412078687, "to": 1.8303092895203121, "at": 1.6832211565447024, "What": 1.667609391072589, "A": 1.6430833889045602, "THE": 1.5787351490318087, "How": 1.5265760877962717, "To": 1.4884483023597082, "is": 1.4216641032067412, "My": 1.3705054073791894, "I": 1.0229512152158635, "2": 0.9900739759847571, "in": 0.8684134635819533, "&": 0.8134504403054402, "!": 0.40335625827154326}