{"Hindi": 79.26653752776807, "\u0939\u092e\u093e\u0930\u0940": 30.44143047325135, "\u0938\u092b\u093c\u0930": 30.44143047325135, "Documentary": 27.99607793968029, "\u0915\u093e": 27.365623010291294, "\u0915\u0947": 23.633757796009046, "\u0915\u0940": 23.53303663384435, "\u0907\u0928\u094d\u0938\u093e\u0928": 22.831072854938512, "\u091c\u093e\u092f\u0947\u0902\u0917\u0947": 22.123664306532007, "\u0930\u0939\u0938\u094d\u092f\u092e\u092f\u0940": 20.751631313258677, "hindi": 19.108577097026487, "\u0906\u092a": 18.458501379035386, "\u0927\u0930\u0924\u0940": 17.45579444725435, "\u091c\u093e\u0928\u0915\u0930": 16.993342407772573, "\u0915\u0948\u0938\u0947": 15.490752000117876, "\u0917\u0948\u0932\u0947\u0915\u094d\u0938\u0940": 15.220715236625676, "\u0915\u0939\u093e\u0928\u0940": 14.706922251631882, "\u0915\u094b": 14.485494286994252, "\u0905\u0930\u092c": 13.834420875505785, "\u092e\u093f\u0936\u0928": 13.834420875505785, "\u092e\u093f\u0932\u094d\u0915\u0940": 13.834420875505785, "\u0935\u0947": 13.834420875505785, "\u092c\u094d\u0930\u0939\u094d\u092e\u093e\u0923\u094d\u0921": 13.023490659289456, "\u0930\u0939\u0938\u094d\u092f": 12.448126514385894, "\ud83d\ude31": 12.341550170539072, "\u091a\u094c\u0902\u0915": 11.637196298169565, "Journey": 11.280630049808337, "\u0905\u0926\u094d\u092d\u0941\u0924": 11.061832153266003, "Milky": 10.615545050637584, "\u0939\u0948": 10.54803916827221, "\u0939\u0948\u0930\u093e\u0928": 10.424924691028934, "\u0905\u0917\u0930": 10.090816521702601, "\u0938\u093e\u0932": 9.942600577395158, "journey": 9.804614834421255, "\u0915\u093e\u092e": 9.675537792146113, "\u0906\u092a\u0915\u0947": 9.675537792146113, "Earth": 8.812586351552794, "\u0938\u092c\u0938\u0947": 8.486123576652727, "Universe": 8.053677359713456, "Moon": 7.9455429171729035, "\u0915\u094d\u092f\u093e": 7.893591944366382, "\u0939\u094b": 7.893591944366382, "\u092a\u0930": 7.69831500523855, "\ud83d\ude31\u0927\u0930\u0924\u0940": 7.610357618312838, "\u091c\u094d\u0935\u093e\u0932\u093e\u092e\u0941\u0916\u0940": 7.610357618312838, "\u092e\u0940\u0932": 7.610357618312838, "\u0905\u0928\u091c\u093e\u0928": 7.610357618312838, "\u0922\u0942\u0901\u0922\u093e": 7.610357618312838, "Thule": 7.610357618312838, "\u0906\u0901\u0916\u0947": 7.610357618312838, "\u091d\u093e\u0901\u0915\u0915\u0930": 7.610357618312838, "circulatory": 7.610357618312838, "formed/how": 7.610357618312838, "\u092e\u093f\u0932\u0928": 7.610357618312838, "sperm": 7.610357618312838, "\ud83d\ude31\ud83d\ude31\u0926\u0930\u094d\u0926": 7.610357618312838, "\u091a\u094c\u0902\u0915\u093e\u0928\u0947": 7.610357618312838, "\u0907\u0932\u094d\u092f\u0941\u092e\u093f\u0928\u093e\u091f\u0940": 7.610357618312838, "\u0927\u0942\u092e\u0915\u0947\u0924\u0941": 7.610357618312838, "\u0939\u092c\u0932": 7.610357618312838, "\u0917\u093e\u0925\u093e": 7.610357618312838, "\u0921\u0930\u093e\u0935\u0928\u0940": 7.610357618312838, "D.B": 7.610357618312838, "\u092c\u094d\u0930\u0939\u092e\u093e\u0902\u0921": 7.610357618312838, "\u092e\u0939\u093e\u0926\u093e\u0928\u0935": 7.610357618312838, "SUPERNOVA": 7.610357618312838, "Formed": 7.610357618312838, "\u092b\u094d\u0932\u093e\u0907\u091f": 7.610357618312838, "\u0905\u0928\u0938\u0941\u0932\u091d\u0940": 7.610357618312838, "MH370": 7.610357618312838, "\u0907\u0938\u0930\u094b": 7.610357618312838, "\u0926\u0941\u0928\u094d\u092f": 7.610357618312838, "ISRO": 7.610357618312838, "\u092a\u0941\u0915\u093e\u0930\u0924\u093e": 7.610357618312838, "\u0905\u0928\u094d\u0924\u0930\u093f\u0915\u094d\u0937": 7.610357618312838, "\u0935\u093e\u092f\u0947\u091c\u0930": 7.610357618312838, "sea-world": 7.610357618312838, "\u092e\u0927\u0941\u092e\u0915\u094d\u0916\u093f\u092f\u093e\u0901": 7.610357618312838, "\u091c\u093e\u090f\u0901": 7.610357618312838, "\u0905\u0902\u091f\u093e\u0930\u094d\u0915\u091f\u093f\u0915\u093e": 7.610357618312838, "\u0914\u0930": 7.280131409521431, "\u0938\u0947": 6.998967508279053, "\u092e\u0947\u0902": 6.93444578384261, "\u0905\u0930\u092c\u094b\u0902": 6.9172104377528925, "Ultima": 6.9172104377528925, "\u0905\u0928\u094d\u0926\u0930": 6.9172104377528925, "\u0917\u0930\u094d\u092d": 6.9172104377528925, "twins": 6.9172104377528925, "\u0936\u0941\u0915\u094d\u0930\u093e\u0923\u0941": 6.9172104377528925, "\u0928\u093e\u092e\u0941\u092e\u0915\u093f\u0928": 6.9172104377528925, "\u090f\u0938\u094d\u091f\u0947\u0930\u094b\u0907\u0921": 6.9172104377528925, "\u092c\u093e\u0924\u094b\u0902": 6.9172104377528925, "tale": 6.9172104377528925, "reveal": 6.9172104377528925, "\u0917\u093f\u0930\u0924\u093e": 6.9172104377528925, "\u091c\u093f\u0938\u0915\u0940": 6.9172104377528925, "lunar": 6.9172104377528925, "prize": 6.9172104377528925, "\u091c\u093f\u0928\u094d\u0939\u094b\u0902\u0928\u0947": 6.9172104377528925, "\u092f\u093e\u0928": 6.9172104377528925, "\u091b\u094b\u0930": 6.9172104377528925, "\u092e\u0930": 6.9172104377528925, "\u091c\u093e\u0915\u0930": 6.9172104377528925, "\u0915\u0948\u0938\u093e": 6.511745329644728, "\u0924\u093e\u0915\u0924": 6.511745329644728, "Horizons": 6.511745329644728, "Brains": 6.511745329644728, "formed": 6.511745329644728, "\ud83d\ude35": 6.511745329644728, "Comets": 6.511745329644728, "\u091a\u0940\u091c\u093c\u0947": 6.511745329644728, "\u0905\u0902\u0924": 6.511745329644728, "\u0939\u092e\u093e\u0930\u093e": 6.511745329644728, "\u091a\u093e\u0901\u0926": 6.511745329644728, "\u090f\u0932\u093f\u092f\u0902\u0938": 6.511745329644728, "\u0915\u093e\u0932": 6.511745329644728, "edge": 6.511745329644728, "\u0938\u093e\u0930\u0940": 6.511745329644728, "\u0930\u0939\u0947\u0902": 6.511745329644728, "\u092c\u0928\u0947": 6.224063257192947, "\u092e\u0902\u0917\u0932": 6.224063257192947, "Rover": 6.224063257192947, "Opportunity": 6.224063257192947, "QnA": 6.224063257192947, "Hubble": 6.224063257192947, "Part-1": 6.224063257192947, "dinosaur": 6.224063257192947, "era": 6.224063257192947, "\u0921\u093e\u092f\u0928\u093e\u0938\u094b\u0930": 6.224063257192947, "\u0906\u0916\u0930\u0940": 6.224063257192947, "\u0915\u0948\u0938\u0940": 6.224063257192947, "bees": 6.224063257192947, "died": 6.224063257192947, "..": 6.155516250319163, "\u092a\u0942\u0930\u093e": 6.000919705878737, "Illuminati": 6.000919705878737, "Societies": 6.000919705878737, "\u0905\u0928\u094b\u0916\u0940": 6.000919705878737, "\u092e\u0939\u093e\u0928": 6.000919705878737, "Part-2": 6.000919705878737, "\u0907\u0924\u093f\u0939\u093e\u0938": 6.000919705878737, "\u0926\u093f\u0916\u093e\u0908": 6.000919705878737, "\u092a\u0924\u094d\u0925\u0930": 5.8185981490847825, "\u0915\u0930\u0924\u0940": 5.8185981490847825, "\u0926\u0947\u0916\u093f\u092f\u0947": 5.8185981490847825, "\u0926\u093f\u0932": 5.8185981490847825, "\u0926\u0947\u0916\u094b": 5.8185981490847825, "Asteroids": 5.8185981490847825, "Voyager": 5.8185981490847825, "universe": 5.8185981490847825, "\u0905\u0902\u0921\u0947": 5.664447469257524, "\u0939\u094b\u0936": 5.664447469257524, "Cooper": 5.664447469257524, "\u0938\u092e\u0941\u0926\u094d\u0930": 5.664447469257524, "Biological": 5.530916076633002, "\u092c\u093e\u0930\u0947": 5.530916076633002, "\u0909\u0921\u093c": 5.530916076633002, "land": 5.530916076633002, "\u0926\u0947\u0917\u0940": 5.530916076633002, "Way": 5.455111391452933, "\u091c\u0940\u0935\u0928": 5.413133040976618, "\u0926\u0942\u0930": 5.413133040976618, "\u0915\u0930\u0924\u093e": 5.413133040976618, "\u092e\u093e\u0901": 5.413133040976618, "\u0906\u0916\u093f\u0930": 5.413133040976618, "Missions": 5.307772525318792, "\u0939\u092e": 5.307772525318792, "\u092c\u0928": 5.212462345514467, "Man": 5.133865002787181, "\u0926\u0947\u0916\u0915\u0930": 5.125450968524837, "\u0930\u0939": 5.125450968524837, "\u0907\u0928": 5.125450968524837, "Legendary": 5.125450968524837, "\u0906\u091c": 5.125450968524837, "happen": 5.125450968524837, "\u0938\u091a": 5.045408260851301, "\u0935\u094b": 5.045408260851301, "\u0926\u0947\u0917\u093e": 5.045408260851301, "would": 5.045408260851301, "Pole": 5.045408260851301,