{"\ud83d\udca5": 30.80301436729448, "\u062a\u062d\u062f\u064a": 29.760125833787576, "\u0641\u064a": 24.219015060175188, "\ud83d\ude02": 19.76998320685568, "\u062d\u0635\u0627\u0644\u0629": 15.237484755340827, "\u0627\u0644\u0635\u062d\u064a": 13.851190394220936, "\u0627\u0644\u0645\u0627\u0621": 12.464896033101045, "\u0627\u0644\u062d\u062c\u0631": 12.464896033101045, "\u0648": 12.023473395078565, "\u062d\u0641\u0644\u0629": 11.653965816884716, "\u062a\u062d\u062f\u064a\u0627\u062a": 11.653965816884716, "\u062f\u0648\u0644\u0627\u0631": 11.3456644572302, "\u062a\u062c\u0631\u0628\u0629": 10.632314569352735, "\u062a\u0648\u0643": 9.692307310861263, "\u0645\u0639\u062c\u0628\u064a\u0646": 7.618742377670413, "\u0628\u0623\u0635\u062d\u0627\u0628\u064a": 7.618742377670413, "\u0627\u0633\u062a\u0623\u062c\u0631\u062a": 7.618742377670413, "\u062c\u0631\u0627\u0641\u0629": 7.618742377670413, "\u0627\u0644\u0645\u0634\u0631\u0648\u0628": 7.618742377670413, "\u0627\u0644\u063a\u0627\u0632\u064a": 7.618742377670413, "\u0631\u0627\u0633\u0643\u060c": 7.618742377670413, "\u0628\u0633\u0645\u0639\u061f": 7.618742377670413, "\u062a\u0632\u0648\u062c\u0646\u0627": 7.618742377670413, "\u0632\u0641\u0627\u0641\u0646\u0627": 7.618742377670413, "\u062a\u062f\u0631\u064a\u0628": 7.618742377670413, "\u062a\u0641\u062d\u064a\u0637": 7.618742377670413, "\u0633\u0628\u062d\u0646\u0627": 7.618742377670413, "\u0627\u0644\u0645\u0633\u062a\u0646\u0642\u0639": 7.618742377670413, "\u0627\u0644\u0643\u0648\u0631\u0646": 7.618742377670413, "\u0641\u0644\u064a\u0643\u0633": 7.618742377670413, "\u0635\u0627\u062d\u0628\u064a": 7.618742377670413, "\u0647\u064a\u0644\u064a\u0643\u0648\u0628\u062a\u0631": 7.618742377670413, "\u0645\u0635\u0627\u0626\u062f": 7.618742377670413, "\u0627\u0644\u0641\u0626\u0631\u0627\u0646": 7.618742377670413, "\u0628\u0631\u0643\u0627\u0646": 7.618742377670413, "\u0627\u0644\u0643\u0627\u062a\u0634\u0627\u0628": 7.618742377670413, "\u0633\u062f\u064a\u0645": 7.618742377670413, "\u0627\u0644\u0639\u0644\u0627\u0642\u0629": 7.618742377670413, "\u0627\u0644\u062d\u0627\u0645\u0636": 7.618742377670413, "\u0641\u0639\u0644\ud83d\ude02": 7.618742377670413, "\u0623\u0648\u0644\u0645\u0628\u064a\u0627\u062f": 7.618742377670413, "\u0627\u0644\u0645\u0637\u0627\u0637": 7.618742377670413, "\ud83c\udf49\ud83e\udd47": 7.618742377670413, "\u0627\u0646\u062a\u0647\u062a": 7.618742377670413, "\u0628\u0645\u0635\u064a\u0628\u0629": 7.618742377670413, "\u0627\u0633\u0644\u062d\u062a\u0646\u0627": 7.618742377670413, "\u062a\u062e\u0644\u064a\u0646\u064a": 7.618742377670413, "\u0623\u062d\u0644\u0642\u0644\u0643\u061f": 7.618742377670413, "\u0644\u0635\u0642\u0646\u0627": 7.618742377670413, "\u0627\u0644\u062d\u064a\u0637": 7.618742377670413, "\u0627\u0644\u0641\u0644\u0641\u0644": 7.618742377670413, "\u0623\u0646\u0641\u0647": 7.618742377670413, "\u0641\u0636\u064a\u062d\u062a\u0646\u0627": 7.618742377670413, "\u0627\u0644\u062a\u0644\u0641\u0632\u064a\u0648\u0646": 7.618742377670413, "\u062a\u0641\u0634\u0644\u0646\u0627": 7.618742377670413, "\u0627\u0644\u062c\u0645\u0647\u0648\u0631": 7.618742377670413, "\u0641\u064a\u0631\u0627\u0631\u064a": 7.618742377670413, "\u0627\u0631\u0628\u0627\u062d": 7.618742377670413, "\ud83d\udca5\u0641\u062a\u062d\u062a": 7.618742377670413, "\u0639\u0644\u0649": 7.373833489892175, "\u0645\u0646": 7.048795630896625, "\u062e\u064a\u0637": 6.925595197110468, "\u062e\u0631\u062c\u062a": 6.925595197110468, "\u0627\u0644\u0633\u064a\u0637\u0631\u0629": 6.925595197110468, "\u0636\u0631\u0628\u062a": 6.925595197110468, "\u0644\u0645\u0649": 6.925595197110468, "\ud83d\ude02\ud83d\udca5": 6.925595197110468, "\u0645\u0634\u062a\u0631\u0643\u064a\u0646": 6.925595197110468, "\u062e\u0631\u0628\u062a": 6.925595197110468, "\u0631\u063a\u062f\u0629": 6.925595197110468, "\u0627\u0644\u0628\u0637\u064a\u062e": 6.925595197110468, "\u062a\u0634\u0631\u0628": 6.925595197110468, "\u062a\u0627\u062e\u0630": 6.925595197110468, "\u0648\u0635\u0644\u0646\u0627": 6.925595197110468, "\ud83d\udc94\ud83d\ude31": 6.925595197110468, "\u0641\u062a\u062d\u062a": 6.925595197110468, "\u0641\u0627\u062c\u0623\u062a": 6.520130089002303, "\u0623\u064a": 6.520130089002303, "\u0645\u0642\u0627\u0644\u0628": 6.520130089002303, "\u062d\u0637": 6.520130089002303, "\u062a\u062d\u0635\u0644": 6.520130089002303, "\u0644\u0645\u062f\u0629": 6.520130089002303, "\u0627\u0644\u062b\u0644\u062c": 6.2324480165505225, "\u0627\u064a\u0634": 6.2324480165505225, "\u0628\u0627\u0644\u0633\u064a\u0627\u0631\u0629": 6.2324480165505225, "\u0631\u0636\u0627": 6.2324480165505225, "\u0627\u0645\u0631\u064a\u0643\u0627": 6.2324480165505225, "\u062a\u0632\u0648\u062c": 6.2324480165505225, "\u0647\u0631\u0628\u062a": 6.009304465236313, "\u062c\u0631\u0628\u062a": 6.009304465236313, "\u0645\u0634\u062a\u0631\u0643": 6.009304465236313, "\u0633\u0646\u0648\u0627\u062a": 6.009304465236313, "\u062f\u062e\u0644\u062a": 5.826982908442358, "\u0641\u0648\u0642": 5.826982908442358, "\u0627\u062a\u062d\u062f\u0627\u0643": 5.826982908442358, "\u0642\u062f\u0627\u0645": 5.6728322286151, "\u0627\u0644\u064a\u0648\u062a\u064a\u0648\u0628": 5.6728322286151, "\u0627\u0644\u062d\u0638": 5.539300835990577, "\u0628\u062f\u0648\u0646": 5.539300835990577, "\u062a\u064a\u0643": 5.539300835990577, "\u062d\u0633\u0646": 5.539300835990577, "\u0633\u064a\u0627\u0631\u0629": 5.421517800334194, "\u0627\u0644\u0628\u0646\u0627\u062a": 5.316157284676367, "\u0631\u062f\u0629": 5.316157284676367, "\u0645\u0644\u064a\u0648\u0646": 5.316157284676367, "\u0627\u0644\u062a\u064a\u0643": 5.220847104872043, "\u0645\u062d\u0645\u062f": 5.220847104872043, "\u0627\u0643\u0628\u0631": 5.220847104872043, "\u0643\u0627\u0645\u0644": 4.979685048055154, "\u0644\u0648": 4.785529033614197, "\u0643\u064a\u0641": 4.785529033614197, "\u0627\u0644\u0628\u064a\u062a": 4.674303398503973, "\u0628\u064a\u0646": 4.483248161741264, "\u0639\u0646": 4.440688547322468, "\ud83d\ude0e": 4.440688547322468, "\u0645\u0642\u0644\u0628": 4.399866552802212, "\u064a\u0648\u0645": 4.322905511666084, "\ud83d\udc94": 4.25144654768394, "\u0643\u0644": 4.217544996008258, "\u0628\u0639\u062f": 4.184755173185267, "\u0645\u0639": 3.8345527437521523, "\ud83d\ude0d": 3.8120798879000937, "500": 3.790100981181318, "1000": 3.7067193722422673, "\ud83d\ude31": 2.9647820275128898, "3": 1.2020100951580874, "!": 0.8070047978806314}