{"Vi\u1ec7t": 132.28595038770956, "Nam": 127.19802921895149, "V\u0169ng": 32.129440591698, "l\u1ecbch": 26.58426314721844, "T\u00e0u": 26.58426314721844, "S\u01a1n": 24.34579999547675, "gh\u00e9": 24.0970804437735, "gia": 22.53785950050452, "\u00dat": 22.017638902093665, "qu\u00ea": 20.80124357776917, "r\u1ebb": 20.80124357776917, "c\u00f9ng": 20.56795356011334, "ngo\u1ea1i": 19.93819736041383, "ch\u1ecb": 19.2687667064712, "Ch\u1ee3": 19.2687667064712, "gi\u00e1": 18.25934999660756, "\u0111\u00ecnh": 17.858755818733993, "H\u00e0": 17.858755818733993, "Du": 17.189325164791363, "H\u00e1i": 16.064720295849, "m\u1ee3": 16.064720295849, "Ph\u1ea7n": 15.597440411604854, "b\u1ecb": 15.425965170085007, "l\u00e0m": 14.823953083698555, "D\u00ec": 14.67842593472911, "mi\u1ec1n": 14.67842593472911, "m\u00e1": 14.67842593472911, "t\u1ebft": 14.67842593472911, "cho": 14.562918952729664, "-": 13.979053996676704, "s\u1ea3n": 13.867495718512782, "C\u1eadu": 13.29213157360922, "b\u1eefa": 13.29213157360922, "chu\u1ea9n": 13.29213157360922, "d\u00e2u": 13.29213157360922, "c\u01a1m": 12.48120135739289, "Ki\u1ec1u": 12.48120135739289, "gi\u1eefa": 12.48120135739289, "ngon": 11.90583721248933, "n\u0103m": 11.670271141176562, "Ch\u1ecb": 11.094906996273, "v\u1ec1": 10.17584233751612, "\u0103n": 10.073255748741019, "rao": 8.0323601479245, "M\u00edt": 8.0323601479245, "tr\u1ed3ng": 8.0323601479245, "v\u00f2": 8.0323601479245, "s\u00e2m": 8.0323601479245, "ni\u00eau": 8.0323601479245, "ti\u1ebfn": 8.0323601479245, "kh\u00e2u": 8.0323601479245, "PaPa": 8.0323601479245, "C\u00f9": 8.0323601479245, "t\u00e2n": 8.0323601479245, "r\u01b0\u1edbc": 8.0323601479245, "l\u00e9n": 8.0323601479245, "\u0111\u00f3i": 8.0323601479245, "thi\u1ec7t": 8.0323601479245, "s\u1ea9y": 8.0323601479245, "c\u1eadu": 8.0323601479245, "l\u1ea1p": 8.0323601479245, "x\u01b0\u1edfng": 8.0323601479245, "\u0111oan": 8.0323601479245, "ng\u1ecd": 8.0323601479245, "M\u00f9ng": 8.0323601479245, "d\u00ec": 7.339212967364555, "R\u1ee7": 7.339212967364555, "h\u1ea3i": 7.339212967364555, "L\u01b0\u1edbi": 7.339212967364555, "x\u1ee9": 7.339212967364555, "Lao": 7.339212967364555, "b\u00e8o": 7.339212967364555, "\u0111\u00e3i": 7.339212967364555, "\u0111\u1eb7c": 7.339212967364555, "\u0111\u00f4ng": 7.339212967364555, "tr\u00f4i": 7.339212967364555, "gi\u00e0n": 7.339212967364555, "m\u01b0\u1edbp": 7.339212967364555, "ch\u1ecdc": 7.339212967364555, "C\u1ed9ng": 7.339212967364555, "t\u1ea5m": 7.339212967364555, "N\u01b0\u01a1ng": 6.933747859256391, "\u0111\u1eadu": 6.933747859256391, "\u0111\u00e2y": 6.933747859256391, "l\u00e1": 6.933747859256391, "th\u1eb3ng": 6.933747859256391, "ng\u01b0\u1ee3c": 6.933747859256391, "r\u01a1i": 6.933747859256391, "Chi\u1ec1u": 6.933747859256391, "kh\u00e1n": 6.933747859256391, "n\u00f3i": 6.933747859256391, "th\u00edch": 6.933747859256391, "h\u01a1i": 6.933747859256391, "l\u00fac": 6.933747859256391, "\u00fat": 6.933747859256391, "livestream": 6.933747859256391, "t\u00e1c": 6.933747859256391, "n\u01a1i": 6.933747859256391, "chua": 6.64606578680461, "b\u1eafp": 6.64606578680461, "chi": 6.64606578680461, "X\u00f3m": 6.64606578680461, "M\u1eebng": 6.64606578680461, "ngay": 6.64606578680461, "S\u00e0i": 6.64606578680461, "G\u00f2n": 6.64606578680461, "\u00e2m": 6.64606578680461, "7": 6.557764118600328, "Rau": 6.4229222354904, "b\u00e1n": 6.4229222354904, "nh\u1eadt": 6.4229222354904, "N\u1ed9i": 6.4229222354904, "b\u1ecf": 6.4229222354904, "gi\u1ea3": 6.4229222354904, "t\u00e2y": 6.4229222354904, "nghe": 6.4229222354904, "mang": 6.4229222354904, "kh\u00e1ch": 6.4229222354904, "x\u00f3m": 6.4229222354904, "gi\u00fap": 6.4229222354904, "v\u00e0ng": 6.4229222354904, "shorts": 6.2923978569147385, "L\u1ea1c": 6.240600678696445, "mu\u1ed1n": 6.240600678696445, "th\u0103m": 6.240600678696445, "ch\u1ed3ng": 6.240600678696445, "h\u00e1t": 6.240600678696445, "th\u00e1ng": 6.240600678696445, "To\u00e0n": 6.086449998869187, "ch\u1ee3": 6.086449998869187, "rau": 6.086449998869187, "vi\u00ean": 6.086449998869187, "\u0111\u01b0\u1eddng": 5.952918606244665, "c\u1ea3nh": 5.952918606244665, "Xem": 5.952918606244665, "C\u01a1m": 5.952918606244665, "b\u00e9": 5.952918606244665, "M\u00f3n": 5.952918606244665, "C\u00e1c": 5.952918606244665, "\u0111\u1eddi": 5.835135570588281, "b\u00e0": 5.835135570588281, "xe": 5.835135570588281, "\u0111\u1ed3": 5.835135570588281, "h\u1ebft": 5.835135570588281, "B\u00e1nh": 5.835135570588281, "l\u00f2ng": 5.835135570588281, "sinh": 5.729775054930455, "bye": 5.729775054930455, "h\u01a1n": 5.729775054930455, "Gi\u00fap": 5.729775054930455, "B\u00e0": 5.63446487512613, "C\u00f9ng": 5.63446487512613, "b\u00e1nh": 5.5474534981365, "sao": 5.5474534981365, "\u0111\u1ebfn": 5.5474534981365, "nh\u1eefng": 5.5474534981365, "L\u00ean": 5.467410790462964, "ra": 5.467410790462964, "\u0111\u1eb9p": 5.467410790462964, "c\u00e1c": 5.393302818309242, "n\u01b0\u1edbc": 5.393302818309242, "h\u00e0ng": 5.32430994682229, "15": 5.2325194914401605, "2022": 5.222373025098541, "Livestream": 4.987837710201077, "c\u00f3": 4.987837710201077, "L\u00e0m": 4.896865931995351, "v\u1edbi": 4.854306317576555, "\u0110i": 4.665064317938026, "v\u00e0": 4.631162766262345, "Em": 4.505999623308339, "3": 3.875522364954832, "Ca": 3.4073873346402292, "con": 3.2961616995300047, "5": 3.126219662257456, "Night": 3.0765330903232395, "#": 3.0526373899468666, "\u201c": 2.9571863326906733, "\u201d": 2.938609947117738, "13": 2.8733048487099713, "9": 2.55589659599299, ":": 2.172692313650546, "by": 2.1462561164743446, "``": 1.7482259868536985, "''": 1.7224418696979837, "1": 1.2366543727509862, "2": 0.9900739759847571, ",": 0.5951537810532077}