{"\u0432": 61.928993801586294, "\u041c\u0410\u0419\u041d\u041a\u0420\u0410\u0424\u0422": 60.538683823758895, ".": 26.625712460876976, "\u041c\u041e\u041d\u0421\u0422\u0420\u041e\u041c": 24.40779831601467, "SLASHER": 24.40779831601467, "\u041b\u0410\u0411\u041e\u0420\u0410\u0422\u041e\u0420\u0418\u0418": 24.40779831601467, "LABORATORY": 22.328356774334836, "\u042f": 21.220562369471317, "\u0421\u0415\u0420\u0418\u0410\u041b": 20.248915232655, "BACKROOMS": 16.662563433811076, "HUNTERS": 16.490626327168897, "\u0417\u0430\u043a\u0443\u043b\u0438\u0441\u044c\u0435": 16.27186554400978, "\u041c\u0410\u0419\u041d\u041a\u0420\u0410\u0424\u0422\u0418\u041c": 16.27186554400978, "\u0414\u041e\u041b\u0416\u0415\u041d": 16.27186554400978, "\u0417\u041d\u0410\u0422\u042c": 16.27186554400978, "\u0438\u0437": 15.574481378515351, "NZ": 14.88557118288989, "\u0417\u0410\u041a\u0423\u041b\u0418\u0421\u042c\u042f": 14.88557118288989, "BEAST": 14.204206171028204, "\u041d\u0415": 13.417113377625732, "\u041d\u0418\u041a\u0422\u041e": 13.05298971914158, "\u0421": 12.987810846703713, "BLIZZARD": 12.112982460650109, "OPERATION": 10.993750884779264, "\u041c\u041e\u041d\u0421\u0422\u0420": 10.993750884779264, "\u0418\u0417": 9.403891135039489, "\u041d\u0410": 8.488224947788527, "\u043e\u043a\u0430\u0437\u0430\u043b\u0441\u044f": 8.13593277200489, "\u043f\u0440\u043e\u0432\u0430\u043b\u0438\u043b\u0441\u044f": 8.13593277200489, "\u0421\u043c\u043e\u0433": 8.13593277200489, "\u041f\u041e\u041a\u0418\u041d\u0423\u0422\u042c": 8.13593277200489, "\u043f\u043e\u0433\u043e\u0432\u043e\u0440\u0438\u0442\u044c": 8.13593277200489, "\u0432\u044b\u0431\u0440\u0430\u0442\u044c\u0441\u044f": 8.13593277200489, "\u0417\u0410\u041f\u0415\u0420\u0422": 8.13593277200489, "\u041c\u0430\u0439\u043d\u043a\u0440\u0430\u0444\u0442_\u043b\u0430\u0439\u0432.exe": 8.13593277200489, "\u0417\u0412\u0415\u0420\u0415\u041c": 8.13593277200489, "\u041c\u0410\u0419\u041d\u041a\u0420\u0410\u0424\u0422\u0418\u041d\u0413": 8.13593277200489, "\u041f\u0420\u041e\u0411\u0420\u0410\u041b\u0421\u042f": 8.13593277200489, "MONSTRUM": 8.13593277200489, "\u041c\u0410\u0419\u041d\u041a\u0420\u0410\u0424\u0422\u041e\u0412\u0421\u041a\u0418\u0415": 8.13593277200489, "\u0421\u0415\u041a\u0420\u0415\u0422\u0418\u041a\u0418": 8.13593277200489, "\u0436\u0435": 8.13593277200489, "\u0425\u042d\u041b\u041b\u041e\u0423\u0418\u041d\u0421\u041a\u0418\u0419": 8.13593277200489, "\u0421\u041b\u0415\u0414\u0410\u041c": 8.13593277200489, "\u0427\u0423\u0414\u041e\u0412\u0418\u0429\u0410": 8.13593277200489, "\u041c\u041e\u041d\u0421\u0422\u0420\u042f\u0427\u0418\u0419": 8.13593277200489, "\u0422\u0412\u0410\u0420\u042c\u042e": 8.13593277200489, "\u041b\u0430\u0433\u0435\u0440\u044f": 8.13593277200489, "\u041a\u0440\u0430\u0441\u043d\u043e\u0433\u043e": 8.13593277200489, "\u043b\u0435\u0441\u0430": 8.13593277200489, "\u0437\u0430\u0431\u044b\u0442\u043e\u0435": 8.13593277200489, "\u0421\u0442\u0430\u0440\u043e\u0435": 8.13593277200489, "\u041a\u041e\u0428\u041c\u0410\u0420": 8.13593277200489, "\u0412\u042b\u0421\u041b\u0415\u0414\u0418\u0422\u042c": 8.13593277200489, "\u0427\u0423\u0414\u041e\u0412\u0418\u0429\u0415": 8.13593277200489, "\u041e\u043f\u0440\u0435\u0434\u0435\u043b\u0451\u043d\u043d\u043e": 8.13593277200489, "\u0421\u041c\u0415\u0420\u0422\u0415\u041b\u042c\u041d\u0410\u042f": 8.13593277200489, "\u0421\u0425\u0412\u0410\u0422\u041a\u0410": 8.13593277200489, "CROSSBATTLE": 8.13593277200489, "Nazzy": 7.442785591444945, "activity": 7.442785591444945, "\u043d\u0435\u043c\u043d\u043e\u0433\u043e": 7.442785591444945, "\u041d\u0443\u0436\u043d\u043e": 7.442785591444945, "\u041d\u0423\u0416\u041d\u041e": 7.442785591444945, "\u0421\u0415\u041a\u0420\u0415\u0422\u041d\u0423\u042e": 7.442785591444945, "\u0411\u0410\u0417\u0423": 7.442785591444945, "\u041c\u0418\u0421\u0421\u0418\u042f": 7.442785591444945, "\u0411\u0410\u0417\u0415": 7.442785591444945, "\u041f\u0420\u0418\u0417\u0420\u0410\u041a": 7.442785591444945, "\u0425\u043e\u0440\u043e\u0448\u043e": 7.442785591444945, "\u0417\u0414\u0415\u0421\u042c": 7.037320483336781, "\u041c\u043d\u0435": 7.037320483336781, "\u0412\u0421\u0422\u0420\u0415\u0427\u0410": 7.037320483336781, "\u041a\u041e\u0420\u0410\u0411\u041b\u042c": 7.037320483336781, "\u041c\u043e\u043d\u0441\u0442\u0440": 7.037320483336781, "\u0412\u0441\u0451": 7.037320483336781, "\u043d\u043e\u0432\u043e\u0435": 7.037320483336781, "\u0421\u0435\u0440\u0438\u044f": 6.749638410885, "\u0421\u0415\u041a\u0420\u0415\u0422\u041d\u0410\u042f": 6.52649485957079, "\u0421\u0411\u0415\u0416\u0410\u041b": 6.344173302776835, "\u0421\u041e": 6.344173302776835, "\u0421\u0415\u0420\u0418\u042f": 6.344173302776835, "\u041f\u041e\u0414": 6.190022622949577, "PHASMOPHOBIA": 6.190022622949577, "\u0418\u041b\u0418": 6.190022622949577, "\u0417\u0410\u041a\u0423\u041b\u0418\u0421\u042c\u0415": 6.056491230325054, "\u0438\u043b\u0438": 6.056491230325054, "\u0421\u0422\u0420\u0418\u041c": 6.056491230325054, "\u044f": 5.9387081946686715, "\u041e\u0414\u0418\u041d": 5.833347679010845, "\u041a\u041e\u041d\u0415\u0426": 5.73803749920652, "\u044d\u0442\u043e": 5.73803749920652, "\u041c\u0430\u0439\u043d\u043a\u0440\u0430\u0444\u0442": 5.65102612221689, "\u041f\u041e\u0411\u0415\u0413": 5.65102612221689, "\u26a0\ufe0f": 5.570983414543353, "\u0421\u0422\u0410\u041b": 5.42788257090268, "``": 5.397321122575349, "''": 5.329076709997539, "MINECRAFT": 5.269349122920326, "\u041a\u0430\u043a": 5.19149379283845, "\u041f\u041e": 5.044890318646575, "HALLOWEEN": 4.552413833548781, "\u0418": 4.146948725440616, "Backrooms": 4.09288150417034, "\u0412": 3.9927980456133576, "?": 3.059100083595059, "...": 2.90437076306534, "THE": 2.410876012106528, "2021": 2.345972601107637, "-": 2.301933847335211, "[": 1.848074211843106, "]": 1.848074211843106, "The": 0.9403586802863836, "3": 0.7644434767906133, ":": 0.7426696772410525, "2": 0.4948485228299763, ")": 0.4018114686765854, "!": 0.2688272716881513}