{"2078": 90.03273756243608, "Gajurel": 76.18742377670414, "||": 74.1454369836632, "Manoj": 65.20130089002303, "Comedy": 39.943729801037286, "\u0915\u092e\u0947\u0921\u0940": 22.856227133011238, "Karki": 22.856227133011238, "Suman": 20.776785591331404, "\u092e": 15.237484755340827, "\u091b\u094b\u0908\u0919": 15.237484755340827, "Dahal": 15.237484755340827, "OPEN": 10.441694209744085, "MIND": 9.571058067228394, "Stand": 7.715084523953702, "Himal": 7.618742377670413, "\u0925\u0941\u0924\u0941\u0928\u094b": 7.618742377670413, "\u092d\u090f\u0928": 7.618742377670413, "\u0917\u091c\u0941\u0930\u0947\u0932": 7.618742377670413, "\u0916\u0941\u0932\u0947\u0930": 7.618742377670413, "\u0939\u093e\u0938\u094d\u0928\u0941\u0938": 7.618742377670413, "\u0928\u093f\u0930\u094d\u0935\u093e\u091a\u0928": 7.618742377670413, "\u091c\u094b\u0917\u0940": 7.618742377670413, "||\u0909\u092e\u094d\u092e\u0947\u0926\u0935\u093e\u0930\u0940": 7.618742377670413, "\u0906\u091a\u093e\u0930": 7.618742377670413, "\u0938\u0902\u0939\u093f\u0924\u093e": 7.618742377670413, "\u0921\u093e": 7.618742377670413, "\u091f\u0947\u0921\u094d\u0930\u094b\u0938\u0938\u0901\u0917": 7.618742377670413, "\u092e\u0947\u0921\u094d\u0930\u094b\u0938": 7.618742377670413, "\u0936\u094d\u0930\u0940\u0932\u0902\u0915\u0928": 7.618742377670413, "\u091c\u0930\u094d\u0938\u0940\u092e\u093e": 7.618742377670413, "Mannu": 7.618742377670413, "swami": 7.618742377670413, "Gajudharan": 7.618742377670413, "\u0930\u093e\u0916\u094d\u0928\u0947": 7.618742377670413, "\u0917\u094b\u091c\u0940": 7.618742377670413, "\u092e\u0928": 7.618742377670413, "\u0915\u0939\u093e\u0901": 7.618742377670413, "Katharsis": 7.618742377670413, "\u0926\u0947\u0936\u0915\u094b": 7.618742377670413, "\u092b\u0941\u0915\u093e\u0932\u0947\u0930": 7.618742377670413, "\u0924\u094d\u092f\u0938\u0915\u094b": 7.618742377670413, "\u0932\u0917\u093e\u0909\u0928\u0941": 7.618742377670413, "\u092a\u0930\u094d\u0926\u093e": 7.618742377670413, "ManojRanjan": 7.618742377670413, "\u0927\u0928": 7.618742377670413, "\u092e\u0928\u092d\u0928\u094d\u0926\u093e": 7.618742377670413, "\u0920\u0942\u0932\u094b": 7.618742377670413, "Comedivation": 7.618742377670413, "Manavsewa": 7.618742377670413, "Ashram": 7.618742377670413, "||Chitawan": 7.618742377670413, "\u091c\u094d\u092f\u0941\u0901\u0926\u093e\u0947\u0932\u093e\u0908": 7.618742377670413, "\u0936\u094d\u0930\u0926\u094d\u0927\u093e\u091e\u094d\u091c\u0932\u0940": 7.618742377670413, "\u096d\u0967": 7.618742377670413, "\u0938\u093e\u0932\u0915\u094b": 7.618742377670413, "\u092a\u094d\u092f\u093e\u0930\u094b\u0921\u0940": 7.618742377670413, "\u096d\u096e": 7.618742377670413, "\u0938\u093e\u0932\u092e\u093e": 7.618742377670413, "||Parody": 7.618742377670413, "\u0938\u093f\u0938\u094d\u0928\u0941\u092a\u093e\u0928\u0940": 7.618742377670413, "\u0906\u0928\u0940": 7.618742377670413, "\u0921\u094b\u0932\u094d\u092e\u093e\u0915\u094b": 7.618742377670413, "\u0938\u092e\u094d\u092e\u093e\u0928\u092e\u093e": 7.618742377670413, "\u0917\u091c\u0941\u0932\u093e\u092e\u093e": 7.618742377670413, "\u092e\u0928\u094d\u0924\u094d\u0930\u094b\u091a\u094d\u091a\u093e\u0930\u0923\ud83c\udf37": 7.618742377670413, "testing\ud83c\udfa4": 7.618742377670413, "\u0926\u0940\u092a\u0915\u0930\u093e\u091c": 7.618742377670413, "\u0917\u093f\u0930\u0940": 7.618742377670413, "\u0926\u0940\u092a\u093e\u0936\u094d\u0930\u0940": 7.618742377670413, "\u0906\u0928\u093f": 7.618742377670413, "\u0938\u092d\u093e\u092e\u093e": 7.618742377670413, "\u0938\u0941\u0932\u0938\u0941\u0932\u0947": 7.618742377670413, "Manav": 7.618742377670413, "Sewa": 7.618742377670413, "Asram": 7.618742377670413, "Borish": 7.618742377670413, "Deuba": 7.618742377670413, "||Sajan": 7.618742377670413, "Shrestha": 7.618742377670413, "Rashtriya": 7.618742377670413, "Sabha": 7.618742377670413, "\u0915\u094b\u092e\u0932": 7.618742377670413, "\u0915\u0935\u093f\u0924\u093e": 7.618742377670413, "\u092c\u093e\u0901\u0926\u0930\u0915\u094b": 7.618742377670413, "\u0939\u0941\u0901\u0926\u0948\u0928": 7.618742377670413, "Mantri": 7.618742377670413, "Caricature": 7.618742377670413, "\u0932\u093e\u0916\u094c\u0902\u092e\u093e": 7.618742377670413, "\u092c\u093f\u0915\u094d\u0928\u0947": 7.618742377670413, "\u0938\u0902\u0938\u0926\u0915\u093e\u0947": 7.618742377670413, "\u092d\u0947\u0921\u093e\u0947": 7.618742377670413, "\u091c\u0928\u094d\u0924\u0941": 7.618742377670413, "\u092d\u090f\u0901": 7.618742377670413, "\u0905\u0939\u093f\u0932\u0947": 7.618742377670413, "\u091a\u0922\u094d\u091b\u0941": 7.618742377670413, "\u092a\u091c\u0947\u0930\u094b": 7.618742377670413, "||Dhirendra": 7.618742377670413, "Premarsi": 7.618742377670413, "Subodh": 7.618742377670413, "\u0935\u093e\u091a\u0928": 7.618742377670413, "\u092e\u093e\u0908\u0915\u0947\u0932\u093e\u0932": 7.618742377670413, "\u092e\u0928\u094d\u0924\u094d\u0930\u0940": 7.618742377670413, "KP": 7.618742377670413, "Oli": 7.618742377670413, "Coedy": 7.618742377670413, "\u092d\u094d\u0932\u093e\u0926\u0940\u092e\u093f\u0930": 7.618742377670413, "\u092a\u0941\u091f\u093f\u0928": 7.618742377670413, "Dhamala": 7.618742377670413, "\u0930\u093e\u0927\u093f\u0915\u093e\u0915\u094b": 7.618742377670413, "\u0932\u0915\u0921\u093e\u0909\u0928": 7.618742377670413, "Kandel": 7.618742377670413, "Chatyang": 7.618742377670413, "\u091a\u091f\u094d\u092f\u093e\u0919": 7.618742377670413, "Riyasa": 7.618742377670413, "Bhatbhate": 7.618742377670413, "Maila": 7.618742377670413, "\u0939\u093f\u0930\u094b\u0908\u0928": 7.618742377670413, "\u092c\u0928\u094d\u0928\u0947": 7.618742377670413, "\u0939\u093e\u0928\u0928\u0940\u092f\u0915\u094b": 7.618742377670413, "\u0905\u0928\u094d\u0924\u0930\u094d\u0935\u093e\u0930\u094d\u0924\u093e": 7.618742377670413, "\u0905\u092e\u0947\u0930\u093f\u0915\u093e\u0915\u094b": 7.618742377670413, "NRN": 7.618742377670413, "Prabhat": 7.618742377670413, "Lama": 7.618742377670413, "\u092a\u0941\u0928\u094d\u092f": 7.618742377670413, "\u0917\u093e\u0948\u0924\u092e": 7.618742377670413, "\u092a\u094d\u0930\u0927\u093e\u0928\u092e\u0928\u094d\u0924\u094d\u0930\u0940": 7.618742377670413, "Subash": 7.618742377670413, "Nembang": 7.618742377670413, "Khadgi": 7.618742377670413, "Moments": 6.983215985250643, "Madan": 6.925595197110468, "Mela": 6.925595197110468, "\u0906\u092f\u094b": 6.925595197110468, "\u0930": 6.925595197110468, "\u0928\u0947\u092a\u093e\u0932": 6.925595197110468, "\u092a\u094d\u0930\u0926\u0947\u0936": 6.925595197110468, "Khatiwada": 6.925595197110468, "Gautam": 6.925595197110468, "Poem": 6.925595197110468, "\u092e\u093e\u0938\u094d\u091f\u0930": 6.925595197110468, "\u0938\u092a\u0928\u093e": 6.925595197110468, "\u0928\u0947\u092a\u093e\u0932\u0940": 6.925595197110468, "Krishna": 6.520130089002303, "Inauguration": 6.520130089002303, "\u092e\u0928\u094b\u091c": 6.520130089002303, "\u091f\u094b\u092a\u0940": 6.520130089002303, "Kalpana": 6.520130089002303, "Oxygen": 6.520130089002303, "Rajendra": 6.520130089002303, "PROMO": 6.2324480165505225, "Motivational": 6.2324480165505225, "Best": 6.174182239964657, "Nepali": 6.009304465236313, "\u092a\u0948\u0938\u093e": 6.009304465236313, "Radhika": 6.009304465236313, "hello": 5.826982908442358, "Arjun": 5.826982908442358, "\ud83d\ude0a": 5.6728322286151, "\u0964": 5.6728322286151, "\u0918\u0930": 5.539300835990577, "up": 5.502415854429662, "Theater": 5.220847104872043, "\ud83d\ude4f": 5.133835727882413, "SOON": 5.053793020208877, "PSA": 5.053793020208877, "Putin": 4.674303398503973, "COMING": 4.623010104116422, "Johnson": 4.483248161741264, "Promo": 4.440688547322468, "Hello": 4.286537867495209, "//": 4.217544996008258, "NEWS": 4.092381853054252, "Sports": 4.035223439214303, "Master": 3.929862923556477, "FAKE": 3.8345527437521523, "Media": 3.6869167449460876, "Stories": 3.6869167449460876, "Reaction": 3.558299367123994, "2017": 3.444355107774776, "Parody": 3.2749369558167296, "King": 3.1301060079382736, "Funny": 2.7435450544692617, "Shorts": 2.6629153200691524,