{"Bro": 67.81231346660267, "Golden": 58.31897201833877, "Bros": 56.35082470964211, "returned": 55.710203606546195, "Welcome": 43.92077850174693, "[": 38.809558448705225, "]": 38.809558448705225, "Astromancer": 32.54373108801956, "Ultimate": 27.56035418464431, "has": 26.843770597564003, "Kuya": 24.40779831601467, "MBX": 24.40779831601467, "Revolution": 21.210877711794698, "Soul": 18.807782270078977, "Blade": 17.317081128938284, "Newey": 16.27186554400978, "Introducing": 14.305910826055248, "Skill": 13.741754131546429, "Town": 11.749275200486352, "shorts": 10.062127625150962, "Class": 8.369378106846925, "Off-line": 8.13593277200489, "\u2728MERGE\u2728": 8.13593277200489, "register": 8.13593277200489, "token": 8.13593277200489, "MetaMask": 8.13593277200489, "\ud83c\udf59Rice": 8.13593277200489, "Kuya\ud83c\udf59": 8.13593277200489, "\ud83c\udfdd\ufe0fMerge": 8.13593277200489, "Island\ud83c\udfdd\ufe0f": 8.13593277200489, "MARBLEX": 8.13593277200489, "\u0e04\u0e33\u0e02\u0e2d\u0e1a\u0e04\u0e38\u0e13\u0e08\u0e32\u0e01": 8.13593277200489, "\u0e43\u0e19\u0e42\u0e2d\u0e01\u0e32\u0e2a\u0e04\u0e23\u0e1a\u0e23\u0e2d\u0e1a": 8.13593277200489, "\u300c\u528d\u9748\uff1a\u9769\u547d\u300d\u5168\u65b0\u8077\u696d\u300c\u5929\u9053\u58eb\u300d": 8.13593277200489, "\u7e3d\u76e3PD": 8.13593277200489, "2\u9031\u5e74\u611f\u8b1d\u554f\u5019": 8.13593277200489, "\u7dcf\u62ecPD\u3088\u308a2\u5468\u5e74\u5fa1\u793c\u306e\u3054\u6328\u62f6": 8.13593277200489, "Braine": 8.13593277200489, "'Braine": 8.13593277200489, "'Crown": 8.13593277200489, "proudly": 8.13593277200489, "real-time": 8.13593277200489, "Crpytobattle": 8.13593277200489, "'Gregory": 8.13593277200489, "Onion": 7.442785591444945, "Speach": 7.442785591444945, "tokens": 7.442785591444945, "Margaret": 7.442785591444945, "ECOSYSTEM": 7.442785591444945, "PD": 7.442785591444945, "Chained": 7.442785591444945, "Netmarble": 7.442785591444945, "presents": 7.442785591444945, "Hunter": 7.250146530976081, "MERGE": 7.037320483336781, "\ud83d\udca1": 7.037320483336781, "\u0e1b\u0e35": 7.037320483336781, "Jennifer": 7.037320483336781, "'": 6.868481990841499, "GROW": 6.52649485957079, "Sugar": 6.52649485957079, "global": 6.52649485957079, "send": 6.344173302776835, "Korea": 6.190022622949577, "AAA": 6.190022622949577, "studio": 6.190022622949577, "ball": 5.833347679010845, "Kung": 5.833347679010845, "Opens": 5.65102612221689, "WEB": 5.570983414543353, "Gregory": 5.496875442389632, "New": 5.32971005758621, "Shooting": 5.3027194279486745, "K": 5.3027194279486745, "3.0": 5.000438556075741, "Crown": 4.8400959060005615, "!": 4.838890890386724, "from": 4.75406199625522, "Thank": 4.734735390342735, "help": 4.701945567519744, "Lady": 4.670196869205164, "Thunder": 4.670196869205164, "Developer": 4.63942521053841, "Access": 4.525014859360666, "Please": 4.498346612278505, "2nd": 4.498346612278505, "&": 4.324621168619492, "Anniversary": 3.9615455021092534, "#": 3.756984804682162, "Early": 3.670024653350307, "Teaser": 3.561221793501508, "is": 3.4315090337670076, "in": 3.314318419863465, "Master": 3.291745685546299, "Party": 3.268398321549308, "Official": 3.017938959588135, "your": 2.7109827545234877, "to": 2.6794045476334043, "s": 2.622504025839908, "Star": 2.590755327525328, "Trailer": 2.3099326646244402, "\u2019": 2.1905121633983153, "You": 1.6050551442790053, "How": 1.441370713483795, "the": 1.421149769955478, "-": 1.3811603084011266, "on": 1.3526075714009305, "and": 1.0350808630608404, "3": 0.7644434767906133, ",": 0.7058186334430898, "2": 0.4948485228299763, "(": 0.4018114686765854, ")": 0.4018114686765854}