{"Age": 52.76841820758239, "Baleno": 49.11923223460891, "LFW": 45.92950228708992, "XL6": 43.66153976409681, "NEXA": 41.770619203730256, "Bold": 35.17894547172159, "All-New": 32.79655189087126, "Goes": 23.22436448358036, "Indulge": 22.96475114354496, "Indulgence": 22.96475114354496, "|": 18.121839695351625, "outfit": 15.30983409569664, "Intelligence": 15.30983409569664, "Breathe": 12.53724537345686, "favourite": 12.53724537345686, "S-Cross": 11.726315157240531, "Refined": 11.726315157240531, "New": 10.546287267520096, "Moment": 10.34002079612064, "X": 10.19588629579096, "The": 8.810946523195646, "Living": 8.718160363687984, "s": 8.71381398366724, "View": 8.199137972717814, "daring": 7.65491704784832, "worn": 7.65491704784832, "Rounding": 7.65491704784832, "Lakme": 7.65491704784832, "Ventilated": 7.65491704784832, "Indugence": 7.65491704784832, "CONVENIENCE": 7.65491704784832, "CONNECT": 7.65491704784832, "groove": 7.65491704784832, "SmartPlay": 7.65491704784832, "Distraction": 7.65491704784832, "\u2019": 7.459827507804269, "Style": 7.407346658533786, "Safety": 7.2951677252317, "360": 7.223731560027541, "What": 7.222369071605846, "Time": 7.145752467853722, "Statement": 6.961769867288376, "DISTANCE": 6.961769867288376, "AGE": 6.961769867288376, "BALENO": 6.961769867288376, "Pro+": 6.961769867288376, "Dapper": 6.961769867288376, "Camera": 6.961059555905367, "truly": 6.556304759180211, "Paddle": 6.556304759180211, "Shifters": 6.556304759180211, "x": 6.332561356232362, "Fashion": 6.0454791354142206, "is": 5.866611699062924, "SKY": 5.709006898793008, "Live": 5.621459922779459, "feel": 5.575475506168485, "yourself": 5.575475506168485, "SEA": 5.575475506168485, "Nothing": 5.352331954854275, "Stay": 5.25702177504995, "Icon": 5.17001039806032, "LONG": 4.9468668467461105, "Move": 4.821703703792105, "your": 4.805287239603381, "Comfort": 4.65918477429433, "you": 4.531690636063639, "SUZUKI": 4.5194228319191705, "Seats": 4.476863217500375, "Journey": 4.3968205098268385, "Connect": 4.359080181843992, "Tuned": 4.2876212178618465, "With": 4.211681925906201, "Display": 4.15840948638184, "speed": 4.07139810939221, "ve": 4.043999135204096, "makes": 3.9913554017186743, "Hidden": 3.9660375937343844, "-": 3.9525691294721734, "Epic": 3.8707274139300596, "most": 3.8262756513592255, "Free": 3.7428940424201746, "Head": 3.6118657800137703, "Week": 3.5773796039426013, "to": 3.495437687648564, "Who": 3.4502244284573544, "Event": 3.4502244284573544, "ever": 3.4064218057989617, "look": 3.392237170807005, "Launch": 3.298208221158729, "with": 3.1733140378850075, "?": 3.133578078951582, "best": 3.13312847079928, "WITH": 3.13312847079928, "AT": 3.0497468618602293, "An": 2.92752922913598, "Suzuki": 2.8186351408968426, "TO": 2.484433052810169, "up": 2.381917489284574, "Up": 2.2299670303669177, "Your": 2.1254879603368972, "THE": 2.0417889414602506, "the": 2.041314410469826, "Drive": 2.013009976910207, "Is": 1.961184909045621, "NEW": 1.9280693002611236, "6": 1.892865665068144, ".": 1.7454499836830584, "I": 1.4088102823667579, "of": 0.85697663487339}