{"\u0110I": 85.88708291819049, "Vlog": 75.43835412605748, "\u0102N": 53.67443472206639, "NG\u00c0Y": 46.847499773558454, "C\u1ee6A": 39.03958314463204, "L\u00c0M": 39.03958314463204, "\u0110\u00caM": 31.231666515705633, "KHUYA": 31.231666515705633, "G\u00cc": 31.231666515705633, "NH\u00c0": 28.459077793465852, "CH\u1eca": 28.459077793465852, "M\u00ccNH": 28.459077793465852, "GIA": 28.459077793465852, ":": 28.104760029475884, "#": 27.64154959187694, "DESTYN": 23.423749886779227, "M\u1ed8T": 23.423749886779227, "KH\u00d4NG": 23.423749886779227, "VUI": 23.423749886779227, "C\u00d3": 23.423749886779227, ".": 21.390352598055394, "V\u00c0": 19.26486680341955, "\ud83d\ude22": 16.515994607797087, "TI\u1ec6C": 15.615833257852817, "T\u1ea0I": 15.615833257852817, "TR\u01af\u1edcNG": 15.615833257852817, "B\u00c9": 15.615833257852817, "C\u1ea2": 15.615833257852817, "B\u1ee4I": 15.615833257852817, "L\u1edaN": 15.615833257852817, "K\u1ebeT": 15.615833257852817, "TU\u1ea6N": 15.615833257852817, "QU\u00c1": 15.615833257852817, "KH\u00c1M": 15.615833257852817, "THI\u00caN": 15.615833257852817, "S\u00c1NG": 15.615833257852817, "ANH": 15.615833257852817, "PHONG": 15.615833257852817, "SINH": 15.615833257852817, "\u0110\u00c2U": 15.615833257852817, "TR\u01af\u1edaC": 15.615833257852817, "B\u1eca": 15.615833257852817, "\u0110\u1ea0I": 15.615833257852817, "M\u1eb8": 15.615833257852817, "L\u1ec4": 14.229538896732926, "CU\u1ed0I": 14.229538896732926, "\u0110\u00c2Y": 14.229538896732926, "HAI": 14.229538896732926, "V\u1ec0": 14.229538896732926, "M\u1edaI": 14.229538896732926, "M\u00d3N": 14.229538896732926, "C\u00c1I": 14.229538896732926, "PH\u00c1": 14.229538896732926, "\u0110\u00ccNH": 14.229538896732926, "SI\u00caU": 14.229538896732926, "NGON": 14.229538896732926, "KHI": 13.418608680516597, "C\u00d9NG": 13.418608680516597, "\u0110\u1ebeN": 13.418608680516597, "\ud83e\udd23": 9.433748351136185, "TRAO": 7.807916628926408, "GI\u1ea2I": 7.807916628926408, "H\u1eccC": 7.807916628926408, "B\u1eaeT": 7.807916628926408, "THEO": 7.807916628926408, "R\u1ed2I": 7.807916628926408, "C\u1eaeT": 7.807916628926408, "C\u1ea2M": 7.807916628926408, "TR\u1edcI": 7.807916628926408, "M\u01afA": 7.807916628926408, "\u0110\u00d3I": 7.807916628926408, "B\u1ee4NG": 7.807916628926408, "TH\u00cc": 7.807916628926408, "QU\u00c1N": 7.807916628926408, "N\u00c0Y/": 7.807916628926408, "PH\u1ee4C": 7.807916628926408, "V\u1ee4": 7.807916628926408, "24.24": 7.807916628926408, "GI\u1edc": 7.807916628926408, "CH\u0102M": 7.807916628926408, "V\u1eaeNG": 7.807916628926408, "V\u1ea4T": 7.807916628926408, "V\u1ea2": 7.807916628926408, "TR\u1ea2I": 7.807916628926408, "NGHI\u1ec6M": 7.807916628926408, "KH\u00c1CH": 7.807916628926408, "S\u1ea0N": 7.807916628926408, "SANG": 7.807916628926408, "X\u1ecaN": 7.807916628926408, "PH\u1ed0": 7.807916628926408, "M\u00c0": 7.807916628926408, "TR\u1ea4N": 7.807916628926408, "TH\u00c0NH": 7.807916628926408, "KHAI": 7.807916628926408, "TR\u01af\u01a0NG": 7.807916628926408, "CH\u1ec8": 7.807916628926408, "TIM": 7.807916628926408, "NGH\u0128A": 7.807916628926408, "TRONG": 7.807916628926408, "D\u1ecaP": 7.807916628926408, "\ud83c\uddfb\ud83c\uddf3": 7.807916628926408, "NG\u1eaaU": 7.807916628926408, "H\u1ee8NG": 7.807916628926408, "TR\u1ed0N": 7.807916628926408, "\u0110\u01afA": 7.807916628926408, "C\u1eaeM": 7.807916628926408, "TR\u1ea0I": 7.807916628926408, "XUI": 7.807916628926408, "B\u1ece": 7.807916628926408, "N\u01a0I": 7.807916628926408, "H\u00d4M": 7.807916628926408, "NAY": 7.807916628926408, "\u0110\u01af\u1ee2C": 7.807916628926408, "TH\u01af": 7.807916628926408, "CH\u1ede": 7.807916628926408, "U\u1ed0NG": 7.807916628926408, "G\u1ea6N": 7.807916628926408, "2H": 7.807916628926408, "NHUNG": 7.807916628926408, "N\u00c8/": 7.807916628926408, "T\u1ee8C": 7.807916628926408, "TH\u00d4I": 7.807916628926408, "NHI\u1ec0U": 7.807916628926408, "QU\u1ea6N": 7.807916628926408, "\u00c1O": 7.807916628926408, "KHU": 7.807916628926408, "CHUNG": 7.807916628926408, "C\u01af": 7.807916628926408, "C\u0168": 7.807916628926408, "Q1": 7.807916628926408, "B\u1eeeA": 7.807916628926408, "NH\u1eacT": 7.807916628926408, "\u1ea4M": 7.807916628926408, "B\u00caN": 7.807916628926408, "XEM": 7.807916628926408, "\u0110\u00c3": 7.807916628926408, "NH\u1eacT\u2026": 7.807916628926408, "\u0110U\u1ee2C": 7.807916628926408, "\u0110I\u1ec0U": 7.807916628926408, "K\u1ebeT\ud83d\ude25": 7.807916628926408, "GI\u00daP": 7.807916628926408, "C\u00c2N": 7.807916628926408, "H\u1ed2I": 7.807916628926408, "H\u1ed8P": 7.807916628926408, "CH\u1edc": 7.807916628926408, "QU\u1ea2": 7.807916628926408, "NHI\u1ec4M/": 7.807916628926408, "\u0110\u00c1NG": 7.807916628926408, "NH\u1eda": 7.807916628926408, "TR\u1ea2": 7.807916628926408, "L\u1edcI": 7.807916628926408, "C\u00c2U": 7.807916628926408, "H\u1eceI": 7.807916628926408, "FAN/": 7.807916628926408, "H\u1eacU": 7.807916628926408, "S\u1eaeP": 7.807916628926408, "S\u1ebc": 7.807916628926408, "BU\u1ed2N": 7.807916628926408, "L\u1eaaN": 7.807916628926408, "L\u1ed8N": 7.807916628926408, "N\u1ebeU": 7.807916628926408, "TH\u00c2N": 7.807916628926408, "F0": 7.807916628926408, "G\u00cc/": 7.807916628926408, "HO\u1ea2NG": 7.807916628926408, "S\u1ee2": 7.807916628926408, "S\u1ed0": 7.807916628926408, "\u0110\u1ec2": 7.807916628926408, "XE": 7.807916628926408, "\u0110\u1ea0P": 7.807916628926408, "TH\u1eca": 7.807916628926408, "TOKBOKKI": 7.807916628926408, "V\u1eaeNG\ud83d\ude2d": 7.807916628926408, "TH\u1ea6N": 7.807916628926408, "\u00c1C": 7.807916628926408, "QU\u1ef6": 7.807916628926408, "K\u1ec2": 7.807916628926408, "CHUY\u1ec6N": 7.807916628926408, "QU\u00ca": 7.807916628926408, "QU\u1eacY": 7.807916628926408, "BANH": 7.807916628926408, "N\u00d3C": 7.807916628926408, "\u0110\u00ccNH/": 7.807916628926408, "THAM": 7.807916628926408, "QUAN": 7.807916628926408, "M\u00d9NG": 7.807916628926408, "GIAO": 7.807916628926408, "TH\u1eeaA": 7.807916628926408, "X\u00c0M": 7.807916628926408, "NH\u1ea4T": 7.807916628926408, "T\u1ee4I": 7.807916628926408, "/": 7.7431953578039705, "\ud83e\udd29": 7.7133458206899626, "N\u0102M": 7.114769448366463, "T\u00ccNH": 7.114769448366463, "GH\u00c9": 7.114769448366463, "N\u00c0O": 7.114769448366463, "B\u1ed8": 7.114769448366463, "MC": 7.114769448366463, "\u0110\u1ed2": 7.114769448366463, "TR\u00c1I": 7.114769448366463, "30/4": 7.114769448366463, "SURI": 7.114769448366463, "S\u00c0I": 7.114769448366463, "G\u00d2N": 7.114769448366463, "\u0110\u00daNG": 7.114769448366463, "\u00c1P": 7.114769448366463, "CU\u1ed8C": 7.114769448366463, "S\u1ed0NG": 7.114769448366463, "N\u00d3I": 7.114769448366463, "GI\u1ea2M": 7.114769448366463, "SAU": 7.114769448366463, "BI\u1ebeT": 7.114769448366463, "T\u1edaI": 7.114769448366463, "NG\u01af\u1edcI": 7.114769448366463, "N\u00caN": 7.114769448366463, "TI\u1ec0N": 7.114769448366463, "PH\u00d4": 7.114769448366463, "X\u00daC": 7.114769448366463, "X\u00cdCH": 7.114769448366463, "CON": 7.090473503770186, "T\u1eea": 6.709304340258298, "TH\u1ebe": 6.709304340258298, "H\u00ccNH": 6.709304340258298, "QU\u00c0": 6.709304340258298, "TROLL": 6.709304340258298, "CHO": 6.709304340258298, "CH\u1eccN": 6.709304340258298, "ICON": 6.421622267806518, "CHIA": 6.421622267806518, "\u00dd": 6.421622267806518, "\ud83d\udc4d\ud83c\udffb": 6.421622267806518, "CHI": 6.421622267806518, "\u1ede": 6.198478716492308, "HAY": 6.016157159698354, "MAI": 5.862006479871095, "CHECK": 5.728475087246572, "\ud83d\ude21": 5.5053315359323625, "MUA": 5.410021356128038, "TREND": 5.242967271464872, "\ud83c\udf82": 5.1688592993111495, "v\u00e0": 5.099866427824199, "AI": 5.035327906686628, "EM": 4.812184355372417, "HEALTHY": 4.196998716282184, "\ud83e\udd70": 4.07024701064304, "KITCHEN": 4.046716513232846, "SHOP": 4.001254139156089, "TIKTOK": 3.5594213868770495, "\u2764\ufe0f": 3.2753171357731525, "[": 2.810704355162293, "]": 2.810704355162293, "..": 2.5556432008797785, ",": 2.2041978452269815, "IN": 1.9357988394509926, "?": 1.9156998367674267, "TO": 1.8065017509652583,