{"Deorro": 22.075537128846026, "Blasterjaxx": 20.85914180452153, "Remix": 20.80015246902829, "Koriz": 16.103319113683906, "KEVU": 16.103319113683906, "Restricted": 16.103319113683906, "Festival": 15.698100687187448, "Mix": 15.099973751303592, "Alesso": 14.717024752564017, "-": 14.672361118408842, "Bootleg": 12.519800175227797, "Olly": 12.519800175227797, "Sparks": 11.498148927695816, "(": 11.182281534481358, ")": 11.161384174750955, "Edit": 10.214441155351027, "feat": 9.742915536326091, "x": 8.92945722482438, "God": 8.360917091868124, "Tucanes": 8.051659556841953, "Tijuana": 8.051659556841953, "UMF": 8.051659556841953, "IAmChino": 8.051659556841953, "Bananza": 8.051659556841953, "Jugglin": 8.051659556841953, "INNA": 8.051659556841953, "Kean": 8.051659556841953, "Dysso": 8.051659556841953, "Tiesto": 8.051659556841953, "SE3K": 8.051659556841953, "Blou": 8.051659556841953, "Lars": 8.051659556841953, "Faithless": 8.051659556841953, "Kreyn": 8.051659556841953, "Bonny": 8.051659556841953, "Skazi": 8.051659556841953, "Breathless": 8.051659556841953, "Zito": 8.051659556841953, "Benassi": 8.051659556841953, "Riggi": 8.051659556841953, "Piros": 8.051659556841953, "&": 7.919390458270365, "James": 7.364423408749865, "Maffio": 7.358512376282008, "Pongo": 7.358512376282008, "Sevenn": 7.358512376282008, "Discoteca": 7.358512376282008, "HAWK": 7.358512376282008, "INDIVIDUALS": 7.358512376282008, "Sentinel": 6.953047268173844, "GAYLE": 6.953047268173844, "Akon": 6.953047268173844, "LSD": 6.953047268173844, "Moth": 6.953047268173844, "Maddix": 6.953047268173844, "Ti\u00ebsto": 6.665365195722063, "abcdefu": 6.665365195722063, "Collapse": 6.665365195722063, "Lister": 6.665365195722063, "Alok": 6.665365195722063, "Aoki": 6.665365195722063, "Kayla": 6.665365195722063, "Satisfaction": 6.665365195722063, "TikTok": 6.462755982473833, "Pitbull": 6.442221644407853, "Motto": 6.442221644407853, "Futuristic": 6.442221644407853, "Patience": 6.442221644407853, "]": 6.358243108181829, "[": 6.350296083667097, "Typical": 6.259900087613898, "Weeknd": 6.10574940778664, "Flame": 6.10574940778664, "Polar": 6.10574940778664, "Rave": 5.972218015162118, "Marc": 5.972218015162118, "Chupa": 5.854434979505734, "Ava": 5.854434979505734, "Mafia": 5.854434979505734, "Belly": 5.749074463847908, "Eminem": 5.749074463847908, "Swedish": 5.749074463847908, "Guetta": 5.749074463847908, "Benny": 5.749074463847908, "Phoenix": 5.653764284043583, "Till": 5.653764284043583, "Raven": 5.653764284043583, "Katy": 5.566752907053953, "Holding": 5.486710199380417, "Bears": 5.486710199380417, "SICK": 5.486710199380417, "Ruby": 5.412602227226695, "Dancer": 5.343609355739743, "Robin": 5.279070834602172, "Melissa": 5.279070834602172, "Perry": 5.218446212785738, "VIP": 5.218446212785738, "Crown": 5.218446212785738, "Nas": 5.218446212785738, "Harlow": 5.161287798945789, "Will": 5.133725246702597, "Rabbit": 5.1072205776755135, "Industry": 5.1072205776755135, "Song": 5.05241323542034, "Savage": 5.00713711911853, "Junior": 4.916165340912804, "Crystal": 4.873605726494008, "Tony": 4.873605726494008, "Bring": 4.832783731973753, "Lake": 4.793563018820471, "Hole": 4.684363726855479, "State": 4.684363726855479, "Yo": 4.6176723523568075, "Premiere": 4.440741644197729, "Steve": 4.440741644197729, "Martin": 4.414073397115568, "Captain": 4.244997067071634, "Prime": 4.244997067071634, "Las": 4.044326371609483, "Oh": 4.044326371609483, "Sound": 4.026307866106804, "Justin": 3.9912165462955342, "Mind": 3.957314994619853, "Max": 3.892776473482282, "Light": 3.774993437825898, "Lil": 3.7612001156935624, "Gone": 3.7475944636377836, "m": 3.7209262165556227, "\ud83d\udd25": 3.7209262165556227, "Jack": 3.6822117043749323, "Animals": 3.6572104021695147, ".": 3.6333390826598, "DJ": 3.5857514381873696, "Los": 3.574322742363747, "Room": 3.5083647745719495, "vs.": 3.5083647745719495, "David": 3.4873113653741172, "S": 3.351179191049537, "\u2013": 3.2894856220441975, "Only": 3.184125106386371, "X": 3.034379720027029, "Home": 2.768455828103965, "De": 2.7433918594407487, "ft.": 2.6763811491577885, "When": 2.546328020909591, "Show": 2.530198638979707, "Baby": 2.4719297308557313, "The": 2.441356668497346, "House": 2.434888459175382, "Love": 2.2227139392317463, "I": 2.165618357000011, "2021": 2.119414369393943, "Me": 2.0379444007991516, "World": 1.9513406048218895, "It": 1.9139325027557195, "Of": 1.8350534557570888, "2022": 1.7399247476890392, "On": 1.7255100836868542, "at": 1.6091193903737548, "New": 1.602770162695096, "My": 1.5339882839296786, "You": 1.5178707189086098, "\u2019": 1.4586150226995167, "To": 1.424941807592929, "is": 1.384702764412747, "a": 0.9223620079125806, "and": 0.9112065137407951, "A": 0.8908136501776546, ",": 0.594627467719573}