{"DANGANRONPA": 65.08746217603912, "CAMP": 48.451929842600435, "Danganronpa": 42.22392290002068, "Decedance": 40.679663860024455, "SUMMER": 36.419310668390246, "EVENTS": 35.00008607406507, "Let": 34.737312570730644, "|": 31.58927933052791, "Play": 30.448984053342638, "FE3H": 29.77114236577978, "Houses": 27.854917072716766, "S": 27.779949423142586, "Emblem": 27.484377211948157, "Reaction": 25.32895577943112, "ULTIMATE": 25.21860920237243, "Cindered": 24.40779831601467, "Gameplay": 24.049150807448335, "Iki": 22.328356774334836, "SOCIAL": 22.283933658173414, "Three": 21.758715690433146, "BLIND": 21.210877711794698, "Walkthrough": 20.242553023242806, "GAMEPLAY": 18.672313506951685, "SOMNIUM": 16.27186554400978, "nirvanA": 16.27186554400978, "Fire": 16.116389431344192, "Playthrough": 15.437066611955341, "Shadows": 15.001315668227223, "SENTINELS": 14.88557118288989, "RIM": 14.88557118288989, "Tsushima": 14.873636824970834, "REACTION": 14.244887174006031, "Initiative": 14.074640966673561, "AEGIS": 14.074640966673561, "Rim": 14.074640966673561, "Sentinels": 13.49927682177, "Aegis": 13.49927682177, "Replicant": 13.49927682177, "ELDEN": 13.417113377625732, "FILES": 13.05298971914158, "NieR": 13.05298971914158, "RING": 12.987810846703713, "AND": 12.244787078325352, "Shadowlands": 11.877416389337343, "Route": 11.66669535802169, "Trailer": 11.549663323122202, "Cinematic": 11.536419992569497, "Hopes": 11.141966829086707, "WoW": 10.85576514180536, "Ghost": 10.020426679224448, "'s": 9.978710114015621, "Island": 9.922857104107766, "Warcraft": 9.83411389427338, "Warriors": 9.219144494777458, "PS5": 8.947923532521333, "DLC": 8.199766170397833, "B": 8.18576300834068, "2022|": 8.13593277200489, "Nagito": 8.13593277200489, "Komaeda": 8.13593277200489, "-15-": 8.13593277200489, "DEATHTOUCHED": 8.13593277200489, "CATACOMBS": 8.13593277200489, "-4": 8.13593277200489, "TERUTERU": 8.13593277200489, "NATSUNO": 8.13593277200489, "MINAMI": 8.13593277200489, "PROLGUE": 8.13593277200489, "-27-": 8.13593277200489, "HAGAKURE": 8.13593277200489, "KIRUMI": 8.13593277200489, "-14-": 8.13593277200489, "NEKOMARU": 8.13593277200489, "AKANE": 8.13593277200489, "SYLVANAS": 8.13593277200489, "ANASTASIA": 8.13593277200489, "TARNISHED": 8.13593277200489, "SAYAKA": 8.13593277200489, "Mercenary": 8.13593277200489, "FUNE": 8.13593277200489, "CONSTANCE": 8.13593277200489, "-13-": 8.13593277200489, "MONDAO": 8.13593277200489, "ISHIMARU": 8.13593277200489, "MAHIRU": 8.13593277200489, "HIYOKO": 8.13593277200489, "MIKAN": 8.13593277200489, "MIU": 8.13593277200489, "P-33": 8.13593277200489, "Kalil": 8.13593277200489, "-26-": 8.13593277200489, "TIBIA": 8.13593277200489, "MARINER": 8.13593277200489, "BESTIAL": 8.13593277200489, "AOI": 8.13593277200489, "CARETAKERS": 8.13593277200489, "AI": 7.862480305227849, "RIKU": 7.442785591444945, "-2-": 7.442785591444945, "-3-": 7.442785591444945, "SANCTUM": 7.442785591444945, "-2": 7.442785591444945, "THE": 7.232628036319584, "YURI": 7.037320483336781, "SODA": 7.037320483336781, "Louise": 7.037320483336781, "DRAGONFLIGHT": 7.037320483336781, "JUDGEMENT": 7.037320483336781, "Ending": 6.8891697795514935, "Epilogue": 6.749638410885, "LEON": 6.749638410885, "RAIDERS": 6.749638410885, "EATER": 6.52649485957079, "BETRAYAL": 6.344173302776835, "Cinematics": 6.344173302776835, "Dragonflight": 6.190022622949577, "EAGLE": 6.190022622949577, "SAKURA": 6.056491230325054, "Awakened": 5.9387081946686715, "DANGER": 5.833347679010845, "SUN": 5.73803749920652, "Social": 5.363344049765109, "HAND": 5.3027194279486745, "Parable": 5.245561014108726, "Rivals": 5.19149379283845, "Stanley": 5.140200498450899, "WOW": 5.140200498450899, "Mysterious": 5.091410334281467, "Knife": 5.044890318646575, "RESIDENT": 5.000438556075741, "Events": 4.877836233983408, "13": 4.844399932991043, "of": 4.739535372549589, "REMAKE": 4.701945567519744, "RETURN": 4.374732656311328, "LEGEND": 4.351743138086629, "Deluxe": 4.351743138086629, "Assassin": 4.025058907831579, "DARK": 3.9770496886452187, "D": 3.9770496886452187, "Announcement": 3.9164250668287837, "State": 3.8454733308564992, "World": 3.764207920858835, "BLACK": 3.753906137331009, "Resident": 3.705115973161577, "June": 3.681585475751383, "Remake": 3.681585475751383, "ENDING": 3.681585475751383, "OF": 3.67764690414191, "Ultra": 3.670024653350307, "EVIL": 3.4724936778928233, "Character": 3.4724936778928233, "4K": 3.230657993566461, "IN": 3.2130278674853305, "Evil": 2.817812778160674, "Black": 2.7888252412874217, "Edition": 2.7652947438772277, "&": 2.5947727011716952, "4": 2.1202478160530074, "and": 2.0701617261216807, "Part": 1.9642321745939753, "All": 1.9253326949802376, "-": 1.8415470778681688, "+": 1.7885435623488801, "(": 1.6072458747063416, "6": 1.5212071718011297, ")": 1.2054344060297562, "5": 0.9505457564244738, "A": 0.7912137178552181, "1": 0.7432852512832672, ",": 0.7058186334430898, "The": 0.4701793401431918}