{"Norris": 182.240237093895, "Nuts": 171.29267917497455, "w/": 73.99457598577654, "Gaming": 64.02409416241716, "NAZ": 56.95152940403423, "SOCKIE": 48.81559663202934, "NORRIS": 48.81559663202934, "BIGGY": 40.679663860024455, "SABRE": 35.186602416683904, "NUTS": 29.166738395054224, "Roblox": 25.766398920970296, "ROBLOX": 18.79191879635659, "SPILL": 14.88557118288989, "TEA": 14.074640966673561, "The": 12.694842183866179, "WAS": 10.975787872580051, "WE": 10.861591090930418, "SURPRISE": 9.537273884036832, "WON": 8.844721410601165, "SHY": 8.13593277200489, "INSECURE": 8.13593277200489, "OVERLY": 8.13593277200489, "BRAT": 8.13593277200489, "ACTED": 8.13593277200489, "NOTICED": 8.13593277200489, "WHY": 7.985596091226715, "OUR": 7.507812274662018, "HAS": 7.4584270494812746, "NUT": 7.442785591444945, "talent": 7.442785591444945, "AND": 7.346872246995211, "ACTS": 7.037320483336781, "notice": 7.037320483336781, "WIFI": 7.037320483336781, "REPLACED": 7.037320483336781, "they": 6.907603089761341, "KNEW": 6.749638410885, "fell": 6.749638410885, "KEPT": 6.749638410885, "ASK": 6.52649485957079, "CONTROLS": 6.52649485957079, "SO": 6.346176283489966, "PRANKS": 6.344173302776835, "EXPERIMENTS": 6.344173302776835, "CONFUSING": 6.344173302776835, "ASLEEP": 6.344173302776835, "KICKED": 6.344173302776835, "WOODLAND": 6.344173302776835, "SCAMMED": 6.190022622949577, "'S": 6.154300076789157, "GOT": 6.1466754779558475, "SISTERS": 6.056491230325054, "THE": 6.027190030266319, "SHOCKED": 5.9387081946686715, "SICK": 5.9387081946686715, "PRESENTS": 5.9387081946686715, "GLOW": 5.9387081946686715, "Makeover": 5.9387081946686715, "SPREE": 5.833347679010845, "AVATAR": 5.833347679010845, "FALLING": 5.833347679010845, "GAVE": 5.833347679010845, "QUESTIONS": 5.73803749920652, "worked": 5.73803749920652, "NOBODY": 5.73803749920652, "revealed": 5.65102612221689, "Adopt": 5.65102612221689, "Avatar": 5.65102612221689, "SHOPPING": 5.570983414543353, "SOCIAL": 5.570983414543353, "NICE": 5.496875442389632, "DELETED": 5.42788257090268, "POSSIBLE": 5.3027194279486745, "BUILT": 5.3027194279486745, "MINECRAFT": 5.269349122920326, "ACCOUNT": 5.245561014108726, "WHICH": 5.245561014108726, "BEING": 5.140200498450899, "TURNED": 5.140200498450899, "HACKERS": 5.140200498450899, "crazy": 5.140200498450899, "BROTHER": 5.044890318646575, "PORTAL": 5.000438556075741, "reaction": 5.000438556075741, "STRANGE": 4.91705694713669, "NETHER": 4.91705694713669, "MANSION": 4.8400959060005615, "ad": 4.803728261829686, "even": 4.768636942018416, "MANY": 4.670196869205164, "WITHOUT": 4.670196869205164, "HER": 4.609572247388729, "BIRTHDAY": 4.609572247388729, "-": 4.603867694670422, "GAMER": 4.580584710515477, "SAD": 4.498346612278505, "PEOPLE": 4.447053317890954, "ABOUT": 4.351743138086629, "LEGEND": 4.351743138086629, "GIRL": 4.244112473894264, "finally": 4.184689053423463, "DREAM": 4.165640858452769, "GAMING": 4.0754897614584715, "PLAYING": 4.058395328099171, "GLITCH": 4.025058907831579, "INTO": 4.008798386959799, "HIS": 3.946278029978465, "happened": 3.9164250668287837, "RARE": 3.8874375299555313, "FOUND": 3.873252894963575, "AMONG": 3.7170921642082924, "OF": 3.67764690414191, "IS": 3.5770871246977602, "Minecraft": 3.458105571871152, "BABY": 3.4445848897757467, "(": 3.2144917494126832, ")": 3.2144917494126832, "IN": 3.2130278674853305, "UP": 3.1942903493955863, "A": 3.1648548714208724, "OUT": 3.1319864660594314, "US": 3.092507655085644, "AT": 3.0796869666565825, "ONLY": 3.0119687926016314, "has": 2.9826411775071113, "MORE": 2.965448776966739, "TIME": 2.94297592111468, "MOST": 2.9264466191634693, "do": 2.667872630869759, "in": 2.651454735890772, "IT": 2.582973187083273, "BACK": 2.559983668858574, "WITH": 2.556202946018668, "?": 2.5492500696625493, "FIRST": 2.4660518490243706, "EVER": 2.4557601629878234, "by": 2.2894939969471664, "%": 2.2116769745903584, "Me": 2.2116769745903584, "THIS": 2.079148758776266, "$": 2.0651950440024005, "you": 2.0003678809231515, "it": 1.9538478652882587, "this": 1.941527380900218, "...": 1.9362471753768933, "With": 1.9034847554543677, "BEST": 1.899563181801186, "TO": 1.7780905054967908, "for": 1.4352016624570798, "NEW": 1.361708885647276, "#": 0.9392462011705405, "to": 0.8931348492111348, "a": 0.8649242337238984, "&": 0.8649242337238984, "1": 0.7432852512832672, "the": 0.710574884977739, "!": 0.5376545433763026}