{"Rebellion": 22.807204006997456, "Activists": 13.818508310211746, "Dressed": 13.818508310211746, "Reservoir": 13.007578093995416, "Protest": 12.432213949091855, "Extinction": 10.810353516659198, "Turns": 10.599632485343545, "Helps": 10.074903956408562, "Into": 9.977205649949289, "\u2019": 8.079746651906902, "Climate": 7.682402439944512, "Spix": 7.602401335665818, "Macaws": 7.602401335665818, "Superworms": 7.602401335665818, "'Mary": 7.602401335665818, "Poppins": 7.602401335665818, "Recording-Breaking": 7.602401335665818, "Drought": 7.602401335665818, "Siberian": 7.602401335665818, "Quadruplets": 7.602401335665818, "'Revive": 7.602401335665818, "Prompts": 7.602401335665818, "Evacuations": 7.602401335665818, "Canaries": 7.602401335665818, "Driest": 7.602401335665818, "Exxon": 7.602401335665818, "'More": 7.602401335665818, "Greenest": 7.602401335665818, "Repurposed": 7.602401335665818, "Antibiotic-Resistant": 7.602401335665818, "Pre-Industrial": 7.602401335665818, "Fishers": 7.602401335665818, "Vital": 7.602401335665818, "Grounds": 7.602401335665818, "Eco-Bricking": 7.602401335665818, "Tortoise": 7.602401335665818, "GOP": 7.602401335665818, "Organism": 7.602401335665818, "3D-Printed": 7.602401335665818, "\u2018": 7.591477691790997, "Found": 7.4211620751103835, "Digest": 6.909254155105873, "Slams": 6.909254155105873, "Fecal": 6.909254155105873, "Dioxide": 6.909254155105873, "Nigeria": 6.909254155105873, "Puts": 6.909254155105873, "Albino": 6.909254155105873, "Galapagos": 6.909254155105873, "Switzerland": 6.909254155105873, "Midterms": 6.909254155105873, "Tobacco": 6.909254155105873, "Poisoning": 6.909254155105873, "Disrupt": 6.909254155105873, "Celebrations": 6.909254155105873, "Uganda": 6.909254155105873, "Years": 6.596672484923297, "Than": 6.569826444259015, "Marilyn": 6.503789046997708, "Monroe": 6.503789046997708, "Beaches": 6.503789046997708, "Spreading": 6.503789046997708, "Belgian": 6.503789046997708, "Divers": 6.503789046997708, "25+": 6.503789046997708, "Seabed": 6.503789046997708, "Styrofoam": 6.216106974545927, "Chile": 6.216106974545927, "Coal": 6.216106974545927, "Rejected": 6.216106974545927, "Goods": 6.216106974545927, "Collect": 6.216106974545927, "Jubilee": 6.216106974545927, "in": 6.029580996839787, "20+": 5.992963423231718, "Queens": 5.992963423231718, "Magician": 5.992963423231718, "Alternatives": 5.992963423231718, "Greek": 5.992963423231718, "Superhero": 5.992963423231718, "Characters": 5.810641866437763, "Insurance": 5.810641866437763, "Tries": 5.810641866437763, "Wildfire": 5.810641866437763, "Sees": 5.810641866437763, "100+": 5.810641866437763, "Bacteria": 5.810641866437763, "Waters": 5.810641866437763, "Tons": 5.810641866437763, "Drag": 5.656491186610505, "s": 5.549486090520555, "Impacts": 5.522959793985982, "Furniture": 5.522959793985982, "Norway": 5.522959793985982, "Litter": 5.522959793985982, "Mine": 5.405176758329599, "Paid": 5.405176758329599, "Born": 5.405176758329599, "Releases": 5.405176758329599, "as": 5.321517826113028, "Birth": 5.299816242671772, "Dying": 5.299816242671772, "Awareness": 5.299816242671772, "Brazil": 5.299816242671772, "Pull": 5.299816242671772, "Measure": 5.299816242671772, "Tiger": 5.2045060628674475, "Era": 5.2045060628674475, "Trees": 5.2045060628674475, "Oceans": 5.2045060628674475, "Shorts": 5.1570416296390835, "Gives": 5.117494685877818, "Biden": 5.117494685877818, "Levels": 5.117494685877818, "Pakistan": 5.037451978204281, "Environmental": 5.037451978204281, "Higher": 5.037451978204281, "Loss": 5.037451978204281, "Ahead": 5.037451978204281, "Southern": 4.963344006050559, "Local": 4.963344006050559, "Finds": 4.963344006050559, "Desert": 4.894351134563609, "Lives": 4.894351134563609, "Risk": 4.829812613426037, "Strategy": 4.829812613426037, "Queen": 4.769187991609602, "Scientists": 4.712029577769654, "Trash": 4.712029577769654, "Survival": 4.712029577769654, "'": 4.658803554204143, "California": 4.657962356499378, "Leather": 4.657962356499378, "Catch": 4.557878897942396, "Waste": 4.557878897942396, "God": 4.511358882307502, "Report": 4.4669071197366685, "Discover": 4.424347505317873, "Industry": 4.424347505317873, "Animal": 4.424347505317873, "Company": 4.383525510797617, "Island": 4.383525510797617, "Rare": 4.2351055056793445, "Return": 4.201203954003663, "From": 4.14594449630879, "Wild": 4.136665432866092, "Heat": 4.136665432866092, "Wave": 4.136665432866092, "Australia": 4.136665432866092, "Largest": 4.105893774199338, "Plastic": 4.076040811049657, "Park": 4.076040811049657, "Carbon": 4.018882397209708, "Coffee": 3.991483423021594, "Call": 3.913521881551882, "Dog": 3.913521881551882, "Women": 3.8888292689615103, "Dead": 3.8888292689615103, "Factory": 3.841201219972256, "World": 3.830851958651997, "Planet": 3.818211701747557, "Living": 3.818211701747557, "Quality": 3.75225373395576, "Cheap": 3.731200324757927, "UK": 3.6705757029414925, "to": 3.596015261276138, "Built": 3.5950681504333475, "Action": 3.577049644930669, "Giant": 3.428014065770181, "China": 3.428014065770181, "Money": 3.368294831068559, "Device": 3.3539060936164593, "House": 3.2585959138121345, "Is": 3.14824563087024, "Earth": 3.038053144197982, "After": 3.0276903571624354, "May": 2.9580104365244457, "50": 2.7661194287143402, "Our": 2.704561535714907, "How": 2.628503799921215, "%": 2.585121498850894, "Making": 2.490413547309275, "That": 2.387465578056833, "Are": 2.1952295642056994, "of": 2.141486628301366, "#": 2.049079955889543, "Air": 1.9256475333975365, "This": 1.6943183974968872, "'s": 1.6358885460563495, "for": 1.5452151963067862, "at": 1.4079959445611459, "What": 1.3562945701842555, "New": 1.255012126009808, "the": 1.1877923071670764, "is": 1.1487763367731267, "2022": 1.0470444438551534, "on": 0.9521222870783963, "a": 0.5875869843902733, "?": 0.4446658514159118, ",": 0.3878969215146746}