{"NurseryTracks": 220.70037093107229, "Kids": 28.4817192123313, "Instruments": 27.65458038316501, "Sounds": 24.97114445334801, "sounds": 24.856501443487893, "Part": 24.642354679359595, "Sums": 22.831072854938512, "Musical": 22.596575824772607, "|": 22.44885189003734, "Animal": 20.694780877087197, "Subtract": 18.672189771578843, "Multiply": 18.002759117636213, "Divide": 16.993342407772573, "Masks": 16.705481655310766, "ABC": 15.89770409734762, "twisters": 15.220715236625676, "Music": 15.02593716162373, "Add": 13.99775591743919, "Alphabet": 13.279592708657786, "MacDonald": 12.080516039570185, "Arrow": 12.001839411757475, "Song": 11.923054722998181, "Tongue": 11.637196298169565, "for": 8.936589258716978, "had": 8.70452216058271, "version": 8.70452216058271, "Old": 8.16002547027325, "Muffet": 7.610357618312838, "Susie": 7.610357618312838, "shirts": 7.610357618312838, "Peck": 7.610357618312838, "ZEE": 7.610357618312838, "Bizz": 7.610357618312838, "singalong": 7.610357618312838, "sewing": 6.9172104377528925, "Whether": 6.9172104377528925, "Pickled": 6.9172104377528925, "ZED": 6.9172104377528925, "farmer": 6.9172104377528925, "Numbers": 6.841405752572824, "Picked": 6.224063257192947, "bees": 6.224063257192947, "Best": 6.0469387161329955, "Butterflies": 6.000919705878737, "Sailor": 6.000919705878737, "Pepper": 6.000919705878737, "Piper": 5.8185981490847825, "weather": 5.307772525318792, "nursery": 5.307772525318792, "Monday": 5.307772525318792, "count": 5.125450968524837, "Busy": 5.125450968524837, "Sister": 5.045408260851301, "rhymes": 5.045408260851301, "Bee": 4.971300288697579, "Butterfly": 4.902307417210627, "cold": 4.902307417210627, "3": 4.900652877260448, "Bingo": 4.837768896073056, "\u2019": 4.6818724892426395, "Sunday": 4.665918639146397, "1": 4.552045295247748, "songs": 4.243061788326363, "Zoo": 4.243061788326363, "Miss": 4.113850056846357, "Peter": 4.113850056846357, "Went": 3.8967855516085295, "Counting": 3.872688000029469, "Market": 3.7817162218237423, "Fish": 3.585005927577688, "Sea": 3.567306350478287, "Save": 3.467222891921305, "There": 3.347677741271522, "Week": 3.3198981771644465, "Farm": 3.2036383710485845, "kids": 3.179540819469524, "was": 3.179540819469524, "4": 3.1593447161031487, "Days": 3.1560103220593296, "2": 3.1437405738573534, "our": 3.088569041263797, "3D": 3.0356466398094546, "10": 2.9452611284532066, "Nursery": 2.937528783850931, "more": 2.937528783850931, "Rhymes": 2.928226391188618, "a": 2.6844146890853176, "Songs": 2.683103933155633, "Learning": 2.5734050158992083, "be": 2.5477625852858705, "of": 2.528575502728556, "Little": 2.480458903389764, "to": 2.4767229247665123, "A": 2.4607811483967987, "is": 2.4402339024949753, "+": 2.185407600831435, "Learn": 2.065180173833275, "the": 1.7974308928874114, "by": 1.735426887460807, "from": 1.6545202488480066, "New": 1.6015444328702424, ",": 1.486764509839123, "5": 1.3917574986211083, "in": 1.32100232662413, "and": 0.5865986635743944}