{"Roblox": 126.69054481058576, "Guest": 82.15732344355379, "\u266a": 43.81930061329729, "Bacon": 43.30081781781356, "Movie": 39.430574375067266, "Last": 39.191190407568214, "Action": 34.10081711820574, "Hair": 29.662833079906157, "Blox": 24.154978670525857, "Trailer": 21.31271810552945, "666": 19.996095587166188, "Music": 16.411845044651546, "A": 15.143832053020128, "The": 12.817122509611066, "(": 12.497844067949753, ")": 12.474488195309892, "Video": 11.844599817187031, "Horror": 11.678329420446845, "Animation": 11.409492944377783, "``": 11.164229308888531, "''": 11.120410699448984, "-": 10.32499486110252, "Watch": 9.767607033735636, "Official": 9.071337498048864, "Linked": 8.051659556841953, "MAYDAY": 7.358512376282008, "Resistance": 7.358512376282008, "Faded": 7.358512376282008, "Uprising": 7.358512376282008, "Believer": 7.358512376282008, "Prodigy": 6.442221644407853, "GUEST": 6.259900087613898, "Stronger": 6.10574940778664, "Animations": 5.972218015162118, "Guests": 5.412602227226695, "Warriors": 4.960617103483638, "Game": 4.643119547736759, "2": 4.579861049069048, "Preview": 4.223018160352859, "3": 4.005194349962927, "MOVIE": 3.957314994619853, "Coming": 3.832151851665847, "Great": 3.6949507301523616, "War": 3.4565397067073635, "WORLD": 3.333160685546859, "FULL": 3.247638512108697, "4": 3.234226076109001, "Funny": 2.758354732117461, "Top": 2.562721830685267, "Story": 2.52223046933053, "Part": 2.228613661358935, ":": 2.0540210527766343, "World": 1.9513406048218895, "For": 1.778782550295786, "5": 1.5280972506924413, "You": 1.5178707189086098, "&": 0.7199445871154877}