{"ASMR": 106.22400150975311, "Obviously": 90.38961448625997, "Tapping": 27.433550996902085, "Whispers": 25.768886577631413, "obviously": 24.154978670525857, "Ramble": 13.906094536347688, "whispers": 13.330730391444126, "(": 13.15562533468395, ")": 13.13104020558936, "Trigger": 12.21149881557328, "Triggers": 11.498148927695816, "Various": 11.498148927695816, "Chill": 9.747211452988015, "Cleaning": 9.665567463947506, "Energy": 9.51164538167525, "Close": 9.171847308084454, "Sounds": 8.580918882296782, "Hand": 8.40302391026379, "Random": 8.319678517462654, "Admission": 8.051659556841953, "Indubitably": 8.051659556841953, "Fast-Paced": 8.051659556841953, "Snips": 8.051659556841953, "Close-up": 8.051659556841953, "timestamps": 8.051659556841953, "Inaudible/Unintelligible": 8.051659556841953, "Distances": 8.051659556841953, "sounds/movements": 8.051659556841953, "non-electric": 8.051659556841953, "razor": 8.051659556841953, "Talking": 7.9824330925910685, "Around": 7.785552946964564, "Fast": 7.577959359601276, "Crinkles": 7.358512376282008, "Inaudible": 7.358512376282008, "Coding": 7.358512376282008, "Close-Up": 7.358512376282008, "Quite": 7.358512376282008, "Propless": 7.358512376282008, "inaudible": 7.358512376282008, "Suggested": 7.358512376282008, "Paced": 7.358512376282008, "Update": 7.016729549143899, "Sensitivity": 6.953047268173844, "Breathy": 6.953047268173844, "brushing": 6.953047268173844, "But": 6.814537315401162, "Assortment": 6.665365195722063, "Fi": 6.665365195722063, "Whispered": 6.665365195722063, "incl": 6.665365195722063, "Productive": 6.665365195722063, "Materials": 6.665365195722063, "calm": 6.442221644407853, "Sleepy": 6.259900087613898, "Familiar": 6.259900087613898, "Medium": 6.259900087613898, "tiny": 6.259900087613898, "Sponsor": 6.259900087613898, "Shaving": 6.259900087613898, "Lofi": 6.10574940778664, "follow": 5.972218015162118, "Gentle": 5.854434979505734, "Quiet": 5.749074463847908, "Ears": 5.653764284043583, "Pulling": 5.653764284043583, "Sticky": 5.653764284043583, "Furniture": 5.566752907053953, "Fixing": 5.486710199380417, "well": 5.412602227226695, "IKEA": 5.412602227226695, "Brushing": 5.343609355739743, "light": 5.279070834602172, "AI": 5.161287798945789, "fast": 5.161287798945789, "Low": 5.161287798945789, "Ear": 5.161287798945789, "Mic": 5.1072205776755135, "sounds": 5.1072205776755135, "Yet": 5.0559272832879625, "Stuck": 5.00713711911853, "Words": 4.873605726494008, "hand": 4.832783731973753, "No": 4.689098584186156, "Dutch": 4.684363726855479, "build": 4.6176723523568075, "Bed": 4.585923654042227, "with": 4.5676251007885735, "You": 4.55361215672583, "Classic": 4.468140618385844, "doing": 4.414073397115568, "face": 4.3880979107123075, "Up": 4.376056762487713, "-": 4.347366257306324, "Master": 4.313989938558585, "Quick": 4.313989938558585, "Life": 4.303524406518924, "really": 4.244997067071634, "been": 4.159839258731327, "some": 4.026307866106804, "too": 3.974122112936234, "It": 3.827865005511439, "D": 3.7612001156935624, "Build": 3.7475944636377836, "%": 3.476948578338571, "Trying": 3.4666920781713815, "Hours": 3.407268657700581, "BIG": 3.407268657700581, "With": 3.319484886898703, "first": 3.2894856220441975, "'re": 3.272536063730424, "'ve": 3.2153776498904754, "but": 3.1613104286201996, "not": 3.110017134232649, "time": 3.081846257265953, "My": 3.067976567859357, ",": 2.9731373385978648, "After": 2.92176084191888, "LIVE": 2.9041650800285006, "be": 2.8587027059517434, "and": 2.733619541222385, "100": 2.5878277518163437, "Super": 2.558598113501405, "'s": 2.4719911743398963, "the": 2.4116009252223223, "All": 2.274007233619297, "Your": 2.2525669023814276, "]": 2.119414369393943, "[": 2.116765361222366, "Me": 2.0379444007991516, "Best": 1.9580897867968179, "from": 1.9117750046156983, "On": 1.7255100836868542, "?": 1.3390703822088819, "3": 1.3350647833209754, "on": 1.2638145745323741, "for": 1.242620250798974, "I": 1.0828091785000056, ":": 1.0270105263883171, "to": 0.9657580924763426, "a": 0.9223620079125806, "of": 0.8970441999282907, "!": 0.8511535975391459}