{"West": 47.68946535523481, "End": 42.756278245317766, "Olivier": 29.434049505128034, "Rooftops": 19.996095587166188, "perform": 19.32666493322356, "2022": 19.13917222457943, "Trailer": 18.944638316026175, "|": 18.26177500256188, "Awards": 17.06987969169477, "performs": 16.96129285213075, "Musical": 16.47933569647051, "Mastercard": 14.717024752564017, "Six": 14.380689056461414, "Vlog": 14.252092748439255, "Sing": 12.941969815675755, "Grease": 11.133505814107906, "Fair": 10.322575597891579, "London": 10.221805973101743, "National": 9.51164538167525, "Lady": 8.239667848235255, "singalong": 8.051659556841953, "chats": 8.051659556841953, "Immersive": 8.051659556841953, "Upstart": 8.051659556841953, "Mockingbird": 8.051659556841953, "Felton": 8.051659556841953, "Mandip": 8.051659556841953, "Romilly": 8.051659556841953, "Swainsbury": 8.051659556841953, "2:22": 8.051659556841953, "Score/New": 8.051659556841953, "Orchestrations": 8.051659556841953, "Kathleen": 8.051659556841953, "Trafalgar": 7.358512376282008, "Attenborough": 7.358512376282008, "Legally": 7.358512376282008, "Covent": 7.358512376282008, "Gunpowder": 7.358512376282008, "Curtain": 7.358512376282008, "Totoro": 7.358512376282008, "'Purple": 7.358512376282008, "Room": 7.016729549143899, "Mousetrap": 6.953047268173844, "Beatriz": 6.953047268173844, "Lizzie": 6.953047268173844, "Bea": 6.953047268173844, "Goes": 6.7953984133688605, "The": 6.713730838367701, "Minchin": 6.665365195722063, "Matilda": 6.665365195722063, "Broom": 6.665365195722063, "Megamix": 6.665365195722063, "Crow": 6.665365195722063, "starring": 6.665365195722063, "medley": 6.665365195722063, "From": 6.555574499725971, "Blonde": 6.442221644407853, "Neighbour": 6.442221644407853, "interviews": 6.442221644407853, "Awakening": 6.442221644407853, "Choreographer": 6.442221644407853, "the": 6.430935800592859, "Evan": 6.259900087613898, "Gallery": 6.259900087613898, "Gill": 6.259900087613898, "Marley": 6.259900087613898, "My": 6.135953135718714, "Hansen": 6.10574940778664, "Led": 6.10574940778664, "Turner": 5.854434979505734, "Dressing": 5.854434979505734, "Orchestra": 5.749074463847908, "It": 5.741797508267158, "hits": 5.653764284043583, "Marshall": 5.653764284043583, "Night": 5.619825083564622, "Theatre": 5.566752907053953, "mean": 5.486710199380417, "Plot": 5.486710199380417, "Mitchell": 5.486710199380417, "Wardrobe": 5.412602227226695, "top": 5.343609355739743, "Play": 5.297964349939348, "Square": 5.279070834602172, "Opera": 5.279070834602172, "Tina": 5.279070834602172, "musical": 5.218446212785738, "Longest": 5.218446212785738, "cast": 5.1072205776755135, "wins": 5.1072205776755135, "Shorts": 5.076461621353943, "Witch": 5.0559272832879625, "Anything": 4.916165340912804, "Act": 4.873605726494008, "Interviews": 4.832783731973753, "Dear": 4.793563018820471, "talks": 4.793563018820471, "Pride": 4.793563018820471, "team": 4.755822690837625, "Concert": 4.7194550466667495, "performance": 4.7194550466667495, "Creative": 4.684363726855479, "Press": 4.585923654042227, "Peppa": 4.555151995375473, "Lion": 4.555151995375473, "trailer": 4.555151995375473, "scenes": 4.525299032225792, "Running": 4.525299032225792, "ready": 4.49631149535254, "Stand": 4.49631149535254, "Spring": 4.49631149535254, "movie": 4.440741644197729, "Kill": 4.414073397115568, "Garden": 4.290459441148391, "win": 4.290459441148391, "Bob": 4.267469922923692, "Tips": 4.244997067071634, "Netflix": 4.201511955131895, "Beauty": 4.201511955131895, "Beast": 4.180458545934062, "Pig": 4.159839258731327, "in": 4.149118657767523, "Tim": 4.119833924117628, ":": 4.1080421055532685, "Sam": 4.100415838260526, "English": 3.924525171796862, "Best": 3.9161795735936358, "music": 3.9085248304504208, "Cast": 3.832151851665847, "does": 3.788979679800638, "Original": 3.788979679800638, "Sister": 3.7475944636377836, "Week": 3.734171443305643, "Ghost": 3.7078541349882697, "Animals": 3.6572104021695147, "show": 3.6572104021695147, "Call": 3.6572104021695147, "Getting": 3.597312260588446, "Tom": 3.5857514381873696, "Opening": 3.5190600636886975, "Future": 3.5190600636886975, "Interview": 3.4977826652414126, "David": 3.4873113653741172, "Wrong": 3.4464893708538624, "Meet": 3.369528329717734, "Summer": 3.315461108447458, "Scenes": 3.1918471524802814, "Teaser": 3.146384778403524, "Never": 3.074925814421379, "Behind": 3.021221635449518, "Party": 2.945714082941373, "After": 2.92176084191888, "new": 2.9041650800285006, "Our": 2.881175561803802, "To": 2.849883615185858, "about": 2.809912541782311, "and": 2.733619541222385, "Back": 2.5878277518163437, "Top": 2.562721830685267, "His": 2.550401346297227, "Story": 2.52223046933053, "for": 2.485240501597948, "Kids": 2.4719297308557313, "Get": 2.464410898441704, "That": 2.413304887508208, "And": 2.3150872593627616, "with": 2.2838125503942868, "First": 2.228613661358935, "Part": 2.228613661358935, "Up": 2.1880283812438566, "&": 2.159833761346463, "Life": 2.151762203259462, "World": 1.9513406048218895, "to": 1.9315161849526852, "#": 1.9198348834936012, "from": 1.9117750046156983, "a": 1.8447240158251612, "of": 1.7940883998565813, ",": 1.783882403158719, "A": 1.7816273003553091, "'": 1.7508737621787096, "What": 1.7381115105648584, "On": 1.7255100836868542, "!": 1.7023071950782918, "'s": 1.6479941162265974, "at": 1.6091193903737548, "5": 1.5280972506924413, "on": 1.2638145745323741, "-": 1.086841564326581, "I": 1.0828091785000056, "2": 0.9159722098138096, "?": 0.6695351911044409, "(": 0.6577812667341976, ")": 0.656552010279468}