{"Furtick": 160.64720295849, "Steven": 109.34821580925927, "stevenfurtick": 72.29124133132049, "God": 24.72202285497813, "shorts": 20.974659523049127, "|": 16.064925402623974, "You": 13.272322866779902, "Situation": 11.45955010986091, "Your": 10.973148503792803, "#": 10.175457966489557, "n't": 9.693951889396823, "To": 8.93068981415825, "Do": 8.264853635203233, "what": 8.098924063977393, "weatherman": 8.0323601479245, "Define": 8.0323601479245, "Scrolling": 8.0323601479245, "Unbelief": 8.0323601479245, "magnify": 8.0323601479245, "relationshipadvice": 8.0323601479245, "trusting": 8.0323601479245, "Complain": 8.0323601479245, ".": 7.9851397561057285, "It": 7.902304538783503, "Are": 7.59330581213932, "Stop": 7.351302642469817, "Breakthrough": 7.339212967364555, "worried": 7.339212967364555, "Remains": 7.339212967364555, "hears": 7.339212967364555, "cries": 7.339212967364555, "Need": 7.227039080255805, "your": 7.150157729289884, "matter": 6.933747859256391, "Grip": 6.933747859256391, "Misery": 6.933747859256391, "Safest": 6.933747859256391, "Causes": 6.64606578680461, "Desperate": 6.64606578680461, "Disappointed": 6.64606578680461, "stopped": 6.64606578680461, "Promise": 6.64606578680461, "If": 6.2690406959471785, "Okay": 6.240600678696445, "meditation": 6.240600678696445, "Prayer": 6.086449998869187, "Listening": 6.086449998869187, "Judge": 5.952918606244665, "you": 5.871042350507449, "Let": 5.828732671015491, "Is": 5.8163711336380945, "Emotions": 5.729775054930455, "crying": 5.63446487512613, "pain": 5.5474534981365, "Enemy": 5.5474534981365, "already": 5.5474534981365, "\ud83d\ude34": 5.467410790462964, "Block": 5.467410790462964, "Faith": 5.467410790462964, "Confidence": 5.467410790462964, "Rest": 5.393302818309242, "choose": 5.393302818309242, "control": 5.32430994682229, "out": 5.2325194914401605, "Enough": 5.141988390028335, "Plans": 5.0366278743705095, "name": 4.987837710201077, "Hope": 4.941317694566185, "Release": 4.896865931995351, "Works": 4.896865931995351, "gone": 4.896865931995351, "always": 4.774263609903018, "Past": 4.774263609903018, "Problem": 4.774263609903018, "wanted": 4.736523281920172, "Anxiety": 4.736523281920172, "Why": 4.677256018243601, "Yet": 4.5983729434393545, "How": 4.579728263388815, "Looking": 4.53585258645802, "Place": 4.53585258645802, "Wish": 4.394773988198114, "working": 4.343480693810564, "Breaking": 4.294690529641132, "Tell": 4.294690529641132, "Am": 4.248170514006239, "Gone": 4.140539849813874, "Attack": 4.120337142496354, "Feel": 4.120337142496354, "Keep": 4.100534515200175, "I": 4.091804860863454, "Through": 4.02502696269203, "Truth": 4.007008457189351, "The": 3.9801040258507836, "Find": 3.921486283751189, "Death": 3.9052257628794087, "Under": 3.889225421532968, "This": 3.8685717315165205, "'ll": 3.857972878028863, "people": 3.827667528533534, "does": 3.769680270883185, "Perfect": 3.755694028908445, "Want": 3.7419007067761094, "News": 3.7016268076381693, "For": 3.7005504824157374, "if": 3.589708891434184, "Would": 3.5664520292699167, "know": 3.5664520292699167, "they": 3.5437237781923607, "Hours": 3.4680119564566643, "Going": 3.4680119564566643, "What": 3.335218782145178, "Know": 3.2961616995300047, "'ve": 3.2365696023277595, "Does": 3.180329884004883, "They": 3.1420110197027467, "over": 3.1345203479735892, "'re": 3.1051064627672957, "He": 3.021724853828245, "?": 2.9816616578632598, "So": 2.963455945704269, "into": 2.920372359567957, "Have": 2.795918185094551, "Be": 2.7593605893607536, "Not": 2.7340427813764636, "Will": 2.7240924505232957, "About": 2.719154168882713, "about": 2.6524627943840406, "be": 2.6432884181079994, "Make": 2.5899424374027067, "One": 2.5270286119921375, "From": 2.365933459812068, "Me": 1.9826266926925427, "'s": 1.959278197384355, "On": 1.8946330938382663, "``": 1.7482259868536985, "''": 1.7224418696979837, "In": 1.5724556935469656, "is": 1.4216641032067412, "My": 1.3705054073791894, ":": 1.086346156825273, "of": 0.9770473045847486, "to": 0.9151546447601561, "a": 0.8903235732176977, "A": 0.8215416944522801, "(": 0.7447995076147765, ")": 0.7298637241971746, ",": 0.5951537810532077}