{"mykull": 16.064720295849, "cRAEzy": 8.0323601479245, "lewd": 8.0323601479245, "gartic": 8.0323601479245, "mikey": 8.0323601479245, "crackquiao": 8.0323601479245, "indecency": 8.0323601479245, "\ud83c\udf46": 8.0323601479245, "janjan": 8.0323601479245, "arc": 8.0323601479245, "ludwig": 8.0323601479245, "psychos": 8.0323601479245, "maidens": 8.0323601479245, "dumpy": 8.0323601479245, "gawk": 8.0323601479245, "buff": 8.0323601479245, "gamers": 8.0323601479245, "wordle": 8.0323601479245, "gimmi": 8.0323601479245, "beanboozled": 8.0323601479245, "lookin": 7.339212967364555, "canceled": 7.339212967364555, "naughty": 7.339212967364555, "g": 6.933747859256391, "abs": 6.933747859256391, "roasting": 6.933747859256391, "effect": 6.933747859256391, "gamer": 6.933747859256391, "shake": 6.64606578680461, "boxing": 6.64606578680461, "joke": 6.64606578680461, "addiction": 6.64606578680461, "roll": 6.4229222354904, "toast": 6.4229222354904, "siblings": 6.4229222354904, "god": 6.4229222354904, "bro": 6.240600678696445, "carpet": 6.240600678696445, "crash": 6.240600678696445, "revenge": 6.086449998869187, "i": 6.0702957483207705, "crime": 5.835135570588281, "bread": 5.729775054930455, "is": 5.686656412826965, "dating": 5.63446487512613, "doe": 5.63446487512613, "kiss": 5.5474534981365, "relationship": 5.393302818309242, "event": 5.259771425684719, "hacks": 5.08792116875806, "quick": 5.0366278743705095, "perfect": 5.0366278743705095, "leave": 5.0366278743705095, "dat": 4.941317694566185, "gym": 4.8134843230563, "phone": 4.774263609903018, "red": 4.774263609903018, "ya": 4.665064317938026, "done": 4.665064317938026, "cut": 4.631162766262345, "cute": 4.53585258645802, "ca": 4.343480693810564, "believe": 4.343480693810564, "she": 3.812852442748394, "their": 3.755694028908445, "house": 3.6756513212349087, "why": 3.555023333446294, "\ud83d\udd25": 3.5437237781923607, "he": 3.52150064140765, "when": 3.427189961936409, "'ve": 3.2365696023277595, "so": 3.0765330903232395, "?": 2.9816616578632598, "like": 2.8618761528863486, "time": 2.8505765976324153, "no": 2.817424390315515, "or": 2.7044839791349196, "what": 2.699641354659131, "the": 2.65676390541559, "this": 2.1407159360987293, "'": 2.079116813636716, "it": 2.0739354548947184, "s": 2.0713548083012268, "*": 2.05094593667002, "'s": 1.959278197384355, "you": 1.9570141168358164, "n't": 1.9387903778793647, "on": 1.3990417146441236, ".": 1.140734250872247, "to": 0.9151546447601561, "a": 0.8903235732176977, ",": 0.5951537810532077}