{"Rank": 24.96240271478578, "Shroud": 22.017638902093665, "NiKo": 16.064720295849, "ELeague": 16.064720295849, "Predicts": 12.8458444709808, "CSGO": 12.48120135739289, "CS": 12.172899997738375, "Hype": 11.90583721248933, "Major": 9.70861263515311, "Results": 9.548527219806036, "Faceit": 8.0323601479245, "16-0": 8.0323601479245, "Ropz": 8.0323601479245, "CLG": 8.0323601479245, "FREAKAZOID": 8.0323601479245, "Nexa": 8.0323601479245, "Honourary": 8.0323601479245, "Gares": 8.0323601479245, "SexTage": 8.0323601479245, "Brax": 8.0323601479245, "IEM": 8.0323601479245, "NiP": 8.0323601479245, "S-OUTH": 8.0323601479245, "Thooorin": 8.0323601479245, "TSM": 8.0323601479245, "OpTic": 8.0323601479245, "S-AM": 8.0323601479245, "'DaZeD": 8.0323601479245, "Counterstrike": 8.0323601479245, "Globally": 8.0323601479245, "Echofox": 8.0323601479245, "S-ALT": 8.0323601479245, "kennyS": 8.0323601479245, "S-TEEL": 8.0323601479245, "Attended": 7.339212967364555, "VP": 7.339212967364555, "Troubles": 7.339212967364555, "LAN": 7.339212967364555, "MARINE": 7.339212967364555, "King": 7.275821986504123, "Dog": 7.156025703341985, "Nifty": 6.933747859256391, "Slump": 6.64606578680461, "Competitive": 6.64606578680461, "Australians": 6.4229222354904, "Retirement": 6.240600678696445, "Swedish": 6.240600678696445, "Inspirational": 6.086449998869187, "Cloud": 5.835135570588281, "FaZe": 5.835135570588281, "Arcade": 5.835135570588281, "Things": 5.735148348001973, "Wonder": 5.729775054930455, "AMERICA": 5.729775054930455, "Crown": 5.63446487512613, "Everybody": 5.63446487512613, "Roasted": 5.63446487512613, "Since": 5.32430994682229, "Sean": 5.199146803868285, "Loves": 5.199146803868285, "'s": 4.898195493460888, "The": 4.77612483102094, "Community": 4.736523281920172, "Anniversary": 4.665064317938026, "Message": 4.631162766262345, "Gaming": 4.53585258645802, "Sydney": 4.44884120946839, "Plan": 4.394773988198114, "Stream": 4.343480693810564, "Fans": 4.343480693810564, "Performance": 4.120337142496354, "Reacts": 4.02502696269203, "Right": 4.02502696269203, "Happened": 3.98930888008995, "Finally": 3.954822704018781, "Video": 3.8821005316936046, "Boy": 3.827667528533534, "-": 3.812469271820919, "GO": 3.755694028908445, "NA": 3.662912295457479, "Gets": 3.5437237781923607, "Now": 3.4784832563239596, "Edition": 3.4680119564566643, "New": 3.311266400051747, ":": 3.259038470475819, "Just": 3.1420110197027467, "Show": 3.055626405503926, "His": 2.9509557829400372, "Have": 2.795918185094551, "Family": 2.699641354659131, "Back": 2.6663841329026488, "That": 2.5643000067893693, "9": 2.55589659599299, "VS": 2.456411044778184, "'": 2.079116813636716, "It": 1.9755761346958758, "On": 1.8946330938382663, "a": 1.7806471464353955, "at": 1.6832211565447024, "To": 1.4884483023597082, "is": 1.4216641032067412, "for": 1.2377735670480012, "and": 1.0103837248523406, ",": 0.5951537810532077}