{"CAA": 89.82030401637634, "UK": 40.37633273235642, "LAA": 30.409605342663273, "Drone": 29.807477050656846, "Registration": 23.97185369292687, "DRONE": 19.076751966438408, "questions": 18.631849425997512, "2018": 15.242622220326387, "registration": 15.204802671331636, "most-asked": 15.204802671331636, "drone": 13.032914392933009, "MAVIC": 11.985926846463435, "COMING": 11.621283732875526, "any": 11.454635105242671, "EXCLUSIVE": 11.31298237322101, "Parrot": 11.045919587971964, "weekend": 10.810353516659198, "interview": 9.788702269127217, "Show": 9.587046265204696, "Live": 9.506618647810468, "Exclusive": 8.767051021595234, "Share": 8.767051021595234, "Kitchen": 8.470211011358689, "THE": 7.8977641082694525, "Table": 7.827043763103764, "us": 7.682402439944512, "Registrations": 7.602401335665818, "CONSUMER": 7.602401335665818, "REGISTRATION": 7.602401335665818, "IWM": 7.602401335665818, "Duxford": 7.602401335665818, "\u00a316.50": 7.602401335665818, "flyers": 7.602401335665818, "Matrice": 7.602401335665818, "GROUNDED": 7.602401335665818, "tickets": 7.602401335665818, "SYWELL": 7.602401335665818, "VENUE": 7.602401335665818, "NEAR": 7.602401335665818, "anafi": 7.602401335665818, "Baroness": 7.602401335665818, "Sugg": 7.602401335665818, "LAWS": 7.602401335665818, "Anafi": 7.602401335665818, "YUNEEC": 7.602401335665818, "FRIENDS": 6.909254155105873, "REUNITED": 6.909254155105873, "chats": 6.909254155105873, "\u00a34,000": 6.909254155105873, "prizes": 6.909254155105873, "closes": 6.909254155105873, "SHARE": 6.909254155105873, "Packing": 6.909254155105873, "Q": 6.825493187278785, "DJI": 6.765787260979423, "BUYER": 6.503789046997708, "speaks": 6.503789046997708, "DISAPPOINTMENT": 6.503789046997708, "From": 6.2189167444631845, "DRONES": 6.216106974545927, "Because": 6.216106974545927, "28th": 6.216106974545927, "FLY": 5.992963423231718, "Inspire": 5.992963423231718, "Fault": 5.992963423231718, "Enter": 5.992963423231718, "competition": 5.992963423231718, "ZOOM": 5.992963423231718, "THERE": 5.810641866437763, "BEWARE": 5.810641866437763, "ask": 5.810641866437763, "Mantis": 5.810641866437763, "drones": 5.656491186610505, "at": 5.631983778244583, "BUT": 5.522959793985982, "announced": 5.522959793985982, "join": 5.522959793985982, "kitchen": 5.522959793985982, "Simon": 5.405176758329599, "the": 5.3450653822518435, "SHOW": 5.299816242671772, "details": 5.2045060628674475, "FIXED": 5.2045060628674475, "Needed": 5.2045060628674475, "Brother": 5.2045060628674475, "Rally": 5.2045060628674475, "AN": 5.117494685877818, "BBC": 4.963344006050559, "available": 4.963344006050559, "WIN": 4.894351134563609, "soon": 4.894351134563609, "with": 4.846888528735915, "tell": 4.829812613426037, "IDEA": 4.829812613426037, "thoughts": 4.829812613426037, "Phantom": 4.769187991609602, "table": 4.769187991609602, "Tech": 4.6383952138556594, "October": 4.606669062111827, "November": 4.557878897942396, "live": 4.306564469661489, "AIR": 4.2351055056793445, "this": 4.2022862502421825, "York": 4.201203954003663, "many": 4.168414131180672, "want": 4.047053274176404, "series": 4.018882397209708, "MINI": 3.991483423021594, "big": 3.991483423021594, "WHAT": 3.991483423021594, "Come": 3.938839689536172, "'ll": 3.913521881551882, "Photography": 3.913521881551882, "'S": 3.86473171738245, "Air": 3.851295066795073, "The": 3.835268098773484, "WITH": 3.818211701747557, "NOW": 3.7957388458954986, "A": 3.782699245949707, "Final": 3.731200324757927, "Stand": 3.7105810375551918, "you": 3.65569958024282, "need": 3.6511576170843907, "good": 3.541958325119399, "your": 3.4832302243999047, "REVIEW": 3.4752669506207265, "is": 3.4463290103193804, "FOR": 3.4435182523061463, "NOT": 3.428014065770181, "-": 3.4275441272721956, "back": 3.4127465936393926, "IS": 3.3828936304897117, "life": 3.368294831068559, "just": 3.3539060936164593, "now": 3.325735216649763, "DO": 3.2983362424616485, "YOU": 3.2849132221295076, "Demo": 3.271667995379487, "but": 3.1956820884015653, "Event": 3.1480540394123104, "200": 3.125064521187612, "&": 3.086108404078555, "*": 2.977428522381547, "have": 2.9389622415537513, "TO": 2.9389622415537513, "2019": 2.9202701085415987, "what": 2.901920969873402, "we": 2.8928711343534843, "@": 2.8066107900690773, "PRO": 2.7983802909325615, "!": 2.7955087624534256, "about": 2.6897464499297663, "?": 2.6679951084954707, "Battery": 2.565448733252189, "Big": 2.527227520431991, "New": 2.510024252019616, "NEW": 2.3191976069278297, "for": 2.317822794460179, "do": 2.2941336382646136, "We": 2.2552938049483497, ".": 1.951367172833587, "+": 1.8434995617885377, "to": 1.798007630638069, "it": 1.7444681811823588, "2": 1.6540704894588536, "'s": 1.6358885460563495, "...": 1.6034647737191352, "from": 1.3798250675944497, "5": 1.1503523812285923, "|": 0.9495383063124713, "3": 0.943107415982181, "How": 0.8761679333070715, ",": 0.7757938430293492, "in": 0.6699534440933097, ":": 0.6186113704076835, "and": 0.5938961535835382, "a": 0.5875869843902733}