{"Maroc": 106.72154172549695, "Orange": 92.02884520059004, "T\u00e9moignage": 62.46333303141127, "Digital": 52.397336103232846, "Center": 40.79893142259359, "ILoveYo": 31.231666515705633, ":": 25.294284026528295, "\u062e\u0644\u0635": 23.423749886779227, "\u0641\u0627\u062a\u0648\u0631\u062a\u0643": 23.423749886779227, "Comp\u00e9tition": 23.423749886779227, "SuperCodeursAcademy": 23.423749886779227, "Yoxo": 23.423749886779227, "de": 18.227900331319884, "\u0623\u0648\u0631\u0646\u062c": 15.615833257852817, "vers": 15.615833257852817, "jour": 14.229538896732926, "finale": 14.229538896732926, "et": 10.070655813373255, "\u0645\u0639": 8.684361452253365, "%": 8.142499284358937, "accompagne": 7.807916628926408, "leur": 7.807916628926408, "digitale": 7.807916628926408, "Microlabs": 7.807916628926408, "Waikiki": 7.807916628926408, "Heetch": 7.807916628926408, "Glovo": 7.807916628926408, "\u0645\u0648\u0637\u0648\u0631": 7.807916628926408, "MicroLab": 7.807916628926408, "\ud83e\udde1\u0639\u0627\u062c\u0644": 7.807916628926408, "\ud83e\udd41\ud83e\udd41\ud83e\udd41": 7.807916628926408, "\u0645\u062d\u0628\u0648\u0628\u0629": 7.807916628926408, "\u0627\u0644\u062c\u0645\u0627\u0647\u064a\u0631": 7.807916628926408, "\u0631\u062c\u0639\u0627\u0627\u0627\u062a": 7.807916628926408, "\u0627\u0644\u0625\u0642\u062a\u0637\u0627\u0639": 7.807916628926408, "\u0627\u0644\u0623\u0637\u0648\u0645\u0627\u062a\u064a\u0643\u064a": 7.807916628926408, "\u0641\u0623\u064a": 7.807916628926408, "\u0648\u0643\u0627\u0644\u0629": 7.807916628926408, "duos": 7.807916628926408, "gagnants": 7.807916628926408, "Attary": 7.807916628926408, "Achraf": 7.807916628926408, "Hadi": 7.807916628926408, "Soufiane": 7.807916628926408, "Ouchach": 7.807916628926408, "Loubna": 7.807916628926408, "Attar": 7.807916628926408, "Kenza": 7.807916628926408, "Maache": 7.807916628926408, "Amine": 7.807916628926408, "Nouss": 7.807916628926408, "Nouhaila": 7.807916628926408, "Marrak": 7.807916628926408, "Asmae": 7.807916628926408, "Et-tanany": 7.807916628926408, "Hassan": 7.807916628926408, "Chrigui": 7.807916628926408, "Samy": 7.807916628926408, "Aderdor": 7.807916628926408, "Mouad": 7.807916628926408, "Gloire": 7.807916628926408, "Belem": 7.807916628926408, "Bekoutou": 7.807916628926408, "Zaky": 7.807916628926408, "Chaimae": 7.807916628926408, "\u0633\u062e\u0627\u0648\u0629": 7.807916628926408, "\u0627\u0644\u0631\u0648\u0634\u0627\u0631\u062c": 7.807916628926408, "X25": 7.807916628926408, "rebours": 7.807916628926408, "TotalEnergies": 7.807916628926408, "f\u00e9minine": 7.807916628926408, "\u0644\u0647\u0636\u0631\u0629": 7.807916628926408, "Bin\u00f4mes": 7.807916628926408, "qualifi\u00e9s": 7.807916628926408, "Optique": 7.807916628926408, "100": 7.297914663726731, "professionnels": 7.114769448366463, "\u0644\u0644\u0631\u0628\u062d": 7.114769448366463, "\u0637\u0631\u064a\u0642": 7.114769448366463, "2\u00e8me": 7.114769448366463, "compte": 7.114769448366463, "1er": 7.114769448366463, "Fibre": 7.114769448366463, "LC": 6.709304340258298, "\u0628\u0644\u0627": 6.421622267806518, "\u062d\u0633\u0627\u0628": 6.421622267806518, "moi": 6.198478716492308, "FINALE": 6.198478716492308, "\u0646\u0647\u0627\u0631": 5.862006479871095, "VA": 5.610692051590189, "la": 5.581273584222968, "dans": 5.3230099791384085, "Solutions": 5.035327906686628, "Les": 4.974703284870192, "\u0639\u0646": 4.863477649759968, "\u00e0": 4.863477649759968, "les": 4.716874175568092, "\u0643\u0644": 4.672422412997259, "Le": 4.311409067459929, "\u0639\u0644\u0649": 4.281556104310247, "transformation": 4.170330469200023, "King": 4.023726995008147, "*": 4.017647948931765, "Burger": 3.730379185020689, "El": 3.618261886899983, "La": 3.1731876406967725, "#": 2.764154959187694, "LA": 2.6317668963525795, "Can": 2.2985282922984314, "-": 2.0071488869426544, "6": 1.8392090689410427, "&": 1.7582424109138786, "2022": 1.5540878173509354, "10": 1.3798113562418124, "1": 1.148622709242771, "3": 1.0556462527846664, "!": 1.033660750219163}