{"\u2705\ufe0f": 156.15833257852816, "Model": 55.11401865225925, "Knitting": 37.19087229895385, "Vest": 36.09694295819013, "Booties": 31.231666515705633, "Knit": 27.05010678064019, "Fiber": 24.064628638793415, "Dowry": 23.423749886779227, "Very": 21.02310921433343, "Models": 20.97186908585949, "Robe": 19.26486680341955, "Baby": 17.28397766261522, "Blanket": 16.83207615477057, "Years": 15.914719078210686, "Making": 15.839174291127922, "Skewered": 15.615833257852817, "Row": 14.229538896732926, "Stylish": 14.150622526704277, "Continue": 13.418608680516597, "Collar": 13.418608680516597, "Shawl": 12.843244535613035, "Seasonal": 12.032314319396708, "Long": 11.823545460027166, "Keychain": 11.72401295974219, "Start": 10.678264160631148, "Old": 10.641688608451823, "Women": 10.63571025565528, "Set": 9.991739443344606, "Pattern": 9.835089742060488, "Crochet": 9.624368710744834, "Easy": 9.267110198008709, "Single": 8.238074349624945, "Easiest": 8.14049402128608, "Will": 8.12415060330663, "It": 7.880744727041874, "Model\u2705\ufe0f": 7.807916628926408, "Progressing": 7.807916628926408, "Breaker": 7.807916628926408, "Mercerized": 7.807916628926408, "\u2705\ufe0fPopcorn": 7.807916628926408, "3-Color": 7.807916628926408, "\u2705\ufe0fCollar": 7.807916628926408, "\u2705\ufe0fLeaf": 7.807916628926408, "\u2705\ufe0fChildren": 7.807916628926408, "Roba": 7.807916628926408, "\u2705\ufe0fAmigurumi": 7.807916628926408, "\u2705\ufe0fKnitted": 7.807916628926408, "\u2705\ufe0fCactus": 7.807916628926408, "\u2705\ufe0fTwo": 7.807916628926408, "\u2705\ufe0fBaby": 7.807916628926408, "\u2705\ufe0fEyelash": 7.807916628926408, "\u2705\ufe0fDowry": 7.807916628926408, "\u2705\ufe0f\u00dczerinizde": 7.807916628926408, "\u015e\u0131k": 7.807916628926408, "Duracak": 7.807916628926408, "\u2705\ufe0f\u0130ki": 7.807916628926408, "Y\u0131ld\u0131z": 7.807916628926408, "\u2705\ufe0fBayan": 7.807916628926408, "Yelek": 7.807916628926408, "\u2705\ufe0fEtol": 7.807916628926408, "\u015eal": 7.807916628926408, "\u2705\ufe0fBebek": 7.807916628926408, "Battaniye": 7.807916628926408, "Thessaloniki": 7.807916628926408, "\u2705\ufe0fHow": 7.807916628926408, "Amigrumi": 7.807916628926408, "One": 7.698508841600299, "Look": 7.498946794575611, "New": 7.3377866259932825, "Frilly": 7.114769448366463, "Oya": 7.114769448366463, "Befits": 7.114769448366463, "Openwork": 7.114769448366463, "Fibers": 7.114769448366463, "Modeli": 7.114769448366463, "Two": 6.802394763324311, "Crocheted": 6.709304340258298, "Enjoyable": 6.709304340258298, "\u015ei\u015f": 6.709304340258298, "\u00d6rg\u00fc": 6.709304340258298, "Loved": 6.421622267806518, "Gilded": 6.421622267806518, "2-3": 6.421622267806518, "-3": 6.421622267806518, "knitting": 6.198478716492308, "Knitted": 6.198478716492308, "Those": 6.198478716492308, "Holders": 6.198478716492308, "Shabby": 6.198478716492308, "Accordion": 6.198478716492308, "Baklava": 6.198478716492308, "Triangle": 6.198478716492308, "Description": 6.198478716492308, "Patterns": 6.016157159698354, "Teddy": 6.016157159698354, "Grain": 5.862006479871095, "Magnet": 5.862006479871095, "Born": 5.728475087246572, "\u00c7ok": 5.728475087246572, "Writing": 5.610692051590189, "Embroidery": 5.5053315359323625, "Needle": 5.410021356128038, "Sweater": 5.410021356128038, "Quickly": 5.3230099791384085, "Figure": 5.3230099791384085, "Cactus": 5.3230099791384085, "Detailed": 5.3230099791384085, "Slice": 5.1688592993111495, "Children": 5.1688592993111495, "pattern": 5.099866427824199, "Rope": 5.099866427824199, "Child": 5.099866427824199, "\u2705": 5.035327906686628, "Trendy": 4.974703284870192, "flower": 4.917544871030244, "Record": 4.863477649759968, "'s": 4.773087678701652, "Balloon": 4.763394191202986, "Order": 4.763394191202986, "Square": 4.763394191202986, "Decoration": 4.716874175568092, "Leaf": 4.672422412997259, "You": 4.582562369898641, "Seen": 4.549820090904927, "Pearl": 4.549820090904927, "Bear": 4.549820090904927, "Cherry": 4.440620798939935, "Technique": 4.406719247264253, "Months": 4.373929424441262, "Bridal": 4.311409067459929, "Hour": 4.311409067459929, "Summer": 4.282979881627953, "bag": 4.281556104310247, "Starting": 4.196998716282184, "Team": 4.170330469200023, "End": 3.916096330815782, "On": 3.8772394315852683, "Again": 3.8760909962020826, "Clothes": 3.713572066704308, "in": 3.6987231426918337, "Strawberry": 3.6490335455667364, "love": 3.603224009535442, "Dress": 3.603224009535442, "Great": 3.603224009535442, "Rose": 3.603224009535442, "Beginner": 3.603224009535442, "Girls": 3.5594213868770495, "Minutes": 3.5174571877780174, "Who": 3.4771832886400773, "Heart": 3.438468776459387, "making": 3.3890760211298105, "Blue": 3.365265372436092, "-": 3.3452481449044242, "Day": 3.293418614462664, "Every": 3.2127967787918186, "3": 3.166938758353999, "Building": 3.153956278768885, "Color": 3.125785401802189, "Kids": 3.080528810214068, "will": 3.054326437820044, "Good": 3.003895584193152, "4": 2.967115333090195, "Need": 2.963729542467817, "Ice": 2.932719305725257, "Box": 2.6662530724237485, "That": 2.4655823769615974, "with": 2.458510340780451, "From": 2.1484344131667874, "Is": 2.1380357059458888, "/": 1.9357988394509926, "2": 1.8987031882700864, "to": 1.8359382073525181, "This": 1.823980348239218, "it": 1.8065017509652583, "Home": 1.7302743855773741, "The": 1.712288929054994, "from": 1.5833581996510486, "A": 1.564756628575776, "For": 1.5200580687646241, "10": 1.3798113562418124, "on": 1.2611312181658845, "a": 1.2526493686290872, "1": 1.148622709242771, "5": 1.0925332425917276, "of": 0.9203640572617908, "I": 0.8686626828849003, "the": 0.82970288629571, "for": 0.7788290647767465, "(": 0.7735286990109054, ")": 0.7526037855866569, "and": 0.6858567472972661, "&": 0.5860808036379596, ",": 0.44083956904539634}