{"meter": 69.72770239725315, "received": 65.9225976555489, "Amsterdam": 63.91706053081539, "beacon": 55.27403324084698, "antenna": 13.818508310211746, "MHz": 13.007578093995416, "10": 12.490139135192639, "radio": 10.599632485343545, "Philips": 8.211787548398677, "Radio": 7.636423403495114, "hamband": 7.602401335665818, "OE3XAC": 7.602401335665818, "paddlekey": 7.602401335665818, "N6ARA": 7.602401335665818, "7.055": 7.602401335665818, "18:13.30": 7.602401335665818, "fascinerende": 7.602401335665818, "fabrieksverhalen": 7.602401335665818, "fascinating": 7.602401335665818, "Exposition": 7.602401335665818, "F5ZWE": 7.602401335665818, "ST3": 7.602401335665818, "numberstation": 7.602401335665818, "Tomorrow\u00b4s": 7.602401335665818, "Numberstation": 7.602401335665818, "5.360.6": 7.602401335665818, "Hamradio": 7.602401335665818, "/Portable": 7.602401335665818, "Beatrixpark": 7.602401335665818, "BaMaTech": 7.602401335665818, "Morse-key": 7.602401335665818, "DB0UM": 7.602401335665818, "IW3FZQ": 7.602401335665818, "789A": 7.602401335665818, "LA5TEN": 7.602401335665818, "DL0IGI": 7.602401335665818, "DK0TEN": 7.602401335665818, "Sotabeams": 7.602401335665818, "Bandspringer": 7.602401335665818, "Midi": 7.602401335665818, "60m": 7.602401335665818, "longwire": 7.602401335665818, "LX0HF": 7.602401335665818, "SK5AE/B": 7.602401335665818, "Hamradiobeacon": 7.602401335665818, "ED4YAK/B": 7.602401335665818, "Rotterdams": 7.602401335665818, "OY6BEC": 7.602401335665818, "radiobeacon": 7.602401335665818, "Faroe": 7.602401335665818, "28.235": 7.602401335665818, "Endfed": 7.602401335665818, "OH2B": 7.602401335665818, "amateurband": 7.602401335665818, "Rotterdamse": 7.602401335665818, "overleden": 7.602401335665818, "14januari2019": 7.602401335665818, "Hemelsbreed": 7.602401335665818, "bedrijfsfilm": 7.602401335665818, "Impressie": 7.602401335665818, "Dag": 7.602401335665818, "Hamvention": 7.602401335665818, "in": 7.369487885026407, "GMT": 6.909254155105873, "dah": 6.909254155105873, "EHT": 6.909254155105873, "10m": 6.909254155105873, "islands": 6.909254155105873, "Beacon": 6.909254155105873, "NSF": 6.503789046997708, "1969": 6.503789046997708, "II": 6.319500158351004, "pirate": 6.216106974545927, "1940": 6.216106974545927, "Received": 6.216106974545927, "Pirate": 6.216106974545927, "WO": 6.216106974545927, "Bond": 5.992963423231718, "tv": 5.992963423231718, "Dutch": 5.992963423231718, "Repairing": 5.810641866437763, "on": 5.712733722470378, "dit": 5.656491186610505, "Sticky": 5.656491186610505, "Radar": 5.522959793985982, "RADIO": 5.522959793985982, "from": 5.519300270377799, "uit": 5.405176758329599, "factory": 5.299816242671772, "Amateur": 5.299816242671772, "stories": 5.2045060628674475, "NOS": 5.2045060628674475, "Museum": 5.037451978204281, "95": 5.037451978204281, "02": 4.963344006050559, "BBC": 4.963344006050559, "my": 4.731918745671738, "music": 4.657962356499378, "model": 4.606669062111827, "homemade": 4.606669062111827, "plastic": 4.511358882307502, "new": 4.445007964250718, "Horizon": 4.306564469661489, "Electronics": 4.201203954003663, "//": 4.105893774199338, "van": 4.076040811049657, "28": 4.047053274176404, "\u2018": 3.7957388458954986, "International": 3.7105810375551918, "James": 3.6903783302376723, "Ukraine": 3.613417289101544, "Unboxing": 3.6005659205775107, "60": 3.2585959138121345, "world": 3.2203747009919366, "40": 3.1364932170112345, "Over": 3.125064521187612, "2018": 3.0485244440652775, "Testing": 3.0276903571624354, "the": 2.969480767917691, "Project": 2.901920969873402, "-": 2.5706580954541467, "20": 2.4319173406276664, "'": 2.3294017771020714, "de": 2.199723953793539, "2021": 1.755962560608094, "My": 1.6916046916252911, "\u2019": 1.6159493303813806, "1": 1.0628153800481488, "2022": 1.0470444438551534, "with": 0.8078147547893193, "for": 0.7726075981533931, "a": 0.5875869843902733, "?": 0.4446658514159118, ",": 0.3878969215146746}