{"Cornejo": 205.47965569444662, "Arturo": 182.3288692300524, "Padre": 168.02575176460465, "MISA": 159.8175099845696, "HOY": 130.7053284010519, "\u2705": 117.88537227607125, "Junio": 102.01563499993854, "DE": 78.67616615458748, "de": 56.581252189884225, "Mayo": 45.315579754060195, "2022": 37.91213659323778, "mi\u00e9rcoles": 22.831072854938512, "martes": 22.831072854938512, "lunes": 22.831072854938512, "Homil\u00edas": 22.831072854938512, "s\u00e1bado": 22.831072854938512, "viernes": 22.831072854938512, "jueves": 22.831072854938512, "Resumen": 20.751631313258677, "domingo": 20.751631313258677, "Lecciones": 15.220715236625676, "B\u00edblicas": 15.220715236625676, "2\u00aa": 15.220715236625676, "-": 14.8714542632433, "Temporada": 13.023490659289456, "al": 11.155611960606633, "Caf\u00e9": 11.061832153266003, "\ud83d\udcda": 10.826266081953236, "del": 10.001074497890347, "DEL": 9.554288548513243, "ESCLAVITUD": 7.610357618312838, "ESCOGE": 7.610357618312838, "MOIS\u00c9S": 7.610357618312838, "\u00c9XODO": 7.610357618312838, "COMULGAR": 7.610357618312838, "\u2615": 7.610357618312838, "Cat\u00f3lico": 7.610357618312838, "\u2714\ufe0f": 7.610357618312838, "Se\u00f1ora": 7.610357618312838, "Viramontes": 7.610357618312838, "pierdan": 7.610357618312838, "cat\u00f3lico": 7.610357618312838, "estamos": 7.610357618312838, "poniendo": 7.610357618312838, "muros": 7.610357618312838, "ventanas": 7.610357618312838, "templo": 7.610357618312838, "SANTAS": 7.610357618312838, "PATRONAS": 7.610357618312838, "29": 7.607390257085036, "LA": 7.563432443647485, "PUEBLO": 6.9172104377528925, "VERDADERA": 6.9172104377528925, "quien": 6.9172104377528925, "debe": 6.9172104377528925, "ESPA\u00d1A": 6.9172104377528925, "Quien": 6.511745329644728, "Viva": 6.511745329644728, "Nuestra": 6.511745329644728, "Luz": 6.511745329644728, "nuestro": 6.511745329644728, "Gracias": 6.511745329644728, "no": 6.266041607669262, "ISRAEL": 6.224063257192947, "haciendo": 6.224063257192947, "y": 5.951257260166403, "DIOS": 5.8185981490847825, "Dios": 5.8185981490847825, "nuevo": 5.664447469257524, "HISTORIA": 5.530916076633002, "puede": 5.530916076633002, "hoy": 5.530916076633002, "30": 5.323195455869339, "desde": 5.125450968524837, "ya": 5.125450968524837, "12": 4.834801534845254, "31": 4.278153108137634, "28": 4.055009556823424, "Las": 3.921478164198901, "6": 3.901750805106433, "27": 3.7817162218237423, "26": 3.7391566074049467, "las": 3.6591138997314103, "Y": 3.6030244330803667, "se": 3.376251113715578, "23": 3.3618623762634785, "el": 3.2536487916232457, "14": 2.9098772525204213, "la": 2.9098772525204213, "13": 2.9008274170005035, "5": 2.7835149972422166, "en": 2.6977027325767855, "11": 2.683103933155633, "15": 2.535183803079011, "9": 2.395421860703852, "8": 2.2680233663480265, "7": 1.968450547374724, "...": 1.8420366225190652, "4": 1.5796723580515744, "10": 1.4726305642266033, "3": 1.225163219315112, ".": 1.141107301517065, "1": 1.138011323811937, "2": 1.0479135246191178, "A": 0.820260382798933, "a": 0.6711036722713294}