{"fortnite": 55.44151289426099, "minecraft": 38.45473330856499, "instantly": 21.11196145001034, "...": 18.394348166080487, "but": 15.425813091898158, "crab": 14.88557118288989, "i": 11.451732853764575, "water": 10.491122028217452, "kills": 10.08978063729315, "season": 9.27885042107682, "world": 8.150979522916943, "dream\u0337\u0324\u032c\u0349\u031e\u0302\u0308\u0301\u034b": 8.13593277200489, "pizzeria": 8.13593277200489, "bombshell": 8.13593277200489, "cube": 8.13593277200489, "mafia": 8.13593277200489, "foward": 8.13593277200489, "pearl": 8.13593277200489, "laughable": 8.13593277200489, "blackout": 8.13593277200489, "is": 8.006854412123017, "this": 7.766109523600872, "fever": 7.442785591444945, "ascended": 7.442785591444945, "texture": 7.442785591444945, "extended": 7.442785591444945, "trades": 7.442785591444945, "spooky": 7.442785591444945, "game": 7.256715211796006, "lobbies": 7.037320483336781, "manhunt": 6.749638410885, "budget": 6.749638410885, "fill": 6.749638410885, "beating": 6.52649485957079, "received": 6.52649485957079, "mob": 6.344173302776835, "seek": 6.344173302776835, "video": 6.224104502317228, "strategy": 6.190022622949577, "public": 6.190022622949577, "black": 6.190022622949577, "time": 6.172153529510707, "works": 6.056491230325054, "dying": 6.056491230325054, "a": 6.054469636067289, "you": 6.001103642769454, "so": 5.953754945580723, "bedwars": 5.9387081946686715, "cut": 5.9387081946686715, "ops": 5.9387081946686715, "hardest": 5.833347679010845, "among": 5.833347679010845, "quest": 5.833347679010845, "sword": 5.73803749920652, "hide": 5.73803749920652, "moving": 5.65102612221689, ",": 5.6465490675447185, "stuck": 5.570983414543353, "opened": 5.496875442389632, "subs": 5.496875442389632, "since": 5.42788257090268, "block": 5.42788257090268, "favorite": 5.42788257090268, "nutshell": 5.42788257090268, "dream": 5.245561014108726, "dont": 5.245561014108726, "squad": 5.245561014108726, "hate": 5.19149379283845, "miss": 5.19149379283845, "pack": 4.8400959060005615, "are": 4.8312419907949575, "impossible": 4.803728261829686, "watch": 4.701945567519744, "without": 4.63942521053841, "broken": 4.609572247388729, "music": 4.525014859360666, "while": 4.422360705300583, "secret": 4.351743138086629, "moments": 4.3072913755157956, "the": 4.263449309866434, "old": 4.244112473894264, "try": 4.165640858452769, "better": 4.110581081269741, "minutes": 3.9927980456133576, "in": 3.9771821038361583, "its": 3.946278029978465, "us": 3.9164250668287837, "my": 3.8627500188724, "win": 3.8592666529888353, "here": 3.8454733308564992, "every": 3.7664849195378687, "update": 3.6585959575266838, "played": 3.561221793501508, "just": 3.510959958720619, "10,000": 3.40854495329255, "ever": 3.3910006436416404, "one": 3.3910006436416404, "first": 3.3823425808985257, "best": 3.356809278893361, "play": 3.02998729810431, "has": 2.9826411775071113, "like": 2.9597830394310614, "made": 2.8784373999771087, "for": 2.8704033249141596, "have": 2.8680746129415624, "be": 2.693515061483097, "was": 2.571412364682197, "it": 1.9538478652882587, "to": 1.7862696984222697, "'s": 1.5351861713870187, "1": 1.4865705025665343, ".": 1.4792062478264987, "on": 1.3526075714009305, "4": 1.0601239080265037, "and": 1.0350808630608404, "5": 0.9505457564244738, "(": 0.8036229373531708, ")": 0.8036229373531708, ":": 0.7426696772410525}