{"Miitopia": 89.31342709733934, "Chadtronic": 48.81559663202934, "Maker": 42.03177182284647, "Levels": 32.74305203336272, "Missytronic": 32.54373108801956, "Super": 31.57469259432819, "Part": 31.427714793503604, "|": 27.23213735390337, "Mario": 25.142386680360712, "Resort": 21.71153028361072, "Shrek": 20.001754224302964, "HACKED": 18.93894156137094, "Viewer": 18.169473690975163, "Wii": 16.587794901762464, "Party": 16.34199160774654, "Sports": 16.301959045833886, "Spacehamster": 14.88557118288989, "ft.": 14.770746108564026, "Help": 8.99669322455701, "but": 8.814750338227519, "Zelda": 8.257199173544839, "Unheard": 8.13593277200489, "Isabelle": 8.13593277200489, "Frisbee": 8.13593277200489, "Cycling": 8.13593277200489, "Farquaad": 8.13593277200489, "Brutalmoose": 8.13593277200489, "it": 7.815391461153035, "(": 7.634417904855122, ")": 7.634417904855122, "PBG": 7.442785591444945, "BOG": 7.442785591444945, "Share": 7.037320483336781, "JEFF": 6.749638410885, "JUICE": 6.749638410885, "JUMPED": 6.749638410885, "Genie": 6.52649485957079, "Gorilla": 6.52649485957079, "Archery": 6.52649485957079, "Plateau": 6.52649485957079, "Amiibo": 6.344173302776835, "Rosalina": 6.190022622949577, "Spicy": 6.190022622949577, "Dramatic": 6.190022622949577, "Good": 6.185015310171288, "Eggman": 5.9387081946686715, "Pinball": 5.833347679010845, "Waluigi": 5.833347679010845, "Entrance": 5.833347679010845, "Spree": 5.833347679010845, "Shaggy": 5.65102612221689, "Mage": 5.496875442389632, "DK": 5.496875442389632, "Coin": 5.42788257090268, "Toad": 5.363344049765109, "Arthur": 5.363344049765109, "Having": 5.363344049765109, "Juice": 5.245561014108726, "&": 5.1895454023433905, "Smith": 5.140200498450899, "Festival": 5.140200498450899, "Shopping": 5.044890318646575, "Dr.": 5.044890318646575, "other": 4.957878941656944, "2": 4.948485228299763, "Temple": 4.803728261829686, "Bug": 4.768636942018416, "Join": 4.701945567519744, "BUG": 4.63942521053841, "'s": 4.605558514161056, "Crossing": 4.552413833548781, "Alone": 4.498346612278505, "Must": 4.472371125875244, "Luigi": 4.447053317890954, "Arcade": 4.223909766576744, "Golf": 4.2041071392805645, "Galaxy": 4.184689053423463, "Animal": 4.184689053423463, "PLAYING": 4.058395328099171, "!": 4.03240907532227, "WHY": 3.9927980456133576, "Stop": 3.9927980456133576, "Cat": 3.9615455021092534, "Egg": 3.901826267407631, "Collection": 3.8318676788007204, "TOO": 3.805199431718559, "#": 3.756984804682162, "Shadow": 3.753906137331009, "Actually": 3.7292135247406373, ":": 3.7133483862052623, "gets": 3.705115973161577, "Great": 3.592637989734887, "Try": 3.561221793501508, "the": 3.552874424888695, "HERE": 3.5012037837752548, "EVIL": 3.4724936778928233, "23": 3.3484410292228444, "ARE": 3.0001343349546286, "21": 2.9768774727903615, "18": 2.9155769469265658, "19": 2.8836593439582607, "as": 2.817812778160674, "17": 2.7746406062954656, "Not": 2.7652947438772277, "Us": 2.756035418464431, "WE": 2.7153977727326044, "Will": 2.680611656647189, "16": 2.667872630869759, "22": 2.655293848662899, "14": 2.541221392403051, "24": 2.490485874361653, "15": 2.4321502973486893, "13": 2.4221999664955214, "20": 2.4123476700525095, "Get": 2.37703099812761, "Time": 2.3069871543946836, "is": 2.287672689178005, "THIS": 2.079148758776266, "First": 2.0446228899271923, "We": 1.9896035143359931, "All": 1.9253326949802376, "a": 1.7298484674477967, "Is": 1.6902129526193121, "?": 1.5295500417975294, "3": 1.5288869535812266, "1": 1.4865705025665343, "To": 1.4550780932146754, "4": 1.0601239080265037, "...": 0.9681235876884466, "The": 0.9403586802863836, "of": 0.7899225620915981}