{"Caine": 60.819210685326546, "barn": 30.409605342663273, "Peter": 24.149063067130182, "Vampire": 17.978890269695153, "Breakfast": 16.969473559831513, "puppy": 13.818508310211746, "training": 11.985926846463435, "s": 11.09897218104111, "Bull": 9.926688012101119, "news": 9.788702269127217, "\u2019": 9.695695982288283, "Dog": 7.827043763103764, "Shiba": 7.602401335665818, "Inu": 7.602401335665818, "Mundane": 7.602401335665818, "Dogman": 7.602401335665818, "Vampiers": 7.602401335665818, "disgusting": 7.602401335665818, "caffeine": 7.602401335665818, "interview\u2026": 7.602401335665818, "Damien": 7.602401335665818, "Hurst": 7.602401335665818, "Wolfman": 6.909254155105873, "Territorial": 6.909254155105873, "Caffeine": 6.909254155105873, "Channel": 6.736589662137118, "Snail": 6.503789046997708, "Barn": 6.503789046997708, "ex": 6.503789046997708, "time": 6.440749401983873, "feed": 6.216106974545927, "Red": 6.183083658297936, "Destiny": 5.992963423231718, "Puppy": 5.810641866437763, "Wolf": 5.810641866437763, "wife": 5.522959793985982, "Cave": 5.299816242671772, "break": 5.2045060628674475, "stream": 4.963344006050559, "Hacked": 4.894351134563609, "needs": 4.829812613426037, "again": 4.606669062111827, "Friends": 4.557878897942396, "Zoom": 4.424347505317873, "things": 4.306564469661489, "Training": 4.168414131180672, "big": 3.991483423021594, "Women": 3.8888292689615103, "could": 3.75225373395576, "Problem": 3.6511576170843907, "Going": 3.6511576170843907, "change": 3.559350067831268, "Finally": 3.5248638917600985, "with": 3.231259019157277, "Control": 2.977428522381547, "Need": 2.9676723474361824, "first": 2.9580104365244457, "out": 2.857469207302568, "be": 2.6465742780645574, "how": 2.625667593245244, "Big": 2.527227520431991, "Life": 2.2990964276067425, "new": 2.222503982125359, "are": 2.1952295642056994, "Can": 1.9640466663320726, "you": 1.82784979012141, "My": 1.6916046916252911, "of": 1.4276577522009106, "to": 1.1986717537587126, "on": 0.9521222870783963, "'s": 0.8179442730281747, ",": 0.7757938430293492, "for": 0.7726075981533931, "The": 0.6392113497955807, "the": 0.5938961535835382, "a": 0.5875869843902733}