{"Siege": 97.54565668519078, "Six": 97.18593824888828, "Rainbow": 90.35360487389626, "Orchid": 16.27186554400978, "Q+A": 13.49927682177, "-": 12.890829545077182, "Buck": 12.68834660555367, "10k": 12.380045245899154, "Clancy": 10.993750884779264, "Clutch": 9.46947078068547, "Tom": 8.488224947788527, "NutE": 8.13593277200489, "Weebs": 8.13593277200489, "Roamer": 8.13593277200489, "Kapkan": 8.13593277200489, "Trapkan": 8.13593277200489, "CAMRS": 8.13593277200489, "Lesion": 8.13593277200489, "stairway": 8.13593277200489, "Six-12": 8.13593277200489, "ACOG": 8.13593277200489, "Blitzkrieg": 8.13593277200489, "Blood": 7.862480305227849, "Ice": 7.718533305977671, "Diamond": 7.610398863437118, "Flank": 7.442785591444945, "Weeb": 7.442785591444945, "Aggro": 7.442785591444945, "bang": 7.442785591444945, "ping": 7.442785591444945, "Sledge": 7.442785591444945, "Twitch": 7.434184328416585, "PS4": 7.101930586668637, "Jackal": 7.037320483336781, "heaven": 7.037320483336781, "sexy": 7.037320483336781, "anyway": 7.037320483336781, "Positioning": 7.037320483336781, "Roaming": 6.749638410885, "Ying": 6.749638410885, "Mute": 6.749638410885, "quite": 6.749638410885, "Clutches": 6.52649485957079, "Improving": 6.52649485957079, "Clever": 6.344173302776835, "feature": 6.190022622949577, "Noise": 6.056491230325054, "F2": 6.056491230325054, "enough": 6.056491230325054, "wall": 5.9387081946686715, "Deaths": 5.833347679010845, "FULL": 5.715636225548747, "GG": 5.65102612221689, "Monty": 5.65102612221689, "hacks": 5.65102612221689, "Blitz": 5.65102612221689, "anything": 5.65102612221689, "Black": 5.577650482574843, "Ultimate": 5.512070836928862, "Across": 5.496875442389632, "Ask": 5.496875442389632, "Sneaky": 5.42788257090268, "your": 5.421965509046975, "viewers": 5.363344049765109, "Ace": 5.19149379283845, "kills": 5.044890318646575, "said": 5.044890318646575, "Nerf": 5.044890318646575, "needs": 5.000438556075741, "4k": 4.957878941656944, "done": 4.91705694713669, "Flash": 4.8400959060005615, "right": 4.768636942018416, "love": 4.670196869205164, "Destruction": 4.670196869205164, "me": 4.573215984116063, "Turn": 4.552413833548781, "Subscriber": 4.525014859360666, "Fortnite": 4.516393980450503, "think": 4.329270282234571, "Subscribers": 4.329270282234571, "Set": 4.264731761096999, "map": 4.2041071392805645, "White": 4.165640858452769, "kill": 4.1285995867724194, "Operation": 4.09288150417034, "gameplay": 4.058395328099171, "off": 4.041588209782789, "GAME": 4.026879924981008, "Alpha": 3.9927980456133576, "been": 3.9770496886452187, "using": 3.9312401526139245, "over": 3.8318676788007204, "Smash": 3.7292135247406373, "know": 3.7292135247406373, "Gold": 3.6472964022727505, "Everyone": 3.6472964022727505, "0": 3.592637989734887, "Where": 3.5509652933343183, "Insane": 3.5509652933343183, "God": 3.435452406212474, "Opening": 3.3823425808985257, "Speed": 3.3156512063998536, "|": 3.267856482468404, "!": 3.2259272602578157, "Pack": 3.2086790868476855, "Special": 3.092507655085644, "'ve": 3.0119687926016314, "Pro": 2.9485469661641357, "have": 2.8680746129415624, "Who": 2.837615405456854, "League": 2.733255390132611, "to": 2.6794045476334043, "And": 2.6104798328731067, "Playing": 2.6104798328731067, "13": 2.4221999664955214, "an": 2.4221999664955214, "game": 2.4189050705986688, "I": 2.3794607480191337, "Get": 2.37703099812761, "The": 2.350896700715959, "Do": 2.292388354973531, "Can": 2.174927432381617, "the": 2.131724654933217, "you": 2.0003678809231515, "For": 1.9960482197786351, "this": 1.941527380900218, "n't": 1.8151644777543081, "'s": 1.5351861713870187, ":": 1.485339354482105, "How": 1.441370713483795, "for": 1.4352016624570798, "Game": 1.3778382675771597, "with": 1.3560108645326383, "on": 1.3526075714009305, "is": 1.1438363445890025, "and": 1.0350808630608404, "?": 1.0197000278650197, "(": 0.8036229373531708, ")": 0.8036229373531708, "2": 0.4948485228299763}