{"CANAL+kids": 152.20715236625676, "entier": 60.8828609465027, "Extrait": 45.662145709877024, "CANAL+Kids": 38.05178809156419, "Tuto": 30.44143047325135, "skate": 30.44143047325135, "Hym": 30.44143047325135, "``": 29.59579582540462, "''": 29.185131625613536, "Episode": 28.300045496924284, "avec": 25.227041304256502, "ELINOR": 22.831072854938512, "Charlotte": 22.657789877030098, "des": 22.161518939824457, "Le": 21.390765540688168, "ET": 18.672189771578843, "Chanson": 18.672189771578843, "LES": 17.45579444725435, "en": 16.18621639546071, "Mush-Mush": 15.220715236625676, "Bande-annonce": 15.220715236625676, "METEOHEROES": 15.220715236625676, "flamme": 15.220715236625676, "TOUT": 15.220715236625676, "SAVOIR": 15.220715236625676, "VIE": 15.220715236625676, "COMPLIQU\u00c9E": 15.220715236625676, "L\u00c9A": 15.220715236625676, "OLIVIER": 15.220715236625676, "LA": 15.12686488729497, "VEUT": 13.834420875505785, "\u00e0": 13.424590207151065, "-": 13.333027960149167, "f\u00eate": 13.023490659289456, "enfants": 12.448126514385894, "sur": 12.001839411757475, "une": 11.061832153266003, "DE": 10.262108628859234, "et": 9.229250689517693, "La": 9.201188508128501, "de": 9.053000350381476, "Les": 8.949726804767376, "les": 8.70452216058271, "ANGELO": 7.610357618312838, "Vive": 7.610357618312838, "l'ind\u00e9pendance": 7.610357618312838, "avis": 7.610357618312838, "jeanlassalle": 7.610357618312838, "Prenez": 7.610357618312838, "champotes": 7.610357618312838, "\ud83d\ude0d\ud83c\udf44": 7.610357618312838, "TOPSY": 7.610357618312838, "\u00e9cole": 7.610357618312838, "Meilleurs": 7.610357618312838, "Paddington": 7.610357618312838, "SILVERPOINT": 7.610357618312838, "L'\u00e9cologie": 7.610357618312838, "vue": 7.610357618312838, "Tout": 7.610357618312838, "feu": 7.610357618312838, "MOLANG": 7.610357618312838, "belle": 7.610357618312838, "CABANE": 7.610357618312838, "cygnes": 7.610357618312838, "sauvetage": 7.610357618312838, "risqu\u00e9": 7.610357618312838, "fackie": 7.610357618312838, "TOM-TOM": 7.610357618312838, "NANA": 7.610357618312838, "Bonne": 7.610357618312838, "ZOUK-": 7.610357618312838, "corbeau": 7.610357618312838, "PETIT": 7.610357618312838, "SPIROU": 7.610357618312838, "survivre": 7.610357618312838, "M\u00e8res": 7.610357618312838, "SUPERWINGS": 7.610357618312838, "d\u00e9fil\u00e9": 7.610357618312838, "contes": 7.610357618312838, "f\u00e9e": 7.610357618312838, "kickturn": 7.610357618312838, "ARTHUR": 7.610357618312838, "TABLE": 7.610357618312838, "RONDE": 7.610357618312838, "Gourde": 7.610357618312838, "Jouvence": 7.610357618312838, "MUSH-MUSH": 7.610357618312838, "CHAMPOTES": 7.610357618312838, "L'art": 7.610357618312838, "l'amiti\u00e9": 7.610357618312838, "CANAL+": 7.610357618312838, "Entier": 7.610357618312838, "cligne-t-on": 7.610357618312838, "yeux": 7.610357618312838, "SISTERS": 7.610357618312838, "Adopte": 7.610357618312838, "Sister.com": 7.610357618312838, "arriv\u00e9e": 7.610357618312838, "carver": 7.610357618312838, "Oda": 7.610357618312838, "d\u00e9barque": 7.610357618312838, "nouvelle": 7.610357618312838, "Maude": 7.610357618312838, "d\u00e9clare": 7.610357618312838, "Olivier": 7.610357618312838, "ODA": 7.610357618312838, "T\u00caTE": 7.610357618312838, "BAS": 7.610357618312838, "G\u00e9n\u00e9rique": 7.610357618312838, "L'incroyable": 7.610357618312838, "cabane": 7.610357618312838, "extensible": 7.610357618312838, "soin": 6.9172104377528925, "TIM": 6.9172104377528925, "HISTOIRES": 6.9172104377528925, "lac": 6.9172104377528925, "Maman": 6.9172104377528925, "Constellation": 6.9172104377528925, "quand": 6.9172104377528925, "ENFANTS": 6.9172104377528925, "bas": 6.9172104377528925, "saison": 6.9172104377528925, "grande": 6.511745329644728, "amis": 6.511745329644728, "Molang": 6.511745329644728, "Pourquoi": 6.511745329644728, "t\u00eate": 6.511745329644728, "vous": 6.224063257192947, "fran\u00e7ais": 6.224063257192947, "\u267b\ufe0f": 6.224063257192947, "tout": 6.224063257192947, "vie": 6.224063257192947, "Une": 6.000919705878737, "drop": 6.000919705878737, "\u00c0": 5.664447469257524, "rock": 5.664447469257524, "sa": 5.664447469257524, "Manual": 5.530916076633002, "par": 5.125450968524837, "est": 5.125450968524837, "pour": 4.837768896073056, "Comment": 4.777144274256622, "surprise": 4.7199858604166725, "\ud83d\ude02": 4.665918639146397, "du": 4.665918639146397, "L": 4.314520752308509, "Un": 3.8967855516085295, "EN": 3.849157502619275, "...": 3.6840732450381304, "Disney": 3.6400657047607154, "Compilation": 3.347677741271522, "Green": 3.2796242780265064, "Channel": 3.240909765845816, "City": 3.1105479479825724, "la": 2.9098772525204213, "Big": 2.848183683515081, "Kids": 2.0344085151665214, "!": 1.9700202223269019, "\u2019": 1.5606241630808797, "#": 1.2490551407398423, ",": 0.9911763398927486, "&": 0.8079628549885267, "(": 0.7581150492609593, ")": 0.7486462778321072, "to": 0.6191807311916281, "?": 0.5550447749730857}