{"ZBrush": 182.3288692300524, "2022": 37.91213659323778, "Sculpting": 32.55872664822364, "ZBrushLIVE": 30.44143047325135, "Stylized": 24.89625302877179, "Marlon": 22.831072854938512, "Nunez": 22.831072854938512, "Robinson": 20.751631313258677, "Spotlight": 20.50180387409935, "Characters": 19.351075584292225, "R.": 16.993342407772573, "Ian": 16.592748229899005, "Industry": 16.578486862052443, "PDT": 15.220715236625676, "ZBrushCentral": 15.220715236625676, "Kittleson": 15.220715236625676, "Deryck": 15.220715236625676, "Pelegrini": 15.220715236625676, "Daisuke": 15.220715236625676, "Narukawa": 15.220715236625676, "Miniatures": 15.220715236625676, "AskZBrush": 15.220715236625676, "-": 14.8714542632433, "Olson": 13.834420875505785, "Artworks": 13.834420875505785, "Tabletop": 13.834420875505785, "Image": 13.296911363894676, "AMC": 12.448126514385894, "Thompson": 12.448126514385894, "Shane": 12.001839411757475, "Carolina": 11.637196298169565, "Sculpture": 11.637196298169565, "Illustration": 11.328894938515049, "Marathon": 11.061832153266003, "\u2013": 10.910222782905866, "Ana": 10.250901937049674, "Breakdown": 10.090816521702601, "Realistic": 9.942600577395158, "Ryan": 9.804614834421255, "Fan": 9.439971720833345, "Character": 9.331837278292793, "Mike": 8.629041504617017, ":": 8.25900555675194, "Studio": 7.793571103217059, "5:00pm": 7.610357618312838, "Eder": 7.610357618312838, "Sculpts": 7.610357618312838, "Likenesses": 7.610357618312838, "//zbru.sh/tsw": 7.610357618312838, "Wittelsbach": 7.610357618312838, "Escultura": 7.610357618312838, "Realidade": 7.610357618312838, "Carreira-": 7.610357618312838, "Pereira-": 7.610357618312838, "Spare": 7.610357618312838, "SMAARTIST": 7.610357618312838, "JA": 7.610357618312838, "1\u304b\u3089\u30a2\u30f3\u30c6\u30a3\u30fc\u30af\u306a\u6905\u5b50\u3068\u53f8\u796d\u3092\u4f5c\u308d\u3046": 7.610357618312838, "A_Cubed": 7.610357618312838, "9:00am": 7.610357618312838, "Nacho": 7.610357618312838, "Riesco": 7.610357618312838, "Gostanza": 7.610357618312838, "Pavlovich": 7.610357618312838, "Maxon": 7.610357618312838, "Array": 7.610357618312838, "Demogorgon": 7.610357618312838, "Jord\u00e1n": 7.610357618312838, "CHASTITY": 7.610357618312838, "T": 7.607390257085036, "Digital": 7.396669225769383, "Critique": 6.9172104377528925, "http": 6.9172104377528925, "Tomas": 6.9172104377528925, "Coisas": 6.9172104377528925, "Portraiture": 6.9172104377528925, "Pereira": 6.9172104377528925, "Gizmo": 6.9172104377528925, "June": 6.585739009553055, "Ryu": 6.511745329644728, "Approaching": 6.511745329644728, "Submit": 6.511745329644728, "Plugin": 6.511745329644728, "Duplicate": 6.224063257192947, "Mesh": 6.224063257192947, "Art": 6.221095895965145, "IR": 6.000919705878737, "Jewelry": 6.000919705878737, "Positivity": 6.000919705878737, "Manuel": 6.000919705878737, "21st": 5.8185981490847825, "Anderson": 5.664447469257524, "Designs": 5.664447469257524, "A.": 5.530916076633002, "Adams": 5.530916076633002, "14th": 5.530916076633002, "Portraits": 5.530916076633002, "Way": 5.455111391452933, "Core": 5.413133040976618, "Ashley": 5.413133040976618, "Designing": 5.307772525318792, "Game": 5.281088637473673, "Piece": 5.212462345514467, "Organic": 5.212462345514467, "Files": 5.125450968524837, "Scratch": 5.125450968524837, "Creature": 5.045408260851301, "Surface": 4.971300288697579, "Noise": 4.971300288697579, "Workshop": 4.902307417210627, "Concept": 4.837768896073056, "Photoshop": 4.837768896073056, "Fighter": 4.777144274256622, "Stephen": 4.777144274256622, "Stranger": 4.777144274256622, "VR": 4.665918639146397, "Well": 4.519315164954522, "Size": 4.519315164954522, "Custom": 4.474863402383688, "Movies": 4.314520752308509, "Dan": 4.243061788326363, "Virtual": 4.209160236650682, "Session": 4.026838679856728, "Creative": 3.9727714585864518, "da": 3.8967855516085295, "EN": 3.849157502619275, "From": 3.839996327977554, "with": 3.753298691407081, "#": 3.7471654222195268, "Michael": 3.6785319855885117, "Advice": 3.6030244330803667, "Pro": 3.585005927577688, "Action": 3.585005927577688, "Create": 3.5160130560907366, "e": 3.4832232332677457, "by": 3.470853774921614, "Street": 3.4514745349531655, "``": 3.288421758378291, "Into": 3.2665521964591537, "''": 3.2427924028459483, "&": 3.231851419954107, "With": 3.1786685379266224, "LIVE": 3.1217212485806978, "Look": 3.1217212485806978, "Using": 2.919009736083694, "Change": 2.874159169918342, "Water": 2.8654254899495872, "Review": 2.8228658755307916, "Made": 2.8145670727160965, "Shorts": 2.7583273543932205, "\u201d": 2.6758836851821455, "\u201c": 2.668715195703533, "]": 2.668715195703533, "[": 2.6615977279346694, "Things": 2.5227612830804533, "When": 2.4008714654714165, "No": 2.3373580597490906, "More": 2.1722783093896423, "Time": 2.1050260823804745, "in": 1.981503489936195, "6": 1.9508754025532165, "s": 1.9233822619730176, "How": 1.9046931448841786, "It": 1.8641544277726843, "...": 1.8420366225190652, "the": 1.7974308928874114, "at": 1.6597150657251107, "\u2019": 1.5606241630808797, ",": 1.486764509839123, "!": 1.3133468148846013, "of": 1.264287751364278, "to": 1.2383614623832562, "on": 1.1257223826775857, "for": 0.8124172053379071, "a": 0.6711036722713294}