{"darmo": 60.819210685326546, "za": 60.44942373845137, "Play": 49.64146664536885, "przez": 48.36477908574111, "lata": 45.61440801399491, "spotu": 45.61440801399491, "i": 40.18882397209708, "miesi\u0119cy": 34.546270775529365, "z": 34.26045794194526, "w": 33.38431594126722, "nawet": 30.409605342663273, "nowego": 30.409605342663273, "Play24": 30.409605342663273, "stacjonarny": 30.409605342663273, "nie": 27.025883791647995, "|": 24.68799596412425, "GB": 23.28981178249689, "UPC": 22.807204006997456, "kulisy": 22.807204006997456, "Wybierz": 22.807204006997456, "p\u0142a\u0107": 22.807204006997456, "niego": 22.807204006997456, "Kart\u0119": 22.807204006997456, "aplikacji": 22.807204006997456, "na": 20.29736178293827, "rok": 19.511367140993123, "smartfon": 18.648320923637783, "internet": 18.426676248447308, "bez": 17.978890269695153, "HIT": 16.969473559831513, "jest": 16.568879381957945, "od": 15.613518188602342, "swoj\u0105": 15.204802671331636, "\u015bwiat\u0142owodowy": 15.204802671331636, "us\u0142ug": 15.204802671331636, "PRZESZ\u0141O": 15.204802671331636, "dwa": 15.204802671331636, "Zajrzyj": 15.204802671331636, "sz\u00f3stk\u0119": 15.204802671331636, "op\u0142at": 15.204802671331636, "ofercie": 15.204802671331636, "JuniorBOX": 15.204802671331636, "superokazja": 15.204802671331636, "firm": 15.204802671331636, "A\u017c": 15.204802671331636, "netto/mies.": 15.204802671331636, "Noworoczne": 15.204802671331636, "okazje": 15.204802671331636, "Obejrzyj": 15.204802671331636, "WO\u015aP": 15.204802671331636, "graj\u0105": 15.204802671331636, "razem": 15.204802671331636, "kolejny": 15.204802671331636, "Pomagajmy": 15.204802671331636, "dzi\u0119ki": 15.204802671331636, "Osw\u00f3j": 15.204802671331636, "Nawet": 13.818508310211746, "W\u0142\u0105cz": 13.818508310211746, "ju\u017c": 13.818508310211746, "Zobacz": 13.007578093995416, "tego": 13.007578093995416, "5G": 12.755626702405845, "z\u0142": 12.432213949091855, "si\u0119": 11.045919587971964, "jak": 11.045919587971964, "dla": 11.045919587971964, "PLAY": 10.234989371755637, "1200": 10.074903956408562, "W": 9.788702269127217, "!": 8.852444414435848, "6": 7.870614077175599, "150": 7.827043763103764, "Rozkr\u0119\u0107": 7.602401335665818, "firm\u0119": 7.602401335665818, "\u0142\u0105czy": 7.602401335665818, "si\u0142y": 7.602401335665818, "Zyskaj": 7.602401335665818, "mo\u017cliwe": 7.602401335665818, "Tego": 7.602401335665818, "jeszcze": 7.602401335665818, "by\u0142o": 7.602401335665818, "Najszybszy": 7.602401335665818, "Abonament": 7.602401335665818, "kom\u00f3rkowy": 7.602401335665818, "Po\u0142\u0105cz": 7.602401335665818, "us\u0142ugi": 7.602401335665818, "zyskaj": 7.602401335665818, "robimy": 7.602401335665818, "Sz\u00f3stka": 7.602401335665818, "Sprawd\u017a": 7.602401335665818, "dzia\u0142o": 7.602401335665818, "planie": 7.602401335665818, "naszego": 7.602401335665818, "Ty": 7.602401335665818, "mo\u017cesz": 7.602401335665818, "dosta\u0107": 7.602401335665818, "\u041d\u0430\u0432\u0456\u0442\u044c": 7.602401335665818, "\u043a\u0456\u043d\u0446\u044f": 7.602401335665818, "\u0440\u043e\u043a\u0443": 7.602401335665818, "\u041f\u0456\u0434\u043a\u043b\u044e\u0447\u0438": 7.602401335665818, "\u0434\u043e\u0434\u0430\u0442\u043a\u0443": 7.602401335665818, "wiosn\u0105": 7.602401335665818, "kiedy": 7.602401335665818, "Wiosenna": 7.602401335665818, "promocja": 7.602401335665818, "najta\u0144szy": 7.602401335665818, "abonament": 7.602401335665818, "smartfonem": 7.602401335665818, "pi\u0142karskie": 7.602401335665818, "emocje": 7.602401335665818, "Dokup": 7.602401335665818, "telewizj\u0105": 7.602401335665818, "dost\u0119pem": 7.602401335665818, "CANAL+": 7.602401335665818, "kr\u0119ci": 7.602401335665818, "Relacja": 7.602401335665818, "planu": 7.602401335665818, "odbierz": 7.602401335665818, "prezent": 7.602401335665818, "Polak\u00f3w": 7.602401335665818, "deklaruje": 7.602401335665818, "ca\u0142kiem": 7.602401335665818, "dobrze": 7.602401335665818, "radzi": 7.602401335665818, "Internetem": 7.602401335665818, "powstawania": 7.602401335665818, "zobowi\u0105za\u0144": 7.602401335665818, "kr\u0119cenia": 7.602401335665818, "Pod\u0142\u0105cz": 7.602401335665818, "dekoder": 7.602401335665818, "stw\u00f3rz": 7.602401335665818, "domowe": 7.602401335665818, "rozrywki": 7.602401335665818, "Zaplanuj": 7.602401335665818, "sie\u0107": 7.602401335665818, "zadbaj": 7.602401335665818, "zasi\u0119g": 7.602401335665818, "ca\u0142ym": 7.602401335665818, "kosmos": 6.909254155105873, "Promocja": 6.909254155105873, "te\u017c": 6.909254155105873, "\u0413\u0411": 6.909254155105873, "Kup": 6.909254155105873, "\u017ce": 6.909254155105873, "swoje": 6.909254155105873, "do": 6.882400914793841, "25": 6.6238837890348545, "DO": 6.596672484923297, "Internet": 6.543335990758974, "Ale": 6.503789046997708, "sobie": 6.503789046997708, "centrum": 6.503789046997708, "To": 6.2295840865192265, "domu": 6.216106974545927, "ze": 5.992963423231718, "A22": 5.992963423231718, "starter": 5.992963423231718, "co": 5.810641866437763, "Bo": 5.810641866437763, "Jak": 5.522959793985982, "Galaxy": 5.34695521594037, "spot": 5.2045060628674475, "Samsung": 5.173996661658537, "Xiaomi": 5.105090656832562, "plan": 4.769187991609602, "75": 4.511358882307502, "\u0434\u043e": 4.3443047976443365, "online": 4.2351055056793445, "11T": 4.2351055056793445, "realme": 3.8888292689615103, "WiFi": 3.541958325119399, "FE": 3.5080567734437174, "2": 3.308140978917707, "o": 3.271667995379487, "60": 3.2585959138121345, "A53": 3.2329534831987967, "S21": 3.2203747009919366, "200": 3.125064521187612, "Redmi": 3.038053144197982, "\u0432": 3.038053144197982, "%": 2.585121498850894, "Note": 2.552545328416281, "\u2013": 2.376654661952617, "my": 2.365959372835869, ",": 2.3273815290880475, "TV": 2.1428158215216593, "9": 1.9019577622751318, "11": 1.9019577622751318, "?": 1.7786634056636472, "Pro": 1.2088105817151864, "to": 1.1986717537587126, "a": 1.1751739687805467, "-": 0.42844301590902445}