{"Singapore": 17.189325164791363, "Florida": 14.823953083698555, "go": 13.255445106517623, "Orlando": 11.670271141176562, "Fair": 11.26892975025226, "adventure": 10.64861989364458, "!": 10.487262715060124, "We": 9.972446140011813, "State": 9.548527219806036, "Exploring": 8.686961387621128, "2021": 8.163582403266073, "much": 8.086752202720453, "Pigfest": 8.0323601479245, "IAAPA": 8.0323601479245, "MegaCon": 8.0323601479245, "canoeing": 8.0323601479245, "went": 7.842972567502378, "little": 7.746954129129657, "Unplanned": 7.339212967364555, "Time": 7.066819036968656, "on": 6.995208573220618, "explore": 6.933747859256391, "Tampa": 6.933747859256391, "at": 6.73288462617881, "did": 6.719062626925188, "SG": 6.64606578680461, "SPIRIT": 6.4229222354904, "Getaway": 6.240600678696445, "field": 6.240600678696445, "broken": 6.240600678696445, "Comic": 6.240600678696445, "her": 6.125093696696999, "Expo": 6.086449998869187, "ALREADY": 6.086449998869187, "Springs": 6.086449998869187, "bring": 5.835135570588281, "Let": 5.828732671015491, "practice": 5.729775054930455, "Rocks": 5.729775054930455, "Chili": 5.63446487512613, "we": 5.602503062139827, "to": 5.490927868560936, "Tasty": 5.393302818309242, "Christmas": 5.389644136446365, "a": 5.341941439306186, "Smoke": 5.32430994682229, "Strawberry": 5.259771425684719, "2022": 5.222373025098541, "Kelly": 5.199146803868285, "Spirit": 5.141988390028335, "Our": 5.086844843535628, "Golf": 5.0366278743705095, "Vegas": 4.941317694566185, "visit": 4.896865931995351, "cook": 4.736523281920172, "Winner": 4.736523281920172, "hotel": 4.665064317938026, "National": 4.5983729434393545, "BBQ": 4.477012086435087, "left": 4.44884120946839, "HALLOWEEN": 4.44884120946839, "the": 4.427939842359317, "Hello": 4.318788081220193, "is": 4.264992309620224, "Santa": 4.248170514006239, "room": 4.140539849813874, "Gift": 4.140539849813874, "Festival": 4.120337142496354, "Las": 4.081116429343073, "here": 3.98930888008995, "There": 3.98930888008995, "Tree": 3.954822704018781, "Con": 3.954822704018781, "only": 3.921486283751189, "Run": 3.921486283751189, "Date": 3.857972878028863, "real": 3.755694028908445, "going": 3.7419007067761094, "Beach": 3.6503335132506187, "good": 3.6503335132506187, "trip": 3.6015433490811866, "Halloween": 3.6015433490811866, "why": 3.555023333446294, "Where": 3.555023333446294, "Watch": 3.5437237781923607, "Mini": 3.52150064140765, "food": 3.4784832563239596, "Going": 3.4680119564566643, "Trip": 3.4576491694211176, "Fun": 3.368921053812433, "ONE": 3.359531313462594, "HUGE": 3.253236654812971, "Water": 3.253236654812971, "has": 3.2448684051424546, "BIG": 3.188173061465909, "can": 3.1420110197027467, "'re": 3.1051064627672957, "back": 3.083600257546332, "So": 2.963455945704269, "have": 2.9447638126921163, "More": 2.9447638126921163, "Happy": 2.932493720100302, "our": 2.8965617108742387, "first": 2.8675741740009864, "time": 2.8505765976324153, "Year": 2.8228739950830795, "not": 2.8120043228461755, "Not": 2.7340427813764636, "what": 2.699641354659131, "day": 2.6852526172070315, "Who": 2.675773873252488, "be": 2.6432884181079994, "in": 2.60524039074586, "Home": 2.598638144370261, "new": 2.5899424374027067, "Out": 2.5727746337803414, "are": 2.3693996677885543, "Day": 2.016202988226147, "'s": 1.959278197384355, "This": 1.9342858657582602, "?": 1.788996994717956, "New": 1.6556332000258736, "...": 1.45728430732488, ".": 1.140734250872247, "and": 1.0103837248523406, "The": 0.7960208051701567, ",": 0.5951537810532077}