{"Examples": 88.2415335097913, "Definition": 62.30892216183277, "+": 41.52274441579726, "Experiment": 25.887124513851052, "Cognitive": 20.751631313258677, "Theory": 19.483927758042647, "(": 16.678531083741106, ")": 16.47021811230636, "Dissonance": 15.220715236625676, "Social": 13.334765997187128, "Stages": 13.023490659289456, "Bystander": 13.023490659289456, "Emotion": 12.448126514385894, "Effect": 11.690356654825589, "Stanford": 11.061832153266003, "Explanation": 10.250901937049674, "Experiments": 10.250901937049674, "Study": 9.503119085467564, "Test": 9.201188508128501, "Thorndike": 7.610357618312838, "Pianist": 7.610357618312838, "Amnesia": 7.610357618312838, "Symptom": 7.610357618312838, "Blackmail": 7.610357618312838, "Abandonment": 7.610357618312838, "Aggression": 7.610357618312838, "Transtheoretical": 7.610357618312838, "House-Tree-Person": 7.610357618312838, "Loafing": 7.610357618312838, "Minority": 7.610357618312838, "Facilitation": 7.610357618312838, "Deindividuation": 7.610357618312838, "Self-Fulfilling": 7.610357618312838, "Two-Factory": 7.610357618312838, "Milgram": 7.610357618312838, "Conclusions": 7.610357618312838, "Misattribution": 7.610357618312838, "Arousal": 7.610357618312838, "Hawthorne": 7.610357618312838, "Bandura": 7.610357618312838, "Stimulus": 6.9172104377528925, "Clive": 6.9172104377528925, "Asch": 6.9172104377528925, "Conformity": 6.9172104377528925, "Attribution": 6.9172104377528925, "Marshmallow": 6.9172104377528925, "Obedience": 6.9172104377528925, "Genovese": 6.9172104377528925, "Bobo": 6.9172104377528925, "The": 6.7854300142016015, "Perception": 6.511745329644728, "Required": 6.511745329644728, "Load": 6.224063257192947, "Edward": 6.000919705878737, "Delusion": 6.000919705878737, "Influence": 5.8185981490847825, "Change": 5.748318339836684, "Wearing": 5.664447469257524, "ADHD": 5.664447469257524, "Included": 5.664447469257524, "Theories": 5.413133040976618, "Albert": 5.413133040976618, "Issues": 5.307772525318792, "Prophecy": 5.307772525318792, "Shock": 5.212462345514467, "Kitty": 5.125450968524837, "TRUTH": 5.045408260851301, "Personality": 4.971300288697579, "Psychology": 4.837768896073056, "Prison": 4.777144274256622, "Solutions": 4.7199858604166725, "Summary": 4.665918639146397, "Emotional": 4.565835180589414, "Doll": 4.519315164954522, "Results": 4.474863402383688, "Wheel": 4.432303787964892, "Glass": 4.278153108137634, "Response": 4.209160236650682, "Causes": 4.209160236650682, "it": 4.177793400901182, "Line": 4.113850056846357, "Model": 4.055009556823424, "Lessons": 3.946795972183191, "Self": 3.8261679843945764, "Case": 3.7817162218237423, "is": 3.6603508537424627, "What": 3.655321514760706, "-": 3.589661373886314, "Monster": 3.4056649989218712, "use": 3.347677741271522, "Truth": 3.3198981771644465, "of": 3.160719378410695, "Free": 2.956397268155314, "Learning": 2.5734050158992083, "Things": 2.5227612830804533, "vs": 2.368610603253195, "on": 2.2514447653551715, "6": 1.9508754025532165, "and": 1.759795990723183, "4": 1.5796723580515744, "3": 1.225163219315112, "?": 1.1100895499461714, "How": 0.9523465724420893, "with": 0.9383246728517702, ":": 0.825900555675194, "for": 0.8124172053379071, "in": 0.660501163312065, "to": 0.6191807311916281}