{"BROMA": 236.41853098871243, "Finjo": 83.10714236532561, "Tatuador": 68.56868139903372, "tatuajes": 68.56868139903372, "Groseros": 68.56868139903372, "hice": 55.39300835990577, "ser": 50.6105399520991, "les": 49.83607769844825, "y": 46.618243067303446, "Creer": 45.712454266022476, "en": 44.45153321932422, "Neuronas": 38.09371188835207, "Term\u00f3metro": 38.09371188835207, "un": 37.294594453842755, "hago": 36.05582679141788, "Poniendo": 34.62797598555234, "que": 34.38182623876858, "Mate": 31.16224008275261, "Insultando": 30.474969510681653, "cortes": 30.474969510681653, "Cami\u00f3n": 30.474969510681653, "Encontr\u00e1ndome": 30.474969510681653, "Ciber": 30.474969510681653, "N0-P0R": 30.474969510681653, "con": 28.47955573275215, "el": 28.375508331142466, "sus": 28.37022371864549, "de": 27.58046398090375, "(": 26.844637138579756, ")": 26.71640032882969, "una": 26.380163431722483, "dentro": 26.080520356009213, "Graciosas": 26.080520356009213, "Les": 24.918038849224125, "SALVAJE": 22.856227133011238, "Barber\u00edas": 22.856227133011238, "Pros-ti": 22.856227133011238, "Se\u00f1ores": 22.856227133011238, "Imprimiendo": 22.856227133011238, "Combi": 20.776785591331404, "Cabello": 20.776785591331404, "todo": 19.14211613445679, "conoc\u00ed": 18.69734404965157, "la": 16.370359496691957, "Fot\u00f3grafo": 15.237484755340827, "tome": 15.237484755340827, "Groseras": 15.237484755340827, "Grosero": 15.237484755340827, "Desconocidos": 15.237484755340827, "Ech\u00e1ndome": 15.237484755340827, "Pedos": 15.237484755340827, "llevo": 15.237484755340827, "Llevo": 15.237484755340827, "canciones": 15.237484755340827, "internet": 13.869030312349267, "Canciones": 13.851190394220936, "im\u00e1genes": 13.851190394220936, "por": 13.480988542484218, "Jugando": 12.464896033101045, "OUIJA": 12.464896033101045, "VIDA": 12.459019424612062, "fotos": 11.653965816884716, "mi": 11.305784327881064, "Broma": 10.441694209744085, "Auto": 10.107586040417754, "Barbero": 7.618742377670413, "Horribles": 7.618742377670413, "GEMI2": 7.618742377670413, "Pidiendo": 7.618742377670413, "contrase\u00f1a": 7.618742377670413, "casas": 7.618742377670413, "Embargando": 7.618742377670413, "Casas": 7.618742377670413, "Asaltantes": 7.618742377670413, "subo": 7.618742377670413, "olvido": 7.618742377670413, "Vendiendo": 7.618742377670413, "CAMION": 7.618742377670413, "cuide": 7.618742377670413, "Beb\u00e9": 7.618742377670413, "Salgo": 7.618742377670413, "dejo": 7.618742377670413, "vend\u00ed": 7.618742377670413, "Descuento": 7.618742377670413, "imagenes": 7.618742377670413, "huellas": 7.618742377670413, "Digitales": 7.618742377670413, "Volumen": 7.618742377670413, "Tarea": 7.618742377670413, "DENUNCIO": 7.618742377670413, "CIERRAN": 7.618742377670413, "reaccionan": 7.618742377670413, "Raptado": 7.618742377670413, "al": 7.2595166622122775, "para": 7.186781373870528, "ejercicios": 6.925595197110468, "publico": 6.925595197110468, "taquer\u00eda": 6.925595197110468, "Vendedor": 6.925595197110468, "Dulces": 6.925595197110468, "Contrato": 6.925595197110468, "sucio": 6.925595197110468, "Robe": 6.925595197110468, "Celoso": 6.925595197110468, "inflable": 6.925595197110468, "contrata": 6.925595197110468, "hagan": 6.925595197110468, "Cubrebocas": 6.925595197110468, "del": 6.7984693449886135, "a": 6.785051397295975, "GIMNASIO": 6.520130089002303, "Estreno": 6.520130089002303, "tiempo": 6.520130089002303, "Haciendo": 6.520130089002303, "Ba\u00f1o": 6.520130089002303, "ba\u00f1o": 6.520130089002303, "OXXO": 6.520130089002303, "SE\u00d1OR": 6.520130089002303, "sales": 6.520130089002303, "Calle": 6.520130089002303, "2": 6.486459471763898, "Hablando": 6.2324480165505225, "se\u00f1or": 6.2324480165505225, "Novia": 6.2324480165505225, "TIENDA": 6.2324480165505225, "Pasa": 6.2324480165505225, "3": 6.010050475790437, "Voy": 6.009304465236313, "Novio": 6.009304465236313, "Noche": 5.826982908442358, "pone": 5.826982908442358, "WIFI": 5.6728322286151, "donde": 5.539300835990577, "Fui": 5.539300835990577, "noche": 5.421517800334194, "Perro": 5.421517800334194, "Esto": 5.421517800334194, "calle": 5.316157284676367, "Taxi": 5.316157284676367, "Nerd": 5.220847104872043, "algo": 5.220847104872043, "9": 5.163579550513568, "Spiderman": 4.846153655430632, "STREAM": 4.846153655430632, "sin": 4.846153655430632, "As\u00ed": 4.674303398503973, "8": 4.630874939222675, "SU": 4.440688547322468, "ver": 4.440688547322468, "99": 4.286537867495209, "7": 4.186578877077259, "si": 4.184755173185267, "AL": 4.153006474870687, "su": 3.929862923556477, "6": 3.911563795068935, "lo": 3.881072759387045, "FINAL": 3.6869167449460876, "Le": 3.558299367123994, "le": 3.4598592943107414, "Y": 3.3702471356210544, "Way": 3.342076258654358, "4": 3.100633578852606, "%": 3.0754475954004095, "EN": 3.0440313991670305, "se": 3.013572191682322, "5": 2.9320193659326184, "Home": 2.918262011877997, "LA": 2.7283932494486596, "No": 2.340627718439896, "DE": 2.340627718439896, "!": 2.0175119947015787, "Me": 1.9768353067323}