{"Zombies": 47.113474065549156, "Duty": 41.59605517313927, "ZOMBIES": 41.156319790656966, "Custom": 40.3829777704707, "Call": 39.380919100130754, "Fortnite": 22.581969902252514, "*": 14.521315822034465, "NUKETOWN": 13.49927682177, "of": 11.058915869282373, "Warzone": 10.503611351325764, "LATER": 10.491122028217452, "(": 8.83985231088488, ")": 8.83985231088488, "YEARS": 8.529463522193998, "\ud83e\udd23": 8.18576300834068, "\ud83c\udf83\ud83d\udc80": 8.13593277200489, "SPATULA": 8.13593277200489, "WiFI": 8.13593277200489, "HELLA": 8.13593277200489, "Luko": 8.13593277200489, "...": 7.744988701507573, "Chokes": 7.442785591444945, "\ud83c\udf4d": 7.442785591444945, "DOME": 7.037320483336781, "CLUSTER": 7.037320483336781, "SKYFIRE": 7.037320483336781, "idiot": 7.037320483336781, "Spectating": 7.037320483336781, "2+": 7.037320483336781, "extremely": 6.52649485957079, "Old": 6.461315987132922, "TEMPLE": 6.344173302776835, "video": 6.224104502317228, "Lowest": 6.190022622949577, "MCDONALDS": 6.056491230325054, "cringe": 6.056491230325054, "Event": 5.953754945580723, "teammate": 5.9387081946686715, "SBMM": 5.9387081946686715, "Smallest": 5.833347679010845, "WALKING": 5.833347679010845, "JUMPSCARE": 5.833347679010845, "LAG": 5.833347679010845, "\ud83d\ude2c": 5.833347679010845, "SUPERMAN": 5.833347679010845, "dumb": 5.73803749920652, "sus": 5.65102612221689, "Player": 5.635625556321348, "McDonalds": 5.570983414543353, "Donating": 5.570983414543353, "Map": 5.539913513966078, "FOREST": 5.496875442389632, "Duos": 5.496875442389632, "Saying": 5.496875442389632, "Default": 5.496875442389632, "Deathrun": 5.363344049765109, "Spongebob": 5.19149379283845, "SPEEDRUN": 5.140200498450899, "two": 5.091410334281467, "Says": 5.091410334281467, "YES": 5.000438556075741, "WINNING": 4.957878941656944, "SPONGEBOB": 4.91705694713669, "SUS": 4.877836233983408, "TOWN": 4.8400959060005615, "HAUNTED": 4.803728261829686, "Unlocking": 4.734735390342735, "REMAKE": 4.701945567519744, "Account": 4.609572247388729, "HALLOWEEN": 4.552413833548781, "SHREK": 4.525014859360666, "Victory": 4.472371125875244, "Streamers": 4.472371125875244, "hit": 4.422360705300583, "but": 4.4073751691137595, "Modded": 4.374732656311328, "GUYS": 4.264731761096999, "fortnite": 4.264731761096999, "FALL": 4.2041071392805645, "Them": 4.2041071392805645, "ISLAND": 4.165640858452769, "Noob": 4.165640858452769, "OMG": 4.146948725440616, "WARZONE": 4.1285995867724194, "REALLY": 4.058395328099171, "on": 4.057822714202791, "FIGHT": 4.025058907831579, "MASSIVE": 4.008798386959799, "friends": 3.9927980456133576, "Birthday": 3.9770496886452187, "RUN": 3.9615455021092534, "player": 3.9615455021092534, "it": 3.9076957305765174, "500": 3.779223945315299, "playing": 3.7664849195378687, "Money": 3.7292135247406373, "DEAD": 3.6033332788516343, "LEVEL": 3.530762586016799, "when": 3.520812255163631, "BOSS": 3.510959958720619, "MODE": 3.4724936778928233, "a": 3.4596969348955935, "EVERYTHING": 3.4264025706925563, "Random": 3.3910006436416404, "Years": 3.3652481475392255, "Year": 3.268398321549308, "!": 3.2259272602578157, "Reveal": 3.2232778862688383, "Level": 3.0796869666565825, "Royale": 3.0733377389779237, "play": 3.02998729810431, "CRAZY": 3.017938959588135, "like": 2.9597830394310614, "House": 2.8836593439582607, "SUPER": 2.837615405456854, "Ultimate": 2.756035418464431, "Last": 2.7287610005447718, "SECRET": 2.7242867201498506, "MINECRAFT": 2.634674561460163, "INSANE": 2.6065036844934673, "2021": 2.345972601107637, "'s": 2.302779257080528, "me": 2.2866079920580313, "Season": 2.266635858871116, "9": 1.9896035143359931, "my": 1.9313750094362, "World": 1.8821039604294174, "``": 1.7991070408584495, "''": 1.776358903332513, "8": 1.7524261371208847, "7": 1.5949027728149872, "in": 1.325727367945386, "THE": 1.205438006053264, "4": 1.0601239080265037, "to": 0.8931348492111348, "&": 0.8649242337238984, "1": 0.7432852512832672, "-": 0.4603867694670422}