{"crazypulkit": 240.970804437735, "Comedy/": 168.6795631064145, "ashortaday": 143.53381561001825, "\ud83e\udd23\ud83e\udd23": 117.02218688143537, "comedy": 117.02218688143537, "funny": 93.4275693905647, "ytshorts": 74.88720814435734, "shorts": 62.92397856914739, "Gazab": 56.2265210354715, "Emotional/": 56.2265210354715, "Azab": 51.37449077155189, "\ud83d\ude4f\u2764\ufe0f": 44.03527780418733, "inspiration": 42.605149992084314, "motivation": 33.284720988819004, "emotional": 33.1556629734412, "#": 30.52637389946867, "Chalak": 24.0970804437735, "Ka": 21.473452648205658, "Ki": 21.473452648205658, "Padh": 16.064720295849, "Hai\ud83d\ude4f\u2764\ufe0f": 16.064720295849, "Jadu": 14.67842593472911, "Pagal": 14.67842593472911, "Dost": 13.867495718512782, "Ladki": 12.8458444709808, "Pyaar": 12.172899997738375, "Wala": 10.64861989364458, "\ud83e\udd23\ud83e\udd23Comedy/": 8.0323601479245, "Mehengi": 8.0323601479245, "Shanno": 8.0323601479245, "Degi\ud83e\udd23\ud83e\udd23": 8.0323601479245, "Ladai\ud83e\udd23\ud83e\udd23": 8.0323601479245, "\u0938\u093e\u0935\u0927\u093e\u0928\u0940\ud83d\ude4f\u2764\ufe0f": 8.0323601479245, "\ud83d\ude4f\ud83e\udd7a": 8.0323601479245, "Premi": 8.0323601479245, "\u092c\u0941\u0930\u0947": 8.0323601479245, "\u0928\u0924\u0940\u091c\u093e": 8.0323601479245, "Sharabi\ud83e\udd23\ud83e\udd23": 8.0323601479245, "Banaya": 8.0323601479245, "Pagal\ud83e\udd23\ud83e\udd23": 8.0323601479245, "Ullu": 8.0323601479245, "Gaye\ud83e\udd23\ud83e\udd23": 8.0323601479245, "2\ud83e\udd23\ud83e\udd23Comedy/": 8.0323601479245, "Upar": 8.0323601479245, "Dekhta": 8.0323601479245, "Kha": 8.0323601479245, "Mehenga": 8.0323601479245, "\u0926\u0941\u0930\u094d\u0918\u091f\u0928\u093e": 8.0323601479245, "\u0918\u093e\u091f\u0940": 8.0323601479245, "Bhen": 8.0323601479245, "\u091c\u0942\u0924\u0947": 8.0323601479245, "\u092c\u0947\u091a\u0928\u0947": 8.0323601479245, "\u0928\u093f\u0902\u091c\u093c\u093e": 8.0323601479245, "\u091f\u0947\u0915\u094d\u0928\u0940\u0915": 8.0323601479245, "Bachne": 8.0323601479245, "Technique\ud83e\udd23\ud83e\udd23": 8.0323601479245, "Sharabi": 8.0323601479245, "Passenger\ud83e\udd23\ud83e\udd23": 8.0323601479245, "Saccha": 8.0323601479245, "Kahani\ud83d\ude4f\u2764\ufe0f": 8.0323601479245, "truelove": 8.0323601479245, "Shocked\ud83e\udd23\ud83e\udd23": 8.0323601479245, "Dosti\ud83e\udd23\ud83e\udd23": 8.0323601479245, "Se": 8.014016914378702, "\ud83e\udd23": 7.567729811750283, "\u092d\u0932\u093e": 7.339212967364555, "\u092c\u0941\u0930\u093e": 7.339212967364555, "Batao": 7.339212967364555, "Nagin": 7.339212967364555, "\u0928\u091c\u093c\u0930": 7.339212967364555, "\u0939\u091f\u0940": 7.339212967364555, "Udhar": 7.339212967364555, "Hoti": 6.933747859256391, "Lena": 6.933747859256391, "Rocked": 6.933747859256391, "Lottery": 6.64606578680461, "Hui": 6.64606578680461, "Chai": 6.4229222354904, "\u0915\u093e\u092e": 6.240600678696445, "Toh": 6.240600678696445, "Kon": 6.086449998869187, "Bana": 6.086449998869187, "Kho": 6.086449998869187, "Sab": 6.086449998869187, "Gaye": 6.086449998869187, "Prem": 5.952918606244665, "Gayi": 5.952918606244665, "Customer": 5.835135570588281, "Ticket": 5.729775054930455, "Bhai": 5.63446487512613, "\u0915\u0930": 5.32430994682229, "Maa": 5.32430994682229, "\u0924\u094b": 5.259771425684719, "Comment": 5.08792116875806, "Ninja": 4.987837710201077, "Bill": 4.941317694566185, "\u0939\u094b": 4.941317694566185, "Mein": 4.941317694566185, "Ne": 4.8134843230563, "\u0915\u0940": 4.53585258645802, "Le": 4.477012086435087, "Lady": 4.394773988198114, "\u0915\u093e": 4.368798501794854, "Interview": 4.081116429343073, "Don": 3.889225421532968, "Police": 3.8427054058980747, "\u2764\ufe0f": 3.5437237781923607, "Party": 3.090717725315196, "To": 1.4884483023597082, "3": 1.2918407883182772, "2": 0.9900739759847571}