{"PvP": 53.98015934734206, "Ret": 48.81559663202934, "Pally": 48.81559663202934, "Patch": 44.46139167793892, "6.1": 42.22392290002068, "Legion": 23.843184710092082, "Hunter": 21.75043959292824, "7.0": 21.11196145001034, "MM": 20.248915232655, "Warcraft": 19.66822778854676, "WoW": 16.28364771270804, "Pypz": 16.27186554400978, "6.2": 16.27186554400978, "Overwatch": 15.220797726874236, "7.1": 14.88557118288989, "classic": 13.05298971914158, "BM": 13.05298971914158, "Healing": 12.112982460650109, "Leveling": 11.66669535802169, "-": 11.509669236676055, "Vanilla": 10.993750884779264, "110": 10.85576514180536, "Let": 10.688403867917122, "Corrupted": 10.605438855897349, "sate": 8.13593277200489, "Pallys": 8.13593277200489, "Ashbringer": 8.13593277200489, "Hows": 8.13593277200489, "Deadmines": 8.13593277200489, "Healz": 8.13593277200489, "Eaz": 8.13593277200489, "tanking": 8.13593277200489, "Nips": 8.13593277200489, "Buisness": 8.13593277200489, "Pypo": 8.13593277200489, "S.E.L.F.I.E": 8.13593277200489, "TwinYzzzz": 8.13593277200489, "Jorfy": 8.13593277200489, "So": 7.725753422968088, "Activison": 7.442785591444945, "thirst": 7.442785591444945, "Remembrance": 7.442785591444945, "Appears": 7.442785591444945, "Afford": 7.442785591444945, "Hymen": 7.442785591444945, "Nervous": 7.442785591444945, "scuffed": 7.037320483336781, "Appearance": 7.037320483336781, "Weirder": 7.037320483336781, "Fun": 6.870904812424948, "shit": 6.749638410885, "Genji": 6.749638410885, "Artifact": 6.52649485957079, "BG": 6.52649485957079, "Tracer": 6.52649485957079, "Monk": 6.52649485957079, "twitch": 6.344173302776835, "Legendaries": 6.344173302776835, "Leading": 6.344173302776835, "Mixing": 6.344173302776835, "Cant": 6.190022622949577, "Shit": 6.190022622949577, "Dat": 6.190022622949577, "DPS": 6.056491230325054, "Mei": 6.056491230325054, "Acting": 6.056491230325054, "Assassination": 5.833347679010845, "It": 5.7699800287601155, "content": 5.73803749920652, "Raiding": 5.73803749920652, "LoL": 5.73803749920652, "Risk": 5.65102612221689, "Follow": 5.570983414543353, "Flag": 5.570983414543353, "Gameplay": 5.549804032488077, "Talks": 5.42788257090268, "please": 5.363344049765109, "RNG": 5.363344049765109, "Emerald": 5.3027194279486745, "Mercy": 5.19149379283845, "Blizzard": 5.140200498450899, "Buff": 5.091410334281467, "Doom": 5.044890318646575, "weird": 5.000438556075741, "Fury": 5.000438556075741, "Chance": 4.957878941656944, "Gods": 4.91705694713669, "Discussion": 4.877836233983408, "2v2": 4.877836233983408, "Cam": 4.877836233983408, "Rain": 4.8400959060005615, "Destroying": 4.8400959060005615, "Spotlight": 4.8400959060005615, "talk": 4.670196869205164, "Give": 4.670196869205164, "Warrior": 4.580584710515477, "Rogue": 4.552413833548781, "Dungeon": 4.422360705300583, "Play": 4.349854864763234, "Lets": 4.329270282234571, "Buying": 4.3072913755157956, "Fake": 4.3072913755157956, "Driving": 4.285785170294832, "Raid": 4.184689053423463, "Work": 4.146948725440616, "Chat": 4.0754897614584715, "Being": 4.041588209782789, "Nightmare": 4.008798386959799, "Much": 4.008798386959799, "Cars": 3.9615455021092534, "Part": 3.9284643491879505, "Impressions": 3.8874375299555313, "Breaking": 3.873252894963575, "my": 3.8627500188724, "Server": 3.8592666529888353, "Hard": 3.7664849195378687, "Gold": 3.6472964022727505, "Wild": 3.6250732654880404, "People": 3.561221793501508, "Again": 3.561221793501508, "Hidden": 3.5509652933343183, "Random": 3.3910006436416404, "Is": 3.3804259052386243, "Tutorial": 3.3652481475392255, "Go": 3.3484410292228444, "more": 3.187172881626722, "Reaction": 3.16611947242889, "Movie": 3.159199029584316, "Run": 3.159199029584316, "Bad": 3.1319864660594314, "Making": 3.105494850612455, "'s": 3.0703723427740375, "?": 3.059100083595059, "This": 3.0317191309490688, "Survival": 2.9711467980813766, "get": 2.697853463081695, "Up": 2.697853463081695, "Got": 2.680611656647189, "Will": 2.680611656647189, "do": 2.667872630869759, "Back": 2.626544435376913, "When": 2.5868566871096705, "More": 2.501143168835641, "Life": 2.48344359173624, "Why": 2.4557601629878234, "Are": 2.4221999664955214, "Get": 2.37703099812761, "Do": 2.292388354973531, "First": 2.0446228899271923, "Of": 1.9917471378792446, "All": 1.9253326949802376, "With": 1.9034847554543677, "World": 1.8821039604294174, "You": 1.6050551442790053, "I": 1.5863071653460892, "To": 1.4550780932146754, "for": 1.4352016624570798, "Game": 1.3778382675771597, "and": 1.0350808630608404, "2": 0.9896970456599526, "The": 0.9403586802863836, "a": 0.8649242337238984, "A": 0.7912137178552181, "of": 0.7899225620915981, "3": 0.7644434767906133, "1": 0.7432852512832672, ",": 0.7058186334430898}