{"VUURWERK": 195.1979157231602, "AFSTEKEN": 117.11874943389613, "COMPILATIE": 46.847499773558454, "OVERGEBLEVEN": 39.03958314463204, "2021-2022": 39.03958314463204, "2021/2022": 39.03958314463204, "ILLEGAAL": 21.34430834509939, "LEGAAL": 15.615833257852817, "STAALWOL": 15.615833257852817, "BELGI\u00cb": 15.615833257852817, "KNALLERS": 15.615833257852817, "DEEL": 14.229538896732926, "2020-2021": 14.229538896732926, "1.0": 14.229538896732926, "MET": 12.510991407600068, "2.0": 8.684361452253365, "VUURWERKPISTOLEN": 7.807916628926408, "SCHIETEN": 7.807916628926408, "PyroFire": 7.807916628926408, "OVERDAG": 7.807916628926408, "LEGAAL-ILLEGAAL": 7.807916628926408, "HEKSENRKING": 7.807916628926408, "BELGISCHE": 7.807916628926408, "BAARLE-HERTOG": 7.807916628926408, "ELKAAR": 7.807916628926408, "STROOIEN": 7.807916628926408, "BELGISCH": 7.807916628926408, "KOPEN": 7.807916628926408, "SNEEUWSTORM": 7.807916628926408, "SEIZOEN": 7.807916628926408, "2020/2021": 7.114769448366463, "COLLECTIE": 7.114769448366463, "LEUK": 7.114769448366463, "ACHTER": 7.114769448366463, "BAZAR": 7.114769448366463, "MOOIE": 7.114769448366463, "|": 6.881209687452605, "FIREWORKS": 6.421622267806518, "NIEUW": 6.421622267806518, "BIJ": 6.198478716492308, "UIT": 6.016157159698354, "WAT": 6.016157159698354, "VEEL": 5.862006479871095, "SHOPPEN": 5.610692051590189, "EVEN": 5.610692051590189, "TRAILER": 5.5053315359323625, "!": 5.168303751095815, "EEN": 5.099866427824199, "COMPILATION": 4.812184355372417, "Livestream": 4.812184355372417, "CAT": 4.549820090904927, "IN": 3.8715976789019853, "2021": 3.6784181378820855, "BIG": 3.4512078022368167, "DE": 2.7327428136925818, "1": 2.297245418485542, "&": 1.1721616072759191, "2": 0.9493515941350432}