{"QueenTubeTH": 176.711923254339, "\u0e19\u0e49\u0e2d\u0e07\u0e04\u0e27\u0e35\u0e19": 104.42068192301849, "\u0e2b\u0e19\u0e31\u0e07\u0e2a\u0e31\u0e49\u0e19": 66.052916706281, "\u0e41\u0e22\u0e48\u0e41\u0e25\u0e49\u0e27": 24.0970804437735, "\u0e02\u0e2d\u0e07\u0e19\u0e49\u0e2d\u0e07\u0e04\u0e27\u0e35\u0e19": 24.0970804437735, "|": 19.277910483148766, "\u0e04\u0e27\u0e32\u0e21\u0e08\u0e33\u0e40\u0e2a\u0e37\u0e48\u0e2d\u0e21": 16.064720295849, "\u0e08\u0e32\u0e01": 16.064720295849, "\u0e27\u0e34\u0e18\u0e35": 16.064720295849, "1\u0e27\u0e31\u0e19": 14.67842593472911, "Hacks": 11.184885164160992, "HACKS": 8.407437502870811, "\u0e15\u0e31\u0e27\u0e19\u0e35\u0e49\u0e23\u0e36\u0e1b\u0e48\u0e32\u0e27\u0e04\u0e30\u0e2b\u0e25\u0e27\u0e07\u0e1e\u0e48\u0e2d": 8.0323601479245, "\ud83e\udef0\ud83c\udffb\ud83d\ude18\ud83d\ude06": 8.0323601479245, "\u0e1d\u0e32\u0e01\u0e40\u0e1e\u0e37\u0e48\u0e2d\u0e19\u0e46\u0e01\u0e14\u0e15\u0e34\u0e14\u0e15\u0e32\u0e21": 8.0323601479245, "TikTok\u0e0a\u0e48\u0e2d\u0e07\u0e43\u0e2b\u0e21\u0e48\u0e02\u0e2d\u0e07\u0e40\u0e23\u0e32\u0e14\u0e49\u0e27\u0e22\u0e19\u0e49\u0e32\u0e32\u0e32": 8.0323601479245, "QueenTubeTH_Official": 8.0323601479245, "\u0e25\u0e14\u0e19\u0e49\u0e33\u0e2b\u0e19\u0e31\u0e01": 8.0323601479245, "\u0e15\u0e32\u0e21\u0e44\u0e2d\u0e22\u0e39": 8.0323601479245, "\u0e1e\u0e35\u0e48\u0e40\u0e25\u0e35\u0e49\u0e22\u0e07": 8.0323601479245, "\u0e02\u0e35\u0e49\u0e02\u0e42\u0e21\u0e22": 8.0323601479245, "\u0e2a\u0e2d\u0e19\u0e43\u0e08": 8.0323601479245, "\u0e21\u0e32\u0e21\u0e35\u0e49\u0e15\u0e01\u0e1a\u0e31\u0e19\u0e44\u0e14": 8.0323601479245, "\u0e15\u0e32\u0e1a\u0e2d\u0e14": 8.0323601479245, "\u0e40\u0e1e\u0e23\u0e32\u0e30\u0e40\u0e25\u0e48\u0e19\u0e40\u0e01\u0e21": 8.0323601479245, "\u0e40\u0e1e\u0e37\u0e48\u0e2d\u0e19\u0e43\u0e2b\u0e21\u0e48": 8.0323601479245, "\u0e44\u0e27\u0e49\u0e43\u0e08\u0e44\u0e14\u0e49\u0e21\u0e31\u0e49\u0e22\u0e19\u0e49\u0e32": 8.0323601479245, "\u0e41\u0e02\u0e48\u0e07\u0e01\u0e34\u0e19\u0e1a\u0e30\u0e2b\u0e21\u0e35\u0e48\u0e40\u0e01\u0e32\u0e2b\u0e25\u0e35\u0e40\u0e1c\u0e47\u0e14x2": 8.0323601479245, "\u0e01\u0e31\u0e1a\u0e02\u0e19\u0e21\u0e40\u0e1c\u0e47\u0e14": 8.0323601479245, "\u0e43\u0e19\u0e40\u0e0b\u0e40\u0e27\u0e48\u0e19": 8.0323601479245, "\u0e43\u0e04\u0e23\u0e15\u0e01\u0e43\u0e08": 8.0323601479245, "\u0e42\u0e14\u0e19": 8.0323601479245, "\u0e14\u0e39\u0e04\u0e25\u0e34\u0e1b\u0e2a\u0e38\u0e14\u0e2b\u0e25\u0e2d\u0e19": 8.0323601479245, "\u0e19\u0e2d\u0e19\u0e40\u0e15\u0e47\u0e19\u0e17\u0e4c": 8.0323601479245, "\u0e04\u0e37\u0e19\u0e2e\u0e32\u0e42\u0e25\u0e27\u0e35\u0e19": 8.0323601479245, "\u0e40\u0e25\u0e48\u0e19\u0e0b\u0e48\u0e2d\u0e19\u0e41\u0e2d\u0e1a": 8.0323601479245, "\u0e2b\u0e32\u0e44\u0e21\u0e48\u0e40\u0e08\u0e2d": 8.0323601479245, "\u0e44\u0e14\u0e49\u0e01\u0e34\u0e19\u0e02\u0e19\u0e21\u0e17\u0e31\u0e49\u0e07\u0e23\u0e49\u0e32\u0e19": 8.0323601479245, "\u0e41\u0e2d\u0e19\u0e14\u0e4c": 8.0323601479245, "\u0e41\u0e01\u0e4a\u0e07\u0e04\u0e4c": 8.0323601479245, "\u0e17\u0e33\u0e2d\u0e30\u0e44\u0e23\u0e1a\u0e49\u0e32\u0e07": 8.0323601479245, "\u0e40\u0e1b\u0e34\u0e14\u0e23\u0e49\u0e32\u0e19\u0e02\u0e32\u0e22": 8.0323601479245, "\u0e44\u0e2d\u0e15\u0e34\u0e21\u0e17\u0e2d\u0e14": 8.0323601479245, "\u0e08\u0e30\u0e23\u0e2d\u0e14\u0e21\u0e31\u0e49\u0e22\u0e19\u0e49\u0e32\u0e32": 8.0323601479245, "\u0e25\u0e14\u0e04\u0e27\u0e32\u0e21\u0e2d\u0e49\u0e27\u0e19": 8.0323601479245, "\u0e42\u0e2d\u0e49\u0e44\u0e21\u0e48\u0e19\u0e30": 8.0323601479245, "\u0e17\u0e33\u0e1b\u0e4a\u0e2d\u0e1a\u0e04\u0e2d\u0e23\u0e4c\u0e19\u0e0a\u0e49\u0e2d\u0e04\u0e42\u0e01\u0e41\u0e25\u0e15\ud83c\udf7f\ud83c\udf6b": 8.0323601479245, "\u0e08\u0e30\u0e44\u0e14\u0e49\u0e2b\u0e23\u0e37\u0e2d\u0e44\u0e21\u0e48": 8.0323601479245, "\u0e40\u0e14\u0e47\u0e01\u0e0b\u0e37\u0e48\u0e2d\u0e2a\u0e31\u0e15\u0e22\u0e4c": 8.0323601479245, "\u0e01\u0e31\u0e1a\u0e40\u0e07\u0e34\u0e19": 8.0323601479245, "\u0e02\u0e32\u0e22\u0e44\u0e02\u0e48\u0e40\u0e08\u0e35\u0e22\u0e27": 8.0323601479245, "\u0e2a\u0e39\u0e49\u0e0a\u0e35\u0e27\u0e34\u0e15": 8.0323601479245, "\u0e44\u0e02\u0e48\u0e40\u0e08\u0e35\u0e22\u0e27\u0e19\u0e32\u0e07\u0e1f\u0e49\u0e32": 8.0323601479245, "QueentubeTH": 8.0323601479245, "\u0e44\u0e21\u0e48\u0e19\u0e48\u0e32\u0e40\u0e0a\u0e37\u0e48\u0e48\u0e2d": 8.0323601479245, "\u0e01\u0e25\u0e32\u0e22\u0e40\u0e1b\u0e47\u0e19\u0e2a\u0e35\u0e1f\u0e49\u0e32": 8.0323601479245, "\u0e40\u0e25\u0e48\u0e19\u0e2a\u0e07\u0e01\u0e23\u0e32\u0e19": 8.0323601479245, "\u0e40\u0e21\u0e37\u0e48\u0e2d\u0e15\u0e49\u0e2d\u0e07\u0e01\u0e31\u0e01\u0e15\u0e31\u0e27": 8.0323601479245, "\u0e2d\u0e22\u0e39\u0e48\u0e1a\u0e49\u0e32\u0e19": 8.0323601479245, "stayhome": 8.0323601479245, "withme": 8.0323601479245, "\u0e37\u0e21\u0e34\u0e15\u0e34\u0e43\u0e2b\u0e21\u0e48": 8.0323601479245, "\u0e02\u0e2d\u0e07\u0e01\u0e32\u0e23\u0e1c\u0e39\u0e01\u0e1c\u0e21": 8.0323601479245, "\u0e17\u0e14\u0e2a\u0e2d\u0e1a": 8.0323601479245, "\u0e08\u0e30\u0e40\u0e27\u0e34\u0e23\u0e4c\u0e04\u0e2b\u0e23\u0e37\u0e2d\u0e44\u0e21\u0e48": 8.0323601479245, "QueenTubeth": 8.0323601479245, "\u0e41\u0e2d\u0e1a\u0e40\u0e2d\u0e32\u0e02\u0e19\u0e21\u0e40\u0e02\u0e49\u0e32\u0e42\u0e23\u0e07\u0e2b\u0e19\u0e31\u0e07": 8.0323601479245, "\u0e17\u0e33\u0e1b\u0e4a\u0e2d\u0e1a\u0e04\u0e2d\u0e23\u0e4c\u0e19\ud83c\udf7f": 8.0323601479245, "\u0e14\u0e49\u0e27\u0e22\u0e17\u0e35\u0e48\u0e2b\u0e19\u0e35\u0e1a\u0e1c\u0e21": 8.0323601479245, "\u0e44\u0e14\u0e49\u0e08\u0e23\u0e34\u0e07\u0e2b\u0e23\u0e2d": 8.0323601479245, "\u0e27\u0e34\u0e18\u0e35\u0e01\u0e34\u0e19\u0e02\u0e19\u0e21": 8.0323601479245, "\u0e2a\u0e38\u0e14\u0e25\u0e49\u0e33": 8.0323601479245, "\u0e01\u0e34\u0e19\u0e2d\u0e32\u0e2b\u0e32\u0e23\u0e2a\u0e35\u0e40\u0e14\u0e35\u0e22\u0e27": 8.0323601479245, "\u0e40\u0e04\u0e22\u0e01\u0e34\u0e19\u0e21\u0e31\u0e49\u0e22": 8.0323601479245, "\u0e40\u0e1a\u0e2d\u0e23\u0e4c\u0e40\u0e01\u0e2d\u0e23\u0e4c\ud83c\udf54\ud83c\udf54\ud83c\udf54": 8.0323601479245, "\u0e22\u0e37\u0e14\u0e14\u0e14\u0e14": 8.0323601479245, "\u0e2d\u0e23\u0e48\u0e2d\u0e22\u0e2a\u0e38\u0e14\u0e46\ud83e\udd24": 8.0323601479245, "\u0e40\u0e17\u0e04\u0e19\u0e34\u0e04\u0e42\u0e01\u0e07\u0e02\u0e49\u0e2d\u0e2a\u0e2d\u0e1a": 8.0323601479245, "\u0e17\u0e35\u0e48\u0e04\u0e38\u0e13\u0e04\u0e32\u0e14\u0e44\u0e21\u0e48\u0e16\u0e36\u0e07": 8.0323601479245, "\u0e20\u0e32\u0e23\u0e01\u0e34\u0e08\u0e2b\u0e49\u0e32\u0e21\u0e43\u0e0a\u0e49\u0e21\u0e37\u0e2d": 8.0323601479245, "\u0e0a\u0e32\u0e40\u0e25\u0e19\u0e08\u0e4c": 8.0323601479245, "\u0e2a\u0e38\u0e14\u0e1b\u0e48\u0e27\u0e19\u0e21\u0e31\u0e19\u0e2e\u0e32": 8.0323601479245, "\ud83d\udca5\ud83d\udca5\ud83d\udca5": 7.339212967364555, "\u0e08\u0e30\u0e23\u0e2d\u0e14\u0e21\u0e31\u0e49\u0e22": 7.339212967364555, "\u0e2d\u0e22\u0e48\u0e32\u0e2b\u0e32\u0e17\u0e33": 7.339212967364555, "\u0e40\u0e25\u0e48\u0e32\u0e40\u0e23\u0e37\u0e48\u0e2d\u0e07\u0e1c\u0e35": 7.339212967364555, "\u0e40\u0e14\u0e2d\u0e30": 7.339212967364555, "1,500": 7.339212967364555, "\u0e41\u0e15\u0e07\u0e42\u0e21": 7.339212967364555, "\ud83c\udf49": 7.339212967364555, "\u0e43\u0e04\u0e23\u0e08\u0e30\u0e0a\u0e19\u0e30": 7.339212967364555, "TikTok": 6.682024531390714, "\u0e0a\u0e31\u0e48\u0e27\u0e42\u0e21\u0e07": 6.4229222354904, "2565": 6.240600678696445, "Life": 6.237350440910149, "Funny": 6.2102129255345915, "\u0e1a\u0e32\u0e17": 5.835135570588281, "Food": 5.570672151528028, "Supplies": 5.32430994682229, "Cinema": 5.08792116875806, "Tested": 5.0366278743705095, "Tok": 4.987837710201077, "!": 4.840275099258519, "Hack": 4.665064317938026, "Tik": 4.5983729434393545, "?": 4.1743263210085635, "VIRAL": 4.02502696269203, "Color": 4.02502696269203, "Ideas": 3.954822704018781, "school": 3.9380155857024, "BE": 3.812852442748394, "May": 3.4997606547712445, "Hours": 3.4680119564566643, "Eating": 3.427189961936409, "Only": 3.427189961936409, "go": 3.3138612766294058, "21": 3.278769956818136, "Easy": 3.2448684051424546, "5": 3.126219662257456, "back": 3.083600257546332, "School": 3.0625468483484997, "LIFE": 2.8120043228461755,