{"Science": 47.995723323422915, "Time": 36.478760109415, "Questacon": 30.409605342663273, "Convention": 20.727762465317618, "Invention": 14.136088733308961, "Visits": 11.621283732875526, "Australia": 8.273330865732184, "National": 7.877679379072344, "Ep": 7.827043763103764, "Enlighten": 7.602401335665818, "Qs": 7.602401335665818, "Duffy": 7.602401335665818, "Ramps": 7.602401335665818, "ZOETROPE": 7.602401335665818, "Highlights": 7.016113546887435, "Arnhem": 6.909254155105873, "bees": 6.909254155105873, "Parachutes": 6.909254155105873, "Instruments": 6.909254155105873, "Catapults": 6.909254155105873, "Hobart": 6.909254155105873, "Energy": 6.736589662137118, "Puppets": 6.503789046997708, "Bridges": 6.503789046997708, "Reflections": 6.503789046997708, "TORNADO": 6.503789046997708, "home": 6.343169073645009, "Sounding": 6.216106974545927, "Charting": 6.216106974545927, "Balancing": 6.216106974545927, "Coop": 5.992963423231718, "Alan": 5.810641866437763, "Infrared": 5.810641866437763, "BOTTLE": 5.810641866437763, "at": 5.631983778244583, "STEM": 5.522959793985982, "Healing": 5.405176758329599, "Shadow": 5.299816242671772, "Boats": 5.299816242671772, "Musical": 5.299816242671772, "Plants": 5.2045060628674475, "Robotics": 5.117494685877818, "Timelapse": 5.037451978204281, "Rolling": 5.037451978204281, "Southern": 4.963344006050559, "close": 4.894351134563609, "Showcase": 4.894351134563609, "Language": 4.829812613426037, "Country": 4.769187991609602, "Cooking": 4.769187991609602, "Scientists": 4.712029577769654, "Hydrogen": 4.606669062111827, "Stars": 4.511358882307502, "Moving": 4.511358882307502, "Home": 4.294160440616234, "Land": 4.201203954003663, "Chicken": 4.201203954003663, "inside": 4.018882397209708, "Book": 3.9648151759394326, "Sky": 3.8888292689615103, "Women": 3.8888292689615103, "Program": 3.773759939176723, "Dark": 3.6903783302376723, "own": 3.6705757029414925, "Rocket": 3.5248638917600985, "2021": 3.511925121216188, "First": 3.4270467546658745, "Moon": 3.397708716274852, "look": 3.2456925089762265, "world": 3.2203747009919366, "NASA": 3.1956820884015653, "Hidden": 3.1956820884015653, "Your": 3.167616242339167, ":": 3.093056852038418, "IN": 3.0174338569952464, "the": 2.969480767917691, "Launch": 2.875013516953478, "At": 2.8066107900690773, "in": 2.679813776373239, "Future": 2.625667593245244, "make": 2.5785208148195418, "Building": 2.571963414273383, "-": 2.5706580954541467, "20": 2.4319173406276664, "Get": 2.371292718811232, "Make": 2.113463609509132, "From": 2.072972248154395, ".": 1.951367172833587, "Air": 1.9256475333975365, "The": 1.917634049386742, "a": 1.7627609531708202, "your": 1.7416151121999524, "6": 1.57412281543512, "7": 1.4998427410522495, "to": 1.1986717537587126, "2022": 1.0470444438551534, "A": 0.9456748114874267, "How": 0.8761679333070715, "'s": 0.8179442730281747, "with": 0.8078147547893193, "of": 0.7138288761004553, "and": 0.5938961535835382, "!": 0.4659181270755709}