{"Figurines": 191.32132178333222, "Diorama": 150.23760210273355, "Animal": 104.66124071019748, "Barnyard": 76.48351994991228, "Names": 75.83890924931944, "Safari": 53.74996213645906, "Learn": 50.965488100266455, "Farm": 49.43800708941153, "Fun": 48.44446457593084, "and": 21.86895632977908, "Waterhole": 16.103319113683906, "Farmyard": 16.103319113683906, "African": 16.03082806721923, "Cattle": 14.717024752564017, "Horses": 11.708869959011468, "Island": 10.689069561329442, "Jungle": 9.368727453710958, "Facts": 9.235344704713615, "Mammals": 8.051659556841953, "Amphibians": 8.051659556841953, "Animals": 7.314420804339029, "-": 7.064470168122776, "Schleich": 6.953047268173844, "Barn": 6.665365195722063, "Reptiles": 6.665365195722063, "Arctic": 6.442221644407853, "Day": 6.374200592614628, "Polar": 6.10574940778664, "Let": 5.855391154877389, "Pond": 5.749074463847908, "Playmobil": 5.566752907053953, "plus": 5.343609355739743, "Birds": 4.916165340912804, "Asian": 4.873605726494008, "Figures": 4.873605726494008, "Land": 4.414073397115568, "some": 4.026307866106804, "Sea": 3.892776473482282, "Cute": 3.817553052244694, "on": 3.7914437235971223, "For": 3.557565100591572, "with": 3.42571882559143, "/": 2.768455828103965, "A": 2.672440950532964, "Make": 2.5920740426977944, "a": 1.8447240158251612, "'s": 1.6479941162265974, "the": 1.6077339501482149, ",": 0.594627467719573, "!": 0.42557679876957294}