{"Miniatures": 76.20608423832424, "Miniature": 66.5736376238683, "Zippered": 62.46333303141127, "DIY": 49.149176893048576, "Pony": 36.182015095178045, "Etc": 35.57384724183231, "Little": 28.03081228577791, "Purse": 22.91390034898629, "Dollhouse": 19.89881313948077, "More": 19.387372529098556, "Crafts": 18.403911219406584, "Suitcase": 17.185425261739717, "Kitty": 16.230064068384113, "Junk": 15.506577897933449, "Panda": 14.924109854610577, "Backpack": 14.75263461309073, "Skates": 13.418608680516597, "-": 13.380992579617697, "Hello": 13.026542178380048, "Hoverboard": 12.843244535613035, "Mermaid": 12.357111524437418, "Sandals": 12.032314319396708, "Doll": 11.628272988606248, "Dog": 10.900588077092316, "Roller": 9.949406569740384, "KIT": 9.259725597156926, "Accessories": 8.95142423750241, "Products": 8.707925551463937, "Donuts": 8.684361452253365, "Kitchen": 8.556268713975443, ",": 8.37595181186253, "Unicorn": 8.093433026465693, "My": 8.004553260032004, "Rubix": 7.807916628926408, "Lunchpail": 7.807916628926408, "Newspapers": 7.807916628926408, "Pop-tarts": 7.807916628926408, "cell": 7.807916628926408, "Unikitty": 7.807916628926408, "&": 7.619050447293474, "Beauty": 7.396747130884792, "Travel": 7.361564487762634, "Food": 7.311835802396238, "Wallets": 7.114769448366463, "Crockpot": 7.114769448366463, "LPS": 7.114769448366463, "-Easy": 7.114769448366463, "TV": 6.902415604473633, "Purses": 6.709304340258298, "Barefoot": 6.709304340258298, "Mugs": 6.421622267806518, "Toaster": 6.421622267806518, "Notebooks": 6.421622267806518, "pencils": 6.198478716492308, "Owl": 6.016157159698354, "Room": 5.927459084935634, "NOT": 5.865438611450514, "colored": 5.862006479871095, "Shamrock": 5.862006479871095, "Slimes": 5.610692051590189, "Headband": 5.610692051590189, "Tote": 5.5053315359323625, "Xbox": 5.410021356128038, "Helmet": 5.410021356128038, "Bead": 5.410021356128038, "Lava": 5.242967271464872, "St.": 5.242967271464872, "Hat": 5.099866427824199, "Tube": 5.099866427824199, "Milkshake": 5.099866427824199, "Aquarium": 4.917544871030244, "Basket": 4.863477649759968, "McDonald": 4.863477649759968, "Cube": 4.812184355372417, "Patrick": 4.812184355372417, "Lamp": 4.763394191202986, "Dolls": 4.763394191202986, "phone": 4.716874175568092, "Pet": 4.672422412997259, "Bike": 4.629862798578463, "Fox": 4.629862798578463, "Sewing": 4.549820090904927, "LOL": 4.406719247264253, "Retro": 4.373929424441262, "Barbie": 4.373929424441262, "bag": 4.281556104310247, "Wings": 4.252568567436995, "Liquid": 4.2243976904702984, "Stand": 4.2243976904702984, "10": 4.139434068725437, "Pancakes": 4.119037174812473, "etc": 4.119037174812473, "Cakes": 4.023726995008147, "Supplies": 4.023726995008147, "Slime": 4.001254139156089, "Eggs": 3.9792752324373133, "Watermelon": 3.8566729103449813, "Easter": 3.6490335455667364, "Bed": 3.603224009535442, "Small": 3.5038515357222386, "Kit": 3.3535693326729006, "Candy": 3.3420085102718247, "Breakfast": 3.3081069585961433, "Easy": 3.0890367326695696, "School": 3.062984500563158, "Ice": 2.932719305725257, "Hot": 2.852089571325148, "11": 2.790636792111484, "Cream": 2.7709640265127793, "more": 2.7019711550258276, "Cake": 2.6431306550028943, "9": 2.4655823769615974, "Mini": 2.4326382212422435, "Top": 2.4097539274086555, "Style": 2.331453076994898, ".": 2.2516160629531994, "Summer": 2.1414899408139765, "/": 1.9357988394509926, "Day": 1.646709307231332, "A": 1.564756628575776, "for": 1.557658129553493, "(": 1.5470573980218107, ")": 1.5052075711733137, "4": 1.4835576665450976, "!": 1.033660750219163, "'s": 0.9546175357403303, "The": 0.856144464527497, "and": 0.6858567472972661}