{"Lyrics": 114.95932358598387, "Snippet": 27.734991437025563, "(": 22.343985228443294, ")": 21.895911725915237, "-": 19.062346359104595, "TikTok": 13.364049062781428, "ft.": 8.419840422633897, "gavn": 8.0323601479245, "Emlyn": 8.0323601479245, "Buppy": 8.0323601479245, "Arden": 8.0323601479245, "indifferent": 8.0323601479245, "Crosses": 8.0323601479245, "zoahh": 8.0323601479245, "Kushner": 8.0323601479245, "powfu": 8.0323601479245, "vivi": 8.0323601479245, "rincon": 8.0323601479245, "blur": 8.0323601479245, "championxiii": 8.0323601479245, "Imfalls": 8.0323601479245, "Dawes": 8.0323601479245, "callmestevieray": 8.0323601479245, "Mikey": 8.0323601479245, "bucks": 8.0323601479245, "Katherine": 7.339212967364555, "Moses": 7.339212967364555, "Muse": 7.339212967364555, "Jillian": 7.339212967364555, "Rossi": 7.339212967364555, "Anees": 7.339212967364555, "JROA": 7.339212967364555, "Latency": 7.339212967364555, "Rowan": 7.339212967364555, "lived": 7.339212967364555, "Andi": 7.339212967364555, "KNOWN": 6.933747859256391, "Kado": 6.933747859256391, "Doesn": 6.64606578680461, "COSTA": 6.64606578680461, "Devils": 6.64606578680461, "teenage": 6.64606578680461, "Calvin": 6.4229222354904, "Alec": 6.4229222354904, "Burns": 6.4229222354904, "Soundtrack": 6.4229222354904, "CNN": 6.4229222354904, "Li": 6.240600678696445, "Benjamin": 6.240600678696445, "Hans": 6.240600678696445, "treat": 6.240600678696445, "Bargain": 6.086449998869187, "Burn": 6.086449998869187, "Harris": 5.952918606244665, "ill": 5.952918606244665, "Drake": 5.952918606244665, "AMBER": 5.952918606244665, "Koi": 5.952918606244665, "Happening": 5.835135570588281, "Orlando": 5.835135570588281, "93": 5.729775054930455, "moon": 5.729775054930455, "Bush": 5.729775054930455, "z": 5.63446487512613, "Nicky": 5.63446487512613, "Kylie": 5.5474534981365, "Steven": 5.467410790462964, "Kate": 5.467410790462964, "Lipa": 5.393302818309242, "enough": 5.32430994682229, "Normal": 5.32430994682229, "Stephen": 5.32430994682229, "Styles": 5.259771425684719, "Devil": 5.199146803868285, "Williams": 5.199146803868285, "plan": 5.141988390028335, "dream": 5.08792116875806, "Used": 5.0366278743705095, "123": 4.987837710201077, "Pretty": 4.896865931995351, "Dua": 4.854306317576555, "Jones": 4.854306317576555, "Hill": 4.736523281920172, "Hate": 4.700155637749297, "Johnny": 4.700155637749297, "Myself": 4.700155637749297, "Kiss": 4.665064317938026, "Running": 4.665064317938026, "u": 4.631162766262345, "Sun": 4.5983729434393545, "'d": 4.566624245124774, "Stranger": 4.566624245124774, "Late": 4.505999623308339, "Sam": 4.477012086435087, "Low": 4.44884120946839, "right": 4.368798501794854, "Moon": 4.22569765815418, "Smith": 4.1822125462144415, "Talking": 4.120337142496354, "Harry": 4.081116429343073, "David": 4.007008457189351, "200": 3.971917137378081, "Lost": 3.9052257628794087, "people": 3.827667528533534, "Too": 3.7419007067761094, "News": 3.7016268076381693, "Cat": 3.6885547260708167, "Again": 3.6756513212349087, "Remix": 3.625640900660247, "if": 3.589708891434184, "Work": 3.5780128516709926, "Season": 3.5664520292699167, "go": 3.3138612766294058, "Down": 3.2961616995300047, "Bad": 3.1960782409730224, "Just": 3.1420110197027467, "Night": 3.0765330903232395, "Good": 3.048753526216164, "t": 2.884865671111047, "Things": 2.8675741740009864, "we": 2.8012515310699135, "Be": 2.7593605893607536, "Music": 2.744093117229965, "Not": 2.7340427813764636, "Official": 2.6251883764643815, "That": 2.5643000067893693, "One": 2.5270286119921375, "Up": 2.3728779321648794, "From": 2.365933459812068, ".": 2.281468501744494, "I": 2.045902430431727, "Me": 1.9826266926925427, "Video": 1.9410502658468023, "4": 1.6920008441967482, "You": 1.6590403583474878, "\u2019": 1.5615606441418985, "To": 1.4884483023597082, "on": 1.3990417146441236, "and": 1.0103837248523406, "2": 0.9900739759847571, "the": 0.8855879684718633, "&": 0.8134504403054402, ",": 0.5951537810532077, "!": 0.40335625827154326}