{"Warzone": 26.58426314721844, "Fortnite": 25.354185948925082, "MODERNWARFARE": 24.0970804437735, "Duty": 20.56795356011334, "DUTY": 18.25934999660756, "CALL": 16.179908454927727, "HALLOWEINER": 16.064720295849, "Call": 15.819290816075124, "Victories": 14.67842593472911, "Keyboard": 13.867495718512782, "DAD": 13.69987273537432, "200,000": 12.8458444709808, "Montage": 11.094906996273, "Playing": 11.065664178212451, "Cam": 10.073255748741019, "Almost": 8.89768241893678, "HAPPY": 8.086752202720453, "Solos": 8.0323601479245, "Toliver": 8.0323601479245, "GRIND": 8.0323601479245, "yeet": 8.0323601479245, "Scrims": 8.0323601479245, "Reaganzilla": 8.0323601479245, "Toady": 8.0323601479245, "DUBS": 8.0323601479245, "BossKeegan": 8.0323601479245, "Unvaulted": 8.0323601479245, "Squads": 8.0323601479245, "sweat": 7.339212967364555, "!": 7.260412648887779, "WITH": 6.877701707235799, "ARE": 6.557539913636272, "Getting": 6.473139204655519, "OF": 6.430446568774858, "Lofi": 6.4229222354904, "Duos": 6.4229222354904, "NEW": 6.260818617953776, "Sweat": 6.240600678696445, "MY": 6.122686802449555, "montage": 5.952918606244665, "highlights": 5.835135570588281, "clips": 5.729775054930455, "HYPE": 5.63446487512613, "11": 5.549729551793438, "Arena": 5.5474534981365, "Im": 5.467410790462964, "Heavy": 5.467410790462964, "BOSS": 5.32430994682229, "TODAY": 5.259771425684719, "season": 5.141988390028335, "Metal": 5.08792116875806, "Custom": 5.0366278743705095, "Code": 4.896865931995351, "are": 4.7387993355771085, "WINS": 4.700155637749297, "Hard": 4.700155637749297, "Boss": 4.665064317938026, "Edit": 4.566624245124774, "Idea": 4.53585258645802, "BOYS": 4.505999623308339, "Wins": 4.44884120946839, "FORTNITE": 4.421442235280276, "Stream": 4.343480693810564, "2nd": 4.318788081220193, "GETTING": 4.043376101360226, "of": 3.9081892183389946, "Don": 3.889225421532968, "NIGHT": 3.769680270883185, "Take": 3.625640900660247, "Season": 3.5664520292699167, "Box": 3.52150064140765, "back": 3.083600257546332, "BACK": 2.9447638126921163, "we": 2.8012515310699135, "About": 2.719154168882713, "Christmas": 2.6948220682231825, "about": 2.6524627943840406, "WE": 2.551721224582509, "Are": 2.5311019373797734, "AND": 2.502931060413077, "ME": 2.415589050257929, "No": 2.3975705447552507, "We": 1.9944892280023627, "Me": 1.9826266926925427, "to": 1.8303092895203121, "my": 1.7727786838595776, "With": 1.7519643089643056, "for": 1.2377735670480012, "and": 1.0103837248523406, "2": 0.9900739759847571, "The": 0.7960208051701567}