{"Stories": 158.08048902972433, "Real": 140.9300153803402, "Documentary": 139.98038969840147, "Crime": 65.32286094804955, "4k": 63.72999642373816, "|": 46.44590046214622, "True": 37.29934904450404, "]": 34.69329754414593, "[": 34.6007704631507, "(": 28.050256822655495, ")": 27.699912279787966, "Seat": 22.657789877030098, "Anxiety": 18.458501379035386, "Story": 18.456421682030093, "Death": 17.749573038832093, "Table": 16.836640946602728, "Climate": 16.335988374786705, "Narcotics": 15.220715236625676, ":": 14.040309446478298, "Reggie": 13.834420875505785, "DUST": 13.834420875505785, "Radioactive": 13.023490659289456, "Chernobyl": 13.023490659289456, "Poverty": 13.023490659289456, "The": 13.005407527219736, "Yates": 12.448126514385894, "Detectives": 12.448126514385894, "Fatal": 11.637196298169565, "Marathon": 11.061832153266003, "INTO": 10.424924691028934, "My": 10.229974621549603, "At": 10.041964761954556, "Catch": 9.942600577395158, "Millionaire": 9.675537792146113, "Extreme": 9.554288548513243, "Escape": 9.229250689517693, "Inside": 9.201188508128501, "For": 8.980052630883637, "Killer": 8.782963586889274, "Same": 8.782963586889274, "Cancer": 8.053677359713456, "To": 7.991017164881958, "Double": 7.652335968789153, "Fight": 7.652335968789153, "Me": 7.643287755857612, "Grayson": 7.610357618312838, "Gambler": 7.610357618312838, "High-Stakes": 7.610357618312838, "Grieving": 7.610357618312838, "Jailed": 7.610357618312838, "Impersonating": 7.610357618312838, "Dweller": 7.610357618312838, "Kingpin": 7.610357618312838, "Dealer": 7.610357618312838, "Addicts": 7.610357618312838, "Hitman": 7.610357618312838, "3-Hour": 7.610357618312838, "Conquers": 7.610357618312838, "Inescapable": 7.610357618312838, "Scandi": 7.610357618312838, "Madgin": 7.610357618312838, "FILLERS": 7.610357618312838, "MARATHON": 7.610357618312838, "Rituals": 7.610357618312838, "Fukushima": 7.610357618312838, "Neighborhoods": 7.610357618312838, "Colleagues": 7.610357618312838, "Coming-Of-Age": 7.610357618312838, "Kurdish": 7.610357618312838, "Warzone": 7.610357618312838, "Psychiatric": 7.610357618312838, "Robbing": 7.610357618312838, "Kidnapped": 7.610357618312838, "Young": 7.437074640404422, "Men": 6.998967508279053, "Killings": 6.9172104377528925, "Cadet": 6.9172104377528925, "Marijuana": 6.9172104377528925, "Battling": 6.9172104377528925, "Hart": 6.9172104377528925, "Stabbed": 6.9172104377528925, "KILLERS": 6.9172104377528925, "Opioid": 6.9172104377528925, "Epidemic": 6.9172104377528925, "Goth": 6.9172104377528925, "Poorest": 6.9172104377528925, "Guerrillas": 6.9172104377528925, "Sunk": 6.9172104377528925, "Concordia": 6.9172104377528925, "Politician": 6.9172104377528925, "?": 6.660537299677028, "the": 6.590579940587175, "Documenting": 6.511745329644728, "Heroin": 6.511745329644728, "Posh": 6.511745329644728, "Off-Grid": 6.511745329644728, "Recover": 6.511745329644728, "Rehabilitation": 6.511745329644728, "Fentanyl": 6.511745329644728, "CRIME": 6.511745329644728, "ISIS": 6.511745329644728, "Bandit": 6.511745329644728, "Shipwreck": 6.511745329644728, "Trailer": 6.507297583246491, "Wealthy": 6.224063257192947, "Policing": 6.224063257192947, "Odds": 6.224063257192947, "Filmmaker": 6.224063257192947, "Gaza": 6.224063257192947, "Sunken": 6.224063257192947, "Confessions": 6.224063257192947, "Costa": 6.224063257192947, "City": 6.221095895965145, "Can": 6.0358069779433885, "World": 6.002657469383633, "Corruption": 6.000919705878737, "Cope": 6.000919705878737, "Patients": 6.000919705878737, "Prisoners": 6.000919705878737, "Shadows": 6.000919705878737, "Reddit": 6.000919705878737, "Survivor": 6.000919705878737, "Tribe": 6.000919705878737, "Samantha": 6.000919705878737, "Redemption": 6.000919705878737, "Murdered": 6.000919705878737, "Moss": 6.000919705878737, "Brexit": 5.8185981490847825, "Divided": 5.8185981490847825, "Authority": 5.8185981490847825, "Tattoo": 5.8185981490847825, "Failing": 5.8185981490847825, "Pollution": 5.8185981490847825, "Isolated": 5.8185981490847825, "Autism": 5.8185981490847825, "Water": 5.7308509798991745, "Scandal": 5.664447469257524, "Pilot": 5.664447469257524, "Indie": 5.664447469257524, "Puppies": 5.664447469257524, "Wrestling": 5.664447469257524, "Bomber": 5.664447469257524, "Cops": 5.664447469257524, "Indigenous": 5.664447469257524, "Bars": 5.664447469257524, "Gap": 5.664447469257524, "Teenage": 5.664447469257524, "Killers": 5.664447469257524, "Addiction": 5.530916076633002, "Parent": 5.530916076633002, "Doc": 5.530916076633002, "WWE": 5.530916076633002, "Boston": 5.530916076633002, "Apollo": 5.530916076633002, "Weeks": 5.413133040976618, "Argument": 5.413133040976618, "Cowboy": 5.413133040976618, "Basketball": 5.413133040976618, "Interviews": 5.413133040976618, "Sacred": 5.413133040976618, "Perry": 5.307772525318792, "Drivers": 5.307772525318792, "Josh": 5.307772525318792, "Helping": 5.307772525318792, "Arctic": 5.307772525318792, "Criminal": 5.307772525318792, "Turns": 5.212462345514467, "Files": 5.125450968524837, "Struggle": 5.125450968524837, "Wins": 5.125450968524837, "Based": 5.125450968524837, "Killed": 5.045408260851301, "Guns": 5.045408260851301, "Drug": 5.045408260851301, "Legend": 5.045408260851301, "Pole": 5.045408260851301, "Earn": 5.045408260851301, "FBI": 4.971300288697579, "Friendship": 4.971300288697579, "Gay": 4.971300288697579, "Fighting": 4.971300288697579, "People": 4.960917806779528, "A": 4.9215622967935975, "Murder": 4.902307417210627, "Syndrome": 4.902307417210627, "Tragic": 4.902307417210627, "TRUE": 4.902307417210627, "Recovery": 4.837768896073056, "Hunting": 4.837768896073056, "Disaster": 4.837768896073056, "Britain": 4.777144274256622, "Prison": 4.777144274256622, "Families": 4.7199858604166725, "Lives": 4.7199858604166725, "Hope": 4.7199858604166725, "Kind": 4.7199858604166725, "Soccer": 4.665918639146397, "Spy": 4.665918639146397, "Coca": 4.665918639146397, "Taylor": 4.614625344758847, "Teen": 4.614625344758847, "Lady": 4.614625344758847, "Toilet": 4.565835180589414, "Cup": 4.519315164954522, "Cola": 4.519315164954522, "Centre": 4.519315164954522, "Projects": 4.519315164954522, "Plastic": 4.474863402383688, "Forever": 4.432303787964892, "Canada": 4.432303787964892, "Force": 4.432303787964892, "Girls": 4.432303787964892, "Pay": 4.432303787964892, "of": 4.425007129774973, "Survive": 4.352261080291355, "Pet": 4.352261080291355, "Row": 4.352261080291355, "Treasure": 4.352261080291355, "York": 4.314520752308509, "Survival": 4.314520752308509, "Brother": 4.314520752308509, "Female": 4.314520752308509, "Mom": 4.278153108137634, "Professional": 4.209160236650682, "Medical": 4.209160236650682, "Places": 4.176370413827692, "Four": 4.176370413827692, "Bill": 4.144621715513111, "Dogs": 4.144621715513111, "And": 4.138188146308822, "'s": 4.12950277837597, "Coffee": 4.113850056846357, "Jesus": 4.113850056846357, "Military": 4.113850056846357, "Worth": 4.113850056846357, "Against": 4.083997093696676, "Bank": 4.083997093696676, "Shop": 4.055009556823424, "Name": 4.055009556823424, "Amazon": 4.055009556823424, "Father": 4.055009556823424, "Rich": 4.026838679856728, "Attack": 4.026838679856728, "Mental": 3.9727714585864518, "Of": 3.9227667603032628, "Room": 3.8967855516085295, "Life": 3.8878618604008106, "Times": 3.849157502619275, "From": 3.839996327977554, "Island": 3.8261679843945764, "ALL": 3.803695128542518, "Team": 3.7817162218237423, "Global": 3.7817162218237423, "Job": 3.7817162218237423, "Ten": 3.760210016602779, "Problem": 3.760210016602779, "Mystery": 3.760210016602779, "with": 3.753298691407081, "Internet": 3.7391566074049467, "On": 3.7347088610067103, "Happened": 3.718537320202211, "Official": 3.6983346128846915, "North": 3.6983346128846915, "Michael": 3.6785319855885117, "Too": 3.6591138997314103, "Around": 3.6591138997314103, "What": 3.655321514760706, "Girl": 3.6400657047607154, "Secrets": 3.621373571748563, "Under": 3.567306350478287, "Behind": 3.5499146077664183, "China": 3.5499146077664183, "Hidden": 3.532820174407118,