{"Shalini": 203.00583235208663, "Dr": 123.90410170957159, "Loss": 46.75072348197915, "Weight": 43.06090708500362, "@": 31.717567860034734, "Sandalwood": 31.231666515705633, "Treatment": 20.72177491398381, "Vitamin": 20.675437197244598, "Magic": 18.016120047677212, "Bioflavonoids": 15.615833257852817, "D3": 15.615833257852817, "Pure": 14.75263461309073, "treatment": 14.590432949279904, "Magical": 13.767122412174622, "Diseases": 13.418608680516597, "Immune": 12.843244535613035, "C": 12.357111524437418, ",": 12.343507933271098, "Tonic": 12.032314319396708, "Cough": 12.032314319396708, "mein": 11.72401295974219, "Disease": 11.72401295974219, "Research": 11.72401295974219, "Weightloss": 11.221384103180378, "Booster": 11.010663071864725, "product": 11.010663071864725, "hai": 10.646019958276817, "Available": 10.337718598622299, "Flawless": 10.070655813373255, "Detox": 9.526788382405972, "Products": 8.707925551463937, "Diet": 8.448795380940597, "15ml": 7.807916628926408, "2690/-": 7.807916628926408, "yippee": 7.807916628926408, "Dosage": 7.807916628926408, "www.brownwhiteindia.com": 7.807916628926408, "5gm": 7.807916628926408, "brownwhiteindia.com": 7.807916628926408, "Hepatitis": 7.807916628926408, "Cirrhosis": 7.807916628926408, "Zinc": 7.807916628926408, "bilkul": 7.807916628926408, "bhule": 7.807916628926408, "ghane": 7.807916628926408, "baal": 7.807916628926408, "pae": 7.807916628926408, "k2": 7.807916628926408, "temperature": 7.807916628926408, "behavior": 7.807916628926408, "reports": 7.807916628926408, "\ud83e\udd81": 7.807916628926408, "\ud83c\udfc5\ud83c\udfc6": 7.807916628926408, "Bhukh": 7.807916628926408, "votes": 7.807916628926408, "shalini": 7.807916628926408, "tonic": 7.807916628926408, "ONLY": 7.329563805069752, "Amrit": 7.114769448366463, "weightloss": 7.114769448366463, "Males": 7.114769448366463, "aap": 7.114769448366463, "Lungs": 7.114769448366463, "Infection": 7.114769448366463, "Pneumonia": 7.114769448366463, "lungs": 7.114769448366463, "Tea": 6.928222414145449, "Drink": 6.902415604473633, "Now": 6.851779988505053, "Oil": 6.778152042259621, "Calcium": 6.709304340258298, "lucky": 6.709304340258298, "ho": 6.709304340258298, "magical": 6.709304340258298, "update": 6.684017020543649, "flawless": 6.421622267806518, "Fatty": 6.421622267806518, "Magnesium": 6.421622267806518, "Migraine": 6.421622267806518, "liver": 6.198478716492308, "Asthma": 6.198478716492308, "Hair": 6.147044565147384, "Sold": 6.016157159698354, "Don'ts": 6.016157159698354, "Offer": 6.016157159698354, "\u0905\u0938\u0930": 6.016157159698354, "order": 6.016157159698354, "Lite": 5.862006479871095, "Jan": 5.862006479871095, "ur": 5.862006479871095, "Wrinkle": 5.728475087246572, "Dose": 5.728475087246572, "Lion": 5.728475087246572, "Detail": 5.728475087246572, "My": 5.717538042880004, "Face": 5.634968084295345, "stomach": 5.610692051590189, "launch": 5.610692051590189, "Completely": 5.5053315359323625, "benefits": 5.5053315359323625, "Award": 5.5053315359323625, "Treatments": 5.5053315359323625, "problem": 5.5053315359323625, "%": 5.428332856239292, "drop": 5.3230099791384085, "Kale": 5.3230099791384085, "Circle": 5.3230099791384085, "u": 5.3230099791384085, "Website": 5.3230099791384085, "\u0932\u0947": 5.242967271464872, "Cure": 5.1688592993111495, "\u0915\u093f": 5.1688592993111495, "Constipation": 5.1688592993111495, "Skin": 5.142949332192918, "One": 5.1323392277335325, "ko": 5.099866427824199, "Liver": 4.974703284870192, "100": 4.865276442484487, "started": 4.763394191202986, "Quick": 4.7396746400064265, "'": 4.7396746400064265, "heart": 4.672422412997259, "Anti": 4.629862798578463, "today": 4.475712118751205, "\u0915\u0930\u0947\u0902": 4.406719247264253, "videos": 4.406719247264253, "New": 4.402671975595969, "Drop": 4.373929424441262, "find": 4.373929424441262, "health": 4.373929424441262, "\u0915\u0948\u0938\u0947": 4.342180726126682, "B": 4.311409067459929, "Benefits": 4.252568567436995, "Pack": 4.170330469200023, "water": 4.144354982796762, "idea": 4.144354982796762, "SALE": 4.119037174812473, "CHAT": 4.0943445622221, "Complete": 4.046716513232846, "Bottle": 4.023726995008147, "1st": 4.023726995008147, "Current": 4.023726995008147, "am": 3.916096330815782, "only": 3.916096330815782, "\ud83e\udd29": 3.8566729103449813, "on": 3.7833936544976536, "Cold": 3.764865361091858, "Glass": 3.6970427647530975, "skin": 3.6490335455667364, "na": 3.6490335455667364, "again": 3.6335293590307716, "Chat": 3.573810124329149, "se": 3.573810124329149, "'M": 3.531250509910353, ".": 3.377424094429799, "Dark": 3.3192802591942687, "Every": 3.2127967787918186, "LIVE": 3.163525729785036, "(": 3.0941147960436215, "recipe": 3.054326437820044, "Winter": 3.0457426941286525, ")": 3.0104151423466274, "Free": 2.9716347219749304, "Special": 2.963729542467817, "Need": 2.963729542467817, "Should": 2.940382178470826, "&": 2.930404018189798, "Family": 2.9100768289754972, "Natural": 2.902641850487979, "i": 2.8450719986665014, "White": 2.8174840421476723, "Live": 2.70805020110221, "Q": 2.6604221521129556, "hair": 2.6488613297118793, "day": 2.4655823769615974, "Out": 2.382966611445006, "Routine": 2.352595513568707, "new": 2.290463732461701, "Do": 2.017956458029155, "make": 2.0149030205422647, "I": 1.7373253657698007, "with": 1.639006893853634, "A": 1.564756628575776, "for": 1.557658129553493, "For": 1.5200580687646241, "my": 1.4781957234037122, "and": 1.3717134945945322, "-": 1.3380992579617697, "?": 1.2771332245116178, "to": 1.2239588049016787, "1": 1.148622709242771, "'s": 0.9546175357403303, "How": 0.7895148298572078}