{"HermitCraft": 147.7837301500724, "Ep": 102.79207712077668, "SMP": 37.15739628095177, "|": 32.678564824684045, "OCTAGON": 32.54373108801956, "Last": 24.558849004902946, "Life": 22.35099232562616, "8": 21.029113645450614, "THE": 19.287008096852222, "9": 17.90643162902394, "HERMITS": 16.27186554400978, "08": 15.274231002844402, "09": 15.001315668227223, "07": 14.873636824970834, "SHADOW": 14.520287718001684, "ALLIANCE": 13.05298971914158, "STRIKES": 11.30205224443378, "06": 9.915757883313889, "04": 9.755672467966816, "05": 9.607456523659373, "03": 9.27885042107682, "02": 9.050029718721332, "01": 8.614582751031591, "SERVER": 8.447819533153488, "GIGAJACKS\u2122": 8.13593277200489, "KERALIS": 8.13593277200489, "GIGABLASTED": 8.13593277200489, "GIGAVERSE": 8.13593277200489, "HERMISSIPPI": 8.13593277200489, "GIGAPOD\u2122": 8.13593277200489, "GIGACORP\u2122": 8.13593277200489, "HERMATRIX": 8.13593277200489, "MUMBO": 8.13593277200489, "SMASHED": 8.13593277200489, "OCTA-PROJECT": 8.13593277200489, "ATTENTION": 8.13593277200489, "BOOGEYMAN": 8.13593277200489, "RISES": 8.13593277200489, "HEADQUARTERS": 8.13593277200489, "MEGASHOP": 8.13593277200489, "THINGY": 8.13593277200489, "BACK": 7.679951006575722, "!": 7.527163607268236, "OUR": 7.507812274662018, "ROADS": 7.442785591444945, "DELIVERS": 7.442785591444945, "JUMBO": 7.442785591444945, "TERRAFORMING": 7.442785591444945, "BOATS": 7.442785591444945, "GRUMPY": 7.442785591444945, "FREAKING": 7.442785591444945, "FINALE": 7.27224620334925, "BANANAS": 7.037320483336781, "LANDED": 6.749638410885, "PUMPKIN": 6.52649485957079, "LOG": 6.52649485957079, "HUMANS": 6.344173302776835, "LEAD": 6.190022622949577, "MAKER": 6.190022622949577, "LIFE": 6.172153529510707, "SPIRIT": 6.056491230325054, "MAGICAL": 5.570983414543353, "GRIND": 5.42788257090268, "EXTRA": 5.42788257090268, "FACTORY": 5.363344049765109, "NAME": 5.363344049765109, "PLEASE": 5.19149379283845, "CREEPER": 5.000438556075741, "ADVENTURE": 4.91705694713669, "ON": 4.798720949051397, "PLUS": 4.734735390342735, "SHOP": 4.701945567519744, "TOWER": 4.670196869205164, "EPISODE": 4.63942521053841, "ALL": 4.637643224083372, "MOON": 4.580584710515477, "ROCK": 4.580584710515477, "STRONGEST": 4.498346612278505, "GETS": 4.398263153721522, "FARM": 4.398263153721522, "GRAND": 4.398263153721522, "TANK": 4.398263153721522, "ISLAND": 4.165640858452769, "NEXT": 4.09288150417034, "HIS": 3.946278029978465, "AM": 3.8318676788007204, "SQUAD": 3.81844465846858, "BEST": 3.799126363602372, "HAS": 3.7292135247406373, "BASE": 3.705115973161577, "[": 3.696148423686212, "]": 3.696148423686212, "OPENING": 3.693281515514574, "OF": 3.67764690414191, "LAST": 3.4631039375429844, "MEGA": 3.399734323610395, "END": 3.2996508650534127, "GO": 3.145500185226154, "ARE": 3.0001343349546286, "18": 2.9155769469265658, "17": 2.7746406062954656, "SEASON": 2.742305225652529, "16": 2.667872630869759, "14": 2.541221392403051, "15": 2.4321502973486893, "13": 2.4221999664955214, "12": 2.2415299377400397, "11": 2.1931333968781894, "IS": 1.7885435623488801, "TO": 1.7780905054967908, "IN": 1.6065139337426653, "10": 1.446333502825924, "?": 1.0197000278650197, "...": 0.9681235876884466, "I": 0.7931535826730446, "A": 0.7912137178552181, ":": 0.7426696772410525, ",": 0.7058186334430898, "(": 0.4018114686765854}