{"Handheld": 28.272177466617922, "Gameboy": 23.24256746575105, "Powkiddy": 20.727762465317618, "Analogue": 20.727762465317618, "Handhelds": 20.727762465317618, "Pocket": 19.56760940775941, "RK3326": 15.204802671331636, "Review": 14.34884844777477, "Of": 14.038266880565596, "Playdate": 11.985926846463435, "Buy": 11.032856996828908, "Best": 9.650639450155495, "Retro": 9.115757795884791, "Console": 8.54039365098123, "RGB20S": 7.602401335665818, "PlayDate": 7.602401335665818, "RGB10S": 7.602401335665818, "AYN": 7.602401335665818, "Retroid": 7.602401335665818, "Powkidy": 7.602401335665818, "Evercade": 7.602401335665818, "X18S": 7.602401335665818, "RG351MP": 7.602401335665818, "TRDR": 7.602401335665818, "RG300X": 7.602401335665818, "Should": 7.45322256974719, "Unboxing": 7.201131841155021, "The": 7.031324847751388, "RG552": 6.909254155105873, "Odin": 6.909254155105873, "Miyoo": 6.909254155105873, "2+": 6.909254155105873, "Clamshell": 6.909254155105873, "ANBERNIC": 6.909254155105873, "Modded": 6.503789046997708, "A20": 6.216106974545927, "Pokemon": 5.992963423231718, "ROM": 5.992963423231718, "Cartridge": 5.992963423231718, "You": 5.807194268878155, "Emulator": 5.656491186610505, "Zelda": 5.522959793985982, "DS": 5.522959793985982, "Knew": 5.522959793985982, "TRUTH": 5.405176758329599, "Existed": 5.299816242671772, "2021": 5.267887681824282, "VS": 5.237589427914964, "Gifts": 5.2045060628674475, "Inch": 4.829812613426037, "fake": 4.769187991609602, "Legend": 4.712029577769654, "Based": 4.712029577769654, "FAKE": 4.712029577769654, "Macro": 4.657962356499378, "found": 4.606669062111827, "Upcoming": 4.557878897942396, "Top": 4.169896878402222, "Close": 4.168414131180672, "10": 4.1633797117308795, "Yet": 3.991483423021594, "Far": 3.938839689536172, "Worst": 3.913521881551882, "Hacks": 3.8888292689615103, "PS5": 3.86473171738245, "Kids": 3.75225373395576, "Color": 3.6321094221136963, "Nintendo": 3.577049644930669, "King": 3.491527471492507, "First": 3.4270467546658745, "Never": 3.4127465936393926, "'s": 3.271777092112699, "Gen": 3.2456925089762265, "2022": 3.1411333315654604, "Next": 3.1137649659336786, "?": 3.112660959911383, "Games": 3.0072814855312284, "-": 2.999101111363171, "Impressions": 2.977428522381547, "So": 2.8488111445594537, "About": 2.660758913056514, "BEST": 2.618794713957482, "Game": 2.585121498850894, "Max": 2.250543202189752, "15": 2.245815060993806, "Gaming": 2.147080220308117, "Do": 2.1052331103726165, "Mini": 2.0264522325195022, "n't": 1.9604942647277046, "Watch": 1.942919119906197, "World": 1.9154259793259985, "$": 1.8093877272816745, "For": 1.7444681811823588, "2": 1.6540704894588536, "&": 1.5430542020392775, "7": 1.4998427410522495, "I": 1.4223846820132455, "New": 1.255012126009808, "Pro": 1.2088105817151864, "1": 1.0628153800481488, "A": 0.9456748114874267, "for": 0.7726075981533931, "a": 0.5875869843902733}