{"\u041c\u0415\u0422\u0410\u041b\u041b\u041e\u041b\u041e\u041c\u0410": 114.82375571772481, "\u041e\u0416\u0418\u0412\u041b\u0415\u041d\u0418\u0415": 59.006742832621896, "\u041d\u0410": 55.26937701444298, "\u041d\u0410\u0428\u0415\u041b": 45.92950228708992, "\u0421\u0412\u0410\u041b\u041a\u0423": 41.770619203730256, "\u0412\u0417\u042f\u0422\u041e\u0413\u041e": 38.2745852392416, "\u0421\u0412\u0410\u041b\u041a\u0415": 34.80884933644188, "\u041c\u041e\u0422\u041e": 32.78152379590105, "\u041e\u0416\u0418\u0412\u0428\u0418\u0419": 30.61966819139328, "\u0421\u0425\u041e\u0414\u0418\u041b": 30.61966819139328, "\u0418": 30.610205210873804, "\u0412\u041e\u0422": 29.31578789310133, "\u0421\u0412\u0410\u041b\u041a\u0418": 27.847079469153503, "\u0421\u041e": 26.225219036720844, "\u041c\u0401\u0420\u0422\u0412\u041e\u0413\u041e": 22.96475114354496, "\u041c\u041e\u0422\u041e\u0420\u041e\u041c": 22.96475114354496, "\u041a\u0410\u0420\u041f\u0410\u0422\u042b\u0427": 22.96475114354496, "\u0417\u0410\u041f\u0427\u0410\u0421\u0422\u042f\u041c\u0418": 22.96475114354496, "\u0417\u0410\u041f\u0423\u0421\u041a": 20.885309601865128, "\u0422\u0410\u041c": 19.668914277540633, "\u0421": 18.918580184702147, "\u042d\u0422\u041e": 18.25549837796002, "\u0414\u0412\u0418\u0413\u0410\u0422\u0415\u041b\u042f": 17.589472735860795, "\u0414\u0412\u0418\u0413\u0410\u0422\u0415\u041b\u042c": 17.589472735860795, "\u041c\u041e\u041d\u0421\u0422\u0420\u0410": 15.30983409569664, "\u0414\u041e\u0420\u0410\u0411\u0410\u0422\u042b\u0412\u0410\u0415\u041c": 15.30983409569664, "\u0420\u0415\u0422\u0420\u041e": 15.30983409569664, "\u0423\u0411\u0418\u0422\u041e\u0413\u041e": 15.30983409569664, "\u0414\u0412\u0423\u0425\u041a\u041e\u041b\u0401\u0421\u041d\u041e\u0413\u041e": 15.30983409569664, "\u0412\u0421\u041a\u0420\u042b\u0412": 15.30983409569664, "\u0423\u0412\u0418\u0414\u0415\u041b": 15.30983409569664, "\u0414\u041e\u041b\u0413\u041e\u0413\u041e": 15.30983409569664, "\u0414\u0412\u0418\u0416\u041e\u041a": 13.923539734576751, "\u0412\u0417\u042f\u041b": 13.112609518360422, "\u041f\u0420\u041e\u0421\u0422\u041e\u042f": 13.112609518360422, "\u0421\u0415\u0411\u0415": 12.53724537345686, "\u041c\u041e\u0422\u041e\u0426\u0418\u041a\u041b": 12.53724537345686, "\u0415\u0413\u041e": 12.53724537345686, "\u0417\u0410": 12.298706959076721, "......": 12.090958270828441, "\u0415\u0429\u0401": 11.726315157240531, "\u0412\u042b": 11.418013797586015, "\u041c\u041d\u041e\u0413\u041e": 11.418013797586015, "\u041f\u041e\u0421\u041b\u0415": 10.5140435500999, "\u041a\u0423\u041f\u0418\u041b": 9.893733693492221, "\u041f\u0415\u0420\u0412\u042b\u0419": 9.764656651217079, ".....": 8.87208244596024, "\u0427\u0422\u041e": 8.645425075346234, "\u0438": 8.602275915198824, "motorcycle": 8.441859686726348, "\u0417\u0410\u0411\u0420\u041e\u0428\u0415\u041d\u041d\u0423\u042e": 7.65491704784832, "\u041c\u0415\u0422\u0410\u041b\u041b\u041e\u041f\u0420\u0418\u0401\u041c\u041a\u0423": 7.65491704784832, "\u0417\u0430\u043f\u0447\u0430\u0441\u0442\u044f\u043c\u0438": 7.65491704784832, "\u041e\u0413\u0420\u041e\u041c\u041d\u0410\u042f": 7.65491704784832, "\u041c\u041e\u0422\u041e\u0421\u0412\u0410\u041b\u041a\u0410": 7.65491704784832, "\u0411\u0420\u041e\u0428\u0415\u041d\u041d\u042b\u0425": 7.65491704784832, "\u041c\u041e\u0422\u041e\u0426\u0418\u041a\u041b\u041e\u0412": 7.65491704784832, "\u0430\u0433\u0440\u0435\u0433\u0430\u0442\u0430": 7.65491704784832, "1960-\u0445": 7.65491704784832, "\u0412\u0418\u041b\u041a\u0423": 7.65491704784832, "\u041a\u0410\u0420\u041f\u0410\u0427\u0415": 7.65491704784832, "\u0412\u0415\u0420\u041d\u0423\u041b\u0421\u042f": 7.65491704784832, "\u041e\u0416\u0418\u0412\u0428\u0418\u041c": 7.65491704784832, "\u041a\u0423\u0411\u041e\u0412\u042b\u041c": 7.65491704784832, "\u0414\u0412\u0418\u0416\u041a\u041e\u041c": 7.65491704784832, "\u041f\u0420\u041e\u0413\u0423\u041b\u042f\u041b\u0421\u042f": 7.65491704784832, "\u041c\u041e\u0422\u041e\u0426\u0418\u041a\u041b\u042b": 7.65491704784832, "\u0412\u0410\u041d\u0414\u0410\u041b\u041e\u0412": 7.65491704784832, "\u041d\u0415\u0412\u0418\u0414\u0415\u041b\u0418": 7.65491704784832, "\u0421\u041e\u0420\u0412\u0410\u041b\u0421\u042f": 7.65491704784832, "\u0412\u0417\u042f\u0422\u042b\u041c": 7.65491704784832, "\u0414\u0412\u0418\u0416\u0415\u041d\u0418\u042f": 7.65491704784832, "\u0420\u0410\u041c\u0423": 7.65491704784832, "\u0420\u0410\u0411\u041e\u0422\u0410\u0422\u042c": 7.65491704784832, "\u0418\u0413\u041b\u0415": 7.65491704784832, "\u041a\u0410\u0420\u0411\u042e\u0420\u0410\u0422\u041e\u0420\u0410": 7.65491704784832, "\u0423\u0420\u0410": 7.65491704784832, "\u0421\u041b\u041e\u041c\u0410\u041d\u0410": 7.65491704784832, "\u041e\u0411\u0427\u0418\u0421\u0422\u0418\u041b\u0418": 7.65491704784832, "\u0414\u0412\u0423\u0425\u041a\u041e\u041b\u0415\u0421\u041d\u041e\u0413\u041e": 7.65491704784832, "\u041a\u041e\u041d\u042f": 7.65491704784832, "\u0411\u041e\u0414\u042f": 7.65491704784832, "\u041f\u041e\u0425\u041e\u0414": 7.65491704784832, "\u041c\u041e\u0422\u041e\u0417\u0410\u041f\u0427\u0410\u0421\u0422\u0415\u0419": 7.65491704784832, "!": 7.521444391024498, "antique": 6.961769867288376, "\u043a\u0443\u0431\u043e\u0432": 6.961769867288376, "\u041d\u0415\u041e\u0416\u0418\u0414\u0410\u041d\u041d\u0410\u042f": 6.961769867288376, "\u0417\u041d\u0410\u041b\u0418": 6.961769867288376, "\u041f\u0420\u041e\u0415\u041a\u0422\u0410": 6.961769867288376, "\u041c\u0415\u0421\u0422\u0410": 6.961769867288376, "\u041f\u0415\u0420\u0412\u042b\u0415": 6.961769867288376, "\u041e\u0416\u0418\u041b": 6.961769867288376, "\u0421\u0422\u0410\u0420\u0410\u042f": 6.961769867288376, "\u041c\u041e\u0422\u041e\u0426\u0418\u041a\u041b\u0410": 6.556304759180211, "\u0411\u042b\u041b": 6.556304759180211, "\u0441\u0442\u0430\u0440\u043e\u0439": 6.556304759180211, "\u041d\u041e\u0412\u042b\u041c": 6.556304759180211, "100cc": 6.556304759180211, "\u0412\u0410\u041b\u0418\u0422": 6.556304759180211, "\u041d\u0410\u0425\u041e\u0414\u041a\u0410": 6.556304759180211, "\u0417\u0410\u041f\u0427\u0410\u0421\u0422\u0418": 6.556304759180211, "\u0417\u0420\u042f": 6.556304759180211, "..........": 6.556304759180211, "\u041c\u0415\u0420\u0422\u0412\u0415\u0426\u0410": 6.556304759180211, "\u0422\u0410\u0427\u041a\u0418": 6.556304759180211, "\u0415\u0401": 6.556304759180211, "\u0414\u0412\u0423\u0425": 6.556304759180211, "\u043c\u043d\u043e\u0433\u043e": 6.26862268672843, "\u0422\u041e\u0427\u041d\u041e": 6.26862268672843, "\u0421\u0422\u0410\u0412\u0418\u041c": 6.26862268672843, "\u041d\u041e": 6.26862268672843, "\u0422\u0410\u0427\u041a\u0410": 6.26862268672843, "\u041a\u041e\u041b\u0401\u0421\u0410\u0425": 6.26862268672843, "\u0412\u043e\u0441\u0441\u0442\u0430\u043d\u043e\u0432\u043b\u0435\u043d\u0438\u0435": 6.0454791354142206, "\u041c\u041e\u0422\u041e\u0420\u0410": 6.0454791354142206, "\u0414\u0415\u0428\u0415\u0412\u042b\u0419": 6.0454791354142206, "\u0414\u0410": 6.0454791354142206, "\u041c\u041e\u0416\u0415\u0422": 6.0454791354142206, "\u0421\u0422\u0410\u0420\u041e\u0419": 6.0454791354142206, "\u0422\u0410\u041a\u041e\u0413\u041e": 5.863157578620266, "\u0412\u042b\u0415\u0417\u0414": 5.863157578620266, "\u0447\u0435\u0433\u043e": 5.457692470512101, "\u0421\u0410\u041c\u0410\u042f": 5.457692470512101, "\u0442\u0430\u0447\u043a\u0438": 5.457692470512101, "\u0411\u0415\u0417": 5.457692470512101, "\u041e\u041d": 5.457692470512101, "\u0427\u0430\u0441\u0442\u044c": 5.25702177504995, "\u041c\u041e\u0422\u041e\u0420": 5.17001039806032, "\u0422\u0410\u041a\u041e\u0415": 5.089967690386784, "\u0435\u0449\u0451": 5.015859718233062, "restoration": 4.8823283256085395, "Restoring": 4.65918477429433, "\u0414\u041b\u042f": 4.65918477429433, "\u0410": 4.610394610124898, "\u0421\u0410\u041c\u042b\u0419": 4.610394610124898, "\u0423": 4.43604122298012, "/": 4.2509759206737945, "repair": 4.15840948638184, "\u042f": 4.043999135204096, "110": 4.0173308881219345, "bike": 3.8707274139300596,