{"Montaner": 217.39480803473273, "Ricardo": 161.05554111019634, "Oficial": 53.16062105171128, "V\u00eddeo": 33.326825978610316, "MONTANER": 22.075537128846026, "QUIERAS": 16.103319113683906, "\ud83e\ude97": 16.103319113683906, "Silencio": 14.717024752564017, "-": 14.672361118408842, "TANGO": 13.906094536347688, "Dios": 12.884443288815707, "Video": 11.844599817187031, "Quiero": 11.498148927695816, "Saber": 11.498148927695816, "\ud83d\udd34": 10.322575597891579, "El": 9.868456866132593, "DIA": 9.832330681825608, "Session": 9.587126037640942, "Que": 8.99262299070508, "EL": 8.62797987711717, "(": 8.551156467544569, ")": 8.535176133633083, "QUE": 8.360917091868124, "Lanzamiento": 8.051659556841953, "Documental": 8.051659556841953, "Nostalgias": 8.051659556841953, "Cuartito": 8.051659556841953, "Fuimos": 8.051659556841953, "PIDO": 8.051659556841953, "Preludio": 8.051659556841953, "ALELUYA": 8.051659556841953, "Alabanza": 8.051659556841953, "Evaluna": 8.051659556841953, "Interludio": 8.051659556841953, "Cuna": 8.051659556841953, "Suelo": 8.051659556841953, "Caminito": 7.358512376282008, "Azul": 7.358512376282008, "Quieras": 7.358512376282008, "AM\u00c9N": 7.358512376282008, "Peque\u00f1o": 7.358512376282008, "Pido": 7.358512376282008, "Canto": 7.358512376282008, "\u00daltima": 6.953047268173844, "Volver": 6.953047268173844, "DIOS": 6.953047268173844, "Cabeza": 6.665365195722063, "Copa": 6.665365195722063, "Uno": 6.665365195722063, "Mismo": 6.665365195722063, "Estrellas": 6.665365195722063, "]": 6.358243108181829, "[": 6.350296083667097, "Luz": 6.259900087613898, "Kirk": 6.259900087613898, "Franklin": 6.259900087613898, "Gloria": 6.259900087613898, "Mundial": 6.10574940778664, "La": 6.016468879845414, "Nada": 5.854434979505734, "LIVE": 5.808330160057001, "Soy": 5.653764284043583, "Canci\u00f3n": 5.653764284043583, "ME": 5.609270969362934, "\ud83d\ude4f": 5.566752907053953, "De": 5.486783718881497, "D\u00eda": 5.486710199380417, "Concept": 5.218446212785738, "LO": 5.1072205776755135, "Live": 4.833739907345408, "Por": 4.684363726855479, "Lo": 4.49631149535254, "Te": 4.223018160352859, "Finale": 4.180458545934062, "una": 4.159839258731327, "Media": 4.139636551413807, "TE": 4.062675510277679, "En": 3.817553052244694, "Los": 3.574322742363747, ":": 3.0810315791649514, "@": 2.644487785381835, "Me": 2.0379444007991516, "With": 1.6597424434493515, "|": 1.4609420002049505, "A": 0.8908136501776546, ",": 0.594627467719573}