{"Kite": 93.24160461818892, "Turbine": 55.41197176024709, "TRPT": 38.012006678329094, "grasshopper": 22.807204006997456, "torque": 20.727762465317618, "analysis": 17.978890269695153, "Turbines": 17.43192559931329, "single": 15.613518188602342, "BackBot": 15.204802671331636, "Windswept": 15.204802671331636, "line": 14.136088733308961, "airborne": 13.007578093995416, "rope": 13.007578093995416, "turbine": 13.007578093995416, "net": 12.432213949091855, "transmission": 11.621283732875526, "farm": 11.31298237322101, "lines": 11.31298237322101, "area": 10.810353516659198, "part": 10.678050203493804, "wind": 10.409012125734895, "Area": 9.315924712998756, "Ground": 9.115757795884791, "Interesting": 9.115757795884791, "energy": 8.613128939322978, "aligned": 7.602401335665818, "wiggly": 7.602401335665818, "100kW": 7.602401335665818, "arms": 7.602401335665818, "skipping": 7.602401335665818, "Hackaday": 7.602401335665818, "flythrough": 7.602401335665818, "KiteTurbine": 7.602401335665818, "FieldTest": 7.602401335665818, "Trailing": 7.602401335665818, "trailing": 7.602401335665818, "brief": 7.602401335665818, "mast": 7.602401335665818, "AWEC2019": 7.602401335665818, "Hexagonal": 7.602401335665818, "effectively": 7.602401335665818, "lifting": 6.909254155105873, "20x": 6.909254155105873, "rotary": 6.909254155105873, "harvesting": 6.909254155105873, "collapse": 6.909254155105873, "Grasshopper": 6.909254155105873, "rhino": 6.909254155105873, "input": 6.909254155105873, "30sec": 6.909254155105873, "kite": 6.909254155105873, "Ltd": 6.909254155105873, "PTO": 6.503789046997708, "Oriented": 6.503789046997708, "detection": 6.503789046997708, "dynamic": 6.503789046997708, "pulsed": 6.503789046997708, "Rhino": 6.216106974545927, "draw": 6.216106974545927, "ring": 5.992963423231718, "spinning": 5.992963423231718, "active": 5.992963423231718, "networks": 5.992963423231718, "introduction": 5.992963423231718, "window": 5.992963423231718, "meter": 5.810641866437763, "rotor": 5.810641866437763, "bigger": 5.656491186610505, "Torque": 5.656491186610505, "08": 5.522959793985982, "n": 5.299816242671772, "Straight": 5.299816242671772, "scale": 5.2045060628674475, "Thanks": 5.037451978204281, "Subs": 5.037451978204281, "Lines": 5.037451978204281, "development": 5.037451978204281, "release": 4.963344006050559, "against": 4.963344006050559, "fly": 4.894351134563609, "station": 4.829812613426037, "Basics": 4.606669062111827, "flight": 4.606669062111827, "Farm": 4.557878897942396, "Seconds": 4.557878897942396, "Backup": 4.557878897942396, "testing": 4.424347505317873, "Analysis": 4.3443047976443365, "fast": 4.306564469661489, "31": 4.2351055056793445, "Basic": 4.201203954003663, "Faster": 4.201203954003663, "Crash": 4.168414131180672, "Network": 3.7957388458954986, "Release": 3.75225373395576, "Vision": 3.75225373395576, "through": 3.75225373395576, "1st": 3.75225373395576, "=": 3.731200324757927, "need": 3.6511576170843907, "under": 3.541958325119399, "power": 3.5080567734437174, "Highlights": 3.5080567734437174, "Station": 3.368294831068559, "in": 3.3497672204665485, "with": 3.231259019157277, "1000": 3.2203747009919366, "but": 3.1956820884015653, "Design": 3.0072814855312284, "more": 2.7902169802934007, "Use": 2.7272040124646666, "YouTube": 2.719599413079447, "as": 2.660758913056514, "VS": 2.618794713957482, "Update": 2.4319173406276664, "a": 2.3503479375610934, "Power": 2.2133296058493173, "Part": 2.2087737893134567, "Make": 2.113463609509132, ".": 1.951367172833587, "Test": 1.9290780684943258, "A": 1.8913496229748534, "an": 1.7882708038407518, "and": 1.7816884607506145, "2021": 1.755962560608094, "To": 1.5573960216298066, "for": 1.5452151963067862, "of": 1.4276577522009106, "I": 1.4223846820132455, "at": 1.4079959445611459, "10": 1.3877932372436266, "4": 1.3758646663783527, "the": 1.1877923071670764, "1": 1.0628153800481488, "on": 0.9521222870783963, "3": 0.943107415982181, "How": 0.8761679333070715, "2": 0.8270352447294268, ",": 0.3878969215146746}