{"Bonnie": 164.6013059814125, "Ruby": 162.37806681680084, "and": 26.424988898483058, "school": 22.733878078803826, "rules": 17.247223391543724, "importance": 13.906094536347688, "vacation": 13.330730391444126, "stories": 9.587126037640942, "learn": 9.438910093333499, "help": 8.936281236771688, "trip": 8.881483288395458, "for": 8.698341755592818, "about": 8.429737625346934, "babysit": 8.051659556841953, "etiquette": 8.051659556841953, "Laguna": 8.051659556841953, "organized": 8.051659556841953, "hobbies": 8.051659556841953, "Unhealthy": 8.051659556841953, "Wavehouse": 8.051659556841953, "aircraft": 8.051659556841953, "friends": 7.849050343593724, "story": 7.8170496609008415, "Hampton": 7.358512376282008, "roles": 7.358512376282008, "granny": 7.358512376282008, "environment": 7.358512376282008, "the": 7.234802775666967, "showcase": 6.953047268173844, "Rainforest": 6.953047268173844, "swap": 6.953047268173844, "homework": 6.953047268173844, "activity": 6.953047268173844, "general": 6.953047268173844, "kids": 6.814537315401162, "bedtime": 6.665365195722063, "nights": 6.665365195722063, "pilot": 6.665365195722063, "knowledge": 6.665365195722063, "Park": 6.511738022490425, "useful": 6.442221644407853, "watermelon": 6.442221644407853, "mystery": 6.442221644407853, "Legoland": 6.442221644407853, "at": 6.436477561495019, "Lunchbox": 6.259900087613898, "football": 6.10574940778664, "helping": 6.10574940778664, "solve": 6.10574940778664, "by": 6.048534372951592, "follow": 5.972218015162118, "boat": 5.854434979505734, "School": 5.819992000678587, "vs": 5.735325013847095, "be": 5.717405411903487, "Granny": 5.653764284043583, "Amusement": 5.653764284043583, "sea": 5.566752907053953, "Useful": 5.566752907053953, "experience": 5.412602227226695, "Tropical": 5.412602227226695, "learns": 5.343609355739743, "playground": 5.343609355739743, "Play": 5.297964349939348, "Banana": 5.1072205776755135, "Lava": 5.0559272832879625, "helps": 5.00713711911853, "Palace": 4.960617103483638, "save": 4.960617103483638, "shows": 4.916165340912804, "Silver": 4.873605726494008, "together": 4.832783731973753, "pretend": 4.832783731973753, "to": 4.828790462381713, "Floor": 4.793563018820471, "Jungle": 4.684363726855479, "Dubai": 4.555151995375473, "Healthy": 4.525299032225792, "Challenge": 4.523398771889401, "hours": 4.414073397115568, "Chef": 4.414073397115568, "Court": 4.362780102728017, "Sports": 4.362780102728017, "children": 4.313989938558585, "Day": 4.249467061743085, "work": 4.201511955131895, "Pink": 4.159839258731327, "Seek": 4.159839258731327, "Tricks": 4.081367643289831, "Hide": 3.957314994619853, "baby": 3.9407856926686424, "good": 3.8772722869463165, "Pizza": 3.832151851665847, "family": 3.8031643147925944, "Easy": 3.774993437825898, "Ride": 3.734171443305643, "Escape": 3.7209262165556227, "real": 3.6696329221680717, "Gold": 3.6572104021695147, "show": 3.6572104021695147, "Bus": 3.6572104021695147, "go": 3.416930568612318, "play": 3.378830722380047, "in": 3.319294926214018, "day": 3.315461108447458, "Water": 3.117185623711262, "Fun": 3.0277790359956773, "Compilation": 3.008234439922707, "Magic": 3.0018035495924167, "as": 2.945714082941373, "Black": 2.836723799232968, "video": 2.658032010489592, "Family": 2.596338441484252, "At": 2.546328020909591, "Show": 2.530198638979707, "24": 2.460672576331097, "an": 2.399170376573303, "with": 2.2838125503942868, "a": 1.8447240158251612, "The": 1.8310175013730094, "of": 1.7940883998565813, "On": 1.7255100836868542, "is": 1.384702764412747, "on": 1.2638145745323741, "|": 0.7304710001024752, "-": 0.5434207821632905}