{"RV": 103.96023715954601, "\u2014": 61.23621489286444, "Acuva": 15.30983409569664, "Xantrex": 15.30983409569664, "RVgeeks": 15.30983409569664, "RVers": 13.923539734576751, "Solar": 13.430589652501125, "Boondocking": 13.112609518360422, "Giveaway": 12.968137613019351, "\ud83d\udcb0": 12.53724537345686, "Roadmaster": 12.090958270828441, "Generator": 10.915384941024202, "Gray": 10.915384941024202, "Zealand": 10.915384941024202, "Water": 10.395786917465685, "Tow": 8.575242435723693, "Our": 8.479809931638059, "Maintenance": 8.441859686726348, "Live": 8.432189884169189, "!": 8.357160434471664, "Save": 8.257113046464319, "eBook": 7.65491704784832, "Viair": 7.65491704784832, "STINKS": 7.65491704784832, "Reeks": 7.65491704784832, "ArrowMAX": 7.65491704784832, "Rugs": 7.65491704784832, "Bungy": 7.65491704784832, "Bungee": 7.65491704784832, "Faint": 7.65491704784832, "\ud83d\ude90\u2014\ud83d\ude97": 7.65491704784832, "Non-Binding": 7.65491704784832, "Nighthawk": 7.65491704784832, "\ud83d\udcf6": 7.65491704784832, "MobileMustHave": 7.65491704784832, "Mornings": 7.65491704784832, "Wirelessly": 7.65491704784832, "Micro-Air": 7.65491704784832, "EasyTouch": 7.65491704784832, "Trips": 7.65491704784832, "Ours": 7.65491704784832, "SnapRing": 7.65491704784832, "TireSavers": 7.65491704784832, "Cummins/Onan": 7.65491704784832, "LEDS": 7.65491704784832, "Struvite": 7.65491704784832, "Blocked": 7.65491704784832, "AWNING": 7.65491704784832, "\ud83d\udcb0+": 7.65491704784832, "DISCOUNT": 7.65491704784832, "TOPPER": 7.65491704784832, "PRICING.\ud83d\udcb0": 7.65491704784832, "RVing": 7.65491704784832, "DISCOUNTS": 7.65491704784832, "\ud83d\udca6": 7.65491704784832, "DRINKING": 7.65491704784832, "\ud83d\udeb010": 7.65491704784832, "NX-Silver": 7.65491704784832, "UV-LED": 7.65491704784832, "Purifcation": 7.65491704784832, "TOWED": 7.65491704784832, "BRAKING": 7.65491704784832, "InvisiBrake": 7.65491704784832, "Auxilliary": 7.65491704784832, "Carefree": 7.65491704784832, "Wilson": 7.65491704784832, "BOONDOCKING": 7.65491704784832, "Xscapers": 7.65491704784832, "Taping": 7.65491704784832, "\ud83d\ude90": 7.65491704784832, "Tank": 7.369250268592397, "Tech": 7.259130714226343, "Replace": 7.188948074603802, "Q": 7.0880863673500185, "Tire": 6.992067928977297, "Inflate": 6.961769867288376, "Onan": 6.961769867288376, "Discounts": 6.961769867288376, "Drinking": 6.961769867288376, "Purification": 6.961769867288376, "Washable": 6.961769867288376, "RVs": 6.961769867288376, "Houses": 6.961769867288376, "Zion": 6.961769867288376, "Chains": 6.961769867288376, "Covercraft": 6.961769867288376, "FABRIC": 6.961769867288376, "COACH": 6.961769867288376, "MAINTENANCE": 6.961769867288376, "Patio": 6.961769867288376, "Off-Grid": 6.961769867288376, "\ud83d\ude04": 6.961769867288376, "B+": 6.961769867288376, "Tips": 6.622223251989274, "Like": 6.570938390762598, "Correctly": 6.556304759180211, "Figure": 6.556304759180211, "154": 6.556304759180211, "Leap": 6.556304759180211, "Planner": 6.556304759180211, "Apps": 6.556304759180211, "Specials": 6.556304759180211, "Holding": 6.556304759180211, "\ud83d\udcb5": 6.556304759180211, "Nervous": 6.556304759180211, "Audience": 6.556304759180211, "Service": 6.378017858387474, "&": 6.320554159019681, "Refrigerator": 6.26862268672843, "Failures": 6.26862268672843, "SAFE": 6.26862268672843, "Fabric": 6.26862268672843, "Doctor": 6.26862268672843, "BASH": 6.26862268672843, "%": 6.1398991383554975, "Odor": 6.0454791354142206, "Hike": 6.0454791354142206, "1,200": 6.0454791354142206, "ANYWHERE": 6.0454791354142206, "Fridge": 6.0454791354142206, "CARE": 6.0454791354142206, "MOTORHOME": 6.0454791354142206, "Awning": 6.0454791354142206, "DIY": 6.001913395381594, "an": 5.9038250745255025, "$": 5.883554727136863, "Cabinet": 5.863157578620266, "Thermostat": 5.863157578620266, "SLIDE": 5.863157578620266, "System": 5.837437198907651, "Leave": 5.709006898793008, "Freezing": 5.709006898793008, "Climate": 5.709006898793008, "Connectivity": 5.575475506168485, "LIGHTS": 5.575475506168485, "Tanks": 5.575475506168485, "SERVICE": 5.575475506168485, "Eco": 5.575475506168485, "In-Depth": 5.575475506168485, "Motorhome": 5.575475506168485, "Angels": 5.457692470512101, "\ud83d\udcaa": 5.457692470512101, "REPLACEMENT": 5.457692470512101, "Rental": 5.457692470512101, "Hook": 5.352331954854275, "Internet": 5.352331954854275, "Survival": 5.352331954854275, "CUMMINS": 5.352331954854275, "\ud83d\ude2c": 5.352331954854275, "TRY": 5.352331954854275, "Later": 5.25702177504995, "Both": 5.25702177504995, "Yourself": 5.25702177504995, "SAVE": 5.25702177504995, "Pro": 5.210122081197567, "To": 5.1839730656337295, "Jumping": 5.17001039806032, "Pros": 5.17001039806032, "Spotlight": 5.17001039806032, "Carpet": 5.089967690386784, "WATER": 5.089967690386784, "Wilderness": 5.089967690386784, "Waste": 5.015859718233062, "Heart": 5.015859718233062, "Don": 5.015859718233062, "Studio": 5.015859718233062, "Summit": 4.9468668467461105, "TIRES": 4.9468668467461105, "OEM": 4.9468668467461105, "Plan": 4.8823283256085395, "Washing": 4.8823283256085395, "or": 4.8691224455399915, "Can": 4.847616861987468, "Area": 4.821703703792105, "SYSTEM": 4.764545289952156, "Magic": 4.71047806868188, "Weather": 4.71047806868188, "Power": 4.70322427957849, "\ud83d\ude33": 4.65918477429433, "Covers": 4.65918477429433, "Windshield": 4.65918477429433, "Grey": 4.610394610124898, "Trick": 4.610394610124898, "SALE": 4.563874594490005, "Safe": 4.5194228319191705, "Upgrades": 4.5194228319191705, "GIVEAWAY": 4.5194228319191705, "Discovery": 4.476863217500375, "Removing": 4.476863217500375, "Compressor": 4.43604122298012, "Want": 4.43604122298012, "Colorado": 4.43604122298012, "We": 4.433675477850251, "1,000": 4.3968205098268385, "Cummins": 4.322712537673117, "Simple": 4.2876212178618465, "Jump": 4.253719666186165, "Saturday": 4.253719666186165, "Sensor": 4.253719666186165, "Your": 4.2509759206737945, "While": 4.220929843363174, "With": 4.211681925906201, "How": 4.134820675520029, "Fail": 4.1285565232321595, "Powered": 4.043999135204096, "Best": 4.01188561937423, "Without": 3.9913554017186743, "A": 3.96713740743007, "Pressure": 3.9660375937343844, "Landing": 3.9660375937343844, "You": 3.888980060946902, "+": 3.86266389179188, "National": 3.848254558078001, "Too": 3.8262756513592255, "Bar": 3.8262756513592255, "TV": 3.804769446138262, "Overview": 3.7837160369404295, "?": 3.7602936947418986, "YOUR": 3.723091415123995, "Cold": 3.723091415123995, "OFF": 3.6846251342961986, "The": 3.6712277179981854, "Tires": 3.665933001284046, "Installation": 3.665933001284046, "Removal": 3.64758386261585, "Watch": 3.5440431836750093, "Season": 3.5440431836750093, "250": 3.4805297779526834, "Winter": 3.4064218057989617, "2.0": 3.3241837075619896, "Replacement": 3.3241837075619896, "Trip": 3.311111625994637, "LED": 3.285469195381299, "Repair": 3.224100249005007, "Take": 3.224100249005007, "Class": 3.224100249005007, "By": 3.189008929193737, "Brake": 3.1551073775180556, "Park": 3.1440575413314704, "Control": 3.1440575413314704, "Not": 3.080206069344938, "Making": 3.0699495691777487, "THIS": 2.9187185994538254, "Look": 2.8346354822432835, "Tour": 2.7422621621122687, "Year": 2.706157157470152, "Out": 2.644281753752065, ".": 2.6181749755245876, "Black": 2.6050610405987835, "CAR": 2.4731334975562356, "your": 2.4026436198016907, "All": 2.3768023886178034, "Show": 2.3666500171537854, "New": 2.3436193927822435, "One": 2.3270408790587394, "'": 2.3078095171308517, "for": 2.3012577486233496, "Up": 2.2299670303669177, "in": 2.2295092427899386, "Why": 2.2081796761820107, "It": 2.1019574629267033, "on": 2.09113560936188, "2020": 1.998925237028468, "by": 1.981593780676828, "For": 1.961184909045621, "In": 1.961184909045621, "10": 1.8259714302381136, "from": 1.8055922679014615, "My": 1.7550196942658292, "to": 1.747718843824282, "of": 1.71395326974678, "``": 1.6535021698871706, "''": 1.5128796422609643, "-": 1.482213423552065, "2021": 1.3763956236824761, "the": 1.3608762736465507,