{"Ever": 35.96725747876035, "Guy": 34.278821314471884, "First": 31.46318950325964, "To": 20.583837144538734, "Names": 15.948471854029101, "The": 10.809953645425006, "Their": 10.242149274838342, "Be": 9.95537465098936, "Sports": 8.070446878428607, "Got": 8.031299865183327, "A": 7.878681430242339, "Booby": 7.618742377670413, "Degrades": 7.618742377670413, "Discovers": 7.618742377670413, "Guys": 7.082409867529388, "Who": 7.052652655821255, "Nolke": 6.925595197110468, "Chiropractor": 6.925595197110468, "Announcers": 6.925595197110468, "Designed": 6.925595197110468, "Apparently": 6.925595197110468, "Bodyguard": 6.520130089002303, "Host": 6.520130089002303, "Insects": 6.520130089002303, "Traps": 6.2324480165505225, "Snowman": 6.2324480165505225, "Drive-Thru": 6.2324480165505225, "Vegetables": 6.2324480165505225, "When": 6.027811747456361, "Julie": 6.009304465236313, "Traveler": 6.009304465236313, "Felt": 6.009304465236313, "Solve": 6.009304465236313, "Robots": 6.009304465236313, "How": 5.89822697417907, "Ancient": 5.826982908442358, "Teddy": 5.826982908442358, "NFTs": 5.6728322286151, "Puzzle": 5.6728322286151, "Lessons": 5.6728322286151, "Definitely": 5.6728322286151, "An": 5.5808572807362244, "Bears": 5.539300835990577, "Cuts": 5.421517800334194, "Plastic": 5.421517800334194, "Fighter": 5.421517800334194, "Search": 5.316157284676367, "Like": 5.297858156188825, "Traffic": 5.133835727882413, "FUTURE": 5.133835727882413, "Personal": 5.133835727882413, "Ghosts": 5.133835727882413, "Feels": 5.133835727882413, "Award": 5.133835727882413, "Actor": 5.133835727882413, "DUMB": 5.053793020208877, "Annoying": 4.979685048055154, "Fix": 4.979685048055154, "Move": 4.910692176568203, "Bottle": 4.910692176568203, "In": 4.904418290949669, "Took": 4.728370619774249, "Crime": 4.728370619774249, "Order": 4.574219939946991, "Past": 4.527699924312097, "Couple": 4.440688547322468, "Bar": 4.440688547322468, "Are": 4.405283950931986, "Together": 4.360645839648932, "Open": 4.360645839648932, "Revenge": 4.322905511666084, "Turning": 4.322905511666084, "Amazon": 4.25144654768394, "Set": 4.217544996008258, "Build": 4.184755173185267, "Evil": 4.184755173185267, "Shopping": 4.153006474870687, "Driving": 4.153006474870687, "Google": 4.063394316180999, "Finally": 4.035223439214303, "Beach": 3.9811562179440276, "Everyone": 3.955180731540767, "Someone": 3.9051703109661053, "Pro": 3.881072759387045, "Win": 3.8345527437521523, "Job": 3.8345527437521523, "Need": 3.790100981181318, "Something": 3.768594775960355, "Two": 3.3702471356210544, "What": 3.3466435381276765, "Way": 3.342076258654358, "Too": 3.301254264134103, "Off": 3.2367157429965316, "Years": 3.2120231304061604, "Being": 3.0440313991670305, "Party": 3.0337748989998414, "Go": 3.003621860829154, "You": 2.8857502151293044, "Bad": 2.8312506348883675, "Was": 2.7984608120653762, "Have": 2.7589299733087413, "Make": 2.7060874919343614, "YouTube": 2.6914886925132087, "At": 2.581789775256784, "ft.": 2.568886370420876, "IS": 2.4770788211677535, "If": 2.4770788211677535, "Get": 2.459687078455884, "Time": 2.3006223838261968, "Up": 2.1763246671486196, "Your": 1.9557818975344674, "2022": 1.8854011007726679, "On": 1.8661697388447802, "Is": 1.8535512748855687, "Video": 1.7270981658446423, "THE": 1.5619583644417887, "-": 0.5703559689485307, "(": 0.5162430218957645, ")": 0.513776929400571}