{"jogo": 44.9604556484328, "um": 43.688756858188995, "ele": 31.203003393482227, "o": 25.72955924864436, "s\u00f3": 24.96240271478578, "mais": 19.587463727981405, "idiota": 16.064720295849, "destruindo": 16.064720295849, "'-": 16.064720295849, "aquele": 16.064720295849, "doentes": 16.064720295849, "joguinho": 16.064720295849, "online": 14.823953083698555, "teve": 14.67842593472911, "no": 14.087121951577576, "que": 13.475684215249732, "mentira": 13.29213157360922, "virtual": 12.48120135739289, "among": 12.48120135739289, "foi": 12.172899997738375, "isso": 11.90583721248933, "minecraft": 11.670271141176562, "sem": 11.670271141176562, "meu": 10.934821580925927, "de": 10.843644861632015, "vez": 10.64861989364458, "eu": 10.64861989364458, "vida": 10.28397678005667, "n\u00e3o": 9.793731863990702, "lol": 9.6269686461126, "irritando": 8.0323601479245, "enganando": 8.0323601479245, "joguinhos": 8.0323601479245, "finalizando": 8.0323601479245, "brasileiro": 8.0323601479245, "comem": 8.0323601479245, "cebola": 8.0323601479245, "kart": 8.0323601479245, "shhhhh": 8.0323601479245, "mimir": 8.0323601479245, "pato": 8.0323601479245, "flash": 8.0323601479245, "\ud83d\udc4b\ud83d\ude14": 8.0323601479245, "procurando": 8.0323601479245, "pinguim": 8.0323601479245, "tadinho": 8.0323601479245, "planta": 8.0323601479245, "BLAU": 8.0323601479245, "zumbi": 8.0323601479245, "tlgd": 8.0323601479245, "jogou": 8.0323601479245, "traumatizante": 8.0323601479245, "\ud83d\ude31\ud83d\ude31\ud83d\ude31\ud83d\ude31\ud83d\ude31": 8.0323601479245, "desenhando": 8.0323601479245, "telefone": 8.0323601479245, "fio": 8.0323601479245, "\ud83d\ude21\ud83d\ude21\ud83d\ude21": 8.0323601479245, "gostam": 8.0323601479245, "bombeiros": 8.0323601479245, "burros": 8.0323601479245, "existem": 8.0323601479245, "bugado": 8.0323601479245, "custou": 8.0323601479245, "agente": 8.0323601479245, "careca": 8.0323601479245, "desprezava": 8.0323601479245, "personagem": 8.0323601479245, "luta": 8.0323601479245, "ps2": 8.0323601479245, "desenhar": 8.0323601479245, "desenhou": 8.0323601479245, "dessa": 8.0323601479245, "carinho": 8.0323601479245, "juro": 8.0323601479245, "filipin": 8.0323601479245, "fantasma": 8.0323601479245, "UuUuuuuUUuu": 8.0323601479245, "beber": 8.0323601479245, "origens": 8.0323601479245, "fi": 8.0323601479245, "perdeu": 8.0323601479245, "muinto": 8.0323601479245, "trisste": 8.0323601479245, "\u270c\ufe0f\ud83d\ude22": 8.0323601479245, "carregado": 8.0323601479245, "grego": 8.0323601479245, "algu\u00e9m": 8.0323601479245, "quantas": 8.0323601479245, "vezes": 8.0323601479245, "falei": 8.0323601479245, "nesse": 8.0323601479245, "limpando": 8.0323601479245, "jeito": 8.0323601479245, "idiotas": 8.0323601479245, "sabendo": 8.0323601479245, "jogar": 8.0323601479245, "deixei": 7.339212967364555, "essas": 7.339212967364555, "pinto": 7.339212967364555, "adeus": 7.339212967364555, "ningu\u00e9m": 7.339212967364555, "alguns": 7.339212967364555, "amantes": 7.339212967364555, "espa\u00e7o": 7.339212967364555, "filme": 7.339212967364555, "reais": 7.339212967364555, "rappers": 7.339212967364555, "vingan\u00e7a": 7.339212967364555, "voltando": 7.339212967364555, "doente": 7.339212967364555, "deus": 7.339212967364555, "toma": 7.339212967364555, "e": 7.065100955188471, "do": 6.995749723601442, "us": 6.978130731308993, "dif\u00edcil": 6.933747859256391, "mario": 6.933747859256391, "gosta": 6.933747859256391, "esses": 6.933747859256391, "famoso": 6.933747859256391, "virou": 6.933747859256391, "oq": 6.933747859256391, "tentou": 6.933747859256391, "m\u00e3o": 6.933747859256391, "sendo": 6.933747859256391, "diz": 6.933747859256391, "sei": 6.933747859256391, "amigo": 6.64606578680461, "saber": 6.64606578680461, "medo": 6.64606578680461, "mar": 6.64606578680461, "ainda": 6.64606578680461, "esse": 6.4229222354904, "primeira": 6.240600678696445, "pessoas": 6.240600678696445, "\u00faltimo": 6.086449998869187, "\ud83c\udf83": 6.086449998869187, "pela": 5.952918606244665, "\ud83d\udc7b": 5.835135570588281, "v\u00eddeo": 5.835135570588281, "...": 5.82913722929952, "q": 5.729775054930455, "pai": 5.729775054930455, "fazer": 5.63446487512613, "tem": 5.63446487512613, "\ud83e\udd2b": 5.467410790462964, "\ud83d\ude34": 5.467410790462964, "sua": 5.393302818309242, "pro": 5.32430994682229, "todo": 5.32430994682229, "mas": 5.259771425684719, "mundo": 5.141988390028335, "pra": 5.141988390028335, "ao": 5.08792116875806, "os": 5.08792116875806, "das": 5.0366278743705095, "nos": 4.854306317576555, "uma": 4.774263609903018, "est\u00e1": 4.700155637749297, "\u00e9": 4.665064317938026, "dos": 4.665064317938026, "super": 4.631162766262345, "70": 4.368798501794854, "com": 4.22569765815418, "'": 4.158233627273432, "em": 4.081116429343073, "por": 3.889225421532968, "\ud83d\ude0d": 3.4073873346402292, "(": 2.979198030459106, ")": 2.9194548967886984, "as": 2.8449743420837454, "a": 2.670970719653093, "me": 2.2302417725474375, "10": 1.7920843027537308, ",": 1.1903075621064154, "2": 0.9900739759847571, "!": 0.40335625827154326}