{"\u0644\u0646\u062f\u0646": 36.51869999321512, "\u0645\u0646": 35.51173013510368, "\u0641\u064a": 33.41012265695357, "\ud83d\udc96": 20.35168467503224, "\u062c\u0645\u064a\u0644": 17.858755818733993, "\u0643\u0633\u0644\u0627\u0646": 16.064720295849, "\u0641\u0634\u0644\u0627\u0646": 16.064720295849, "\u0639\u0637\u0644\u0627\u0646": 16.064720295849, "\ud83e\udd72\ud83e\udd72\ud83e\udd72": 14.67842593472911, "\u0627\u0644\u062e\u0637\u0648\u0637": 13.867495718512782, "\u0627\u0644\u062c\u0648\u064a\u0629": 13.867495718512782, "\u0627\u0644\u062c\u0632\u0627\u0626\u0631\u064a\u0629": 13.867495718512782, "\u0645\u0637\u0627\u0631": 13.29213157360922, "\u064a\u0648\u0645": 13.106395505384562, "\u0627\u0644\u062c\u0632\u0627\u0626\u0631": 12.8458444709808, "\u0627\u0644\u062f\u0648\u0644\u064a": 12.8458444709808, "\u0645\u0639": 10.69935608780975, "..": 9.209041459803704, "\u0644\u0627": 8.364425092428883, "\u0639\u0646": 8.240674284992709, "\u0628\u0639\u062f": 8.20106903040035, "\u0627\u0644\u0623\u0645\u0644": 8.0323601479245, "\ud83d\ude22\ud83d\ude22\ud83d\udd34": 8.0323601479245, "\u0641\u064a\u0646\u0633\u0628\u064a\u0631\u064a": 8.0323601479245, "\u0627\u0644\u062d\u0631\u0633": 8.0323601479245, "\u0645\u062a\u0628\u0627\u062f\u0644\u0629": 8.0323601479245, "\u0627\u0644\u0643\u0648\u064a\u062a": 8.0323601479245, "\u0627\u0644\u0623\u062d\u0628\u0627\u0628": 8.0323601479245, "\u0627\u0644\u0637\u064a\u0628\u0629": 8.0323601479245, "\u0645\u0627\u0631\u0633\u064a\u0644\u064a\u0627": 8.0323601479245, "\u0623\u062e\u0648\u064a\u0629": 8.0323601479245, "\u0635\u0627\u062f\u0642\u0629": 8.0323601479245, "\u064a\u0633\u062a\u062d\u0642\u0647\u0627": 8.0323601479245, "\u0627\u0633\u062a\u064a\u0631\u0627\u062f": 8.0323601479245, "\u062c\u064a\u062f": 8.0323601479245, "\u0627\u0644\u062d\u0627\u0644\u064a": 8.0323601479245, "\u062d\u0627\u064a\u0631": 8.0323601479245, "\u0627\u0644\u0645\u0633\u0639\u0648\u0631\u064a\u0646": 8.0323601479245, "\u0645\u0627\u0643\u0646\u0634": 8.0323601479245, "\u0627\u0644\u062a\u0630\u0627\u0643\u0631": 8.0323601479245, "\u0642\u0635\u0631": 8.0323601479245, "\u0628\u0627\u0643\u0646\u063a\u0647\u0627\u0645": 8.0323601479245, "\u0627\u062d\u062a\u0641\u0627\u0644\u0627\u062a": 8.0323601479245, "\u0627\u0644\u064a\u0648\u0628\u064a\u0644": 8.0323601479245, "\u0627\u0644\u0628\u0644\u0627\u062a\u064a\u0646\u064a": 8.0323601479245, "\u0644\u0644\u0645\u0644\u0643\u0629": 8.0323601479245, "\u0627\u0644\u064a\u0632\u0627\u0628\u064a\u062b": 8.0323601479245, "\u0627\u0644\u0628\u0631\u064a\u0629": 8.0323601479245, "\u0627\u0648\u0631\u0628\u0627": 8.0323601479245, "\u064a\u0644": 8.0323601479245, "\u0631\u0627\u0647\u0645": 8.0323601479245, "\u064a\u0639\u0627\u0646\u062f\u0648": 8.0323601479245, "\u0644\u064a\u0632\u0648\u0646\u0642\u0644\u064a": 8.0323601479245, "\u0627\u0644\u062d\u0633\u0648\u0646": 8.0323601479245, "\u064a\u062a\u0631\u0646\u064e\u0651\u0645": 8.0323601479245, "\u0639\u0645\u0627\u0631\u0629": 8.0323601479245, "\u062d\u0631\u064a\u0629": 8.0323601479245, "\u0628\u0634\u0648\u0627\u0631\u0639": 8.0323601479245, "\u062a\u062a\u0639\u062c\u0628": 8.0323601479245, "\u0644\u0644\u062f\u0631\u0627\u062c\u0627\u062a": 8.0323601479245, "\u0645\u062a\u0631\u0648": 8.0323601479245, "\u0644\u064a\u0641\u0631\u0628\u0631\u0644": 8.0323601479245, "\u0647\u064a\u062b\u0631\u0648": 8.0323601479245, "\u064a\u0628\u062b": 8.0323601479245, "\u0625\u0644\u062a\u0642\u064a\u062a": 8.0323601479245, "\u0628\u0625\u0639\u0644\u0627\u0645\u064a\u064a\u0646": 8.0323601479245, "\u0645\u0635\u0631\u064a\u064a\u0646": 8.0323601479245, "\u062d\u0627\u062f\u062b\u0629": 8.0323601479245, "\u0648\u0623\u0639\u062a\u0642\u062f": 8.0323601479245, "\u0627\u0644\u062c\u0645\u0627\u0639\u0629": 8.0323601479245, "\u0645\u0634\u062c\u0639\u064a": 8.0323601479245, "\u0625\u0646\u062a\u0638\u0627\u0631": 8.0323601479245, "\u0627\u0644\u062d\u0627\u0633\u0645\u0629": 8.0323601479245, "\u0645\u0639\u0628\u0631": 8.0323601479245, "\u0643\u062c\u0627\u0644\u064a\u0629": 8.0323601479245, "\u062c\u0627\u0646\u0628": 8.0323601479245, "\u0625\u0646\u0633\u0627\u0646\u064a\u0629": 8.0323601479245, "\u0647\u0624\u0644\u0627\u0621": 8.0323601479245, "\u0623\u0637\u0647\u0631": 8.0323601479245, "\u0628\u0642\u0639\u0647": 8.0323601479245, "\u0628\u062d\u062c\u0645": 8.0323601479245, "\u0642\u0627\u0631\u0629": 8.0323601479245, "\u0648\u0644\u0643\u0646\u0647\u0627": 8.0323601479245, "\u063a\u0627\u0644\u0642\u0629": 8.0323601479245, "\u0628\u062f\u0648\u0628\u0644": 8.0323601479245, "\u0633\u064a\u0633": 8.0323601479245, "\u2026.\ud83d\ude22": 8.0323601479245, "\u0648\u062a\u0633\u062a\u0645\u0631": 8.0323601479245, "\u2026\u0623\u064a\u0646": 8.0323601479245, "\u0623\u0646\u062a\u0645": 8.0323601479245, "\u0645\u0633\u0624\u0648\u0644\u064a\u0646": 8.0323601479245, "\u0647\u0630\u0627\u061f\u061f": 8.0323601479245, "\u200e": 8.0323601479245, "\u200e\u0627\u0644\u0634\u0639\u0627\u0631": 8.0323601479245, "\u0644\u0634\u0631\u0643\u0629": 8.0323601479245, "\u0627\u0644\u0628\u062d\u0631\u064a": 8.0323601479245, "\ud83d\ude22\ud83d\ude22\ud83d\ude22": 8.0323601479245, "\u0628\u0648\u0639\u0644\u0627\u0645": 8.0323601479245, "\u0645\u0641\u0642\u0648\u062f": 8.0323601479245, "\u0648": 7.655335057067068, "\u0648\u064a\u0628\u0642\u0649": 7.339212967364555, "\u062e\u0648\u0646\u0627": 7.339212967364555, "\u0634\u0627\u0643\u064a\u0631": 7.339212967364555, "\u0645\u0628\u0646\u0649": 7.339212967364555, "\u0633\u0643\u0646\u064a": 7.339212967364555, "\u0627\u0644\u0645\u0644\u0643\u064a": 7.339212967364555, "\u062c\u0644\u0633\u0629": 7.339212967364555, "\u0627\u0644\u0628\u0644\u062f": 7.339212967364555, "\u062a\u062d\u064a\u0629": 7.339212967364555, "\u0627\u0644\u062a\u062d\u064a\u0629": 7.339212967364555, "\u0644\u0645\u0646": 7.339212967364555, "\u0623\u0642\u0644": 7.339212967364555, "\u0644\u0644\u062c\u0645\u064a\u0639": 7.339212967364555, "\u062a\u0628\u0642\u0649": 7.339212967364555, "\u064a\u0642\u0648\u0644": 7.339212967364555, "Marching": 7.339212967364555, "Buckingham": 7.339212967364555, "02.06.2022": 7.339212967364555, "\u062a\u062e\u0627\u0641": 7.339212967364555, "\u0645\u0627\u0647\u0648": 7.339212967364555, "\u062a\u0631\u0649\u061f": 7.339212967364555, "\u0637\u0627\u0626\u0631": 7.339212967364555, "\u062e\u0637": 7.339212967364555, "\u0633\u062a\u0631\u064a\u062a": 7.339212967364555, "\u0627\u0644\u0623\u0645\u0646": 7.339212967364555, "\u0644\u064a\u0641\u0631\u0628\u0648\u0644": 7.339212967364555, "\u0627\u0644\u0645\u0642\u0627\u0628\u0644\u0629": 7.339212967364555, "\u0645\u062f\u0631\u064a\u062f": 7.339212967364555, "\u062d\u0627\u0644\u0646\u0627": 7.339212967364555, "\u0627\u0644\u0638\u0631\u0648\u0641": 7.339212967364555, "\u062f\u0639\u0627\u0621": 7.339212967364555, "\u0628\u0644\u062f": 7.339212967364555, "\u0627\u0644\u062c\u0627\u0644\u064a\u0629": 7.339212967364555, "\u0634\u0627\u0621": 6.933747859256391, "\u064a\u062d\u062f\u062b": 6.933747859256391, "\u0628\u0627\u0631\u0643": 6.933747859256391, "\u0639\u0645\u064a": 6.933747859256391, "\u0633\u064a\u0627\u0631\u0627\u062a": 6.933747859256391, "\u062c\u062f": 6.933747859256391, "\u0627\u0644\u062d\u064a\u0648\u0627\u0646\u0627\u062a": 6.933747859256391, "\u0627\u0644\u0628\u0634\u0631": 6.933747859256391, "\u0627\u0644\u0622\u0646": 6.933747859256391, "\u0628\u0644\u0646\u062f\u0646": 6.933747859256391, "\u0627\u0644\u0642\u0627\u0647\u0631\u0629": 6.933747859256391, "\u0628\u0627\u0631\u064a\u0633": 6.933747859256391, "\u0641\u0631\u064a\u0642": 6.933747859256391, "\u0627\u0644\u0646\u0642\u0644": 6.933747859256391, "\u062a\u0628\u062d\u062b": 6.933747859256391, "\u0625\u0646": 6.64606578680461, "\u062d\u0644": 6.64606578680461, "\u0633\u0628\u0627\u0642": 6.64606578680461, "\u0645\u062d\u0637\u0629": 6.64606578680461, "\u062d\u0632\u064a\u0646": 6.64606578680461, "\u0631\u063a\u0645": 6.64606578680461, "\u0645\u0646\u0630": 6.64606578680461,