{"ashortaday": 161.03319113683906, "comedy": 110.82413645656338, "funny": 77.54544573892633, "/": 63.67448404639119, "shorts": 51.25611697202008, "\ud83d\ude02\ud83d\ude02": 28.534936145025746, "#": 24.957853485416816, "\ud83e\udd23\ud83e\udd23": 17.916654045486354, "se": 17.436556826870586, "Vote": 16.460130598141248, "muuchstac": 16.103319113683906, "Passe": 16.103319113683906, "playground": 16.03082806721923, "Chalaak": 14.717024752564017, "ke": 14.620817179482023, "ki": 14.49835119592126, "me": 9.596681506293212, "dosto": 8.051659556841953, "khani\ud83e\udd23\ud83e\udd23": 8.051659556841953, "bhagwaan": 8.051659556841953, "Shataan": 8.051659556841953, "ladka\ud83e\udd23\ud83e\udd23": 8.051659556841953, "jubaan": 8.051659556841953, "kaseri\ud83e\udd23\ud83e\udd23": 8.051659556841953, "firecrackers": 8.051659556841953, "panga": 8.051659556841953, "ladki\ud83e\udd23\ud83e\udd23": 8.051659556841953, "bandi": 8.051659556841953, "hai\ud83d\ude02\ud83d\ude02": 8.051659556841953, "bache\ud83e\udd23\ud83e\udd23": 8.051659556841953, "papervapour": 8.051659556841953, "pari\ud83e\udd23\ud83e\udd23": 8.051659556841953, "inaam\ud83d\ude02\ud83d\ude02": 8.051659556841953, "jaane": 8.051659556841953, "Bardaash": 8.051659556841953, "\ud83d\ude02\ud83d\ude02\ud83e\udd23": 8.051659556841953, "nijana": 8.051659556841953, "radhikamadan": 8.051659556841953, "jasleenroyal": 8.051659556841953, "tha\ud83d\ude02\ud83d\ude02": 8.051659556841953, "LIC": 8.051659556841953, "patni": 8.051659556841953, "faede\ud83d\ude02\ud83d\ude02": 8.051659556841953, "scooty": 8.051659556841953, "rocked": 8.051659556841953, "sadgiteridiltouch": 8.051659556841953, "terebargi": 8.051659556841953, "dilerkharkiya": 8.051659556841953, "choar": 8.051659556841953, "\ud83d\ude01\ud83e\udd23\ud83e\udd23": 8.051659556841953, "rummycircle": 8.051659556841953, "rummy": 8.051659556841953, "samsharmatbc": 8.051659556841953, "Bb": 8.051659556841953, "preshaan\ud83d\ude02\ud83d\ude02": 8.051659556841953, "kamane": 8.051659556841953, "tareeke\ud83d\ude01": 8.051659556841953, "work\ud83d\ude02\ud83d\ude02": 8.051659556841953, "tez": 8.051659556841953, "wife\ud83e\udd23\ud83e\udd23": 8.051659556841953, "Bolo": 7.358512376282008, "part-2": 7.358512376282008, "banaya": 7.358512376282008, "chori": 7.358512376282008, "hone": 7.358512376282008, "Vapour": 7.358512376282008, "Sarkari": 7.358512376282008, "creator": 6.953047268173844, "auction": 6.953047268173844, "JayeshbhaiJordaar": 6.953047268173844, "Vakeel": 6.953047268173844, "gye": 6.953047268173844, "mila": 6.953047268173844, "Pati": 6.953047268173844, "bb": 6.953047268173844, "Bahar": 6.953047268173844, "Firecracker": 6.665365195722063, "belt": 6.665365195722063, "repair": 6.665365195722063, "ghar": 6.442221644407853, "serial": 6.259900087613898, "Khushi": 6.259900087613898, "till": 6.10574940778664, "technology": 6.10574940778664, "aa": 6.10574940778664, "Hui": 6.10574940778664, "reality": 5.972218015162118, "Mana": 5.972218015162118, "Customer": 5.854434979505734, "kya": 5.854434979505734, "pe": 5.749074463847908, "paper": 5.749074463847908, "Seat": 5.749074463847908, "shocked": 5.653764284043583, "Kiya": 5.653764284043583, "Tv": 5.412602227226695, "support": 5.343609355739743, "Mummy": 5.218446212785738, "bag": 5.161287798945789, "Jane": 5.161287798945789, "Mere": 5.0559272832879625, "Nahi": 4.960617103483638, "hai": 4.916165340912804, "Kya": 4.873605726494008, "break": 4.832783731973753, "ka": 4.684363726855479, "girls": 4.684363726855479, "Ne": 4.650462175179798, "end": 4.555151995375473, "Playground": 4.555151995375473, "interview": 4.555151995375473, "Smart": 4.468140618385844, "Husband": 4.440741644197729, "Papa": 4.338087490137646, "Se": 3.924525171796862, "Don": 3.7612001156935624, "show": 3.6572104021695147, "Unboxing": 3.436539040000694, "Watch": 3.2558690112452124, "Last": 3.0147069544283243, "new": 2.9041650800285006, "for": 2.485240501597948, "vs": 1.9117750046156983, "in": 1.659647463107009, "4": 1.6171130380545005, "How": 1.577768860489679, "to": 0.9657580924763426, "and": 0.9112065137407951}