{"Barlow": 110.08819451046833, "Samantha": 91.29674998303781, "Wanted": 64.71963381971091, "5.3.22": 64.258881183396, "Leeds": 51.567975494374096, "Lambert": 48.194160887547, "31.5.22": 48.194160887547, "Manchester": 41.13590712022668, "Sheffield": 36.51869999321512, "Arena": 33.284720988819004, "PIT": 32.114611177452005, "Ariana": 31.194880823209708, "Grande": 30.219767246223057, "VIEW": 28.648875274652276, "Adam": 27.99038590762816, "Queen": 23.728936224112687, "11.3.22": 16.064720295849, "-": 14.61446554198019, "|": 13.655186592230377, "(": 13.406391137065977, ")": 13.137547035549144, "Nottingham": 12.48120135739289, "+": 11.619213512953653, "anniversary": 10.934821580925927, "The": 10.348270467212037, "Came": 10.17584233751612, "Florida": 9.88263538913237, "America": 8.05005392538406, "Bottomed": 8.0323601479245, "years\ud83d\udc1d": 8.0323601479245, "16.3.22": 8.0323601479245, "Vacancy": 8.0323601479245, "Forever/Glad": 8.0323601479245, "Sun/We": 8.0323601479245, "World/Walks": 8.0323601479245, "Warzone/Show": 8.0323601479245, "Vacancy/Could": 8.0323601479245, "Colours/I": 8.0323601479245, "Low/Lightning/Lose": 8.0323601479245, "Bars/Say": 8.0323601479245, "Radio/Replace": 8.0323601479245, "Heart/Rocket/Demons/In": 8.0323601479245, "Soundcheck": 8.0323601479245, "manchester": 8.0323601479245, "2021\ud83e\udd0d": 8.0323601479245, "KENNEDY": 8.0323601479245, "chilled": 8.0323601479245, "SWEETENER": 8.0323601479245, "woman/break": 8.0323601479245, "everytime/the": 8.0323601479245, "Love": 7.692900020368108, ":": 7.604423097776911, "dancers": 7.339212967364555, "Heart": 7.203086698162373, "Now": 6.956966512647919, "pronounce": 6.933747859256391, "Glad": 6.933747859256391, "Greet": 6.933747859256391, "Hull": 6.64606578680461, "Dust": 6.4229222354904, "five": 6.4229222354904, "tears": 6.4229222354904, "Rule": 6.240600678696445, "Somebody": 6.086449998869187, "flew": 6.086449998869187, "thank": 6.086449998869187, "dangerous": 6.086449998869187, "UNIVERSAL": 5.952918606244665, "internet": 5.835135570588281, "Rihanna": 5.729775054930455, "CENTER": 5.729775054930455, "cry": 5.729775054930455, "Bites": 5.63446487512613, "Pre": 5.63446487512613, "space": 5.63446487512613, "Montage": 5.5474534981365, "Chasing": 5.32430994682229, "light": 5.259771425684719, "TOM": 5.199146803868285, "mum": 5.199146803868285, "SPACE": 5.199146803868285, "Middle": 5.08792116875806, "Killer": 4.987837710201077, "You": 4.977121075042463, "Singing": 4.854306317576555, "meet": 4.854306317576555, "Jay": 4.8134843230563, "Covid": 4.8134843230563, "Fat": 4.774263609903018, "Adventures": 4.736523281920172, "Anniversary": 4.665064317938026, "u": 4.631162766262345, "to": 4.57577322380078, "happy": 4.566624245124774, "free": 4.477012086435087, "left": 4.44884120946839, ";": 4.394773988198114, "Mind": 4.318788081220193, "coming": 4.318788081220193, "trying": 4.294690529641132, "next": 4.271160032230938, "friend": 4.02502696269203, "Gold": 4.007008457189351, "Another": 3.971917137378081, "Me": 3.9652533853850853, "Own": 3.9380155857024, "went": 3.921486283751189, "Meet": 3.812852442748394, "birthday": 3.71487203438819, "Stop": 3.6756513212349087, "Found": 3.589708891434184, "Here": 3.5664520292699167, "Girls": 3.4890653656544965, "vlog": 3.278769956818136, "19": 3.278769956818136, "Behind": 3.1960782409730224, "Night": 3.0765330903232395, "TOUR": 3.055626405503926, "Like": 3.001922226532065, "into": 2.920372359567957, "Tour": 2.8733048487099713, "first": 2.8675741740009864, "time": 2.8505765976324153, "no": 2.817424390315515, "we": 2.8012515310699135, "Be": 2.7593605893607536, "Most": 2.714240154080284, "'m": 2.6478650851354115, "2020": 2.6432884181079994, "VLOG": 2.607410130443098, "One": 2.5270286119921375, "All": 2.491096602766074, "Time": 2.3556063456562186, "WITH": 2.2925672357452664, "Your": 2.1946297007585605, "it": 2.0739354548947184, "Do": 2.066213408800808, "I": 2.045902430431727, "#": 2.0350915932979112, "We": 1.9944892280023627, "It": 1.9755761346958758, "'s": 1.959278197384355, "you": 1.9570141168358164, "n't": 1.9387903778793647, "This": 1.9342858657582602, "On": 1.8946330938382663, "my": 1.7727786838595776, "2022": 1.7407910083661804, "&": 1.6269008806108805, "To": 1.4884483023597082, "is": 1.4216641032067412, "My": 1.3705054073791894, "for": 1.2377735670480012, "1": 1.2366543727509862, "with": 1.2145295764703505, "!": 1.2100687748146297, "?": 1.192664663145304, "and": 1.0103837248523406, "2": 0.9900739759847571, "the": 0.8855879684718633, ",": 0.5951537810532077}