{"Samsung": 103.47993323317074, "l": 41.36665432866092, "|": 36.082455639873906, ":": 34.02362537242259, "Galaxy": 32.08173129564222, "Bespoke": 31.798897456030634, "withGalaxy": 31.227036377204684, "WindFree\u2122": 29.96481711615859, "Conditioner": 26.499081213358863, "Semiconductor": 26.015156187990833, "RAW": 24.47175567281804, "Expert": 23.033345310559135, "MakeNightsEpic": 22.091839175943928, "Freestyle": 21.721523988221684, "Powering": 20.469978743511273, "S22": 18.843018108042656, "Odyssey": 13.973887069498133, "Neo": 12.366167316595872, "Experience": 12.152212576791928, "Rotating": 11.985926846463435, "G8": 11.31298237322101, "Nights": 10.599632485343545, "Watch4": 10.599632485343545, "Members": 10.409012125734895, "Air": 9.628237666987683, "every": 9.213338124223654, "even": 8.848695010635746, "your": 8.708075560999761, "Gaming": 8.588320881232468, "Mount": 8.273330865732184, "Epic": 7.877679379072344, "Wall": 7.877679379072344, "Photography": 7.827043763103764, "Auto": 7.7776585379230205, "install": 7.7776585379230205, "classroom": 7.602401335665818, "cook": 7.602401335665818, "ingredients": 7.602401335665818, "draft": 7.602401335665818, "DW7000B": 7.602401335665818, "ISOCELL": 7.602401335665818, "pixels": 7.602401335665818, "payments": 7.602401335665818, "4DR": 7.602401335665818, "bands": 7.602401335665818, "S6GF2022": 7.602401335665818, "Exposures": 7.602401335665818, "Stand": 7.4211620751103835, "world-first": 6.909254155105873, "dominance": 6.909254155105873, "without": 6.765787260979423, "Getting": 6.707812187232919, "better": 6.569826444259015, "City": 6.569826444259015, "Official": 6.517191827624269, "seat": 6.503789046997708, "unbox": 6.503789046997708, "BIA": 6.503789046997708, "wrist": 6.503789046997708, "faces": 6.503789046997708, "exercise": 6.503789046997708, "exciting": 6.503789046997708, "S8": 6.491385017952453, "Home": 6.44124066092435, "Make": 6.340390828527395, "Tab": 6.296108078824621, "Knox": 6.216106974545927, "RPG": 6.216106974545927, "tracking": 6.216106974545927, "PowerShare": 6.216106974545927, "panels": 6.216106974545927, "excuse": 6.216106974545927, "Rotate": 6.216106974545927, "Let": 6.183083658297936, "#": 6.147239867668629, "How": 6.133175533149501, "to": 5.993358768793563, "Companions": 5.992963423231718, "Bangkok": 5.992963423231718, "Dishwasher": 5.992963423231718, "detail": 5.992963423231718, "nights": 5.992963423231718, "the": 5.938961535835382, "Angeles": 5.810641866437763, "induction": 5.810641866437763, "Refrigerator": 5.810641866437763, "6G": 5.810641866437763, "created": 5.656491186610505, "Malaysia": 5.656491186610505, "streaming": 5.656491186610505, "bigger": 5.656491186610505, "viral": 5.656491186610505, "pros": 5.656491186610505, "more": 5.580433960586801, "everyday": 5.522959793985982, "Induction": 5.522959793985982, "Wildlife": 5.522959793985982, "up": 5.424104414888129, "era": 5.405176758329599, "Forum": 5.405176758329599, "cold": 5.299816242671772, "Berlin": 5.299816242671772, "Puzzle": 5.2045060628674475, "everywhere": 5.2045060628674475, "make": 5.1570416296390835, "started": 5.117494685877818, "family": 5.117494685877818, "The": 5.113690798364646, "Guard": 5.037451978204281, "sleep": 5.037451978204281, "win": 5.037451978204281, "bed": 5.037451978204281, "edit": 4.963344006050559, "Solve": 4.963344006050559, "Tomorrow": 4.963344006050559, "Paris": 4.894351134563609, "Sustainability": 4.829812613426037, "Bright": 4.829812613426037, "flying": 4.769187991609602, "Environment": 4.769187991609602, "photos": 4.769187991609602, "Calls": 4.712029577769654, "Package": 4.606669062111827, "Choose": 4.557878897942396, "sustainable": 4.557878897942396, "Celebrating": 4.557878897942396, "TVs": 4.557878897942396, "Discover": 4.424347505317873, "Started": 4.424347505317873, "cool": 4.383525510797617, "away": 4.383525510797617, "Share": 4.383525510797617, "perfect": 4.383525510797617, "Series": 4.363732672787065, "Soundbar": 4.306564469661489, "TV": 4.285631643043319, "Sleep": 4.270196825490615, "Tracking": 4.270196825490615, "Kitchen": 4.2351055056793445, "Image": 4.2351055056793445, "Nature": 4.201203954003663, "Everyday": 4.168414131180672, "Racing": 4.168414131180672, "videos": 4.168414131180672, "Slim": 4.136665432866092, "think": 4.136665432866092, "Sensor": 4.105893774199338, "Journey": 4.105893774199338, "Ultra": 4.083439409300581, "Duo": 4.047053274176404, "Date": 4.047053274176404, "with": 4.039073773946597, "right": 4.018882397209708, "Flex": 3.991483423021594, "big": 3.991483423021594, "screen": 3.991483423021594, "watch": 3.938839689536172, "QLED": 3.938839689536172, "set": 3.8888292689615103, "8K": 3.841201219972256, "Los": 3.7957388458954986, "White": 3.7105810375551918, "game": 3.6903783302376723, "own": 3.6705757029414925, "Service": 3.6705757029414925, "Level": 3.6321094221136963, "future": 3.577049644930669, "and": 3.563376921501229, "change": 3.559350067831268, "Long": 3.5248638917600985, "Highlights": 3.5080567734437174, "Film": 3.4592666092742856, "Cloud": 3.3828936304897117, "way": 3.368294831068559, "Perfect": 3.3539060936164593, "Where": 3.3539060936164593, "Cool": 3.3397214586245028, "Switch": 3.2585959138121345, "our": 3.2456925089762265, "Trailer": 3.2203747009919366, "2022": 3.1411333315654604, "Music": 3.125064521187612, "best": 3.038053144197982, "made": 3.0174338569952464, "Quick": 2.977428522381547, "use": 2.9676723474361824, "Change": 2.9676723474361824, "not": 2.9110534534366748, "I": 2.844769364026491, "Mobile": 2.750371071746201, "Display": 2.719599413079447, "Better": 2.719599413079447, "Features": 2.7120522074440645, "about": 2.6897464499297663, "Future": 2.625667593245244, "Wireless": 2.437615361742304, "No": 2.3929151828243973, "Live": 2.376654661952617, "Day": 2.324286676435301, "[": 2.2745251668762374, "]": 2.2745251668762374, "More": 2.2271229279816533, "new": 2.222503982125359, "Smart": 2.186300933461398, "Do": 2.1052331103726165, "Google": 2.022671509679596, ".": 1.951367172833587, "World": 1.9154259793259985, "Video": 1.862608423486584, "s": 1.8498286968401851, "Why": 1.7646708884998783, "-": 1.7137720636360978, "\u2019": 1.6159493303813806, "for": 1.5452151963067862, "What": 1.3562945701842555, "in": 1.3399068881866194, "New": 1.255012126009808, "a": 1.1751739687805467, "is": 1.1487763367731267, "on": 0.9521222870783963, "'s": 0.8179442730281747, "of": 0.7138288761004553, "(": 0.6554253435303999, ")": 0.6411052897556514, "?": 0.4446658514159118, ",": 0.3878969215146746}