{"Scratchcard": 177.13651025052297, "Wednesday": 40.24352124693536, "2022": 36.53841970146982, "Saturday": 34.115240085458055, "Monday": 33.5549411317433, "S3": 32.47561336336017, "\u00a35": 25.768886577631413, "\u00a32": 24.154978670525857, "scratchcard": 24.154978670525857, "MEGA": 16.250702041110717, "\u00a33": 16.103319113683906, "SCRATCHCARD": 16.103319113683906, "19": 13.515322889520188, "17": 13.261844433789832, "18": 12.925511964947667, "\u00a31": 12.519800175227797, "16": 12.084886541798072, "Mega": 11.773575515390586, "20": 10.632128041958367, "22": 10.053537573148612, "21": 10.053537573148612, "VIDEO": 9.224777443264138, "Scratchcards": 8.051659556841953, "Shops": 8.051659556841953, "SCRATCHARD": 8.051659556841953, "SCRATCHCARDS": 8.051659556841953, "\u00a31VS\u00a32VS\u00a35": 8.051659556841953, "video": 7.974096031468775, "s3": 7.358512376282008, "\u00a3400": 7.358512376282008, "VS": 6.8594053621713265, "different": 5.0559272832879625, "60": 3.774993437825898, "14": 3.0477132508964946, "15": 2.6223139278875127, "NEW": 2.2959173432550415, "From": 2.185191499908657, "Video": 1.692085688169576}