{"School": 58.196705510700006, "DIY": 57.34070637522334, "Pranks": 45.898797850417786, "Hacks": 45.62719504189354, "Supplies": 40.23726995008147, "Candy": 30.078076592446422, "Projects": 28.833260223687308, "Class": 26.643724793639606, "Sneak": 26.21483635732436, "Life": 20.83854985616952, "Edible": 19.053576764811943, "!": 18.95044708735132, "Crafts": 18.403911219406584, "Back": 17.926247897361456, "Ideas": 16.588861240022492, "Weird": 16.186866052931386, "Prank": 15.105983720059882, "Room": 14.818647712339086, "Makeup": 14.705644549242727, "XXL": 14.590432949279904, "10": 13.798113562418123, "Morning": 12.771184448340597, "for": 12.461265036427944, "Food": 12.186393003993729, "Slime": 12.003762417468266, "Giant": 11.93782569731194, "Routine": 11.762977567843535, "15": 11.720424119503992, "to": 11.627608646565948, "Clothes": 11.140716200112923, "Competition": 10.820042712256075, "Decor": 10.511554607166715, "&": 9.963373661845312, "Costumes": 9.949406569740384, "Challenge": 9.805321417017584, "12": 9.657156330296187, "Desserts": 9.433748351136185, "GIANT": 9.178081608116415, "Accessories": 8.95142423750241, "Galaxy": 8.95142423750241, "vs": 8.943050386994576, "Case": 8.813438494528507, "Wars": 8.813438494528507, "Halloween": 8.685785229571069, "Phone": 8.238074349624945, "Funny": 8.14049402128608, "in": 8.137190913922034, "Biggest": 8.047453990016294, "SaraBeautyCorner": 7.807916628926408, "AlejandraStyles": 7.807916628926408, "Tutorial": 7.6320771013756685, "Nail": 7.427144133408616, "Girls": 7.118842773754099, "Countryside": 7.114769448366463, "YOURS": 7.114769448366463, "Popsocket": 7.114769448366463, "Expectations": 7.114769448366463, "Sharpie": 7.114769448366463, "Satisfying": 7.062501019820706, "Nails": 7.034914375556035, "when": 6.876937552918774, "LAYERS": 6.709304340258298, "Relate": 6.709304340258298, "HACKS": 6.445898300511673, "Tricks": 6.327051459570072, "How": 6.316118638857662, "Pretend": 6.198478716492308, "Easy": 6.178073465339139, "Girl": 6.074464008921487, "Peaceful": 6.016157159698354, "Gross": 6.016157159698354, "Lover": 6.016157159698354, "Resolutions": 6.016157159698354, "Ready": 5.991464547107982, "World": 5.943269443949861, "Recipes": 5.880764356941652, "Teens": 5.862006479871095, "Lollipop": 5.862006479871095, "Beginners": 5.8201536579509945, "Healthy": 5.676206658700815, "Contest": 5.5053315359323625, "PRANKS": 5.5053315359323625, "and": 5.486853978378129, "Art": 5.41610040220442, "Adopted": 5.410021356128038, "Balloons": 5.410021356128038, "GOALS": 5.410021356128038, "Pillow": 5.242967271464872, "Customizing": 5.242967271464872, "Lovers": 5.242967271464872, "Squishy": 5.242967271464872, "Teacher": 5.242967271464872, "Bored": 5.242967271464872, "Children": 5.1688592993111495, "Balm": 5.1688592993111495, "Experiments": 5.099866427824199, "Best": 5.082703347282532, "ENTIRE": 5.035327906686628, "happens": 4.974703284870192, "Adding": 4.974703284870192, "Struggles": 4.974703284870192, "THIS": 4.960080920273655, "Reality": 4.917544871030244, "Try": 4.883881227809114, "ingredients": 4.863477649759968, "apply": 4.812184355372417, "slime": 4.812184355372417, "Out": 4.765933222890012, "Sneakers": 4.716874175568092, "-": 4.683347402866194, "Smoothie": 4.672422412997259, "Win": 4.672422412997259, "Mixing": 4.589040804058207, "Designs": 4.589040804058207, "Making": 4.525478368893692, "Tested": 4.475712118751205, "Ingredient": 4.475712118751205, "32": 4.475712118751205, "Science": 4.475712118751205, "Experiment": 4.475712118751205, "Epic": 4.406719247264253, "First": 4.404229125260822, "WEIRD": 4.373929424441262, "Christmas": 4.36779824547814, "MUCH": 4.342180726126682, "Organization": 4.342180726126682, "TOO": 4.311409067459929, "DECOR": 4.311409067459929, "Ingredients": 4.2243976904702984, "35": 4.2243976904702984, "Lipstick": 4.2243976904702984, "Lunch": 4.170330469200023, "Gifts": 4.144354982796762, "with": 4.0975172346340845, "Frozen": 4.0943445622221, "Mystery": 4.07024701064304, "does": 4.046716513232846, "Toys": 4.046716513232846, "school": 4.046716513232846, "Realistic": 4.046716513232846, "Get": 4.042038495119401, "Popular": 4.001254139156089, "Me": 3.9995482778919293, "Them": 3.9792752324373133, ",": 3.967556121408567, "Much": 3.95776902721635, "Relaxing": 3.95776902721635, "Hairstyles": 3.95776902721635, "OUTFIT": 3.9367156180185177, "Lip": 3.916096330815782, "Tiny": 3.8958936234982624, "too": 3.8958936234982624, "SCHOOL": 3.8566729103449813, "?": 3.8313996735348534, "Want": 3.8005834436939376, "Wear": 3.730379185020689, "Cat": 3.713572066704308, "Tried": 3.713572066704308, "Snacks": 3.6970427647530975, "Decorating": 3.680782243881317, "Play": 3.664781902534876, "Clothing": 3.618261886899983, "Compilation": 3.588408923750302, "you": 3.5884029457672133, "19": 3.573810124329149, "Cook": 3.5594213868770495, "than": 3.531250509910353, "ROOM": 3.5174571877780174, "Fast": 3.490428515390098, "Friends": 3.4771832886400773, "My": 3.4305228257280023, "Watch": 3.4011973816621555, "Fix": 3.3890760211298105, "Viral": 3.3535693326729006, "Only": 3.3535693326729006, "ideas": 3.3192802591942687, "Breakfast": 3.3081069585961433, "Last": 3.2753171357731525, "Eat": 3.2753171357731525, "Makeover": 3.2753171357731525, "Rainbow": 3.2540397373258676, "25": 3.202746442938317, "Beautiful": 3.163525729785036, "Car": 3.163525729785036, "Better": 3.153956278768885, "Make": 3.096670329722971, "14": 3.062984500563158, "You": 3.0550415799324275, "ASMR": 3.054326437820044, "BACK": 3.054326437820044, "Winter": 3.0457426941286525, "Birthday": 3.0457426941286525, "Testing": 3.028793135814879, "'re": 3.028793135814879, "Gift": 3.0204248861443626, "Good": 3.003895584193152, "Fashion": 3.003895584193152, "Need": 2.963729542467817, "With": 2.945724754856699, "Ways": 2.852089571325148, "Night": 2.764491512007162, "Work": 2.764491512007162, "Made": 2.7516708235781002, "into": 2.7019711550258276, "Year": 2.6662530724237485, "Q": 2.6604221521129556, "be": 2.6431306550028943, "Cake": 2.6431306550028943, "are": 2.614959778036198, "I": 2.605988048654701, "LIFE": 2.582169955213207, "MAKEUP": 2.5349170703626616, "'m": 2.529801969695891, "the": 2.48910865888713, "100": 2.4326382212422435, "Mini": 2.4326382212422435, "More": 2.4234215661373195, "30": 2.418844899109908, "OF": 2.3918162267219882, "20": 2.3698373200032132, "Quick": 2.3698373200032132, "do": 2.302585092994046, "Can": 2.2985282922984314, ".": 2.2516160629531994, "Haul": 2.243396221603715, "Summer": 2.1414899408139765, "Hair": 2.049014855049128, "Do": 2.017956458029155, "*": 2.0088239744658827, "this": 1.9848707334433897, "by": 1.8998336907574775, ":": 1.8736506686317256, "MY": 1.8546732946386242, "of": 1.8407281145235816, "your": 1.836654789135946, "TO": 1.8065017509652583, "shorts": 1.7724351964016523, "Home": 1.7302743855773741, "Day": 1.646709307231332, "is": 1.5637497282626722, "What": 1.535039622380241, "at": 1.529395204760564, "my": 1.4781957234037122, "New": 1.4675573251986564, "on": 1.2611312181658845, "a": 1.2526493686290872, "5": 1.0925332425917276, "3": 1.0556462527846664, "'s": 0.9546175357403303, "2": 0.9493515941350432, "#": 0.921384986395898, "A": 0.782378314287888, "(": 0.7735286990109054, ")": 0.7526037855866569}