{"Seoul": 24.96240271478578, "Korean": 22.385060432175436, "Korea": 19.097054439612073, "Jeju": 16.064720295849, "SEOUL": 13.867495718512782, "South": 12.483477411049828, "Pancakes": 11.670271141176562, "in": 11.289375026565393, "Hong": 11.094906996273, "BTS": 10.769126674302552, "Kong": 10.28397678005667, "Cafe": 10.17584233751612, "Skincare": 9.793731863990702, "Store": 8.240674284992709, "I": 8.183609721726908, "slice": 8.0323601479245, "Dipped": 8.0323601479245, "Souffl\u00e9": 8.0323601479245, "\ud83c\udf66\ud83c\udded\ud83c\uddf0": 8.0323601479245, "POLAR": 8.0323601479245, "BT21": 8.0323601479245, "Hongdae": 8.0323601479245, "CUSTOMISE": 8.0323601479245, "Fluffiest": 8.0323601479245, "Souffle": 8.0323601479245, "RUBY": 8.0323601479245, "Dango": 8.0323601479245, "Whitneybae": 8.0323601479245, "Mangwon": 8.0323601479245, "Makgeolli": 8.0323601479245, "Jeonju": 8.0323601479245, "Cake": 7.778450843065936, "Live": 7.39204693249021, "Pajama": 7.339212967364555, "Soop": 7.339212967364555, "VT": 7.339212967364555, "\ud83c\udded\ud83c\uddf0": 7.339212967364555, "Durian": 7.339212967364555, "7-ELEVEN": 7.339212967364555, "goods": 7.339212967364555, "McFlurry": 6.933747859256391, "convenience": 6.933747859256391, "Gangnam": 6.933747859256391, "Flagship": 6.933747859256391, "||": 6.700457841600562, "uploaded": 6.64606578680461, "Suga": 6.64606578680461, "Puns": 6.64606578680461, "Raid": 6.64606578680461, "'ve": 6.473139204655519, "Strawberries": 6.4229222354904, "\ud83d\udc3b": 6.4229222354904, "EXO": 6.4229222354904, "Kai": 6.4229222354904, "Convenience": 6.4229222354904, "Handmade": 6.240600678696445, "\ud83c\udf5c": 6.240600678696445, "\ud83e\udd16": 6.240600678696445, "Magnum": 6.240600678696445, "Blossom": 6.240600678696445, "MIDNIGHT": 6.240600678696445, "TASTING": 6.240600678696445, "KIT": 6.240600678696445, "KAT": 6.240600678696445, "Markets": 6.240600678696445, "surprising": 6.086449998869187, "Whitney": 6.086449998869187, "Ikea": 6.086449998869187, "Essentials": 5.952918606244665, "Cosmetics": 5.952918606244665, "\ud83c\udf54": 5.952918606244665, "Tasting": 5.952918606244665, "KOREA": 5.835135570588281, "scared": 5.835135570588281, "Tour": 5.7466096974199425, "Things": 5.735148348001973, "KOREAN": 5.729775054930455, "possible": 5.729775054930455, "cafe": 5.729775054930455, "Cheapest": 5.729775054930455, "EXCLUSIVE": 5.729775054930455, "LUNCH": 5.63446487512613, "Cherry": 5.63446487512613, "Chips": 5.467410790462964, "About": 5.438308337765426, "Corona": 5.393302818309242, "Salad": 5.393302818309242, "BEAR": 5.32430994682229, "Packing": 5.259771425684719, "AI": 5.259771425684719, "Lemon": 5.199146803868285, "Sent": 5.199146803868285, "Range": 5.199146803868285, "hour": 5.199146803868285, "JAPAN": 5.199146803868285, "Cutest": 5.199146803868285, "store": 5.141988390028335, "at": 5.049663469634107, "Pasta": 5.0366278743705095, "Snack": 5.0366278743705095, "Items": 4.941317694566185, "Because": 4.941317694566185, "McDonald": 4.941317694566185, "HEALTHY": 4.941317694566185, "'s": 4.898195493460888, "Traditional": 4.896865931995351, "Eve": 4.854306317576555, "\ud83d\udc95": 4.854306317576555, "Surprised": 4.854306317576555, "an": 4.831178100515858, "Walking": 4.8134843230563, "VR": 4.774263609903018, "Butter": 4.736523281920172, "In": 4.717367080640897, "cream": 4.700155637749297, "Valentine": 4.665064317938026, "Robot": 4.631162766262345, "seen": 4.631162766262345, "Personal": 4.566624245124774, "Nothing": 4.566624245124774, "thing": 4.566624245124774, "actually": 4.53585258645802, "Products": 4.505999623308339, "long": 4.421442235280276, "sister": 4.394773988198114, "Well": 4.368798501794854, "Finding": 4.22569765815418, "Brother": 4.1822125462144415, "Use": 4.161159137016609, "Daily": 4.161159137016609, "found": 4.161159137016609, "room": 4.140539849813874, "Travel": 4.120337142496354, "Learning": 4.100534515200175, "Tried": 4.062068234372378, "much": 4.043376101360226, "while": 4.043376101360226, "and": 4.0415348994093625, "Bought": 3.98930888008995, "We": 3.9889784560047254, "Me": 3.9652533853850853, "Light": 3.954822704018781, "Channel": 3.954822704018781, "eat": 3.954822704018781, "Own": 3.9380155857024, "Went": 3.921486283751189, "went": 3.921486283751189, "only": 3.921486283751189, "you": 3.9140282336716328, "Without": 3.9052257628794087, "n't": 3.8775807557587294, "Chocolate": 3.8734770645648284, "ONLY": 3.8734770645648284, "been": 3.7838649058751415, "show": 3.755694028908445, "most": 3.7419007067761094, "Their": 3.71487203438819, "Island": 3.6885547260708167, "to": 3.6606185790406243, "ever": 3.625640900660247, "Routine": 3.6135195401279026, "10": 3.5841686055074615, "Would": 3.5664520292699167, "a": 3.561294292870791, "Where": 3.555023333446294, "Makeup": 3.4890653656544965, "Ice": 3.4890653656544965, "Tips": 3.4576491694211176, "Ca": 3.4073873346402292, "Years": 3.368921053812433, "Know": 3.2961616995300047, "Getting": 3.2365696023277595, "The": 3.184083220680627, "one": 3.180329884004883, "x": 3.1270853694860707, "Party": 3.090717725315196, "so": 3.0765330903232395, "Update": 3.0351478741603852, "Review": 3.021724853828245, "After": 3.015080311109576, "Making": 2.9954075455108713, "have": 2.9447638126921163, "of": 2.931141913754246, "Let": 2.9143663355077454, "like": 2.8618761528863486, "as": 2.8449743420837454, "My": 2.7410108147583787, "Official": 2.6251883764643815, "Home": 2.598638144370261, "Make": 2.5899424374027067, "up": 2.5813216943587998, "That": 2.5643000067893693, "Our": 2.543422421767814, "with": 2.429059152940701, "And": 2.3728779321648794, "Why": 2.3386280091218006, "..": 2.302260364950926, "me": 2.2302417725474375, "Your": 2.1946297007585605, "Life": 2.079116813636716, "s": 2.0713548083012268, "Do": 2.066213408800808, "6": 2.021092973520339, "Day": 2.016202988226147, "It": 1.9755761346958758, "my": 1.7727786838595776, "the": 1.7711759369437265, "With": 1.7519643089643056, "IN": 1.711591853673918, "New": 1.6556332000258736, "&": 1.6269008806108805, "!": 1.613425033086173, "THE": 1.5787351490318087, "\u2019": 1.5615606441418985, "(": 1.489599015229553, "To": 1.4884483023597082, ")": 1.4597274483943492, "...": 1.45728430732488, "on": 1.3990417146441236, "-": 1.270823090606973, "for": 1.2377735670480012, "?": 0.596332331572652}