{"REACTION": 106.05910166291592, "]": 61.46301671242434, "[": 61.38619547544861, "\ud83d\udd25": 40.93018838211185, "MixtapeMadness": 32.20663822736781, "Plugged": 26.661460782888252, "W/Fumez": 26.661460782888252, "Pressplay": 26.661460782888252, "Engineer": 25.039600350455594, "Official": 24.946178119634375, "w/Tweeko": 24.154978670525857, "Kwengface": 24.154978670525857, "Video": 23.689199634374063, "Music": 23.44549292093078, "FLOWS": 16.103319113683906, "@": 15.86692671229101, "-": 15.759202682735424, "|": 15.33989100215198, "\ud83d\ude28": 15.321661733026541, "AbzSav": 14.717024752564017, "\ud83d\udd25|": 14.717024752564017, "C1": 14.717024752564017, "(": 14.471187868152347, ")": 14.444144226148296, "Tables": 13.330730391444126, "x": 11.905942966432507, "Cold": 11.773575515390586, "Room": 10.525094323715848, "67": 9.921234206967275, "Turn": 8.828146794231136, "Freestyle": 8.676174980275292, "CRUDDDD": 8.051659556841953, "LF70": 8.051659556841953, "PINEGROVE": 8.051659556841953, "EFFORTLESS": 8.051659556841953, "\ud83c\udde6\ud83c\uddfaCONSISTENT": 8.051659556841953, "JAYR": 8.051659556841953, "JROCHEMAN": 8.051659556841953, "Dopesmoke": 8.051659556841953, "S2.E4": 8.051659556841953, "Hefty": 8.051659556841953, "MAMASAID": 8.051659556841953, "M37": 8.051659556841953, "ZacoBro": 8.051659556841953, "Barcodes": 8.051659556841953, "rmx": 8.051659556841953, "\ud83c\uddec\ud83c\udde7\ud83c\uddfa\ud83c\uddf8\ud83d\udd25|": 8.051659556841953, "Locane": 8.051659556841953, "CRUDDY": 8.051659556841953, "TRES": 8.051659556841953, "\ud83d\udd25Headie": 8.051659556841953, "SinSquad": 8.051659556841953, "6ix": 8.051659556841953, "KayyKayy": 8.051659556841953, "S2.E2": 8.051659556841953, "BlazeYL": 8.051659556841953, "Uptown": 8.051659556841953, "MylesSuave": 8.051659556841953, "Horrid1": 8.051659556841953, "DISSES": 8.051659556841953, "WorkRate": 8.051659556841953, "S2.E1": 8.051659556841953, "S2.E7": 8.051659556841953, "Walkz": 8.051659556841953, "MailStrip": 8.051659556841953, "RondoMontana": 8.051659556841953, "LT": 8.051659556841953, "PacmanTV": 8.051659556841953, "GLORY": 7.358512376282008, "Offica": 7.358512376282008, "Youngs": 7.358512376282008, "Teflon": 7.358512376282008, "CODES": 7.358512376282008, "CB": 7.358512376282008, "Plankton": 7.358512376282008, "LD": 7.358512376282008, "GAZO": 7.358512376282008, "Carats": 7.358512376282008, "CG": 7.358512376282008, "MaliStrip": 7.358512376282008, "Ridla": 7.358512376282008, "Chinx": 7.358512376282008, "AUS": 7.358512376282008, "Hooks": 7.358512376282008, "Hooligan": 7.358512376282008, "SJ": 7.358512376282008, "Northolt": 6.953047268173844, "Abra": 6.953047268173844, "Cadabra": 6.953047268173844, "CADABRA": 6.953047268173844, "Dir": 6.953047268173844, "Giggs": 6.953047268173844, "ACG": 6.953047268173844, "Hotspot": 6.953047268173844, "#": 6.719422092227604, "wtf": 6.665365195722063, "BAN": 6.665365195722063, "BIEN": 6.665365195722063, "\ud83d\ude27": 6.665365195722063, "ONEFOUR": 6.665365195722063, "Rondo": 6.665365195722063, "Ay": 6.665365195722063, "Skinny": 6.665365195722063, "Riders": 6.665365195722063, "FLOW": 6.665365195722063, "Hillside": 6.442221644407853, "Huncho": 6.442221644407853, "ENZO": 6.442221644407853, "COMEBACK": 6.259900087613898, "DIFFERENT": 6.259900087613898, "GRM": 6.259900087613898, "\ud83c\uddeb\ud83c\uddf7": 6.259900087613898, "DAMN": 6.259900087613898, "156": 6.259900087613898, "AVENGERS": 6.259900087613898, "Unknown": 6.10574940778664, "drill": 6.10574940778664, "WAVE": 6.10574940778664, "LINK": 6.10574940778664, "CHILL": 6.10574940778664, "Dusty": 5.972218015162118, "In": 5.774635726183466, "NASA": 5.749074463847908, "Drill": 5.653764284043583, "SIX": 5.653764284043583, "MANY": 5.653764284043583, "dead": 5.566752907053953, "Pre": 5.566752907053953, "FREESTYLE": 5.486710199380417, "Demons": 5.486710199380417, "COLD": 5.486710199380417, "DOUBLE": 5.486710199380417, "Montana": 5.486710199380417, "NOVA": 5.486710199380417, "Armor": 5.486710199380417, "7th": 5.412602227226695, "Bars": 5.412602227226695, "By": 5.390146564339882, "ft.": 5.352762298315577, "MONTH": 5.343609355739743, "Slap": 5.343609355739743, "STYLE": 5.161287798945789, "Done": 4.960617103483638, "Order": 4.960617103483638, "Prod": 4.960617103483638, "OS": 4.916165340912804, "HARD": 4.916165340912804, "The": 4.882713336994692, "ROAD": 4.793563018820471, "Who": 4.729368401004267, "FAN": 4.684363726855479, "said": 4.650462175179798, "Twin": 4.6176723523568075, "Cruise": 4.525299032225792, "Step": 4.49631149535254, "Daily": 4.49631149535254, "2.0": 4.3880979107123075, "Line": 4.3880979107123075, "Seconds": 4.3880979107123075, "Shot": 4.267469922923692, "Control": 4.267469922923692, "DA": 4.139636551413807, "West": 3.974122112936234, "man": 3.924525171796862, "THAT": 3.924525171796862, "SO": 3.8031643147925944, "T": 3.7475944636377836, "s": 3.682118959634601, "Call": 3.6572104021695147, "Dead": 3.6449403095777004, ".": 3.6333390826598, "Audio": 3.6328189490453555, "LOVE": 3.574322742363747, "ft": 3.416930568612318, "BIG": 3.407268657700581, "22": 3.351179191049537, "S": 3.351179191049537, "feat": 3.247638512108697, "OUT": 3.2233458195396523, "Us": 3.1996292929223364, "UP": 3.1688576342555828, "\u2019": 2.9172300453990334, "Got": 2.8152175940120046, "Night": 2.809912541782311, "!": 2.5534607926174377, "..": 2.427642050654615, "Out": 2.3921773410823324, "One": 2.3512159834512674, "NEW": 2.2959173432550415, "TO": 2.1490262234405875, "6": 2.119414369393943, "by": 2.0161781243171975, "?": 2.008605573313323, "It": 1.9139325027557195, "Is": 1.877873452940017, "2": 1.8319444196276191, "My": 1.5339882839296786, "and": 0.9112065137407951, "&": 0.7199445871154877, ",": 0.594627467719573}