{"Schrade": 144.59679474794393, "Knife": 75.51977376666676, "Folding": 45.315579754060195, "Lock": 41.69969876411574, "Liner": 37.344379543157686, "NEW": 32.83923285531423, "Skinning": 30.44143047325135, "Caping": 30.44143047325135, "CopperHead": 30.44143047325135, "Timer": 27.65458038316501, "Pocket": 24.51153708605314, "Hunting": 24.188844480365283, "KNIFE": 19.535235988934183, "Tang": 19.535235988934183, "Blade": 18.672189771578843, "TANG": 15.220715236625676, "Sheath": 15.220715236625676, "Multi-Tool": 15.220715236625676, "Old": 13.600042450455419, "/": 12.99861162108291, "Tactical": 12.448126514385894, "Fixed": 11.061832153266003, "Frame": 9.804614834421255, "Full": 9.106939919428363, "\u2013": 8.1826670871794, "Best": 8.062584954843993, "Tool": 7.842956328397802, "FULL": 7.745376000058938, "1084283": 7.610357618312838, "1084281": 7.610357618312838, "Glide": 7.610357618312838, "SCHF31": 7.610357618312838, "SCH406N": 7.610357618312838, "SCH401LALC": 7.610357618312838, "SCH002": 7.610357618312838, "SCHF49": 7.610357618312838, "SCH222P": 7.610357618312838, "SCH222G": 7.610357618312838, "SCH223": 7.610357618312838, "2141OTRW": 7.610357618312838, "SCH306": 7.610357618312838, "Ultra-Glide": 7.610357618312838, "2156OTRW": 7.610357618312838, "SCHF61": 7.610357618312838, "FIXED-BLADE": 7.610357618312838, "SCHF56LM": 7.610357618312838, "SCH509R": 7.610357618312838, "Reflective": 7.610357618312838, "2143OTRW": 7.610357618312838, "SCHF63B": 7.610357618312838, "Take-A-Part": 7.610357618312838, "602OT-": 7.610357618312838, "SCH224": 7.610357618312838, "LINER": 7.610357618312838, "FOLDING": 7.610357618312838, "2156OT": 7.610357618312838, "15-Function": 7.610357618312838, "ST10": 7.610357618312838, "SCPT2": 7.610357618312838, "PH2N": 7.610357618312838, "SCHF53BS": 7.610357618312838, "Overmold": 7.610357618312838, "SCH507": 7.610357618312838, "BLADE": 6.9172104377528925, "Shear": 6.9172104377528925, "Recurve": 6.9172104377528925, "TPE": 6.9172104377528925, "Mini": 6.752502227431156, "!": 6.566734074423007, "Anthem": 6.511745329644728, "Cage": 6.511745329644728, "Lightweight": 6.511745329644728, "LOCK": 6.511745329644728, "Slingshot": 6.511745329644728, "Spear": 6.511745329644728, "Protector": 6.224063257192947, "POCKET": 6.224063257192947, "2.5": 6.224063257192947, "Razor": 6.224063257192947, "FIXED": 6.000919705878737, "Uncle": 5.8185981490847825, ":": 5.781303889726359, "Cyber": 5.664447469257524, "Ultra": 5.664447469257524, "Compact": 5.664447469257524, "EDC": 5.530916076633002, "Frontier": 5.413133040976618, "Tough": 5.413133040976618, "Sharp": 5.413133040976618, "Fine": 5.413133040976618, "Black": 5.366207866311266, "Throw": 5.212462345514467, "Sale": 5.125450968524837, "Handle": 5.125450968524837, "Shoot": 5.045408260851301, "Henry": 4.971300288697579, "Edge": 4.902307417210627, "Pack": 4.7199858604166725, "Awareness": 4.565835180589414, "Point": 4.565835180589414, "Drop": 4.391481793444637, "Brand": 4.352261080291355, "Emergency": 4.352261080291355, "Camp": 4.176370413827692, "Personal": 4.144621715513111, ",": 3.9647053595709942, "Small": 3.921478164198901, "Rescue": 3.921478164198901, "-": 3.589661373886314, "Meet": 3.3618623762634785, "Week": 3.3198981771644465, "IN": 2.8312341252013082, "\u201d": 2.6758836851821455, "How": 1.9046931448841786, "2022": 1.5796723580515744, "5": 1.3917574986211083, "a": 1.3422073445426588, "to": 1.2383614623832562, "1": 1.138011323811937, "with": 0.9383246728517702, "|": 0.7740983410357704, "The": 0.5654525011834668}