{"SEL\u00c7UK": 228.5622713301124, "B\u00dcY\u00dcK": 195.6039026700691, "|": 25.56115466965235, "\u015eEKER": 15.237484755340827, "DUYGUSAL": 15.237484755340827, "GEL\u0130N": 15.237484755340827, "OYUNU": 13.851190394220936, "SAKLAMBA\u00c7": 7.618742377670413, "EZEL": 7.618742377670413, "REPL\u0130\u011e\u0130": 7.618742377670413, "K\u00d6PEKBALI\u011eI": 7.618742377670413, "PAMUK": 7.618742377670413, "K\u0130B\u0130R": 7.618742377670413, "RAMAZAN": 7.618742377670413, "MAN\u0130S\u0130": 7.618742377670413, "D\u00dc\u011e\u00dcN": 7.618742377670413, "VEDALA\u015eMA": 7.618742377670413, "KU\u015eAK": 7.618742377670413, "BA\u011eLAMA": 7.618742377670413, "CANIM": 7.618742377670413, "KARDE\u015e\u0130M": 7.618742377670413, "TEPK\u0130": 7.618742377670413, "G\u00dcN\u00dcM\ud83c\udf82": 7.618742377670413, "SEVG\u0130L\u0130": 7.618742377670413, "FAK\u0130R": 7.618742377670413, "JENGASI": 7.618742377670413, "SAHTEKAR": 7.618742377670413, "K\u0130M": 7.618742377670413, "M\u0130": 7.618742377670413, "TUZ": 7.618742377670413, "S\u0130RKEY\u0130": 7.618742377670413, "K\u0130MLER": 7.618742377670413, "\u0130\u00c7T\u0130": 7.618742377670413, "SUPERWOMEN": 7.618742377670413, "\ud83d\udd6f\ud83d\udd6f\ud83d\udd6f": 7.618742377670413, "YALNIZLIK": 7.618742377670413, "\ud83d\ude0d\u2b05\ufe0f1\u27a1\ufe0f\ud83e\udd2e": 7.618742377670413, "KEP\u00c7E": 7.618742377670413, "EVDE": 7.618742377670413, "YANGIN": 7.618742377670413, "ATMACA": 7.618742377670413, "HESAP": 6.925595197110468, "K\u0130MDE": 6.925595197110468, "EV\u0130": 6.925595197110468, "\ud83d\udda4": 6.925595197110468, "SES": 6.925595197110468, "TOPU": 6.925595197110468, "KARPUZ": 6.925595197110468, "RUS": 6.925595197110468, "SHARK": 6.520130089002303, "CEZALI": 6.520130089002303, "DO\u011eUM": 6.520130089002303, "MU": 6.520130089002303, "\ud83d\udca8": 6.520130089002303, "ALMA": 6.2324480165505225, "\ud83d\udc37": 6.009304465236313, "\ud83c\udf36": 6.009304465236313, "\ud83d\udc7b": 5.316157284676367, "PARA": 3.6484504641182913, "GAME": 3.3702471356210544, "2": 2.432422301911462, "-": 1.711067906845592, "?": 1.1165320233412248}