{"3:00": 138.51190394220936, "\u0432": 57.21105775737381, "*": 52.34138375364034, "\u0443\u0431\u0438\u0442\u044c": 48.479166379773275, "\u041d\u0415": 46.23010104116422, "\u0421\u041d\u042f\u041b": 45.712454266022476, "\u0420\u0415\u0410\u041b\u042c\u041d\u041e\u0413\u041e": 45.712454266022476, "\u0420\u0410\u0417\u0420\u0415\u0417\u0410\u041b": 41.55357118266281, "\u0432\u043d\u0443\u0442\u0440\u0438": 39.12078053401382, "\u041a\u0423\u041f\u0418\u041b\u0418": 38.09371188835207, "\u0414\u0410\u0420\u041a\u041d\u0415\u0422": 38.09371188835207, "\u043c\u0435\u043d\u044f": 36.05582679141788, "\u0447\u0442\u043e": 35.936850095176894, "\u041c\u041e\u0419": 34.62797598555234, "\u0438": 33.91735298364319, "\u041e\u041d": 31.16224008275261, "\u0414\u0420\u041e\u041d": 30.474969510681653, "\u041d\u0418\u041a\u041e\u0413\u0414\u0410": 30.046522326181563, "\u0412": 27.868093525608195, "\u0412\u042b": 27.70238078844187, "\u041f\u041e\u0412\u0415\u0420\u0418\u0422\u0415": 27.70238078844187, "\u0421": 27.166199545872583, "\u0425\u0410\u0413\u0413\u0418": 26.080520356009213, "\u0412\u0410\u0413\u0413\u0418": 26.080520356009213, "\u0417\u0410\u0421\u041d\u042f\u041b": 22.856227133011238, "\u0421\u041a\u0420\u042b\u0422\u042b\u0415": 22.856227133011238, "\u041a\u0410\u041c\u0415\u0420\u042b": 22.856227133011238, "\u0443\u0431\u0438\u043b\u0430": 22.856227133011238, "\u0418": 22.203442736612338, "\u0410\u041d\u0418\u041c\u0410\u0422\u0420\u041e\u041d\u0418\u041a\u0410": 20.776785591331404, "\u043e\u043d\u0438": 20.776785591331404, "\u0421\u0423\u041c\u0410\u0421\u0428\u0415\u0414\u0428\u0418\u0419": 20.776785591331404, "fnaf": 19.56039026700691, "\u0445\u043e\u0442\u044f\u0442": 18.02791339570894, "\u043e\u043d": 18.02791339570894, "\u0417\u0410\u041a\u0410\u0417\u042b\u0412\u0410\u0419": 15.237484755340827, "\u041f\u041e\u0417\u0412\u041e\u041d\u0418\u041b": 15.237484755340827, "\u0413\u0420\u0418\u041d\u0427\u0410": 15.237484755340827, "\u0421\u0422\u0420\u0410\u0428\u041d\u041e": 15.237484755340827, "\u0414\u0415\u0412\u0423\u0428\u041a\u0423": 13.851190394220936, "\u041c\u0410\u0421\u041a\u0423": 13.851190394220936, "\u043b\u0438\u0446\u043e": 13.851190394220936, "\u0421\u041e\u041b\u041d\u0426\u0415": 13.851190394220936, "\u041b\u0423\u041d\u0410": 13.851190394220936, "\u0441\u043e\u043b\u043d\u0446\u0435": 13.851190394220936, "\u043b\u0443\u043d\u0430": 13.851190394220936, "breach": 13.851190394220936, "\u043a\u0443\u043a\u043b\u0430": 13.851190394220936, "\u043e\u043d\u0430": 13.040260178004607, "\u041a\u041e\u0422\u0410": 13.040260178004607, "\u0421\u041c\u0415\u0420\u0422\u042c": 13.040260178004607, "\u043f\u0440\u0438\u0448\u0435\u043b": 12.464896033101045, "security": 12.018608930472626, "\u043d\u0430": 11.943468653832083, "\u042d\u0422\u041e": 11.653965816884716, "\u041a": 11.3456644572302, "\u041c\u0415\u041d\u042f": 11.3456644572302, "\u0441": 7.810340621932211, "\u0411\u0423\u0414\u0418": 7.618742377670413, "\u0427\u0423\u0422\u042c": 7.618742377670413, "\u0423\u041c\u0415\u0420\u041b\u0410": 7.618742377670413, "\u0434\u0435\u043c\u043e\u043d": 7.618742377670413, "\u041a\u041e\u0416\u0410\u041d\u041e\u0413\u041e": 7.618742377670413, "\u041b\u0418\u0426\u0410": 7.618742377670413, "\u043c\u0430\u0441\u043a\u043e\u0439": 7.618742377670413, "\u043c\u0430\u043d\u044c\u044f\u043a\u0430": 7.618742377670413, "\u043a\u043e\u0436\u0430\u043d\u043e\u0435": 7.618742377670413, "\u041f\u0418\u0426\u0426\u0423": 7.618742377670413, "\u0424\u0410\u0417\u0411\u0415\u0420\u0421": 7.618742377670413, "\u043d\u0430\u0441\u0442\u043e\u044f\u0449\u0435\u0435": 7.618742377670413, "\u041a\u0438\u0441\u0441\u0438": 7.618742377670413, "\u041c\u0438\u0441\u0441\u0438": 7.618742377670413, "\u041a\u041e\u0428\u0410\u0420\u042b": 7.618742377670413, "\u0423\u0414\u0410\u041b\u0418\u0422\u0415": 7.618742377670413, "\u0418\u0413\u0420\u0410\u0419": 7.618742377670413, "\u043a\u043e\u0448\u0430\u0440\u044b": 7.618742377670413, "\u0414\u0415\u041c\u041e\u0413\u041e\u0420\u0413\u041e\u041d\u0410": 7.618742377670413, "\u043c\u043e\u043d\u0441\u0442\u0440\u0430": 7.618742377670413, "\u0413\u041e\u0412\u041e\u0420\u042f\u0429\u0415\u0413\u041e": 7.618742377670413, "\u0422\u041e\u041c\u0410": 7.618742377670413, "\u0410\u041d\u0414\u0416\u0415\u041b\u0423": 7.618742377670413, "\u0410\u043d\u0434\u0436\u0435\u043b\u0430": 7.618742377670413, "\u0422\u043e\u043c\u0430": 7.618742377670413, "\u041c\u041e\u0420\u041e\u0416\u0415\u041d\u0429\u0418\u041a\u0410": 7.618742377670413, "\u043c\u043e\u0440\u043e\u0436\u0435\u043d\u0449\u0438\u043a\u0430": 7.618742377670413, "\u041f\u0420\u0418\u0417\u0412\u0410\u041b": 7.618742377670413, "\u041f\u041e\u0413\u0418\u0411\u0428\u0415\u0413\u041e": 7.618742377670413, "\u0421\u0415\u0411\u0415": 7.618742377670413, "\u041f\u041e\u0413\u0418\u0411\u0428\u0418\u0419": 7.618742377670413, "\u043f\u0440\u0430\u0432\u0434\u0430": 7.618742377670413, "\u041e\u0414\u041d\u041e\u0412\u0420\u0415\u041c\u0415\u041d\u041d\u041e": 7.618742377670413, "\u0422\u0415\u0419\u041b\u0417.\u0415\u0425\u0415": 7.618742377670413, "\u041a\u0418\u041b\u041b\u0418": 7.618742377670413, "\u0412\u0418\u041b\u041b\u0418": 7.618742377670413, "\u0434\u0430\u0440\u043a\u043d\u0435\u0442": 7.618742377670413, "\u0447\u0435\u0440\u043d\u044b\u0439": 7.618742377670413, "\u0416\u0418\u0412\u041e\u0413\u041e": 7.618742377670413, "\u0436\u0438\u0432\u0430\u044f": 7.618742377670413, "\u0421\u0422\u0420\u0410\u0428\u041d\u042b\u0415": 7.618742377670413, "\u0413\u041e\u0414\u0423": 7.618742377670413, "SERGIONIS": 7.618742377670413, "\u0414\u0416\u0415\u0419\u0421\u041e\u041d\u0410": 7.618742377670413, "\u0412\u0423\u0420\u0425\u0418\u0417\u0410": 7.618742377670413, "\u041f\u0418\u0413\u041c\u042d\u041d\u0410": 7.618742377670413, "\u041c\u041e\u0420\u041e\u0417\u0410": 7.618742377670413, "\u0414\u041e\u0421\u0422\u0410\u0412\u041b\u042f\u042e\u0429\u0415\u0413\u041e": 7.618742377670413, "\u041f\u041e\u0414\u0410\u0420\u041a\u0418": 7.618742377670413, "\u0424\u041e\u041a\u0421\u0418": 7.618742377670413, "\u043e\u0442\u0440\u0443\u0431\u0438\u043b": 7.618742377670413, "\u0435\u043c\u0443": 7.618742377670413, "\u041a\u0418\u0421\u0421\u0418": 7.618742377670413, "\u041c\u0418\u0421\u0421\u0418": 7.618742377670413, "\u043c\u0435\u0440\u0442\u0432\u044b": 7.618742377670413, "\u0411\u0410\u0411\u0423\u0428\u041a\u0423": 7.618742377670413, "\u041e\u041d\u0410": 7.618742377670413, "\u0421\u0423\u041c\u0410\u0421\u0428\u0415\u0414\u0428\u0410\u042f": 7.618742377670413, "\u0433\u0440\u0438\u043d\u0447": 7.618742377670413, "\u043f\u043e\u0445\u0438\u0442\u0438\u0442\u0435\u043b\u044c": 7.618742377670413, "\u0440\u043e\u0436\u0434\u0435\u0441\u0442\u0432\u0430": 7.618742377670413, "\u0420\u0415\u0411\u0415\u041d\u041a\u0410": 7.618742377670413, "\u041f\u041e\u0411\u0418\u041b": 7.618742377670413, "\u041f\u0410\u041f\u0423": 7.618742377670413, "\u041f\u0420\u0418\u0421\u0422\u0410\u0412\u0410\u041b": 7.618742377670413, "\u041c\u041e\u0415\u0419": 7.618742377670413, "\u0414\u0415\u0412\u0423\u0428\u041a\u0415": 7.618742377670413, "\u0416\u0418\u0412\u0423\u042e": 7.618742377670413, "\u0427\u0410\u041a\u0418": 7.618742377670413, "\u0447\u0430\u043a\u0438": 7.618742377670413, "\u0443\u0431\u0438\u0439\u0446\u0430": 7.618742377670413, "\u0421\u041c\u041e\u0422\u0420\u0418": 7.618742377670413, "\u0413\u0420\u0418\u041d\u0427": 7.618742377670413, "\u043f\u043e\u0434\u0440\u0430\u043b\u0441\u044f": 7.618742377670413, "\u0433\u0440\u0438\u043d\u0447\u0435\u043c": 7.618742377670413, "\u0421\u041b\u0423\u0428\u0410\u0419": 7.618742377670413, "\u041d\u041e\u0412\u041e\u0413\u041e\u0414\u041d\u042e\u042e": 7.618742377670413, "\u041f\u0415\u0421\u041d\u042e": 7.618742377670413, "\u0420\u041e\u0414\u0418\u041b\u0410\u0421\u042c": 7.618742377670413, "\u0415\u041b\u041e\u0427\u041a\u0410": 7.618742377670413, "\u041a\u0420\u0410\u041c\u041f\u0423\u0421": 7.618742377670413, "\u0421\u0412\u041e\u042e": 6.925595197110468,