{"recut": 80.323601479245, "mashup": 26.58426314721844, "trailer": 25.995734019341423, "Theatrical": 24.0970804437735, "Megamind": 16.064720295849, "crossover": 14.67842593472911, "FAKE": 13.34652362840517, "Grinch": 13.29213157360922, "Snow": 13.264326705840828, "Lightyear": 12.48120135739289, "horror": 11.90583721248933, "Punch": 11.45955010986091, "White": 10.988736886372436, "Superhero": 10.28397678005667, "Encanto": 10.073255748741019, "Traditional": 9.793731863990702, "Classic": 9.133248490249548, "Roxanne": 8.0323601479245, "Hunstman": 8.0323601479245, "1937": 8.0323601479245, "Fairest": 8.0323601479245, "Evolved": 8.0323601479245, "JOKER/Simpsons": 8.0323601479245, "SIdeshow": 8.0323601479245, "SIDESHOW": 8.0323601479245, "Simpsons/Joker": 8.0323601479245, "Postman": 8.0323601479245, "Aladdin/Slumdog": 8.0323601479245, "Dumbo": 8.0323601479245, "Shovel": 8.0323601479245, "Flanders": 8.0323601479245, "Biblical": 7.339212967364555, "Mulan": 7.339212967364555, "Plague": 7.339212967364555, "Ursula": 7.339212967364555, "Krusty": 7.339212967364555, "JOKER": 7.339212967364555, "Deadpool": 7.339212967364555, "Disney": 7.227039080255805, "-": 6.989526998338352, "Visitor": 6.933747859256391, "Ghostbusters": 6.933747859256391, "Lindsey": 6.933747859256391, "Stirling": 6.933747859256391, "Tango": 6.64606578680461, "Twelve": 6.64606578680461, "Beloved": 6.64606578680461, "Detroit": 6.64606578680461, "Simpsons": 6.64606578680461, "Burton": 6.4229222354904, "Slayer": 6.4229222354904, "Trailer": 6.408092821244399, "The": 6.368166441361254, "1998": 6.240600678696445, "Inc": 6.240600678696445, "theme": 6.240600678696445, "Matrix": 6.086449998869187, "Afterlife": 6.086449998869187, "Man": 5.840744719135914, "Andy": 5.835135570588281, "Miracle": 5.729775054930455, "edit": 5.729775054930455, "Pixar": 5.5474534981365, "Pat": 5.5474534981365, "Millionaire": 5.467410790462964, "Stole": 5.467410790462964, "Christmas": 5.389644136446365, "react": 5.259771425684719, "version": 5.199146803868285, "Mermaid": 5.08792116875806, "One": 5.054057223984275, "Alien": 5.0366278743705095, "fan": 5.0366278743705095, "ANNOUNCEMENT": 4.987837710201077, "Bob": 4.987837710201077, "Tim": 4.896865931995351, "Gave": 4.854306317576555, "Bruno": 4.8134843230563, "Hero": 4.665064317938026, "movie": 4.665064317938026, "Robot": 4.631162766262345, "Land": 4.631162766262345, "Become": 4.5983729434393545, "Mr": 4.505999623308339, "~": 4.505999623308339, "Minutes": 4.343480693810564, "Human": 4.318788081220193, "Original": 4.294690529641132, "Wars": 4.161159137016609, "Alone": 4.120337142496354, "Fake": 4.062068234372378, "Queen": 3.954822704018781, "story": 3.9380155857024, "Toys": 3.8734770645648284, "Toy": 3.769680270883185, "(": 3.7239975380738826, ")": 3.649318620985873, "Before": 3.589708891434184, "Star": 3.427189961936409, "Movie": 3.341012265695357, "El": 3.2365696023277595, "BIG": 3.188173061465909, "Little": 3.1571628247233487, "How": 3.0531521755925435, "After": 3.015080311109576, "Story": 2.9571863326906733, "'s": 2.938917296076532, "Home": 2.598638144370261, "Time": 2.3556063456562186, "de": 2.168728972326403, "Life": 2.079116813636716, "to": 1.8303092895203121, "2022": 1.7407910083661804, "is": 1.4216641032067412, "with": 1.2145295764703505, "and": 1.0103837248523406, "2": 0.9900739759847571, "&": 0.8134504403054402}