{"Esila": 124.92666606282253, "Biltekin": 117.11874943389613, "VLOG": 39.77090405870461, "ALI\u015eVER\u0130\u015e": 31.231666515705633, "G\u00dcNL\u00dcK": 28.459077793465852, "ODA": 23.423749886779227, "RAMAZAN": 21.34430834509939, "ODAMI": 15.615833257852817, "ORU\u00c7": 15.615833257852817, "TURU": 14.229538896732926, "TAT\u0130L": 14.229538896732926, "YEN\u0130": 12.843244535613035, "LGS": 7.807916628926408, "HAZIRLAN": 7.807916628926408, "Mezuniyet": 7.807916628926408, "Partisi": 7.807916628926408, "TOYBOX": 7.807916628926408, "A\u00c7IYORUM": 7.807916628926408, "Ses": 7.807916628926408, "Kay\u0131t": 7.807916628926408, "Cihaz\u0131": 7.807916628926408, "Hesap": 7.807916628926408, "Makinesi": 7.807916628926408, "YEN\u0130L\u0130YORUM": 7.807916628926408, "BAYRAMI": 7.807916628926408, "HASTANEDE": 7.807916628926408, "GE\u00c7\u0130RD\u0130M": 7.807916628926408, "biltekin": 7.807916628926408, "Tatil": 7.807916628926408, "VAL\u0130Z\u0130MDE": 7.807916628926408, "Gidiyorum": 7.807916628926408, "DEV": 7.807916628926408, "\ud83d\udecd|": 7.807916628926408, "SAHUR": 7.807916628926408, "Dekor": 7.807916628926408, "ZOR": 7.807916628926408, "OLDU": 7.807916628926408, "KANKAM": 7.807916628926408, "B\u0130ZDE": 7.807916628926408, "KALDI": 7.807916628926408, "SINAV": 7.807916628926408, "HAFTASI": 7.807916628926408, "STRESL\u0130": 7.807916628926408, "BUZ": 7.807916628926408, "LAZER": 7.807916628926408, "EP\u0130LASYONA": 7.807916628926408, "BA\u015eLADIM": 7.807916628926408, "Ac\u0131t\u0131yor": 7.807916628926408, "\u00dccreti": 7.807916628926408, "|SABAH": 7.807916628926408, "RUT\u0130N\u0130": 7.807916628926408, "OKULDAN": 7.807916628926408, "D\u00d6N\u00dc\u015e|": 7.807916628926408, "Resim": 7.807916628926408, "Cevaplad\u0131m": 7.807916628926408, "\u00c7izme": 7.807916628926408, "D\u0130\u015e\u00c7\u0130DE": 7.807916628926408, "ANLAR": 7.807916628926408, "HASTALIK": 7.807916628926408, "DERS": 7.807916628926408, "\u00c7ALI\u015eMA": 7.807916628926408, "Haz\u0131rlan\u0131n": 7.807916628926408, "G\u00fcn\u00fc": 7.807916628926408, "Kuzenim": 7.807916628926408, "Ali'nin": 7.807916628926408, "HAYVANAT": 7.807916628926408, "BAH\u00c7ES\u0130": 7.807916628926408, "Vah\u015fi": 7.807916628926408, "Hayvanlar\u0131": 7.807916628926408, "Besledim": 7.807916628926408, "\ud83d\udc12\ud83d\udc0d": 7.807916628926408, "BEKLENEN": 7.807916628926408, "Odam\u0131": 7.807916628926408, "Tamamen": 7.807916628926408, "De\u011fi\u015ftirdim": 7.807916628926408, "G\u0130D\u0130\u015e": 7.807916628926408, "RUT\u0130N\u0130M": 7.807916628926408, "TAT\u0130L\u0130": 7.114769448366463, "BEN\u0130MLE": 7.114769448366463, "ALI\u015eVER\u0130\u015e\u0130": 7.114769448366463, "Yolculuk": 7.114769448366463, "Tatile": 7.114769448366463, "TOPLUYORUM": 7.114769448366463, "Yapt\u0131m": 7.114769448366463, "KUAF\u00d6R": 7.114769448366463, "SORU": 7.114769448366463, "CEVAP": 7.114769448366463, "\u0130le": 7.114769448366463, "\u0130lgili": 7.114769448366463, "\u0130stedi\u011finiz": 7.114769448366463, "DEKORU": 7.114769448366463, "KORKU": 7.114769448366463, "Benimle": 7.114769448366463, "Do\u011fum": 7.114769448366463, "\ud83d\udc05": 7.114769448366463, "OKULA": 7.114769448366463, "D\u00d6N\u00dc\u015e": 7.114769448366463, "+": 6.915238025105102, "|": 6.881209687452605, "G\u00dcN\u00dc": 6.709304340258298, "YAZ": 6.709304340258298, "BAYRAM": 6.709304340258298, "Kadar": 6.709304340258298, "\u015eeyi": 6.709304340258298, "DOLU": 6.709304340258298, "mu": 6.421622267806518, "Yap\u0131l\u0131r": 6.421622267806518, "\u0130\u00c7\u0130N": 6.198478716492308, "MANGA": 6.198478716492308, "VAR": 6.016157159698354, "Yeni": 6.016157159698354, "\u00c7OK": 6.016157159698354, "B\u0130R": 5.862006479871095, "Kolay": 5.610692051590189, "NE": 5.410021356128038, "Ne": 5.410021356128038, "Nas\u0131l": 5.242967271464872, "Vlog": 5.029223608403832, "2022": 4.662263452052806, "!": 3.790089417470264, "ve": 3.764865361091858, "Her": 3.588408923750302, "(": 3.0941147960436215, "||": 2.902641850487979, ")": 2.2578113567599707, "?": 1.2771332245116178, ".": 1.1258080314765997, ":": 0.9368253343158628}