{"Nate": 40.49783046531, "Sharkie": 24.40779831601467, "Big": 18.17992378862586, "SHARKIE": 16.27186554400978, "sharkie": 16.27186554400978, "gobble": 16.27186554400978, "gum": 16.27186554400978, "Nightcrawler": 16.27186554400978, "COMPARISON": 13.05298971914158, "HUNGER": 12.68834660555367, "blue": 11.66669535802169, "version": 9.755672467966816, "meme": 9.27885042107682, "Book": 9.219144494777458, "\u2019": 8.762048653593261, "Original": 8.257199173544839, "frickin": 8.13593277200489, "cookies": 8.13593277200489, "HEE": 8.13593277200489, "but\u2026": 8.13593277200489, "Saturnbuddy": 8.13593277200489, "Playkids": 8.13593277200489, "Fluffy": 8.13593277200489, "poorly": 8.13593277200489, "reanimated": 8.13593277200489, "entertainment/Omation": 8.13593277200489, "raging": 8.13593277200489, "BOOKS": 8.13593277200489, "PHASES": 8.13593277200489, "fling": 8.13593277200489, "NATE": 8.13593277200489, "sync": 8.13593277200489, "nate": 8.13593277200489, "SUSSY": 8.13593277200489, "EVERTALE": 8.13593277200489, "you.": 8.13593277200489, "\u201c": 7.89255605995693, "s": 7.8675120775197245, "stream": 7.832850133657567, "\u201d": 7.803652534815262, "PART": 7.4584270494812746, "logo": 7.442785591444945, "Rainbows": 7.442785591444945, "logos": 7.442785591444945, "higher": 7.442785591444945, "activity": 7.442785591444945, "suggested": 7.037320483336781, "Unicorns": 7.037320483336781, "PROBABLY": 7.037320483336781, "store": 7.037320483336781, "Uncanny": 7.037320483336781, "EXTENDED": 7.037320483336781, "template": 7.037320483336781, "ahh": 7.037320483336781, "lip": 7.037320483336781, "books": 7.037320483336781, "Hunt": 6.8170899065851, "GAMES": 6.782001287283281, "Goofy": 6.749638410885, "ENDED": 6.52649485957079, "Hopping": 6.52649485957079, "about": 6.417358173695371, "eating": 6.344173302776835, "wow": 6.344173302776835, "book": 6.344173302776835, "eats": 6.344173302776835, "noises": 6.344173302776835, "Jonathan": 6.190022622949577, "bored": 6.190022622949577, "PRICE": 6.190022622949577, "JR": 6.190022622949577, "audio": 6.056491230325054, "heard": 5.9387081946686715, "Band": 5.9387081946686715, "meet": 5.9387081946686715, "ideas": 5.833347679010845, "made": 5.756874799954217, "shows": 5.73803749920652, "EXTREMELY": 5.65102612221689, "awesome": 5.65102612221689, "hacks": 5.65102612221689, "becomes": 5.570983414543353, "MEETS": 5.496875442389632, "Eats": 5.496875442389632, "nutshell": 5.42788257090268, "may": 5.42788257090268, "Heads": 5.42788257090268, "behind": 5.363344049765109, "BONUS": 5.3027194279486745, "someone": 5.3027194279486745, "Dancing": 5.245561014108726, "HALF": 5.245561014108726, "CREEPY": 5.245561014108726, "AD": 5.245561014108726, "Pink": 5.140200498450899, "WARNING": 5.140200498450899, "stuff": 5.091410334281467, "MEET": 5.044890318646575, "super": 5.000438556075741, "animation": 4.957878941656944, "chat": 4.957878941656944, "short": 4.957878941656944, "because": 4.91705694713669, "Dash": 4.91705694713669, "Reading": 4.91705694713669, "during": 4.877836233983408, "3DS": 4.8400959060005615, "BLOOD": 4.8400959060005615, "(": 4.821737624119025, ")": 4.821737624119025, "GOES": 4.803728261829686, "ad": 4.803728261829686, "meets": 4.768636942018416, "I": 4.758921496038267, "LIVESTREAM": 4.701945567519744, "MAKING": 4.670196869205164, "talk": 4.670196869205164, "big": 4.670196869205164, "much": 4.525014859360666, "something": 4.525014859360666, "things": 4.498346612278505, "used": 4.472371125875244, "moments": 4.3072913755157956, "try": 4.165640858452769, "funny": 4.165640858452769, "STOP": 4.1285995867724194, "Meme": 4.0754897614584715, "Another": 3.9770496886452187, "Cat": 3.9615455021092534, "VS": 3.883054761800436, "my": 3.8627500188724, "over": 3.8318676788007204, ":": 3.7133483862052623, "WRONG": 3.636123101674625, "There": 3.5820558804043494, "WILL": 3.5509652933343183, "now": 3.530762586016799, "did": 3.4445848897757467, "MEGA": 3.399734323610395, "O": 3.291745685546299, "GOT": 3.0733377389779237, "out": 3.0239449836483474, "CRAZY": 3.017938959588135, "BIG": 2.9884382951914374, "so": 2.9768774727903615, "no": 2.9711467980813766, "we": 2.9374357407390645, "Stream": 2.9209970143959048, "Roblox": 2.862933213441144, "An": 2.842627947280398, "Funny": 2.7746406062954656, "get": 2.697853463081695, "be": 2.693515061483097, "Let": 2.6721009669792806, "do": 2.667872630869759, "ONE": 2.655293848662899, "that": 2.634674561460163, "a": 2.5947727011716952, "When": 2.5868566871096705, "was": 2.571412364682197, "Are": 2.4221999664955214, "from": 2.37703099812761, "Can": 2.174927432381617, "the": 2.131724654933217, ",": 2.1174559003292694, "and": 2.0701617261216807, "you": 2.0003678809231515, "IS": 1.7885435623488801, "+": 1.7885435623488801, "8": 1.7524261371208847, "7": 1.5949027728149872, "A": 1.5824274357104362, "3": 1.5288869535812266, ".": 1.4792062478264987, "NEW": 1.361708885647276, "on": 1.3526075714009305, "THE": 1.205438006053264, "The": 0.9403586802863836, "to": 0.8931348492111348, "!": 0.8064818150644539, "of": 0.7899225620915981, "in": 0.662863683972693, "?": 0.5098500139325098, "2": 0.4948485228299763}