{"Remix": 29.005127205281976, "Sad": 23.32532158969013, "Puppy": 18.266496980499095, "-": 16.52070017789065, "Onme": 16.064720295849, "feat": 13.708759847745636, "Gabby": 13.29213157360922, "Andrew": 9.975675420402155, "(": 9.682393598992094, ")": 9.48822841456327, "You": 8.295201791737439, "Be": 8.278081768082261, "Lauv": 8.0323601479245, "Maisy": 8.0323601479245, "Meyers": 8.0323601479245, "Southworth": 8.0323601479245, "-True": 8.0323601479245, "Sertin": 8.0323601479245, "GabrielJon": 8.0323601479245, "Phora": 8.0323601479245, "Midjord": 8.0323601479245, "adam": 8.0323601479245, "Moilatch": 8.0323601479245, "Nesco": 8.0323601479245, "Elken": 8.0323601479245, "Pane": 8.0323601479245, "Winds": 8.0323601479245, "Ocie": 8.0323601479245, "Klangspieler": 8.0323601479245, "MKJ": 8.0323601479245, "Alexamin": 8.0323601479245, "Khani": 8.0323601479245, "Meoray": 8.0323601479245, "Dohner": 8.0323601479245, "VMK": 8.0323601479245, "ThatBehavior": 8.0323601479245, "MenEnd": 8.0323601479245, "Marv": 8.0323601479245, "Gaitanos": 8.0323601479245, "Rayan": 8.0323601479245, "Suray": 7.339212967364555, "Ouse": 7.339212967364555, "Lini": 7.339212967364555, "Meant": 7.339212967364555, "steve": 7.339212967364555, "Chemistry": 7.339212967364555, "SuperSonic": 7.339212967364555, "Cover": 7.325824590914958, "Trainwreck": 6.933747859256391, "Anton": 6.933747859256391, "Ren": 6.933747859256391, "Nora": 6.933747859256391, "Zack": 6.933747859256391, "Nash": 6.64606578680461, "Cheat": 6.64606578680461, "Elliott": 6.64606578680461, "Gardener": 6.64606578680461, "Cub": 6.64606578680461, "Know": 6.592323399060009, "X": 6.4241571646389275, "Elijah": 6.4229222354904, "Humble": 6.4229222354904, "Linkin": 6.4229222354904, "Amin": 6.4229222354904, "Chains": 6.240600678696445, "Codes": 6.240600678696445, "Swedish": 6.240600678696445, "Demons": 6.240600678696445, "Eden": 6.086449998869187, "Gray": 6.086449998869187, "Rob": 6.086449998869187, "Like": 6.00384445306413, "Dont": 5.952918606244665, "Ted": 5.952918606244665, "R.": 5.952918606244665, "Me": 5.9478800780776275, "Lover": 5.835135570588281, "Lola": 5.835135570588281, "Nas": 5.729775054930455, "Sunset": 5.729775054930455, "Waterfall": 5.729775054930455, ".": 5.703671254361234, "ft.": 5.613226948422598, "Katy": 5.5474534981365, "Elephant": 5.467410790462964, "Jacob": 5.467410790462964, "Perry": 5.393302818309242, "'m": 5.295730170270823, "Bieber": 5.08792116875806, "Simon": 5.0366278743705095, "Honey": 4.987837710201077, "Missing": 4.941317694566185, "Nights": 4.896865931995351, "&": 4.880702641832642, "Mama": 4.774263609903018, "wanted": 4.736523281920172, "Town": 4.700155637749297, "Lee": 4.631162766262345, "Lyrics": 4.5983729434393545, "George": 4.5983729434393545, "Justin": 4.53585258645802, "Em": 4.505999623308339, "Ft": 4.394773988198114, "Hit": 4.368798501794854, "Eye": 4.368798501794854, "Feat": 4.271160032230938, "Mark": 4.203718751435406, "Secrets": 4.161159137016609, "DJ": 4.120337142496354, "Him": 4.120337142496354, "Dead": 4.100534515200175, "I": 4.091804860863454, "Harry": 4.081116429343073, "Dark": 4.043376101360226, "Van": 4.02502696269203, "Lil": 4.007008457189351, "Away": 3.954822704018781, "Tree": 3.954822704018781, "Run": 3.921486283751189, "Set": 3.921486283751189, "End": 3.921486283751189, "Death": 3.9052257628794087, "Wild": 3.889225421532968, "'ll": 3.857972878028863, "Moving": 3.8427054058980747, "Better": 3.7419007067761094, "Free": 3.6885547260708167, "Everything": 3.6756513212349087, "Need": 3.6135195401279026, "Face": 3.5664520292699167, "Road": 3.555023333446294, "Look": 3.4680119564566643, "Never": 3.368921053812433, "Park": 3.28742801956125, "Red": 3.28742801956125, "Friends": 3.253236654812971, "The": 3.184083220680627, "Does": 3.180329884004883, "Old": 3.1648256974689177, "i": 3.0351478741603852, "To": 2.9768966047194163, "More": 2.9447638126921163, "Got": 2.9447638126921163, "Music": 2.744093117229965, "Back": 2.6663841329026488, "Official": 2.6251883764643815, "Home": 2.598638144370261, "Part": 2.5270286119921375, "[": 2.502931060413077, "]": 2.502931060413077, "Up": 2.3728779321648794, "Your": 2.1946297007585605, "Of": 2.038398720617931, "Video": 1.9410502658468023, "On": 1.8946330938382663, "With": 1.7519643089643056, "In": 1.5724556935469656, "of": 0.9770473045847486, "the": 0.8855879684718633, "?": 0.596332331572652, ",": 0.5951537810532077}