{"SOTY": 16.064720295849, "WINS": 14.100466913247889, "Shack": 13.867495718512782, "Showdown": 12.8458444709808, "He": 12.08689941531298, "LAST": 11.309040812649554, "!": 11.293975231603211, "Stephen": 10.64861989364458, "TOOK": 10.073255748741019, "BEHAVED": 8.0323601479245, "ViLLAiNS": 8.0323601479245, "KIDS": 7.51138805781689, "TOUCHES": 7.339212967364555, "WIll": 7.339212967364555, "HEAVEN": 6.933747859256391, "BURNS": 6.933747859256391, "ALLOWED": 6.933747859256391, "STEPHEN": 6.933747859256391, "Blooper": 6.933747859256391, "Chin": 6.64606578680461, "Tub": 6.4229222354904, "Rollercoasters": 6.4229222354904, "PHOTO": 6.4229222354904, "THREW": 6.4229222354904, "BOARD": 6.240600678696445, "ANYONE": 6.086449998869187, "Tortilla": 6.086449998869187, "SLAP": 6.086449998869187, "Pillow": 5.952918606244665, "ADOPTED": 5.952918606244665, "DIET": 5.952918606244665, "Cabin": 5.835135570588281, "Longer": 5.729775054930455, "Sprite": 5.63446487512613, "Charge": 5.63446487512613, "SINGING": 5.63446487512613, "FAILED": 5.5474534981365, "to": 5.490927868560936, "DOUBLE": 5.467410790462964, "RIDING": 5.467410790462964, "BUS": 5.467410790462964, "MISS": 5.259771425684719, "HAUNTED": 5.141988390028335, "UNDER": 5.08792116875806, "Our": 5.086844843535628, "SAD": 5.0366278743705095, "STILL": 4.941317694566185, "LEAVE": 4.941317694566185, "Challenge": 4.860482654089599, "GOODBYE": 4.8134843230563, "No": 4.795141089510501, "FAVORITE": 4.736523281920172, "Taylor": 4.736523281920172, "BUYING": 4.566624245124774, "Movies": 4.53585258645802, "Makeover": 4.53585258645802, "BOYS": 4.505999623308339, "Saying": 4.505999623308339, "Daughter": 4.421442235280276, "STOP": 4.368798501794854, "Well": 4.368798501794854, "DISNEY": 4.343480693810564, "MOM": 4.318788081220193, "MONEY": 4.294690529641132, "FOUND": 4.271160032230938, "EVERYTHING": 4.248170514006239, "Left": 4.1822125462144415, "Alone": 4.120337142496354, "Cream": 4.043376101360226, "GIANT": 3.98930888008995, "We": 3.9889784560047254, "Without": 3.9052257628794087, "WHO": 3.827667528533534, "Learn": 3.812852442748394, "HAIR": 3.755694028908445, "Surprise": 3.662912295457479, "WHY": 3.6503335132506187, "HOURS": 3.625640900660247, "DID": 3.6135195401279026, "HER": 3.589708891434184, "Giant": 3.555023333446294, "the": 3.542351873887453, "Every": 3.4997606547712445, "Ice": 3.4890653656544965, "NEVER": 3.4784832563239596, "Going": 3.4680119564566643, "Dad": 3.4372402977899106, "Hot": 3.4372402977899106, "SO": 3.4372402977899106, "US": 3.387969248783128, "Years": 3.368921053812433, "Us": 3.3318797821320842, "WORLD": 3.3318797821320842, "People": 3.0765330903232395, "Her": 3.069515517664593, "I": 3.0688536456475903, "Did": 2.9954075455108713, "?": 2.9816616578632598, "So": 2.963455945704269, "our": 2.8965617108742387, "Birthday": 2.8965617108742387, "Game": 2.856210415350671, "time": 2.8505765976324153, "is": 2.8433282064134824, "WHAT": 2.739055323200008, "When": 2.6570817402403355, "IT": 2.6570817402403355, "be": 2.6432884181079994, "15": 2.6162597457200802, "Are": 2.5311019373797734, "Get": 2.5229718112965234, "YOU": 2.5189314017595184, "All": 2.491096602766074, "And": 2.3728779321648794, "Time": 2.3556063456562186, "WITH": 2.2925672357452664, "24": 2.2122772175721384, "Do": 2.066213408800808, "Me": 1.9826266926925427, "It": 1.9755761346958758, "'s": 1.959278197384355, "Is": 1.9387903778793647, "in": 1.7368269271639065, "To": 1.4884483023597082, "on": 1.3990417146441236, "My": 1.3705054073791894, "for": 1.2377735670480012, ".": 1.140734250872247, "a": 0.8903235732176977, "A": 0.8215416944522801}