{"Rahatlat\u0131c\u0131": 60.8828609465027, "Videolar": 60.8828609465027, "\u0130zledim": 60.8828609465027, "Az": 49.79250605754358, "\u00d6nce": 48.0073576470299, "Ne": 37.58733372444922, "Ben": 31.995517645348905, "Bu": 25.227041304256502, "Simetri": 22.831072854938512, "Bunu": 20.751631313258677, "\u0130nsanlar": 19.535235988934183, "Han\u0131m": 15.220715236625676, "S\u0131radan": 15.220715236625676, "|": 8.515081751393474, "Terslikte": 7.610357618312838, "\u0130\u015f": 7.610357618312838, "Bey": 7.610357618312838, "Abimiz": 7.610357618312838, "Sinir": 7.610357618312838, "Edebilecek": 7.610357618312838, "sever": 7.610357618312838, "Sa\u00e7ma": 7.610357618312838, "Sapan": 7.610357618312838, "\u00dcr\u00fcnler": 7.610357618312838, "Ah\u015fap": 7.610357618312838, "Tasar\u0131mlar\u0131": 7.610357618312838, "Ablaya": 7.610357618312838, "N'olmu\u015f": 7.610357618312838, "Sa\u00e7masapan": 7.610357618312838, "Zeki": 7.610357618312838, "Sanat\u00e7\u0131s\u0131": 7.610357618312838, "\u015eeyleri": 7.610357618312838, "Tasarlarsa": 7.610357618312838, "Sil\u00fcetler": 7.610357618312838, "Tasar\u0131m": 7.610357618312838, "Hatalar\u0131": 7.610357618312838, "Mutfa\u011fa": 7.610357618312838, "Girerlerse": 7.610357618312838, "Meslek": 7.610357618312838, "S\u0131rlar\u0131n\u0131": 7.610357618312838, "\u0130f\u015fa": 7.610357618312838, "Ederse": 7.610357618312838, "Mivyal\u0131lar": 7.610357618312838, "Anl\u0131k": 7.610357618312838, "Pi\u015fmanl\u0131k": 7.610357618312838, "Tiktoklar\u0131": 7.610357618312838, "Yapmazs\u0131n": 7.610357618312838, "Kad\u0131n\u0131n": 7.610357618312838, "Arka": 7.610357618312838, "Koltu\u011fa": 7.610357618312838, "Yaz\u0131k": 7.610357618312838, "Arabaya": 7.610357618312838, "Problemlere": 7.610357618312838, "S\u0131rad\u0131\u015f\u0131": 7.610357618312838, "\u00c7\u00f6z\u00fcmler": 7.610357618312838, "Demi\u015f": 7.610357618312838, "Berber": 7.610357618312838, "Yapm\u0131\u015f": 7.610357618312838, "Abla": 7.610357618312838, "G\u00f6be\u011fi": 7.610357618312838, "M\u00fckemmelliyet\u00e7iler": 7.610357618312838, "Bilir": 7.610357618312838, "Aga": 7.610357618312838, "Estetiktir": 7.610357618312838, "Harbiden": 7.610357618312838, "Sanatt\u0131r": 7.610357618312838, "Balina": 7.610357618312838, "Kalbi": 7.610357618312838, "Sizi": 6.9172104377528925, "Foto\u011fraf": 6.9172104377528925, "araba": 6.9172104377528925, "Hileleri": 6.9172104377528925, "Sokak": 6.9172104377528925, "D\u00fcnyas\u0131": 6.9172104377528925, "\u015eanss\u0131z": 6.9172104377528925, "Kediler": 6.9172104377528925, "Y\u00fcz\u00fc": 6.9172104377528925, "\u00c7\u0131km\u0131\u015f": 6.9172104377528925, "Olmu\u015f": 6.9172104377528925, "M\u00fckemmel": 6.9172104377528925, "Budur": 6.9172104377528925, "Yap": 6.9172104377528925, "\u0130nan\u0131lmaz": 6.511745329644728, "Ak\u0131l": 6.511745329644728, "Almaz": 6.511745329644728, "Komik": 6.511745329644728, "B\u00f6yle": 6.511745329644728, "Hayat": 6.224063257192947, "Yeniden": 6.224063257192947, "Yap\u0131yor": 6.000919705878737, "Ger\u00e7ek": 6.000919705878737, "Tiktok": 6.000919705878737, "Bulan": 5.8185981490847825, "Var": 5.664447469257524, "bir": 5.664447469257524, "m\u0131": 5.413133040976618, "Nedir": 5.413133040976618, "Bir": 4.902307417210627, "41": 4.902307417210627, "42": 4.777144274256622, "Slime": 4.519315164954522, "da": 3.8967855516085295, "O": 3.179540819469524, "21": 3.167706361822521, "be": 2.5477625852858705, "#": 2.4981102814796845, "9": 2.395421860703852, "de": 2.263250087595369, "?": 2.2201790998923427, "-": 1.5384263030941345, "(": 1.5162300985219186, ")": 1.4972925556642145, "!": 0.6566734074423006}