{"Enbrighten": 22.807204006997456, "Smart": 13.117805600768389, "Indoors": 13.007578093995416, "Outdoors": 11.621283732875526, "Cafe": 10.810353516659198, "!": 10.71611692273813, "Vacuum": 10.678050203493804, "Editor": 10.599632485343545, "file": 10.074903956408562, "Review": 10.04419391344234, "Tracker": 9.926688012101119, "Best": 9.650639450155495, "For": 8.722340905911794, "Ultimate": 8.705762909620207, "Outdoor": 8.470211011358689, "Groview": 7.602401335665818, "dyplay": 7.602401335665818, "Switchbot": 7.602401335665818, "Unictool": 7.602401335665818, "TailorGo": 7.602401335665818, "Findmy": 7.602401335665818, "Life36": 7.602401335665818, "uMobix": 7.602401335665818, "HitPaw": 7.602401335665818, "Swifdoo": 7.602401335665818, "Ecolor": 7.602401335665818, "OREiN": 7.602401335665818, "multi-purpose": 7.602401335665818, "humidity": 7.602401335665818, "V8s": 7.602401335665818, "DPN": 7.602401335665818, "Winees": 7.602401335665818, "Haoqin": 7.602401335665818, "TS03": 7.602401335665818, "Wyrestorm": 7.602401335665818, "STELLAR": 7.602401335665818, "CONVERTER": 7.602401335665818, "PST": 7.602401335665818, "Vastking": 7.602401335665818, "photos/videos": 7.602401335665818, "Lights": 7.4211620751103835, "-": 7.283531270453416, "Dayoo": 6.909254155105873, "Ekster": 6.909254155105873, "Stellar": 6.909254155105873, "Brigii": 6.909254155105873, "Truckers": 6.909254155105873, "tempCube": 6.909254155105873, "ILIFE": 6.909254155105873, "OST": 6.909254155105873, "SwitchBot": 6.909254155105873, "Perfect": 6.707812187232919, "Tags": 6.503789046997708, "corrupt": 6.503789046997708, "Grovemade": 6.503789046997708, "Bulbs": 6.503789046997708, "6-in-1": 6.503789046997708, "Decentralized": 6.503789046997708, "Speakerphone": 6.503789046997708, "deleted": 6.503789046997708, "PRODUCTS": 6.503789046997708, "Camera": 6.3778133512029225, "Security": 6.319500158351004, "Pro-": 6.216106974545927, "Bin": 6.216106974545927, "Z10": 6.216106974545927, "Robot": 6.139603685025125, "Dishwasher": 5.992963423231718, "Pokemon": 5.992963423231718, "EKSA": 5.992963423231718, "Lantern": 5.992963423231718, "eufy": 5.992963423231718, "Floodlight": 5.992963423231718, "temperature": 5.992963423231718, "Deeper": 5.992963423231718, "conversion": 5.992963423231718, "Doors": 5.992963423231718, "Tutorial": 5.896881971016589, "PDF": 5.810641866437763, "Cybersecurity": 5.810641866437763, "Docking": 5.810641866437763, "Dreame": 5.656491186610505, "+": 5.530498685365613, "Parents": 5.522959793985982, "With": 5.502241019616138, "sensor": 5.405176758329599, "Bot": 5.405176758329599, "Light": 5.3358548050702534, "Recover": 5.299816242671772, "Gifts": 5.2045060628674475, "Excel": 5.2045060628674475, "H1": 5.2045060628674475, "Pico": 5.2045060628674475, "Indoor": 4.963344006050559, "And": 4.830031059650127, "NFC": 4.829812613426037, "Minimal": 4.769187991609602, "Dust": 4.769187991609602, "Halo": 4.769187991609602, "Bulb": 4.712029577769654, "Location": 4.712029577769654, "Contact": 4.712029577769654, "Holder": 4.657962356499378, "MASSIVE": 4.657962356499378, "M3": 4.657962356499378, "repair": 4.606669062111827, "Camping": 4.557878897942396, "Cleaner": 4.424347505317873, "VPN": 4.383525510797617, "Friday": 4.3443047976443365, "Cell": 4.3443047976443365, "ULTIMATE": 4.3443047976443365, "Aluminum": 4.306564469661489, "Soundbar": 4.306564469661489, "Conference": 4.306564469661489, "Kitchen": 4.2351055056793445, "Sensor": 4.105893774199338, "Cam": 4.076040811049657, "Fit": 4.047053274176404, "Wi-Fi": 4.018882397209708, "MINI": 3.991483423021594, "Epic": 3.938839689536172, "On": 3.913908876045161, "WhatsApp": 3.913521881551882, "Keep": 3.8888292689615103, "Watch": 3.885838239812394, "GO": 3.86473171738245, "Connect": 3.841201219972256, "Hardware": 3.841201219972256, "free": 3.841201219972256, "The": 3.835268098773484, "Remote": 3.818211701747557, "Projector": 3.7957388458954986, "Love": 3.773759939176723, "Modern": 3.731200324757927, "Repair": 3.7105810375551918, "Steam": 3.6705757029414925, "Software": 3.6511576170843907, "Motion": 3.6511576170843907, "Color": 3.6321094221136963, "Advanced": 3.5950681504333475, "Headphones": 3.541958325119399, "WiFi": 3.541958325119399, "REVIEW": 3.4752669506207265, "FOR": 3.4435182523061463, "Card": 3.3397214586245028, "Portable": 3.325735216649763, "Set": 3.1956820884015653, "home": 3.1715845368225044, "To": 3.1147920432596132, "Easy": 3.0591065533958144, "Sound": 3.0485244440652775, "Screen": 3.0276903571624354, "Audio": 3.0072814855312284, "Things": 2.987280818824559, "Quick": 2.977428522381547, "Change": 2.9676723474361824, "Way": 2.8839024643707236, "Year": 2.875013516953478, "App": 2.840227400868062, "LED": 2.823277842554289, "Great": 2.7902169802934007, "Use": 2.7272040124646666, "Features": 2.7120522074440645, "M1": 2.704561535714907, "Mac": 2.704561535714907, "About": 2.660758913056514, "Car": 2.5917660415695627, "Black": 2.5398063026388513, "Up": 2.514805000433434, "\u2013": 2.376654661952617, "and": 2.375584614334153, "iOS": 2.371292718811232, "Of": 2.3397111467609326, "NEW": 2.3191976069278297, "for": 2.317822794460179, "&": 2.314581303058916, "Phone": 2.2745251668762374, "More": 2.2271229279816533, "Can": 1.9640466663320726, "Video": 1.862608423486584, "Unboxing": 1.8002829602887553, "In": 1.7617596782924199, "2021": 1.755962560608094, "Your": 1.5838081211695836, "You": 1.4517985672195388, "I": 1.4223846820132455, "Pro": 1.2088105817151864, "to": 1.1986717537587126, ",": 1.1636907645440238, "#": 1.0245399779447715, ".": 0.9756835864167935, "on": 0.9521222870783963, "3": 0.943107415982181, "How": 0.8761679333070715, "2": 0.8270352447294268, "(": 0.6554253435303999, ")": 0.6411052897556514, ":": 0.6186113704076835}