{"books": 69.21602930868977, "reading": 49.20669711416667, "read": 47.74263609903018, "*": 34.866080923390335, "tbr": 32.129440591698, "i": 30.351478741603852, "book": 23.682616409600858, "my": 19.500565522455354, "vlogs": 17.858755818733993, "vlog": 16.39384978409068, "ep": 16.179908454927727, "holiday": 14.562918952729664, "booktok": 13.867495718512782, "editing": 13.29213157360922, "watched": 12.48120135739289, "april": 12.48120135739289, "haul": 12.421619549441623, "spend": 11.90583721248933, "me": 11.151208862737187, "may": 11.094906996273, "cleaning": 10.786605636618484, "then": 9.548527219806036, "month": 9.548527219806036, "travel": 9.548527219806036, "more": 9.381256108458212, "all": 9.315319388301887, "weekend": 9.07170517291604, "the": 8.855879684718634, "worth": 8.842884470560552, "tried": 8.789547976396229, "what": 8.098924063977393, "recommendation": 8.0323601479245, "alaska": 8.0323601479245, "hating": 8.0323601479245, "deception": 8.0323601479245, "concerts": 8.0323601479245, "verity": 8.0323601479245, "colleen": 8.0323601479245, "hoover": 8.0323601479245, "midnight": 8.0323601479245, "complaining": 8.0323601479245, "globe": 8.0323601479245, "tate": 8.0323601479245, "february": 8.0323601479245, "mostly": 8.0323601479245, "stressing": 8.0323601479245, "swapping": 8.0323601479245, "healed": 8.0323601479245, "see": 7.778450843065936, "recent": 7.339212967364555, "heartstopper": 7.339212967364555, "physical": 7.339212967364555, "spanish": 7.339212967364555, "spoiler": 7.339212967364555, "babe": 7.339212967364555, "...": 7.2864215366244, "they": 7.0874475563847215, "in": 6.947307708655626, "june": 6.933747859256391, "library": 6.933747859256391, "patient": 6.933747859256391, "organising": 6.933747859256391, "thrifting": 6.933747859256391, "..": 6.906781094852778, "stars": 6.64606578680461, "wan": 6.64606578680461, "john": 6.64606578680461, "march": 6.64606578680461, "waking": 6.64606578680461, "rough": 6.64606578680461, "readathon": 6.4229222354904, "unpopular": 6.4229222354904, "hurt": 6.4229222354904, "20+": 6.4229222354904, "bookshelf": 6.4229222354904, "hauls": 6.4229222354904, "SCREEN": 6.4229222354904, "valentines": 6.4229222354904, "this": 6.422147808296188, "showing": 6.240600678696445, "50+": 6.240600678696445, "silent": 6.240600678696445, "self-care": 6.240600678696445, "it": 6.221806364684156, "reacting": 6.086449998869187, "cozy": 6.086449998869187, "massive": 6.086449998869187, "finale": 6.086449998869187, "uk": 6.086449998869187, "messy": 6.086449998869187, "yours": 6.086449998869187, "with": 6.0726478823517525, "and": 6.062302349114043, "pack": 5.952918606244665, ",": 5.951537810532077, "opinions": 5.835135570588281, "life": 5.781393182843681, "packing": 5.63446487512613, "|": 5.62272389091839, "modern": 5.5474534981365, "to": 5.490927868560936, "london": 5.467410790462964, "day": 5.370505234414063, "looking": 5.32430994682229, "green": 5.32430994682229, "productive": 5.32430994682229, "popular": 5.259771425684719, "!": 5.243631357530062, "hour": 5.199146803868285, "plan": 5.141988390028335, "clothes": 5.0366278743705095, "building": 4.987837710201077, "for": 4.951094268192005, "are": 4.7387993355771085, "biggest": 4.736523281920172, "5": 4.689329493386184, "movie": 4.665064317938026, "done": 4.665064317938026, "many": 4.631162766262345, "free": 4.477012086435087, "long": 4.421442235280276, "am": 4.294690529641132, "by": 4.292512232948689, "watch": 4.248170514006239, "finally": 4.248170514006239, "could": 4.1822125462144415, "hours": 4.161159137016609, "room": 4.140539849813874, "I": 4.091804860863454, "want": 3.954822704018781, "+": 3.8730711709845513, "friends": 3.8427054058980747, "game": 3.827667528533534, "show": 3.755694028908445, "WEEK": 3.6015433490811866, "if": 3.589708891434184, "food": 3.4784832563239596, ".": 3.422202752616741, "love": 3.350228920800281, "go": 3.3138612766294058, "na": 3.2120785823194637, "one": 3.180329884004883, "UK": 3.1725477435628284, "got": 3.1051064627672957, "EVER": 3.0351478741603852, "how": 2.9509557829400372, "have": 2.9447638126921163, "of": 2.931141913754246, "TIME": 2.8675741740009864, "was": 2.6852526172070315, "a": 2.670970719653093, "'m": 2.6478650851354115, "up": 2.5813216943587998, "9": 2.55589659599299, "your": 2.3833859097632946, "do": 2.331916574533814, "(": 2.2343985228443297, "24": 2.2122772175721384, ")": 2.189591172591524, ":": 2.172692313650546, "from": 2.043398731034637, "you": 1.9570141168358164, "at": 1.6832211565447024, "3": 1.2918407883182772, "1": 1.2366543727509862, "2": 0.9900739759847571, "?": 0.596332331572652}