{"Jess": 52.442846175981224, "Cover": 32.50268273194148, "Nutshell": 17.0184966858453, "by": 16.43377576278176, "Tango": 13.851190394220936, "Hades": 13.040260178004607, "Voice": 12.968716534998252, "Encanto": 10.441694209744085, "Sam": 8.50289309536788, "Hermes": 7.618742377670413, "Scriptures": 7.618742377670413, "Roxanne": 7.618742377670413, "Olympus": 7.618742377670413, "Speed-draw": 7.618742377670413, "Minthe": 7.618742377670413, "special+face": 7.618742377670413, "canon": 7.618742377670413, "deity": 7.618742377670413, "lineart": 7.618742377670413, "Hocus": 7.618742377670413, "Pocus": 7.618742377670413, "Fallen": 7.618742377670413, "Megasix": 7.618742377670413, "9/7/21": 7.618742377670413, "domain": 7.618742377670413, "hippety": 7.618742377670413, "hoppety": 7.618742377670413, "loans": 7.618742377670413, "property": 7.618742377670413, "Boogaloo": 6.925595197110468, "meat": 6.925595197110468, "progress": 6.925595197110468, "\ud83d\udc85": 6.925595197110468, "Blackpool": 6.925595197110468, "buddy": 6.925595197110468, "ah": 6.925595197110468, "Lore": 6.520130089002303, "Seventeen": 6.520130089002303, "-": 6.273915658433838, "Shed": 6.2324480165505225, "Ruby": 6.2324480165505225, "'": 6.072092994205723, "Rider": 6.009304465236313, "king": 6.009304465236313, ".": 5.960100057974744, "Block": 5.826982908442358, "Cell": 5.539300835990577, "100k": 5.421517800334194, "Tears": 5.421517800334194, "performance": 5.421517800334194, "once": 5.421517800334194, "pay": 5.421517800334194, "reveal": 5.316157284676367, "Electric": 5.316157284676367, "Law": 5.316157284676367, "Kingdom": 5.220847104872043, "Transformation": 5.133835727882413, "cover": 5.133835727882413, "pizza": 4.979685048055154, "Bruno": 4.979685048055154, "In": 4.904418290949669, "art": 4.846153655430632, "Comes": 4.674303398503973, "Thought": 4.674303398503973, "Idea": 4.623010104116422, "without": 4.574219939946991, "full": 4.527699924312097, "Promo": 4.440688547322468, "Open": 4.360645839648932, "Door": 4.322905511666084, "meme": 4.286537867495209, "wants": 4.286537867495209, "tried": 4.153006474870687, "ca": 4.092381853054252, "were": 4.035223439214303, "Mystery": 4.035223439214303, "challenge": 3.9811562179440276, "work": 3.857542261976851, "Art": 3.768594775960355, "again": 3.768594775960355, "Other": 3.7475413667625226, "Is": 3.7071025497711374, "Gone": 3.7067193722422673, "live": 3.6297583311061388, "Here": 3.6114091924379426, "Want": 3.575691109835863, "Teaser": 3.558299367123994, "I": 3.522359532297825, "off": 3.444355107774776, "n't": 3.3729943804448053, "Short": 3.3146772844662435, "De": 3.249294525203392, "the": 3.2255891339717384, "Talk": 3.1879255788271, "El": 3.176091121180097, "A": 3.1514725720969357, "his": 3.054394186202577, "Friends": 3.013572191682322, "By": 2.936611150546194, "So": 2.856568442872657, "2019": 2.7984608120653762, "An": 2.7904286403681122, "not": 2.7904286403681122, "have": 2.7824604707189353, "My": 2.756933064999288, "About": 2.5435685624365862, "If": 2.4770788211677535, "Love": 2.4092562248289924, "Of": 2.077478832511987, "&": 2.076206480770929, "2021": 2.0580607466548857, "from": 2.0503978739093167, "We": 2.0166235567907127, "Do": 1.928382923346353, "This": 1.9250102388677137, "my": 1.7927422702899631, "a": 1.5077891993991055, "To": 1.4702740817527666, "You": 1.4428751075646522, "is": 1.342098888328769, "The": 1.271759252402942, "on": 1.264372336873063, "(": 1.032486043791529, ")": 1.027553858801142, "in": 0.929143108491447, "to": 0.9217081300039289, "'s": 0.8399574799852364, "2": 0.8108074339704873, "!": 0.4035023989403157}