{"Banished": 71.7914434552787, "CC": 64.16682446911929, "Alexandria": 56.95152940403423, "Episode": 47.3508222493055, "Sims": 43.29270282234571, "Ambitions": 37.213927957224726, "Skylines": 36.718927098761085, "Cities": 34.41939862995683, "|": 31.58927933052791, ":": 20.794750962749468, "Part": 17.678089571345776, "Adventures": 17.406972552346517, "Townhouses": 16.27186554400978, "Market": 10.726688099530218, "Beachfront": 8.13593277200489, "Intersections": 8.13593277200489, "Freeway": 8.13593277200489, "Stalls": 8.13593277200489, "Stakeouts": 8.13593277200489, "Bruised": 8.13593277200489, "Toes": 8.13593277200489, "Forester": 8.13593277200489, "Stockpiles": 8.13593277200489, "Pangu": 8.13593277200489, "3": 7.644434767906133, "World": 7.52841584171767, "Industrial": 7.442785591444945, "Residential": 7.442785591444945, "Shipyard": 7.442785591444945, "Milking": 7.442785591444945, "Uptown": 7.037320483336781, "Promenade": 7.037320483336781, "Fires": 7.037320483336781, "Gnomes": 6.749638410885, "Quay": 6.52649485957079, "Relic": 6.52649485957079, "Entertainment": 6.344173302776835, "Boulder": 6.344173302776835, "Barn": 6.190022622949577, "Fu": 6.190022622949577, "Fist": 6.056491230325054, "Tavern": 6.056491230325054, "Sean": 5.9387081946686715, "Kung": 5.833347679010845, "Port": 5.73803749920652, "Complex": 5.65102612221689, "Houses": 5.570983414543353, "Across": 5.496875442389632, "Axe": 5.496875442389632, "Rest": 5.42788257090268, "Hospital": 5.3027194279486745, "Finishing": 5.3027194279486745, "River": 5.044890318646575, "Trade": 5.000438556075741, "Development": 4.8400959060005615, "Plant": 4.803728261829686, "Wanted": 4.63942521053841, "Three": 4.351743138086629, "Taking": 4.329270282234571, "Station": 4.223909766576744, "Break": 4.2041071392805645, "Stop": 3.9927980456133576, "9": 3.9792070286719863, "Town": 3.9164250668287837, "Collection": 3.8318676788007204, "2017": 3.805199431718559, "Smash": 3.7292135247406373, "Attack": 3.681585475751383, "Videos": 3.6033332788516343, "8": 3.5048522742417694, "Power": 3.40854495329255, "Years": 3.3652481475392255, "Master": 3.291745685546299, "Old": 3.230657993566461, "7": 3.1898055456299743, "4": 3.180371724079511, "Fight": 3.0860767647553535, "Make": 2.9597830394310614, "18": 2.9155769469265658, "10": 2.892667005651848, "House": 2.8836593439582607, "17": 2.7746406062954656, "16": 2.667872630869759, "Final": 2.622504025839908, "14": 2.541221392403051, "Your": 2.504720990183525, "15": 2.4321502973486893, "13": 2.4221999664955214, "'m": 2.4025914951071448, "12": 2.2415299377400397, "11": 2.1931333968781894, "On": 2.119775612306537, "We": 1.9896035143359931, "All": 1.9253326949802376, "It": 1.9233266762533718, "5": 1.9010915128489476, "Is": 1.6902129526193121, "I": 1.5863071653460892, "vs": 1.5415193122551119, "6": 1.5212071718011297, "1": 1.4865705025665343, "My": 1.4601095503700425, "How": 1.441370713483795, "The": 1.4105380204295754, "Game": 1.3778382675771597, "2": 0.9896970456599526, "&": 0.8649242337238984, "A": 0.7912137178552181, "of": 0.7899225620915981, "'s": 0.7675930856935094, "the": 0.710574884977739, "?": 0.5098500139325098, "(": 0.4018114686765854, ")": 0.4018114686765854}