{"\u0432": 35.10478328569846, "\u0421\u0442\u0435\u0444\u0430\u043d\u0438": 32.20663822736781, "\u041f\u043e\u0434\u0430\u0440\u043a\u0438": 22.075537128846026, "\u0421\u044e\u0440\u043f\u0440\u0438\u0437\u044b": 20.85914180452153, "\u041b\u041e\u041b": 19.996095587166188, "\u0414\u0435\u043d\u044c": 19.996095587166188, "\u043d\u0430": 18.737454907421917, "|": 18.26177500256188, "\u0438": 17.25595975423434, "\u0418\u0449\u0435\u043c": 16.103319113683906, "\u041e\u0442\u0435\u043b\u0435": 16.103319113683906, "\u041f\u043e\u043f\u0430\u043b\u0438": 16.103319113683906, "\u0421\u043a\u0430\u0437\u043a\u0443": 16.103319113683906, "\u041e\u0442\u043a\u0440\u044b\u0432\u0430\u0435\u043c": 14.717024752564017, "\u041c\u043e\u0438": 14.717024752564017, "\u0414\u0415\u0412\u041e\u0427\u0415\u041a": 13.906094536347688, "LOL": 12.541375637802187, "Confetti": 12.519800175227797, "\u0414\u041b\u042f": 12.21149881557328, "\u0427\u0435\u043b\u043b\u0435\u043d\u0434\u0436": 11.944436030324235, "\u0427\u0415\u041b\u041b\u0415\u041d\u0414\u0416": 11.944436030324235, "`": 11.708869959011468, "\u0443": 11.708869959011468, "\u043a": 11.498148927695816, "\u041a\u0442\u043e": 11.307528568087166, "\u0427\u0442\u043e": 10.687218711479487, "\u0434\u043b\u044f": 9.921234206967275, "Kids": 9.887718923422925, "\u0412": 9.832330681825608, "\u0441": 9.300924350359596, "KIDS": 8.088652743218965, "\u041f\u041e\u041f": 8.051659556841953, "\u041b\u0415\u0414": 8.051659556841953, "\u041b\u0430\u0439\u0442": 8.051659556841953, "\u0417\u0410\u0411\u0420\u0410\u041b": 8.051659556841953, "\u0418\u0442\u044b": 8.051659556841953, "\u0411\u0415\u0417\u041e\u0411\u0420\u0410\u0417\u041d\u0418\u0427\u0410\u0415\u0422": 8.051659556841953, "\u041f\u043e\u043c\u043e\u0433\u0438": 8.051659556841953, "\u0440\u0430\u0437\u043e\u0431\u0440\u0430\u0442\u044c\u0441\u044f": 8.051659556841953, "Hatchimals|": 8.051659556841953, "\u0418\u0429\u0415\u041c": 8.051659556841953, "\u042d\u041d\u0427\u0410\u041d\u0422\u0418\u041c\u0410\u041b\u0417": 8.051659556841953, "\u0414\u0410\u041d\u0415\u0421\u0421\u042b": 8.051659556841953, "\u041f\u041e\u0421\u041f\u041e\u0420\u0418\u041b\u0418": 8.051659556841953, "\u0421\u0411\u041e\u0420\u041d\u0418\u041a": 8.051659556841953, "\u0423\u0441\u0435\u043c": 8.051659556841953, "\u043f\u044f\u0442\u0451\u0440\u043a\u0438": 8.051659556841953, "\u041a\u043e\u0441\u043c\u0438\u0447\u0435\u0441\u043a\u0438\u0439": 8.051659556841953, "\u0420\u0443\u0441\u0430\u043b\u043e\u0447\u043a\u0430": 8.051659556841953, "\u0421\u042e\u0420\u041f\u0420\u0418\u0417\u042b": 8.051659556841953, "\u041a\u0430\u0442\u044f": 8.051659556841953, "\u0443\u0431\u043e\u0440\u043a\u0430": 8.051659556841953, "\u0434\u043e\u043c\u0435": 8.051659556841953, "\u041b\u0435\u0442\u0438\u043c": 8.051659556841953, "\u043e\u0431\u0440\u0430\u0442\u043d\u043e": 8.051659556841953, "\u041b\u043e\u043d\u0434\u043e\u043d": 8.051659556841953, "\u041a\u0430\u0442\u0435": 8.051659556841953, "\u041c\u0430\u043a\u0441\u0443": 8.051659556841953, "\u043d\u0430\u0448\u0430": 8.051659556841953, "\u041c\u0410\u0421\u042f": 8.051659556841953, "\u0411\u0410\u0421\u0421\u0415\u0419\u041d": 8.051659556841953, "\u043e\u043a\u0430\u0437\u0430\u043b\u0441\u044f": 8.051659556841953, "\u043f\u0435\u0441\u043e\u0447\u043d\u0438\u0446\u0435": 8.051659556841953, "\u041c\u0430\u0441\u044f": 8.051659556841953, "\u043a\u0430\u0434\u0440\u0435": 8.051659556841953, "\u043e\u0441\u0442\u0430\u0432\u0438\u043b\u0430": 8.051659556841953, "Mummies": 8.051659556841953, "\u0411\u0443\u043c\u0430\u0436\u043d\u044b\u0439": 8.051659556841953, "\u0413\u043b\u0438\u0442\u0442\u0435\u0440": 8.051659556841953, "\u041a\u043e\u043d\u0444\u0435\u0442\u0442\u0438": 8.051659556841953, "\u041c\u0410\u0420\u041a\u0415\u0420\u0410": 8.051659556841953, "\u041c\u0410\u041c\u041e\u0419": 8.051659556841953, "\u0428\u0438\u043a\u0430\u0440\u043d\u043e\u043c": 8.051659556841953, "\u0412\u0430\u043b\u0435\u043d\u0442\u0438\u043d\u0430": 8.051659556841953, "\u0428\u043e\u043a\u0435": 8.051659556841953, "\u041f\u041e\u0421\u042b\u041b\u041a\u0410": 8.051659556841953, "\u041c\u0418\u0421\u0421": 8.051659556841953, "\u041a\u042d\u0422\u0418": 8.051659556841953, "|\u041a\u043e\u0441\u0442\u044e\u043c": 8.051659556841953, "\u0415\u0434\u0438\u043d\u043e\u0440\u043e\u0433\u0430": 8.051659556841953, "\u042d\u043d\u0447\u0430\u043d\u0442\u0438\u043c\u0430\u043b\u0437": 8.051659556841953, "VLOGMas": 8.051659556841953, "\u043a\u0440\u0443\u0442\u043e\u043c": 8.051659556841953, "\u041b\u043e\u043d\u0434\u043e\u043d\u0430": 8.051659556841953, "\u0423\u043a\u0443\u0441\u0438\u043b": 8.051659556841953, "\u041b\u0435\u0431\u0435\u0434\u044c|": 8.051659556841953, "\u041c\u0443\u0437\u0435\u0439": 8.051659556841953, "\u0428\u0435\u0440\u043b\u043e\u043a\u0430": 8.051659556841953, "\u0425\u043e\u043b\u043c\u0441\u0430": 8.051659556841953, "\u043f\u0440\u0438\u043d\u0451\u0441": 8.051659556841953, "\u0414\u0435\u0434": 8.051659556841953, "\u041c\u043e\u0440\u043e\u0437": 8.051659556841953, "\u0420\u043e\u0436\u0434\u0435\u0441\u0442\u0432\u0435\u043d\u0441\u043a\u0438\u0435": 8.051659556841953, "\u041d\u0430\u043a\u043e\u043d\u0435\u0446-\u0442\u043e": 8.051659556841953, "\u041d\u0430\u0441\u0442\u0443\u043f\u0438\u043b": 8.051659556841953, "\u042d\u0442\u043e\u0442": 8.051659556841953, "\u043f\u043e\u0434\u0430\u0440\u0438\u0442\u044c": 8.051659556841953, "\u041f\u043b\u0435\u043d\u0443": 8.051659556841953, "\u0421\u043d\u0435\u0436\u043d\u043e\u0439": 8.051659556841953, "\u041a\u043e\u0440\u043e\u043b\u0435\u0432\u044b": 8.051659556841953, "\u041d\u0430\u0440\u044f\u0436\u0430\u0435\u043c": 8.051659556841953, "\u0401\u043b\u043a\u0443": 8.051659556841953, "\u041d\u043e\u0432\u043e\u0433\u043e\u0434\u043d\u0435\u0435": 8.051659556841953, "\u041f\u0440\u0435\u0434\u0441\u0442\u0430\u0432\u043b\u0435\u043d\u0438\u0435": 8.051659556841953, "\u0415\u0434\u0435\u043c": 8.051659556841953, "\u041f\u0440\u0438\u0451\u043c": 8.051659556841953, "\u0412\u0435\u0442\u0435\u0440\u0438\u043d\u0430\u0440\u0443": 8.051659556841953, "\u041c\u0430\u0441\u0435": 8.051659556841953, "\u041f\u0440\u0438\u0432\u0438\u0432\u043a\u0443": 8.051659556841953, "\u041c\u0438\u0441\u0441": 8.051659556841953, "\u041a\u044d\u0442\u0438": 8.051659556841953, "\u041a\u043e\u0440\u043c": 8.051659556841953, "\u041a\u043e\u0442\u0451\u043d\u043a\u0430": 8.051659556841953, "\u041f\u0438\u0440\u0441\u0438\u043d\u0433": 8.051659556841953, "\u041c\u041e\u0427\u041a\u0418": 8.051659556841953, "\u0423\u0445\u0430": 8.051659556841953, "\u041f\u0440\u043e\u043a\u0430\u043b\u044b\u0432\u0430\u0435\u043c": 8.051659556841953, "\u0423\u0448\u0438": 8.051659556841953, "\u043f\u0440\u043e\u043a\u0430\u043b\u044b\u0432\u0430\u044e\u0442": 8.051659556841953, "\u043c\u043e\u0447\u043a\u0443": 8.051659556841953, "\u041b\u043e\u043d\u0434\u043e\u043d\u0435": 8.051659556841953, "\u0418\u0422": 7.358512376282008, "Pinata": 7.358512376282008, "\u0411\u041e\u041b\u042c\u0428\u041e\u0419": 7.358512376282008, "\u0421\u043b\u0430\u0439\u043c": 7.358512376282008, "\u0436\u0438\u0432\u043e\u0442\u043d\u044b\u043c\u0438": 7.358512376282008, "\u0413\u0434\u0435": 7.358512376282008, "\u0436\u0435": 7.358512376282008, "\u043a\u0443\u043a\u043b\u0430\u043c\u0438": 7.358512376282008, "\u041a\u041e\u041d\u041a\u0423\u0420\u0421": 7.358512376282008, "3\u0414": 7.358512376282008, "\u041d\u043e\u0432\u0430\u044f": 7.358512376282008, "\u041a\u043e\u043a\u043e": 7.358512376282008, "\u041c\u0430\u043c\u044b": 7.358512376282008, "Fairies": 7.358512376282008, "Witches": 7.358512376282008, "\u041f\u043e\u0434\u0430\u0440\u043e\u043a": 7.358512376282008, "\u0420\u043e\u0436\u0434\u0435\u043d\u0438\u044f": 7.358512376282008, "\u0401\u043b\u043a\u043e\u0439": 7.358512376282008, "\u0414\u0435\u043b\u0430\u0435\u043c": 7.358512376282008, "\u0418\u0433\u0440\u0443\u0448\u043a\u0430": 7.358512376282008, "Landmarks": 7.358512376282008,