{"Vlogmas": 18.86749670227237, "uni": 12.843244535613035, "Afraid": 11.72401295974219, "vlogmas": 11.221384103180378, "Spring/Summer": 10.485934542929744, "my": 10.347370063825986, "*": 10.044119872329414, "Day": 9.880255843387992, "day": 9.86232950784639, "REALISTIC": 9.099640181809853, "vlog": 9.011686752579456, "Haul": 8.97358488641486, "Ask": 8.684361452253365, "who": 8.448795380940597, "#": 8.292464877563082, "|drinks": 7.807916628926408, "Channon": 7.807916628926408, "Kaiia": 7.807916628926408, "leeds": 7.807916628926408, "bedroomtransformation": 7.807916628926408, "sassyb": 7.807916628926408, "uh\u2026": 7.807916628926408, "uggs": 7.807916628926408, "airforce1": 7.807916628926408, "uniootd": 7.807916628926408, "whose": 7.807916628926408, "spendingmoney": 7.807916628926408, "moneyspent": 7.807916628926408, "brownfit": 7.807916628926408, "brownoutfit": 7.807916628926408, "brownootdfashion": 7.807916628926408, "Cargos": 7.807916628926408, "newyear": 7.807916628926408, "bethebestyou": 7.807916628926408, "newhair": 7.807916628926408, "fauxlocs": 7.807916628926408, "fauxlocshairstyles": 7.807916628926408, "ootn": 7.807916628926408, "newyeareveoutfit": 7.807916628926408, "boohoohaul": 7.807916628926408, "boohootryonhaul": 7.807916628926408, "tryonhaul": 7.807916628926408, "DAY|": 7.807916628926408, "Gabzy": 7.807916628926408, "MissPap": 7.807916628926408, "friends": 7.791787246996525, "shopping": 7.298067091133473, "Too": 7.236523773799966, "Questions": 7.206448019070884, "shook": 7.114769448366463, "9am": 7.114769448366463, "outfitoftheday": 7.114769448366463, "spill": 7.114769448366463, "adulting": 7.114769448366463, "newyear2022": 7.114769448366463, "steph": 7.114769448366463, "Outfit": 6.928222414145449, "HAUL": 6.847391069383873, "\ud83d\udc95\ud83d\udc95": 6.709304340258298, "Steph": 6.709304340258298, "\ud83e\udd0e": 6.709304340258298, "Selfridge": 6.709304340258298, "celebrating": 6.709304340258298, "Agent": 6.709304340258298, "bridesmaid": 6.421622267806518, "university": 6.421622267806518, "Manchester": 6.421622267806518, "Tide": 6.421622267806518, "keys": 6.421622267806518, "me": 6.4037800852647475, "else": 6.198478716492308, "brown": 6.198478716492308, "studying": 6.016157159698354, "diaries": 6.016157159698354, "student": 5.862006479871095, "STUDY": 5.862006479871095, "Estate": 5.862006479871095, "IN": 5.807396518352978, "Label": 5.728475087246572, "ootd": 5.728475087246572, "as": 5.648620014436144, "Concert": 5.610692051590189, "Autumn/Winter": 5.610692051590189, "NEW": 5.595351761399122, "African": 5.5053315359323625, "NYE": 5.5053315359323625, "Boohoo": 5.5053315359323625, "couple": 5.410021356128038, "PRETTYLITTLETHING": 5.410021356128038, "SPRING/SUMMER": 5.410021356128038, "colour": 5.410021356128038, "final": 5.3230099791384085, "MESSY": 5.3230099791384085, "ultimate": 5.242967271464872, "seeing": 5.242967271464872, "Asking": 5.1688592993111495, "life": 5.111286401759557, "Mum": 5.099866427824199, "21st": 5.099866427824199, "flat": 5.099866427824199, "PHOTOSHOOT": 5.035327906686628, "spend": 4.974703284870192, "pick": 4.974703284870192, "soon": 4.974703284870192, "Try": 4.883881227809114, "packing": 4.863477649759968, "BEDROOM": 4.763394191202986, "two": 4.716874175568092, "christmas": 4.672422412997259, "2022": 4.662263452052806, "...": 4.645005494584456, "alone": 4.629862798578463, "Guys": 4.629862798578463, "\ud83d\udc9c": 4.589040804058207, "Primark": 4.549820090904927, "productive": 4.406719247264253, "workout": 4.342180726126682, "would": 4.342180726126682, "coming": 4.342180726126682, "living": 4.281556104310247, "girls": 4.281556104310247, "happened": 4.2243976904702984, "Zara": 4.2243976904702984, "LONDON": 4.2243976904702984, "dress": 4.196998716282184, "moving": 4.196998716282184, "tea": 4.170330469200023, "went": 4.170330469200023, "the": 4.14851443147855, "ZARA": 4.07024701064304, "skincare": 4.046716513232846, "CLEAN": 4.023726995008147, "Styling": 4.001254139156089, "birthday": 3.9792752324373133, "this": 3.9697414668867794, "lol": 3.95776902721635, "TRIP": 3.95776902721635, "|": 3.7533871022468754, "London": 3.7474736183799893, "UK": 3.713572066704308, "in": 3.6987231426918337, "MOVING": 3.6970427647530975, "Idea": 3.664781902534876, "TRANSFORMATION": 3.6335293590307716, "love": 3.603224009535442, "you": 3.5884029457672133, "getting": 3.573810124329149, "Girls": 3.5594213868770495, "m": 3.5594213868770495, "they": 3.545236751885093, "house": 3.531250509910353, "just": 3.490428515390098, "days": 3.4512078022368167, "year": 3.377099830083095, "is": 3.1274994565253444, "our": 3.1074362631339922, "Real": 3.080528810214068, "\ud83d\ude31": 3.054326437820044, "we": 3.0372320044607437, "'re": 3.028793135814879, "OUT": 3.028793135814879, "New": 2.935114650397313, "x": 2.932719305725257, "HUGE": 2.932719305725257, "like": 2.852089571325148, "Night": 2.764491512007162, "more": 2.7019711550258276, "what": 2.6839526495231496, "Year": 2.6662530724237485, ",": 2.645037414272378, "Are": 2.6261330786343233, "are": 2.614959778036198, "on": 2.522262436331769, "with": 2.458510340780451, "to": 2.4479176098033575, "Quick": 2.3698373200032132, "Routine": 2.352595513568707, "Part": 2.3231196954357536, "do": 2.302585092994046, "1": 2.297245418485542, "new": 2.290463732461701, "VLOG": 2.209494669928034, "or": 2.155427448657758, "!": 2.067321500438326, "Hair": 2.049014855049128, "?": 1.9156998367674267, "Life": 1.8944136232881383, "a": 1.8789740529436307, "6": 1.8392090689410427, "it": 1.8065017509652583, "A": 1.564756628575776, "What": 1.535039622380241, "You": 1.5275207899662138, "4": 1.4835576665450976, "+": 1.3830476050210205, "My": 1.1435076085760008, "5": 1.0925332425917276, "3": 1.0556462527846664, "'s": 0.9546175357403303, "2": 0.9493515941350432, ":": 0.9368253343158628, "of": 0.9203640572617908, "The": 0.856144464527497, "(": 0.7735286990109054, ")": 0.7526037855866569, "and": 0.6858567472972661, "-": 0.6690496289808848, "&": 0.5860808036379596}