{"GTA": 145.62918952729663, "Lspdfr": 104.42068192301849, "Mod|": 102.74898154310378, "OFFICER": 81.12780882305378, "Mods|": 80.73134264101012, "Patrol|": 80.73134264101012, "POLICE": 63.65925711593957, "4K": 56.868955281213296, "work|": 56.2265210354715, "Playing": 51.639766164991435, "As": 50.589273561790634, "5": 46.89329493386184, "DVRP": 32.129440591698, "go": 26.510890213035246, "Mansion": 24.939188551005387, "CIV": 24.0970804437735, "Let": 23.314930684061963, "RP": 22.53785950050452, "Highway": 18.25934999660756, "Millionaire": 16.40223237138889, "Patrol||": 16.064720295849, "Outbreak": 16.064720295849, "day|": 16.064720295849, "5|": 14.67842593472911, "A": 13.966208805688762, "Supercars": 13.867495718512782, "||": 13.400915683201124, "Sheriff": 13.29213157360922, "Vibe": 12.8458444709808, "SURVIVE": 12.48120135739289, "Ranger": 12.172899997738375, "Unit": 12.172899997738375, "LIVE": 11.955740124021014, "ZOMBIE": 11.90583721248933, "selling": 11.45955010986091, "in": 10.42096156298344, "Gang": 10.39829360773657, "Monday": 10.17584233751612, "Mega": 8.686961387621128, "Sunday": 8.589381059282264, "to": 8.236391802841405, "NC|": 8.0323601479245, "FireFighter": 8.0323601479245, "5||": 8.0323601479245, "SteveTheGamer55": 8.0323601479245, "Jimmy|": 8.0323601479245, "Stevethegamer55": 8.0323601479245, "'s": 7.83711278953742, "Live": 7.39204693249021, "City": 6.874480595579821, "Tik-Tok": 6.64606578680461, "STO": 6.64606578680461, "Park": 6.5748560391225, "|": 6.425970161049589, "Malibu": 6.4229222354904, "Just": 6.284022039405493, "Trolling": 6.086449998869187, "LEO": 6.086449998869187, "Turbo": 5.952918606244665, "Billionaire": 5.835135570588281, "Cops": 5.5474534981365, "20th": 5.393302818309242, "'m": 5.295730170270823, "Jimmy": 5.259771425684719, "Potato": 5.259771425684719, "!": 5.243631357530062, "21st": 5.199146803868285, "PS5": 5.141988390028335, "Racing": 4.987837710201077, "PLAYING": 4.987837710201077, "Job": 4.665064317938026, "Twin": 4.665064317938026, "Bank": 4.5983729434393545, "Starting": 4.5983729434393545, "Online": 4.421442235280276, "Cars": 4.394773988198114, "work": 3.8734770645648284, "(": 3.7239975380738826, "Street": 3.6756513212349087, "Beach": 3.6503335132506187, ")": 3.649318620985873, "over": 3.1345203479735892, "School": 3.0625468483484997, "as": 2.8449743420837454, "Back": 2.6663841329026488, "@": 2.6570817402403355, "I": 2.045902430431727, "the": 1.7711759369437265, "The": 1.5920416103403134, "on": 1.3990417146441236}