{"Skills": 105.45838641405037, "Futsal": 73.58512376282009, "Football": 51.914005513334246, "Street": 40.64445803167598, "Learn": 30.57929286015987, "Akka": 29.434049505128034, "SKILLS": 18.779700262841693, "Skill": 16.96129285213075, "Issy": 16.103319113683906, "|": 16.070362002254456, "Player": 13.757770962126681, "and": 9.112065137407951, "Boukha": 8.051659556841953, "K1": 8.051659556841953, "Variation": 8.051659556841953, "LUKA": 8.051659556841953, "MODRIC": 8.051659556841953, "ATW": 8.051659556841953, "AKKA": 8.051659556841953, "Feints": 8.051659556841953, "Wedge": 8.051659556841953, "Clamps": 8.051659556841953, "Sole": 8.051659556841953, "Pogba": 7.358512376282008, "Bergwijn": 7.358512376282008, "R9": 7.358512376282008, "Flicks": 7.358512376282008, "Elastico": 7.358512376282008, "Neymar": 6.953047268173844, "Mousetrap": 6.953047268173844, "Scissor": 6.953047268173844, "cage": 6.953047268173844, "Clamp": 6.953047268173844, "Tutorials": 6.665365195722063, "Fakes": 6.665365195722063, "Variations": 6.665365195722063, "Knee": 6.259900087613898, "1v1": 6.259900087613898, "Combos": 6.259900087613898, "Grounds": 6.259900087613898, "CR7": 6.259900087613898, "Cristiano": 6.10574940778664, "Championships": 5.972218015162118, "Impress": 5.854434979505734, "Score": 5.749074463847908, "Ronaldo": 5.749074463847908, "LEARN": 5.566752907053953, "3": 5.340259133283902, "Combo": 5.279070834602172, "Reverse": 5.1072205776755135, "Soccer": 5.00713711911853, "AWESOME": 5.00713711911853, "Ways": 4.468140618385844, "Freestyle": 4.338087490137646, "Sleep": 4.290459441148391, "Sean": 4.290459441148391, "Move": 4.119833924117628, "friends": 3.924525171796862, "World": 3.902681209643779, "Body": 3.774993437825898, "Air": 3.7078541349882697, "10": 3.5918190301771733, "Inside": 3.4666920781713815, "back": 3.378830722380047, "Games": 3.324271738129613, "Look": 3.247638512108697, "the": 3.2154679002964297, "Happy": 2.9579093560351915, "30": 2.9336657444251983, "to": 2.8972742774290277, "12": 2.699801423365887, "9": 2.648982174969674, "your": 2.5025834719467337, "And": 2.3150872593627616, "Day": 2.1247335308715427, "2021": 2.119414369393943, "6": 2.119414369393943, "shorts": 2.0502446788808033, "This": 1.931362137891003, "in": 1.659647463107009, "4": 1.6171130380545005, "at": 1.6091193903737548, "5": 1.5280972506924413, "!": 1.2767303963087189, "The": 1.220678334248673, "#": 0.9599174417468006, "2": 0.9159722098138096}