{"massage": 56.16540610826801, "Su-Man": 40.1618007396225, "wrinkles": 32.129440591698, "facial": 29.35685186945822, "remove": 25.6916889419616, "your": 23.833859097632946, "reduce": 20.80124357776917, "skin": 19.95135084080431, "to": 19.218247539963276, "cellulite": 16.064720295849, "Guasha": 16.064720295849, "bloating": 16.064720295849, "hydrated": 16.064720295849, "forehead": 16.064720295849, "facialist": 16.064720295849, "tension": 16.064720295849, "antiageing": 16.064720295849, "SU-MAN": 16.064720295849, "Facial": 15.109883623111529, "Skincare": 14.690597795986054, "\u2764\ufe0f": 14.174895112769443, "introduce": 13.867495718512782, "routine": 12.956364243660579, "technique": 12.8458444709808, "stone": 12.8458444709808, "release": 12.8458444709808, "treat": 12.48120135739289, "tool": 11.90583721248933, "way": 11.864468112056343, "belly": 11.26892975025226, "#": 11.193003763138512, "skincare": 11.094906996273, "How": 10.686032614573902, "and": 10.103837248523407, "Celebrity": 9.88263538913237, "using": 8.954024172870174, "around": 8.589381059282264, "use": 8.542320064461876, "revitalise": 8.0323601479245, "puffiness": 8.0323601479245, "Anti-ageing": 8.0323601479245, "blackheads": 8.0323601479245, "Sundayfacial": 8.0323601479245, "plump": 8.0323601479245, "enlarged": 8.0323601479245, "pores": 8.0323601479245, "organic": 8.0323601479245, "guasha": 8.0323601479245, "www.su-man.com": 8.0323601479245, "fuller": 8.0323601479245, "brows": 8.0323601479245, "cleanse": 8.0323601479245, "neckpain": 8.0323601479245, "doublechin": 8.0323601479245, "GuaSha": 8.0323601479245, "\ud83d\udcaa\ud83c\udffd": 8.0323601479245, "Antiageing": 8.0323601479245, "stimulate": 8.0323601479245, "scalp": 8.0323601479245, "brighten": 8.0323601479245, "complexion": 8.0323601479245, "minimise": 8.0323601479245, "teenagers": 8.0323601479245, "Refining": 8.0323601479245, "REFINING": 8.0323601479245, "two-minute": 8.0323601479245, "rejuvenating": 8.0323601479245, "self-facial": 8.0323601479245, "MOISTURISING": 8.0323601479245, "gut": 7.339212967364555, "Sha": 7.339212967364555, "vibration": 7.339212967364555, "restore": 7.339212967364555, "lips": 7.339212967364555, "neck": 7.339212967364555, "Tighten": 7.339212967364555, "apply": 7.339212967364555, "the": 7.084703747774906, "effective": 6.933747859256391, "Gua": 6.933747859256391, "raise": 6.933747859256391, "muscles": 6.933747859256391, "arms": 6.933747859256391, "VELVET": 6.933747859256391, "improve": 6.64606578680461, "acne": 6.64606578680461, "tai": 6.64606578680461, "chi": 6.64606578680461, "Detox": 6.64606578680461, "relax": 6.64606578680461, "proper": 6.64606578680461, "Contour": 6.64606578680461, "Easy": 6.489736810284909, "Reduce": 6.4229222354904, "Acne": 6.4229222354904, "stretch": 6.4229222354904, "POLISH": 6.4229222354904, "this": 6.422147808296188, "Quickly": 6.240600678696445, "avoid": 6.240600678696445, "tone": 6.240600678696445, "Chi": 6.240600678696445, "rid": 6.086449998869187, "Holidays": 6.086449998869187, "exercises": 6.086449998869187, "FACIAL": 6.086449998869187, "how": 5.9019115658800745, "Polish": 5.835135570588281, "shares": 5.729775054930455, "safe": 5.729775054930455, "eyes": 5.729775054930455, "mouth": 5.729775054930455, "secrets": 5.5474534981365, "great": 5.32430994682229, "Massage": 5.199146803868285, "daily": 5.199146803868285, "Flow": 5.199146803868285, "hands": 5.141988390028335, "winter": 5.141988390028335, "simple": 5.0366278743705095, "SKIN": 5.0366278743705095, "between": 4.941317694566185, "keep": 4.854306317576555, "buy": 4.854306317576555, "Relaxing": 4.774263609903018, "everyone": 4.700155637749297, "health": 4.665064317938026, "CREAM": 4.631162766262345, "a": 4.451617866088489, "easy": 4.421442235280276, "Daughter": 4.421442235280276, "face": 4.394773988198114, "Sunday": 4.294690529641132, "Daily": 4.161159137016609, "Stay": 4.140539849813874, "look": 4.120337142496354, "\u2728": 3.9380155857024, "Mother": 3.9380155857024, "for": 3.7133207011440037, "with": 3.643588729411052, "now": 3.6379109932520617, "kids": 3.6015433490811866, "my": 3.545557367719155, "in": 3.473653854327813, "!": 3.226850066172346, "best": 3.1960782409730224, "can": 3.1420110197027467, "her": 3.0625468483484997, "Happy": 2.932493720100302, "Full": 2.8505765976324153, "as": 2.8449743420837454, "video": 2.754245488693983, "Get": 2.5229718112965234, "an": 2.415589050257929, ".": 2.281468501744494, "Best": 2.2212191549478, "it": 2.0739354548947184, "-": 1.9062346359104596, "at": 1.6832211565447024, "What": 1.667609391072589, "You": 1.6590403583474878, "is": 1.4216641032067412, "on": 1.3990417146441236, "'s": 0.9796390986921775, "of": 0.9770473045847486, "A": 0.8215416944522801, "&": 0.8134504403054402, "(": 0.7447995076147765, ")": 0.7298637241971746}