{"Shenmue": 81.8706415058944, "Part": 39.28464349187951, "Stream": 37.972961187146765, "Resident": 33.34604375845419, "Let": 29.393110636772086, "Evil": 25.36031500344607, "Play": 23.92420175619779, "Wii": 12.440846176321848, "3": 11.466652151859199, "'s": 9.211117028322112, "-": 9.207735389340844, "8": 8.762130685604424, "Edition": 8.295884231631684, "~FINALE~": 8.13593277200489, "heartburn.mp4": 8.13593277200489, "HL": 8.13593277200489, "TERRORIST": 7.442785591444945, "one": 6.782001287283281, "Pandas": 6.52649485957079, "Outrun": 6.344173302776835, "FISHING": 6.344173302776835, "WIDE": 6.344173302776835, "MAXIMUM": 6.190022622949577, "2006": 5.73803749920652, "Coast": 5.73803749920652, "Merry": 5.570983414543353, "new": 5.549281212590931, "Nemesis": 5.3027194279486745, "Alyx": 5.3027194279486745, "ACTION": 5.091410334281467, "free": 4.877836233983408, "idea": 4.803728261829686, "OPEN": 4.525014859360666, "4": 4.240495632106015, "could": 4.2041071392805645, "Shadow": 3.753906137331009, "Tower": 3.7414836173324515, "had": 3.705115973161577, "Highlights": 3.5408129218703004, "Christmas": 3.4631039375429844, "Look": 3.2531308494185196, "out": 3.0239449836483474, "no": 2.9711467980813766, ":": 2.97067870896421, "Be": 2.965448776966739, "17": 2.7746406062954656, "2020": 2.756035418464431, "16": 2.667872630869759, "do": 2.667872630869759, "Full": 2.642871328664342, "14": 2.541221392403051, "15": 2.4321502973486893, "13": 2.4221999664955214, "12": 2.2415299377400397, "1": 2.2298557538498014, "11": 2.1931333968781894, "you": 2.0003678809231515, "9": 1.9896035143359931, "2": 1.9793940913199053, "it": 1.9538478652882587, "this": 1.941527380900218, "[": 1.848074211843106, "]": 1.848074211843106, "7": 1.5949027728149872, "10": 1.446333502825924, "the": 1.421149769955478, ",": 1.4116372668861796, "(": 0.8036229373531708, ")": 0.8036229373531708, "I": 0.7931535826730446, "!": 0.2688272716881513}