{"Superbrands": 241.54978670525858, "TV": 78.1476655552693, "East": 77.93454069875534, "Africa": 67.65897224763253, "Bangladesh": 62.5774254135646, "Brand": 62.397588880969906, "Know": 45.3526528205735, "Things": 40.33645786525323, "About": 37.59956958548143, "Did": 37.52935657793971, "Bashundhara": 32.20663822736781, "n't": 27.572169050517104, "Video": 25.38128532254364, "You": 21.250190064720538, "(": 18.417875468557533, ")": 18.383456287825105, "Betika": 16.103319113683906, "Malbros": 16.103319113683906, "Capwell": 16.103319113683906, "Shred-it": 16.103319113683906, "Diapant": 16.103319113683906, "Mombasa": 16.103319113683906, "Maize": 16.103319113683906, "Millers": 16.103319113683906, "FOGG": 16.103319113683906, "Equity": 16.103319113683906, "Siti": 16.103319113683906, "Ajab": 14.717024752564017, "OLA": 14.717024752564017, "Klinik": 14.717024752564017, "Kenya": 13.906094536347688, "Industries": 13.330730391444126, "Tissue": 13.330730391444126, "Walton": 12.884443288815707, "V3": 12.884443288815707, "Malaysia": 12.519800175227797, "V2": 10.973420398760833, "|": 10.226594001434654, "Cross": 9.832330681825608, "Energy": 9.51164538167525, "Bank": 9.110303990750946, "DId": 8.051659556841953, "UK": 6.528335628119815, "Red": 5.940510383714981, "Luxury": 5.218446212785738, "Resort": 5.00713711911853, "Palace": 4.960617103483638, "2022": 1.7399247476890392, "What": 1.7381115105648584, "is": 1.384702764412747, "?": 0.6695351911044409, "The": 0.6103391671243364}