{"Turismo": 119.84887843210696, "Gran": 115.6233862651648, "Races": 38.14909553614733, "7": 36.68276377474471, "Race": 20.19148888523535, "Daily": 18.680787476820655, "Car": 12.527945864237726, "Comedy": 12.112982460650109, "New": 9.326992600775867, "Series": 9.316484551837364, "Missions": 9.219144494777458, "Human": 8.369378106846925, "First": 8.17849155970877, ":": 8.169366449651577, "Oval": 8.13593277200489, "Drove": 8.13593277200489, "Determined": 8.13593277200489, "Handles": 8.13593277200489, "Millionth": 8.13593277200489, "Shameful": 8.13593277200489, "Ramming": 8.13593277200489, "Manufacturers": 8.13593277200489, "Playthrough": 7.718533305977671, "Kart": 7.558447890630598, "5-8": 7.442785591444945, "Conditions": 7.442785591444945, "Filthiest": 7.442785591444945, "Dominant": 7.442785591444945, "My": 7.300547751850212, "Manufacturer": 7.037320483336781, "Lando": 6.749638410885, "Norris": 6.749638410885, "Rainy": 6.749638410885, "1-4": 6.52649485957079, "Economy": 6.344173302776835, "Nations": 6.344173302776835, "Corner": 6.190022622949577, "Titanic": 6.190022622949577, "Mazda": 6.190022622949577, "This": 6.0634382618981375, "Guide": 6.012068114163634, "Motorsport": 5.73803749920652, "Also": 5.73803749920652, "World": 5.646311881288252, "REAL": 5.625845585732964, "Ever": 5.577650482574843, "Exploit": 5.496875442389632, "Faster": 5.42788257090268, "Crashed": 5.42788257090268, "+": 5.36563068704664, "Worse": 5.3027194279486745, "Fixed": 5.091410334281467, "Mess": 5.091410334281467, "Attempt": 5.091410334281467, "Brand": 4.957878941656944, "Mayhem": 4.91705694713669, "are": 4.8312419907949575, "Dangerous": 4.670196869205164, "Hilarious": 4.63942521053841, "Time": 4.613974308789367, "Chill": 4.609572247388729, "Incredible": 4.498346612278505, "BMW": 4.472371125875244, "Total": 4.472371125875244, "Second": 4.329270282234571, "Taking": 4.329270282234571, "Forest": 4.3072913755157956, "Talk": 4.244112473894264, "The": 4.2316140612887265, "Thoughts": 4.146948725440616, "Forza": 4.1285995867724194, "Guy": 4.058395328099171, "Cup": 4.041588209782789, "Much": 4.008798386959799, "Deep": 4.008798386959799, "Stop": 3.9927980456133576, "Returns": 3.9770496886452187, "Makes": 3.9770496886452187, "Which": 3.8592666529888353, "Very": 3.8592666529888353, "Than": 3.6585959575266838, "Everyone": 3.6472964022727505, "Where": 3.5509652933343183, "Better": 3.4915418728635177, "Racing": 3.4724936778928233, "Need": 3.4724936778928233, "Fun": 3.435452406212474, "is": 3.4315090337670076, "Beat": 3.2996508650534127, "Here": 3.2761203676432182, "Now": 3.1252974779086347, "Has": 3.006034057081817, "About": 2.9264466191634693, "for": 2.8704033249141596, "Online": 2.8578181127743734, "Was": 2.837615405456854, "-": 2.762320616802253, "DLC": 2.733255390132611, "on": 2.705215142801861, "But": 2.6025432832773703, "Most": 2.4058329890313157, "'": 2.2894939969471664, "Me": 2.2116769745903584, "Can": 2.174927432381617, "the": 2.131724654933217, "Update": 2.0333741773913214, "We": 1.9896035143359931, "...": 1.9362471753768933, "All": 1.9253326949802376, "to": 1.7862696984222697, "&": 1.7298484674477967, "You": 1.6050551442790053, "I": 1.5863071653460892, "Game": 1.3778382675771597, "in": 1.325727367945386, "and": 1.0350808630608404, "?": 1.0197000278650197, "a": 0.8649242337238984, "(": 0.8036229373531708, ")": 0.8036229373531708, "A": 0.7912137178552181, "of": 0.7899225620915981, "!": 0.2688272716881513}