{"Switch": 82.89128015999634, "Nintendo": 80.95232430134948, "Review": 34.57309986095393, "ESSENTIAL": 32.63247429785395, "ups": 28.149281933347122, "Eshop": 28.149281933347122, "Sale": 21.210877711794698, "DAMN": 21.11196145001034, "WORTH": 19.511344935933632, "Games": 19.48203838992985, "Pick": 17.058927044387996, "Any": 16.976449895577055, "BEST": 15.196505454409488, "GOOD": 11.187640574221913, "Shame": 8.13593277200489, "Deadcraft": 8.13593277200489, "Wolfstride": 8.13593277200489, "New": 7.994565086379315, "it": 7.815391461153035, "Touken": 7.442785591444945, "Ranbu": 7.442785591444945, "10": 7.2316675141296205, "Shredders": 7.037320483336781, "Kimetsu": 7.037320483336781, "Yaiba": 7.037320483336781, "XENO": 7.037320483336781, "Souldiers": 7.037320483336781, "RPGS": 7.037320483336781, "2022": 6.811970717062844, "Owners": 6.749638410885, "Challengers": 6.749638410885, "Putting": 6.52649485957079, "ADDICTIVE": 6.52649485957079, "Hinokami": 6.344173302776835, "Cotton": 6.344173302776835, "INTERESTING": 6.190022622949577, "Sunbreak": 6.190022622949577, "Titles": 5.833347679010845, "GEM": 5.73803749920652, "Spirits": 5.73803749920652, "!": 5.6453727054511775, "Teenage": 5.570983414543353, "Turtles": 5.570983414543353, "Kao": 5.570983414543353, "TRIPLE": 5.496875442389632, "Kangaroo": 5.363344049765109, "Wonder": 5.3027194279486745, "HIGHEST": 5.19149379283845, "Republic": 5.091410334281467, "Neon": 5.044890318646575, "Reborn": 5.044890318646575, "RATED": 5.000438556075741, "Knights": 4.957878941656944, "Slayer": 4.877836233983408, "Completely": 4.877836233983408, "20": 4.824695340105019, "ve": 4.734735390342735, "Hands": 4.734735390342735, "Mutant": 4.701945567519744, "SERIES": 4.670196869205164, "Missed": 4.609572247388729, "Warriors": 4.609572247388729, "Football": 4.525014859360666, "Strikers": 4.422360705300583, "|": 4.357141976624539, "BRAND": 4.3072913755157956, "Chronicles": 4.285785170294832, "Metal": 4.264731761096999, "Arcade": 4.223909766576744, "White": 4.165640858452769, "Demon": 4.09288150417034, "NEW": 4.085126656941828, "REALLY": 4.058395328099171, "Rise": 4.008798386959799, "HIDDEN": 4.008798386959799, "We": 3.9792070286719863, "Been": 3.9770496886452187, "A": 3.9560685892760903, "Boy": 3.9312401526139245, "Fantasy": 3.8454733308564992, "Collection": 3.8318676788007204, "Preview": 3.753906137331009, "Ninja": 3.705115973161577, "Hunter": 3.6250732654880404, "Revenge": 3.61414419495585, "May": 3.61414419495585, "Max": 3.510959958720619, "GAMES": 3.3910006436416404, "Monster": 3.3652481475392255, "Coming": 3.3156512063998536, "Here": 3.2761203676432182, "Old": 3.230657993566461, "no": 2.9711467980813766, "MOST": 2.9264466191634693, "Wars": 2.873242583100005, "Mario": 2.7935985200400792, "League": 2.733255390132611, "s": 2.622504025839908, "Playing": 2.6104798328731067, "FREE": 2.598598504986354, "Star": 2.590755327525328, "Top": 2.5449457914940337, "EVER": 2.4557601629878234, ":": 2.2280090317231576, "11": 2.1931333968781894, "\u2019": 2.1905121633983153, "Battle": 2.1394806833858695, "On": 2.119775612306537, "?": 2.0394000557300394, "Of": 1.9917471378792446, "Gameplay": 1.8499346774960257, "to": 1.7862696984222697, "6": 1.5212071718011297, "for": 1.4352016624570798, "The": 1.4105380204295754, "on": 1.3526075714009305, "the": 0.710574884977739, "in": 0.662863683972693, "2": 0.4948485228299763, "(": 0.4018114686765854, ")": 0.4018114686765854}