{"Harrison": 62.686226867284304, "TC": 50.14898149382744, "TCH": 30.61966819139328, "Ford": 26.774725496796417, "Clinic": 25.07449074691372, "Minute": 18.84191227472752, "Safeguarding": 15.30983409569664, "T.C": 15.30983409569664, "Agreement": 15.30983409569664, "Birdseye": 15.30983409569664, "Spalding": 15.30983409569664, "Motorcraft": 15.30983409569664, "Tyre": 14.13143420604564, "Measures": 13.923539734576751, "Transit": 13.558268495757511, "Check": 10.94275158784755, "Purchase": 10.34002079612064, "Vehicle": 9.70822932015517, "Electric": 9.695233723974937, "Fiesta": 9.31836954858866, "One": 9.308163516234957, "Active": 8.87208244596024, "Explained": 8.50743933237233, "View": 8.199137972717814, "Custom": 7.720538048591573, "2017": 7.683500541124674, "Transactions": 7.65491704784832, "Underbonnet": 7.65491704784832, "FordFord": 7.65491704784832, "T.C.Harrison": 7.65491704784832, "MCA": 7.65491704784832, "Whitewash": 7.65491704784832, "KA+": 7.65491704784832, "is": 7.333264623828654, "What": 7.222369071605846, "Departments": 6.961769867288376, "Levels": 6.961769867288376, "PCH": 6.961769867288376, "PCP": 6.961769867288376, "Spring": 6.701703909288302, "at": 6.661759039605183, "Tourneo": 6.556304759180211, "Van": 6.378017858387474, "Your": 6.376463881010691, "Correct": 6.26862268672843, "Tread": 6.26862268672843, "Finance": 6.26862268672843, "13th": 6.0454791354142206, "Inflator": 6.0454791354142206, "Hire": 5.863157578620266, "Servicing": 5.709006898793008, "available": 5.709006898793008, "Types": 5.575475506168485, "How": 5.513094234026705, "Lease": 5.457692470512101, "-": 5.434782553024238, "Car": 5.3582361853039435, "21st": 5.352331954854275, "Powertrain": 5.352331954854275, "To": 5.1839730656337295, "Freedom": 5.17001039806032, "2018": 4.90182072154305, "Sales": 4.764545289952156, "Mobile": 4.71047806868188, "all-new": 4.71047806868188, "Seats": 4.476863217500375, "Choose": 4.43604122298012, "Connect": 4.359080181843992, "Charging": 4.253719666186165, "Pass": 4.220929843363174, "Film": 4.220929843363174, "App": 4.189181145048594, "coming": 4.15840948638184, "February": 4.099568986358907, "Pressure": 3.9660375937343844, "Technology": 3.8937169321547582, "Daily": 3.804769446138262, "Use": 3.7837160369404295, "London": 3.6118657800137703, "Week": 3.5773796039426013, "now": 3.5773796039426013, "Event": 3.4502244284573544, "Launch": 3.298208221158729, "Go": 3.272890413174439, "drive": 3.2122657913580044, "Battery": 3.200569751594813, "Driver": 3.200569751594813, "Service": 3.189008929193737, "?": 3.133578078951582, "Great": 3.0905688563804845, "Kit": 2.9820882133864144, "test": 2.9820882133864144, "A": 2.9753530555725525, "Live": 2.8107299613897294, "to": 2.621578265736423, "Range": 2.5735126828638575, "And": 2.5611668470415583, "your": 2.4026436198016907, "New": 2.3436193927822435, "Video": 2.3417110688065335, "Why": 2.2081796761820107, "|": 2.1319811406296028, "'s": 1.9281495408595146, "Review": 1.9215757709505752, ".": 1.7454499836830584, "of": 1.71395326974678, "a": 1.6610867556104694, "for": 1.1506288743116748, ":": 0.9778335866011848, "The": 0.7342455435996371, "!": 0.4178580217235832}