{"BECAME": 25.701002492254496, "GAS": 16.95307836665067, "STATION": 16.71295024363006, "MY": 14.872659183205101, "HARDCORE": 13.657241500646343, "I": 11.89730374009567, "TO": 10.668543032980745, "MINECRAFT": 10.538698245840653, "WELCOME": 10.182820668562934, "IN": 9.639083602455992, "GAMEPLAY": 9.336156753475843, "SUPERFUN": 8.13593277200489, "RENOVATED": 8.13593277200489, "VACCUM": 8.13593277200489, "CLEANER": 8.13593277200489, "AUNTY": 8.13593277200489, "RACECAR": 8.13593277200489, "CreatingForIndia": 8.13593277200489, "RACER": 8.13593277200489, "RANCH": 8.13593277200489, "ANEMOIAPOLIS": 8.13593277200489, "PLAYING": 8.116790656198342, "HORROR": 8.050117815663159, "KIDNAPPER": 7.442785591444945, "YouTubePartner": 7.442785591444945, "AIRPORT": 7.037320483336781, "CHERRY": 7.037320483336781, "HOUSE": 6.8891697795514935, "BABY": 6.8891697795514935, "SPEND": 6.749638410885, "EARN": 6.749638410885, "LUXURY": 6.749638410885, "LOCKS": 6.749638410885, "HUNGRY": 6.749638410885, "#": 6.574723408193783, "JIMMY": 6.52649485957079, "STEERING": 6.344173302776835, "TOKYO": 6.344173302776835, "A": 6.329709742841745, "THIS": 6.2374462763287974, "FARMS": 6.190022622949577, "CREAM": 6.190022622949577, "EXPLODE": 6.190022622949577, "PUZZLE": 6.056491230325054, "FAT": 6.056491230325054, "GAME": 6.0403198874715125, "TORNADO": 5.9387081946686715, "CUTE": 5.833347679010845, "PUPPY": 5.833347679010845, "DANGER": 5.833347679010845, "V": 5.777817399688809, "GUARD": 5.73803749920652, "CLEAN": 5.73803749920652, "KEEPER": 5.65102612221689, "HITS": 5.65102612221689, "SUPERCAR": 5.570983414543353, "145": 5.570983414543353, "ABANDONED": 5.496875442389632, "ZOO": 5.496875442389632, "WORLD": 5.493722084376779, "CLOWN": 5.42788257090268, "MONSTERS": 5.42788257090268, "HUNTER": 5.42788257090268, "DRAW": 5.42788257090268, "144": 5.363344049765109, "WHEEL": 5.3027194279486745, "FERRARI": 5.3027194279486745, "STUNT": 5.3027194279486745, "BECOMING": 5.19149379283845, "VILLAGE": 5.19149379283845, "TANKS": 5.140200498450899, "STORE": 5.140200498450899, "BOUGHT": 5.140200498450899, "RACING": 5.044890318646575, "STARTING": 4.877836233983408, "WANT": 4.701945567519744, "SECURITY": 4.63942521053841, "CARS": 4.580584710515477, "DESTROYED": 4.552413833548781, "GTA": 4.544603192813587, "OPEN": 4.525014859360666, "HATE": 4.525014859360666, "ICE": 4.472371125875244, "take": 4.351743138086629, "OVERPOWERED": 4.329270282234571, "COMPLETE": 4.285785170294832, "CITY": 4.110581081269741, "RACE": 4.09288150417034, "challenge": 4.025058907831579, "NIGHT": 3.9615455021092534, "FOUND": 3.873252894963575, "SIMULATOR": 3.8318676788007204, "100,000": 3.7921273501512065, "FIRE": 3.7292135247406373, "AGAIN": 3.670024653350307, "'M": 3.6472964022727505, "BUILD": 3.6472964022727505, "GIANT": 3.6472964022727505, "CHAPTER": 3.61414419495585, "CAN": 3.5408129218703004, "NEVER": 3.5408129218703004, "PLAYTIME": 3.520812255163631, "HAVE": 3.5012037837752548, "POPPY": 3.4724936778928233, "FROM": 3.3737588372071343, "Here": 3.2761203676432182, "|": 3.267856482468404, "AT": 3.0796869666565825, "PRO": 3.036066344180692, "Shorts": 2.9884382951914374, "EVERY": 2.842627947280398, "N'T": 2.8276650746036855, "REAL": 2.812922792866482, "16": 2.667872630869759, "DO": 2.598598504986354, "ON": 2.3993604745256985, "12": 2.2415299377400397, "$": 2.0651950440024005, "'S": 2.051433358929719, "VS": 1.941527380900218, "my": 1.9313750094362, "OF": 1.838823452070955, "on": 1.3526075714009305, "THE": 1.205438006053264, "is": 1.1438363445890025, "?": 1.0197000278650197, "2": 0.9896970456599526, "3": 0.7644434767906133, "1": 0.7432852512832672, "the": 0.710574884977739, "(": 0.4018114686765854, ")": 0.4018114686765854, "!": 0.2688272716881513}