{"Novelas": 475.0479138536752, "Telemundo": 410.2297888222568, "Pasi\u00f3n": 368.5115052132137, "Gavilanes": 368.5115052132137, "Temporada": 299.18172098154537, "Nueva": 286.86731399578093, "Cap\u00edtulo": 191.11097648518776, "de": 119.1346105279356, "Resumen": 72.46493601157758, "cap\u00edtulos": 64.41327645473562, "los": 44.81005731966772, "|": 43.82826000614851, "al": 38.32151851665847, "Franco": 33.326825978610316, ":": 32.86433684442615, ",": 27.94749098281993, "La": 18.049406639536244, "escenas": 16.103319113683906, "Shorts": 15.229384864061828, "Reyes": 13.906094536347688, "pasi\u00f3n": 13.906094536347688, "Un": 12.734991201214903, "mejores": 12.21149881557328, "secreto": 11.944436030324235, "71": 10.82520445445339, "se": 10.461934096122352, "69": 10.01427423823706, "53": 9.921234206967275, "El": 9.868456866132593, "52": 9.747211452988015, "59": 9.587126037640942, "57": 9.368727453710958, "64": 9.300924350359596, "65": 9.171847308084454, "58": 9.171847308084454, "43": 9.171847308084454, "44": 9.110303990750946, "70": 9.050598064451584, "47": 8.725560205456034, "\u201d": 8.39815838638597, "\u201c": 8.366908103811205, "48": 8.319678517462654, "las": 8.162735286579663, "sintieron": 8.051659556841953, "\u00faltimas": 8.051659556841953, "Reyecitos": 8.051659556841953, "apuros": 8.051659556841953, "Confesiones": 8.051659556841953, "Amores": 8.051659556841953, "triunfan": 8.051659556841953, "valent\u00eda": 8.051659556841953, "desnudo": 8.051659556841953, "Sensaci\u00f3n": 8.051659556841953, "inevitable": 8.051659556841953, "indetenible": 8.051659556841953, "intenso": 8.051659556841953, "reencuentro": 8.051659556841953, "Emociones": 8.051659556841953, "desbordadas": 8.051659556841953, "Anhelado": 8.051659556841953, "pr\u00f3digo": 8.051659556841953, "naci\u00f3": 8.051659556841953, "temores": 8.051659556841953, "conmovedor": 8.051659556841953, "Estremecida": 8.051659556841953, "Arriesgado": 8.051659556841953, "suplicio": 8.051659556841953, "Pasiones": 8.051659556841953, "aliento": 8.051659556841953, "Irreemplazable": 8.051659556841953, "envenenada": 8.051659556841953, "Ataque": 8.051659556841953, "Hostigamiento": 8.051659556841953, "desatada": 8.051659556841953, "Muriel": 8.051659556841953, "\u00c9chate": 8.051659556841953, "recorrido": 8.051659556841953, "casas": 8.051659556841953, "Reconciliaci\u00f3n": 8.051659556841953, "Pardau": 8.051659556841953, "Pajarita": 8.051659556841953, "chifla": 8.051659556841953, "Tommasi": 8.051659556841953, "acuerda": 8.051659556841953, "Acorralado": 8.051659556841953, "divierte": 8.051659556841953, "t\u00eda": 8.051659556841953, "Clemencia": 8.051659556841953, "atacante": 8.051659556841953, "prendado": 8.051659556841953, "Objetivo": 8.051659556841953, "fatal": 8.051659556841953, "Gregorio": 8.051659556841953, "Pern\u00eda": 8.051659556841953, "necesita": 8.051659556841953, "pegarse": 8.051659556841953, "repite": 8.051659556841953, "Gait\u00e1n": 8.051659556841953, "olvida": 8.051659556841953, "acosador": 8.051659556841953, "Mortificados": 8.051659556841953, "Enga\u00f1o": 8.051659556841953, "catastr\u00f3fico": 8.051659556841953, "situaciones": 8.051659556841953, "peligrosas": 8.051659556841953, "\u00a1Descubiertos": 8.051659556841953, "Desconcertada": 8.051659556841953, "Temblando": 8.051659556841953, "demonio": 8.051659556841953, "60": 7.549986875651796, "que": 7.389901460304723, "un": 7.389901460304723, "del": 7.389901460304723, "actores": 7.358512376282008, "grabar": 7.358512376282008, "actuaci\u00f3n": 7.358512376282008, "Batalla": 7.358512376282008, "hermano": 7.358512376282008, "secuela": 7.358512376282008, "precio": 7.358512376282008, "ausencia": 7.358512376282008, "retorno": 7.358512376282008, "destino": 7.358512376282008, "dejan": 7.358512376282008, "Alma": 7.358512376282008, "venganza": 7.358512376282008, "Villalobos": 7.358512376282008, "\u00e9xito": 7.358512376282008, "Tras": 7.358512376282008, "Ofensiva": 7.358512376282008, "mortal": 7.358512376282008, "enfrentar\u00e1": 7.358512376282008, "propia": 7.358512376282008, "ira": 7.358512376282008, "40": 7.289880619155401, "T\u00e9cnicas": 6.953047268173844, "salir": 6.953047268173844, "encuentro": 6.953047268173844, "cruel": 6.953047268173844, "protagonistas": 6.953047268173844, "Juliette": 6.953047268173844, "Mart\u00ednez": 6.953047268173844, "#": 6.719422092227604, "Michel": 6.665365195722063, "rescate": 6.665365195722063, "Flores": 6.665365195722063, "queda": 6.665365195722063, "donde": 6.665365195722063, "y": 6.578971244088395, "la": 6.478950402939072, "Norma": 6.442221644407853, "Rosario": 6.442221644407853, "Casi": 6.442221644407853, "Sarita": 6.442221644407853, "pone": 6.442221644407853, "c\u00e1maras": 6.259900087613898, "visita": 6.259900087613898, "momentos": 6.10574940778664, "busca": 6.10574940778664, "detr\u00e1s": 6.10574940778664, "importante": 5.972218015162118, "Sebasti\u00e1n": 5.972218015162118, "Fernando": 5.972218015162118, "hija": 5.972218015162118, "tus": 5.854434979505734, "amor": 5.749074463847908, "Alejandro": 5.749074463847908, "Carmen": 5.653764284043583, "\u00bfQu\u00e9": 5.486710199380417, "C\u00f3mo": 5.412602227226695, "Juan": 5.412602227226695, "sin": 5.279070834602172, "68": 5.218446212785738, "62": 5.1072205776755135, "nos": 5.1072205776755135, "en": 5.068413320754492, "61": 5.0559272832879625, "67": 4.960617103483638, "66": 4.916165340912804, "Laura": 4.873605726494008, "63": 4.793563018820471, "49": 4.755822690837625, "54": 4.7194550466667495, "como": 4.7194550466667495, "56": 4.650462175179798, "46": 4.650462175179798, "41": 4.650462175179798, "51": 4.6176723523568075, "55": 4.585923654042227, "sus": 4.49631149535254, "42": 4.468140618385844, "Brown": 4.338087490137646, "lo": 4.313989938558585, "45": 4.180458545934062, "una": 4.159839258731327, "su": 4.062675510277679, "por": 4.0086082890074035, "Se": 3.924525171796862, "En": 3.817553052244694, "el": 3.6949507301523616, "para": 3.6328189490453555, "Los": 3.574322742363747, "David": 3.4873113653741172, "50": 3.298069365735589, "no": 3.074925814421379, "shorts": 2.0502446788808033, "a": 1.8447240158251612, "?": 0.6695351911044409, "!": 0.42557679876957294}