{"ITA": 118.35008774390239, "Boat": 110.53875402888596, "Show": 70.99950051461356, "[": 60.12715269297125, "]": 60.003047445402146, "Prova": 56.41760418055587, "ENG": 48.17098759368848, "Barca": 38.2745852392416, "Motore": 38.2745852392416, "BENETEAU": 30.61966819139328, "SALONE": 22.96475114354496, "NAUTICO": 22.96475114354496, "VENEZIA": 22.96475114354496, "The": 22.027366307989112, "Review": 19.215757709505752, "Motor": 16.49785361645935, "wallytender43X": 15.30983409569664, "AZIMUT": 15.30983409569664, "VERVE": 15.30983409569664, "MOONRIDE": 15.30983409569664, "RENIER": 15.30983409569664, "INVICTUS": 15.30983409569664, "320S": 15.30983409569664, "XENTA": 15.30983409569664, "SEALENCE": 15.30983409569664, "-": 14.82213423552065, "YACHTS": 13.923539734576751, "R9": 13.923539734576751, "ABSOLUTE": 12.53724537345686, "YACHT": 12.090958270828441, "FLY": 11.726315157240531, "Sail": 11.418013797586015, "Parte": 10.915384941024202, "Yacht": 10.70466390970855, "CUP": 10.70466390970855, "58": 10.5140435500999, "56": 10.179935380773568, "DEEP": 9.893733693492221, "42": 9.31836954858866, "CV": 9.31836954858866, "53": 9.12774918898001, "FIRST": 8.097269970741179, "SPEED": 7.696509116156002, "Day-Boat": 7.65491704784832, "Azimut": 7.65491704784832, "Vela": 7.65491704784832, "Seconda": 7.65491704784832, "Yaxht": 7.65491704784832, "Intervista": 7.65491704784832, "PAOLO": 7.65491704784832, "ILARIUZZI": 7.65491704784832, "Direttore": 7.65491704784832, "MARINE": 7.65491704784832, "Chiavari": 7.65491704784832, "RIMORCHIATORE": 7.65491704784832, "6800": 7.65491704784832, "GENOVA": 7.65491704784832, "Gommone": 7.65491704784832, "ANTEPRIMA": 7.65491704784832, "SWIFT": 7.65491704784832, "TRAWLER": 7.65491704784832, "Fuoribordo": 7.65491704784832, "JOYSTICK": 7.65491704784832, "BOARD": 7.65491704784832, "CASTOLDI": 7.65491704784832, "MANEUVERING": 7.65491704784832, "BARCELONA": 7.65491704784832, "Esclusiva": 7.65491704784832, "Propulsione": 7.65491704784832, "Propulsion": 7.65491704784832, "TANKOA": 7.65491704784832, "VINCENZO": 7.65491704784832, "POERIO": 7.65491704784832, "2FOCUSONREBEL": 7.65491704784832, "SACS": 7.65491704784832, "REBEL": 7.65491704784832, "VIZIANELLO": 7.65491704784832, "Waterlimousine": 7.65491704784832, "Through": 7.44618283024799, "Jet": 7.44618283024799, "Walk": 7.223731560027541, "F": 7.055565325606458, "Verve": 6.961769867288376, "Rigid": 6.961769867288376, "Comando": 6.961769867288376, "Joystick": 6.961769867288376, "Runabout": 6.556304759180211, "BORDO": 6.556304759180211, "Inflatable": 6.26862268672843, "2X": 6.26862268672843, "Sistema": 6.26862268672843, "GV": 6.26862268672843, "Outboard": 6.0454791354142206, "Prima": 6.0454791354142206, "LIMO": 6.0454791354142206, "Innovative": 6.0454791354142206, "PREMIERE": 6.0454791354142206, "JT": 5.863157578620266, "Int": 5.863157578620266, "EUROPEAN": 5.863157578620266, "NEW": 5.784207900783371, "AMERICA": 5.575475506168485, "Tour": 5.484524324224537, "ICE": 5.457692470512101, "CON": 5.17001039806032, "OPEN": 5.089967690386784, "Launches": 5.089967690386784, "Italia": 5.015859718233062, "CEO": 5.015859718233062, "a": 4.983260266831408, "TO": 4.968866105620338, "Projects": 4.821703703792105, "Thunder": 4.821703703792105, "SYSTEM": 4.764545289952156, "48": 4.71047806868188, "SUZUKI": 4.5194228319191705, "2024": 4.43604122298012, "55": 4.43604122298012, "UN": 4.2876212178618465, "36": 4.2876212178618465, "34": 4.2876212178618465, "DI": 4.189181145048594, "Bridge": 4.07139810939221, "3rd": 4.07139810939221, "EASY": 3.9413449811440127, "2022": 3.90127144801575, "con": 3.8937169321547582, "RR": 3.8937169321547582, "GT": 3.8238277200776767, "Flying": 3.804769446138262, "di": 3.723091415123995, "ROAD": 3.723091415123995, "e": 3.311111625994637, "HOW": 3.177580233370114, "Control": 3.1440575413314704, "WITH": 3.13312847079928, "'S": 2.8674253050662744, "30": 2.7721151252619496, "300": 2.7422621621122687, "ON": 2.6577047740842055, "Edition": 2.54897157394774, "Electric": 2.423808430993734, "by": 1.981593780676828, ":": 1.9556671732023696, "and": 1.5367708106356204, "New": 1.1718096963911218, "#": 1.1611632079966343, "A": 0.9917843518575175, ".": 0.8727249918415292, ",": 0.47028789513100605}