{"\ud83e\udd23": 45.4063788705017, "finish": 12.48120135739289, "i": 12.140591496641541, "said": 10.17584233751612, "wife": 9.548527219806036, "happy": 9.133248490249548, "him": 8.686961387621128, "loveontour": 8.0323601479245, "daisy": 8.0323601479245, "B-": 8.0323601479245, "\ud83e\udd23\ud83d\udc99": 8.0323601479245, "jet": 8.0323601479245, "\ud83e\udd81\ud83e\ude70": 8.0323601479245, "caption": 8.0323601479245, "aw": 8.0323601479245, "\ud83d\ude14\ud83d\ude2d": 8.0323601479245, "tablets": 8.0323601479245, "cokechallenge": 8.0323601479245, "brussel": 8.0323601479245, "prettier": 8.0323601479245, "ifeelfunny": 8.0323601479245, "shoutout": 8.0323601479245, "gramps": 8.0323601479245, "crushed": 7.339212967364555, "swimsuit": 7.339212967364555, "groom": 7.339212967364555, "\ud83e\udd64": 7.339212967364555, "sprouts": 7.339212967364555, "kids": 7.203086698162373, "they": 7.0874475563847215, "oopsie": 6.933747859256391, "reminder": 6.933747859256391, "\ud83e\udd7a\ud83d\ude2d": 6.933747859256391, "apologize": 6.933747859256391, "salon": 6.933747859256391, "\ud83d\udc96\ud83d\udc96": 6.933747859256391, "when": 6.854379923872818, "led": 6.64606578680461, "BOA": 6.64606578680461, "regrets": 6.64606578680461, "\u2702\ufe0f": 6.4229222354904, "STYLES": 6.240600678696445, "forgot": 6.240600678696445, "attention": 6.086449998869187, "\ud83d\udc8d": 6.086449998869187, "\ud83d\udc9b": 6.086449998869187, "GAVE": 5.952918606244665, "friendly": 5.952918606244665, "lyrics": 5.952918606244665, "starts": 5.729775054930455, "no": 5.63484878063103, "hi": 5.63446487512613, "giving": 5.63446487512613, "support": 5.5474534981365, "london": 5.467410790462964, "loves": 5.393302818309242, "sad": 5.393302818309242, "taste": 5.32430994682229, "pop": 5.32430994682229, "sound": 5.259771425684719, "hour": 5.199146803868285, "\ud83c\uddec\ud83c\udde7": 5.141988390028335, "moment": 5.141988390028335, "season": 5.141988390028335, "talking": 5.141988390028335, "\ud83d\udc96": 5.08792116875806, "\ud83e\udd23\ud83e\udd23": 5.08792116875806, "fail": 5.08792116875806, "soon": 5.0366278743705095, "HARRY": 5.0366278743705095, "stay": 5.0366278743705095, "yes": 5.0366278743705095, "meal": 4.987837710201077, "name": 4.987837710201077, "DAUGHTER": 4.941317694566185, "drink": 4.941317694566185, "\u2600\ufe0f": 4.941317694566185, "give": 4.896865931995351, "ll": 4.896865931995351, "cake": 4.896865931995351, "your": 4.766771819526589, "emotional": 4.736523281920172, "road": 4.700155637749297, "almost": 4.631162766262345, "to": 4.57577322380078, "every": 4.505999623308339, "a": 4.451617866088489, "dad": 4.44884120946839, "makes": 4.343480693810564, "very": 4.294690529641132, "water": 4.294690529641132, "\ud83e\udd70": 4.294690529641132, "it": 4.147870909789437, "test": 4.140539849813874, "re": 4.120337142496354, "think": 3.971917137378081, "girl": 3.971917137378081, "too": 3.954822704018781, "want": 3.954822704018781, "\ud83d\ude05": 3.9380155857024, "than": 3.857972878028863, "HIS": 3.8427054058980747, "she": 3.812852442748394, "26": 3.7838649058751415, "their": 3.755694028908445, "challenge": 3.7016268076381693, "trip": 3.6015433490811866, "baby": 3.555023333446294, "he": 3.52150064140765, "\ud83d\ude33": 3.52150064140765, "year": 3.4784832563239596, "home": 3.368921053812433, "TikTok": 3.341012265695357, "go": 3.3138612766294058, "19": 3.278769956818136, "has": 3.2448684051424546, "\u2019": 3.123121288283797, "all": 3.1051064627672957, "back": 3.083600257546332, "so": 3.0765330903232395, "her": 3.0625468483484997, "#": 3.0526373899468666, "OUR": 2.9954075455108713, "have": 2.9447638126921163, "our": 2.8965617108742387, "that": 2.7800867198778705, "the": 2.65676390541559, "2020": 2.6432884181079994, "with": 2.429059152940701, "!": 2.4201375496292594, "me": 2.2302417725474375, "this": 2.1407159360987293, "you": 1.9570141168358164, "my": 1.7727786838595776, "at": 1.6832211565447024, "on": 1.3990417146441236, "3": 1.2918407883182772, "for": 1.2377735670480012, ".": 1.140734250872247, "?": 0.596332331572652}