{"Office": 134.8893448605762, "US": 103.69619120122091, "Dwight": 26.661460782888252, "The": 18.310175013730092, "-": 16.302623464898716, "Pam": 14.717024752564017, "Michael": 11.49645555499754, "Jim": 10.436892425571475, "Supe": 8.051659556841953, "hIdDeN": 8.051659556841953, "jOkEs": 8.051659556841953, "ThAt": 8.051659556841953, "WiLl": 8.051659556841953, "BlOw": 8.051659556841953, "YoUr": 8.051659556841953, "MiNd": 8.051659556841953, "WhEn": 8.051659556841953, "YoU": 8.051659556841953, "ThEm": 8.051659556841953, "Prankster": 8.051659556841953, "JiuJitsu": 8.051659556841953, "Fumble": 8.051659556841953, "Sums": 8.051659556841953, "Nudity": 8.051659556841953, "Dallahs": 8.051659556841953, "BOOBy": 8.051659556841953, "Krasinski": 7.358512376282008, "sEe": 7.358512376282008, "Limo": 7.358512376282008, "Rigs": 7.358512376282008, "Nap": 7.358512376282008, "Hammered": 7.358512376282008, "Phyllis": 7.358512376282008, "One": 7.0536479503538025, "Votes": 6.953047268173844, "UNDERRATED": 6.953047268173844, "Voted": 6.953047268173844, "ALCOHOL": 6.953047268173844, "Misconceptions": 6.953047268173844, "Every": 6.72062334922562, "Predicts": 6.665365195722063, "Superpowers": 6.665365195722063, "Uncomfortable": 6.665365195722063, "Unleashed": 6.665365195722063, "Godfather": 6.442221644407853, "Traps": 6.442221644407853, "Core": 6.259900087613898, "She": 5.867331488850397, "Creed": 5.854434979505734, "'s": 5.767979406793091, "Copy": 5.749074463847908, "Shut": 5.653764284043583, "Sold": 5.653764284043583, "DOING": 5.486710199380417, "Perfectly": 5.412602227226695, "Decision": 5.412602227226695, "COOL": 5.1072205776755135, "Wolf": 4.960617103483638, "Pranks": 4.960617103483638, "Straight": 4.916165340912804, "Jan": 4.916165340912804, "That": 4.826609775016416, "Energy": 4.755822690837625, "Horse": 4.650462175179798, "Said": 4.555151995375473, "MILLION": 4.468140618385844, "Wall": 4.468140618385844, "think": 4.440741644197729, "Parody": 4.3880979107123075, "I": 4.331236714000022, "Ryan": 4.223018160352859, "Moment": 4.201511955131895, "Character": 4.201511955131895, "am": 4.201511955131895, "Am": 4.201511955131895, "Scott": 4.159839258731327, "Wants": 4.062675510277679, "Oh": 4.044326371609483, "by": 4.032356248634395, "Evil": 4.0086082890074035, "Laugh": 4.0086082890074035, "Makes": 3.924525171796862, "Minutes": 3.924525171796862, "GET": 3.862004814815528, "Boys": 3.6328189490453555, "Going": 3.62084275799864, "Getting": 3.597312260588446, "Dark": 3.5408000503251036, "Future": 3.5190600636886975, "John": 3.476948578338571, "Take": 3.315461108447458, "Playing": 3.2809749323762887, "the": 3.2154679002964297, "'ve": 3.2153776498904754, "Only": 3.184125106386371, "Down": 3.1316786310138287, "Hot": 3.110017134232649, "not": 3.110017134232649, "'m": 2.9579093560351915, "NOT": 2.9396717684854106, "up": 2.809912541782311, "Have": 2.7483546487828776, "YOU": 2.7141214771406355, "or": 2.644487785381835, "Get": 2.464410898441704, "Most": 2.4312586911248038, "Who": 2.3646842005021336, "All": 2.274007233619297, "Do": 2.151762203259462, "6": 2.119414369393943, "shorts": 2.0502446788808033, "Me": 2.0379444007991516, "you": 2.0114048455645395, "?": 2.008605573313323, "Best": 1.9580897867968179, "IN": 1.918261513845305, "Is": 1.877873452940017, "a": 1.8447240158251612, "'": 1.7508737621787096, "What": 1.7381115105648584, "``": 1.5948899012697901, "''": 1.5886300999212835, "You": 1.5178707189086098, "...": 1.4878040303098259, "is": 1.384702764412747, "for": 1.242620250798974, "to": 0.9657580924763426, "#": 0.9599174417468006, "of": 0.8970441999282907, "!": 0.8511535975391459, "&": 0.7199445871154877, "(": 0.6577812667341976, ")": 0.656552010279468, ",": 0.594627467719573}