{"Comics": 96.343833532356, "Ruin": 95.24669769991463, "Childhood": 79.06108311305896, "Zootopia": 56.2265210354715, "Judy": 48.536235014794734, "Reimagined": 44.03527780418733, "Your": 39.50333461365409, "Characters": 35.25639512059357, "Disney": 32.521675861151124, "Nick": 31.339084605045606, "\ud83d\ude02": 28.906965914218404, "30+": 24.34579999547675, "Will": 19.068647153663072, "Funny": 18.630638776603774, "Marvel": 18.266496980499095, "Laugh": 16.992682056024957, "Guess": 16.728850184857766, "To": 16.372931325956788, "Jason": 14.823953083698555, "Hilariously": 14.67842593472911, "Emojis": 12.8458444709808, "\ud83d\ude18": 11.90583721248933, "By": 11.120346879511482, "Encanto": 10.073255748741019, "Seconds": 9.6269686461126, "#": 9.1579121698406, "&": 8.947954843359842, "\ud83d\udc41\ufe0f\ud83d\udc41\ufe0f": 8.0323601479245, "SOLANA": 8.0323601479245, "TECHNICAL": 8.0323601479245, "SHIB": 8.0323601479245, "Counselor": 8.0323601479245, "Venom-": 8.0323601479245, "7\ud83d\ude02": 8.0323601479245, "PREDICTION": 7.339212967364555, "INU": 7.339212967364555, "ANALYSIS": 6.933747859256391, "SHIBA": 6.933747859256391, "Holders": 6.933747859256391, "Token": 6.933747859256391, "Only": 6.854379923872818, "COIN": 6.64606578680461, "Mutant": 6.64606578680461, "|": 6.425970161049589, "Pennywise": 6.4229222354904, "SOL": 6.4229222354904, "Salvador": 6.4229222354904, "Carnage": 6.4229222354904, "Emoji": 6.240600678696445, "Turtles": 6.240600678696445, "Night": 6.153066180646479, "Made": 5.9650082813499266, "PRICE": 5.952918606244665, "Teenage": 5.952918606244665, "Prediction": 5.729775054930455, "Pixar": 5.5474534981365, "Culture": 5.467410790462964, "Superheroes": 5.467410790462964, "ENCANTO": 5.199146803868285, "Quiz": 5.199146803868285, "Make": 5.179884874805413, "Superhero": 5.141988390028335, "That": 5.128600013578739, "Hilarious": 5.0366278743705095, "Price": 5.0366278743705095, "DC": 4.987837710201077, "Shocking": 4.987837710201077, "Ninja": 4.987837710201077, "All": 4.982193205532148, "You": 4.977121075042463, "Character": 4.941317694566185, "Camp": 4.736523281920172, "Favourite": 4.665064317938026, "Funniest": 4.665064317938026, "Mario": 4.631162766262345, "Eyes": 4.5983729434393545, "Today": 4.394773988198114, "Favorite": 4.318788081220193, "\ud83e\udd29": 4.294690529641132, "Pop": 4.081116429343073, "There": 3.98930888008995, "Me": 3.9652533853850853, "3D": 3.954822704018781, "\ud83e\udd23": 3.7838649058751415, "challenge": 3.7016268076381693, "News": 3.7016268076381693, "10": 3.5841686055074615, "\ud83d\udd25": 3.5437237781923607, "Hair": 3.3976311596948645, "Movie": 3.341012265695357, "El": 3.2365696023277595, "Super": 3.0978862147938084, "Let": 2.9143663355077454, "Be": 2.7593605893607536, "9": 2.55589659599299, "Can": 2.5392987045839517, "!": 2.4201375496292594, "8": 2.3940054785907545, "7": 2.185921372866776, "2021": 2.040895600816518, "6": 2.021092973520339, "the": 1.7711759369437265, "``": 1.7482259868536985, "in": 1.7368269271639065, "''": 1.7224418696979837, "New": 1.6556332000258736, "The": 1.5920416103403134, "In": 1.5724556935469656, "5": 1.563109831128728, "3": 1.2918407883182772, "for": 1.2377735670480012, "1": 1.2366543727509862, ":": 1.086346156825273, "2": 0.9900739759847571, "-": 0.6354115453034865, "?": 0.596332331572652}