{"Aiden": 22.856227133011238, "Slime": 16.61790250797173, "ruined": 16.264553401002583, "He": 13.530437459671807, "far": 10.107586040417754, "We": 10.083117783953563, "terrible": 9.959370096110309, "cool": 9.821384353136406, "was": 8.074466077539626, "going": 7.6691054875043045, "influence": 7.618742377670413, "spam": 7.618742377670413, "callers": 7.618742377670413, "Atrioc": 7.618742377670413, "luckiest": 7.618742377670413, "Kick-flipped": 7.618742377670413, "Fancams": 7.618742377670413, "too": 7.373833489892175, "are": 7.195159657776266, "ever": 7.116598734247988, "our": 6.983215985250643, "Seuss": 6.925595197110468, "Ludwig": 6.925595197110468, "impossible": 6.925595197110468, "ruins": 6.520130089002303, "problematic": 6.520130089002303, "cheated": 6.520130089002303, "button": 6.520130089002303, "training": 6.2324480165505225, "Gorilla": 6.2324480165505225, "tournament": 6.009304465236313, "comments": 6.009304465236313, "replaced": 6.009304465236313, "leaving": 6.009304465236313, "mistake": 5.826982908442358, "died": 5.826982908442358, "deep": 5.826982908442358, "pet": 5.6728322286151, "greatest": 5.6728322286151, "sign": 5.539300835990577, "watched": 5.421517800334194, "Loses": 5.316157284676367, "Texas": 5.220847104872043, "name": 5.133835727882413, "podcast": 5.053793020208877, "anything": 4.979685048055154, "stream": 4.979685048055154, "Ruins": 4.910692176568203, "Korea": 4.846153655430632, "Fighting": 4.846153655430632, "North": 4.728370619774249, "Its": 4.674303398503973, "Chat": 4.483248161741264, "thing": 4.440688547322468, "fight": 4.399866552802212, "coming": 4.360645839648932, "actually": 4.322905511666084, "person": 4.286537867495209, "Nick": 4.286537867495209, "``": 4.273010959697223, "''": 4.218408845756684, "them": 4.217544996008258, "goes": 4.217544996008258, "'s": 4.199787399926182, "movie": 4.184755173185267, "Bear": 4.184755173185267, "let": 4.153006474870687, "end": 4.153006474870687, "Dr.": 4.1222348162039335, "ca": 4.092381853054252, "night": 4.092381853054252, "Finally": 4.035223439214303, "should": 3.9811562179440276, "every": 3.929862923556477, "Youtube": 3.929862923556477, "game": 3.857542261976851, "work": 3.857542261976851, "being": 3.8345527437521523, "a": 3.769472998497764, "say": 3.7067193722422673, "never": 3.7067193722422673, "Team": 3.6869167449460876, "These": 3.6114091924379426, "man": 3.558299367123994, "you": 3.550395921278107, "off": 3.444355107774776, "Going": 3.4290876356439877, "if": 3.3992346724943068, "back": 3.3992346724943068, "n't": 3.3729943804448053, "made": 3.2620335509808216, "Play": 3.2620335509808216, "the": 3.2255891339717384, "Never": 3.2120231304061604, "has": 3.1999017698738155, "his": 3.054394186202577, "can": 3.0440313991670305, "one": 3.003621860829154, "She": 2.945913543208507, "You": 2.8857502151293044, "what": 2.865152186564049, "'re": 2.7904286403681122, "have": 2.7824604707189353, "to": 2.7651243900117866, "is": 2.684197776657538, "or": 2.621530103906298, "...": 2.553241917898524, "Show": 2.5498381754501818, "video": 2.512796903769833, "that": 2.4539564037468993, "World": 2.371718305509927, "do": 2.2764081257056024, "your": 2.202641975465993, "it": 1.9592601619107923, "It": 1.9116321129215377, "with": 1.276620958949262, "on": 1.264372336873063, "and": 1.070523274908041, "in": 0.929143108491447, "of": 0.900937682646722, ",": 0.6823996418363637}