{"SHMUSEUM": 104.42068192301849, "VLOG": 65.18525326107745, "Shmuseum": 64.258881183396, "RESTORATION": 25.6916889419616, "|": 23.294141833804762, "DBS": 22.017638902093665, "RS3": 19.93819736041383, "Aston": 19.93819736041383, "F1": 17.50540671176484, "AMG": 17.189325164791363, "Audi": 16.40223237138889, "Mezzanine": 16.064720295849, "Vantage": 16.064720295849, "Car": 15.24376763108082, "GTC4Lusso": 14.67842593472911, "Martin": 13.893488298787034, "Roadster": 13.867495718512782, "C63": 13.29213157360922, "V8": 12.8458444709808, "BYE": 12.48120135739289, "My": 12.334548666412704, "Series": 11.394760929981723, "The": 11.144291272382194, "Ferrari": 10.934821580925927, "!": 10.487262715060124, "Lamborghini": 10.28397678005667, "Black": 9.471488474170046, "Visit": 8.954024172870174, "at": 8.416105782723513, "Motech": 8.0323601479245, "REPLACE": 8.0323601479245, "Clio": 8.0323601479245, "Shmee150": 8.0323601479245, "Emira": 8.0323601479245, "SF90": 8.0323601479245, "GT8": 8.0323601479245, "Yaris": 8.0323601479245, "Installed": 8.0323601479245, "SPECIFICATION": 8.0323601479245, "UHOH": 8.0323601479245, "the": 7.97029171624677, "Our": 7.630267265303442, "M240i": 7.339212967364555, "Renault": 7.339212967364555, "V6": 7.339212967364555, "DELIVERED": 7.339212967364555, "RESTORE": 7.339212967364555, "GR": 7.339212967364555, "McLaren": 7.339212967364555, "Collecting": 7.339212967364555, "V12": 7.339212967364555, "PART": 7.203086698162373, "Tuning": 6.933747859256391, "TEAR": 6.933747859256391, "Huracan": 6.933747859256391, "Saloon": 6.933747859256391, "STO": 6.64606578680461, "Technic": 6.64606578680461, "Preparations": 6.64606578680461, "New": 6.622532800103494, "BREAKDOWN": 6.4229222354904, "Aventador": 6.4229222354904, "Deck": 6.4229222354904, "CONSTRUCTION": 6.4229222354904, "Bad": 6.392156481946045, "Lotus": 6.240600678696445, "Upper": 6.240600678696445, "COLOUR": 6.240600678696445, "\u00a310,000": 6.240600678696445, "Good": 6.097507052432328, "Arrives": 6.086449998869187, "Did": 5.990815091021743, "Go": 5.840744719135914, "REUNITED": 5.835135570588281, "Formula": 5.835135570588281, "BEGINS": 5.835135570588281, "WHICH": 5.835135570588281, "Tour": 5.7466096974199425, "Revealing": 5.729775054930455, "Process": 5.729775054930455, "Garage": 5.63446487512613, "PAINT": 5.63446487512613, "HAPPENING": 5.5474534981365, "CRAZIEST": 5.5474534981365, "to": 5.490927868560936, "Ugly": 5.467410790462964, "About": 5.438308337765426, "Cost": 5.393302818309242, "CHANGES": 5.393302818309242, "71": 5.32430994682229, "73": 5.259771425684719, "GT": 5.259771425684719, "PROJECT": 5.259771425684719, "68": 5.199146803868285, "COMPLETE": 5.199146803868285, "67": 5.141988390028335, "DAILY": 5.08792116875806, "61": 5.08792116875806, "57": 5.08792116875806, "Part": 5.054057223984275, "62": 5.0366278743705095, "69": 4.987837710201077, "58": 4.987837710201077, "53": 4.987837710201077, "51": 4.987837710201077, "for": 4.951094268192005, "Delivery": 4.941317694566185, "66": 4.941317694566185, "Fix": 4.941317694566185, "LEGO": 4.941317694566185, "52": 4.941317694566185, "Force": 4.941317694566185, "Problems": 4.941317694566185, "64": 4.896865931995351, "54": 4.896865931995351, "63": 4.854306317576555, "Visiting": 4.854306317576555, "59": 4.854306317576555, "TRANSFORMATION": 4.854306317576555, "POWER": 4.8134843230563, "ANOTHER": 4.8134843230563, "55": 4.8134843230563, "Service": 4.8134843230563, "Problem": 4.774263609903018, "49": 4.774263609903018, "72": 4.736523281920172, "65": 4.736523281920172, "56": 4.665064317938026, "Yet": 4.5983729434393545, "Check": 4.566624245124774, "BOUGHT": 4.53585258645802, "IKEA": 4.505999623308339, "Paint": 4.477012086435087, "DOWN": 4.44884120946839, "Plan": 4.394773988198114, "70": 4.368798501794854, "GONE": 4.343480693810564, "Dubai": 4.318788081220193, "EVERYTHING": 4.248170514006239, "Secrets": 4.161159137016609, "60": 4.02502696269203, "Bought": 3.98930888008995, "We": 3.9889784560047254, "End": 3.921486283751189, "of": 3.9081892183389946, "TRUTH": 3.857972878028863, "EASY": 3.8427054058980747, "WRONG": 3.798253643327241, "Build": 3.798253643327241, "OVER": 3.7838649058751415, "BIGGEST": 3.7838649058751415, "Team": 3.769680270883185, "SURPRISE": 3.6885547260708167, "MORE": 3.6885547260708167, "Surprise": 3.662912295457479, "Need": 3.6135195401279026, "Found": 3.589708891434184, "Work": 3.5780128516709926, "Where": 3.555023333446294, "Shopping": 3.4576491694211176, "UPDATE": 3.3228299466121665, "FULL": 3.3138612766294058, "BIG": 3.188173061465909, "50": 3.1495582253381293, "Special": 3.1345203479735892, "?": 2.9816616578632598, "His": 2.9509557829400372, "More": 2.9447638126921163, "'s": 2.938917296076532, "Full": 2.8505765976324153, "OUT": 2.795918185094551, "Not": 2.7340427813764636, "IT": 2.6570817402403355, "Home": 2.598638144370261, "DAY": 2.598638144370261, "Out": 2.5727746337803414, "1": 2.4733087455019724, "THIS": 2.4602061157467356, "with": 2.429059152940701, "'S": 2.2393465395403567, "de": 2.168728972326403, "NEW": 2.086939539317925, "from": 2.043398731034637, "and": 2.0207674497046813, "Day": 2.016202988226147, "It": 1.9755761346958758, "This": 1.9342858657582602, "a": 1.7806471464353955, "With": 1.7519643089643056, "4": 1.6920008441967482, "THE": 1.5787351490318087, "To": 1.4884483023597082, "is": 1.4216641032067412, "3": 1.2918407883182772, ":": 1.086346156825273, "in": 0.8684134635819533, "A": 0.8215416944522801, ",": 0.5951537810532077}