{"Assistant": 302.40160714296536, "Wiggles": 98.9346490380669, "Waggles": 76.10357618312838, "Encanto": 60.00919705878737, "Paw": 48.377688960730566, "Patrol": 47.19985860416672, "Fort": 38.71641253643101, "Plays": 28.662865645539732, "Chip": 26.53886262659396, "Helps": 26.062311727572336, "Blippi": 25.627254842624186, "Box": 24.97114445334801, "Joins": 24.89625302877179, "PJ": 24.51153708605314, "Romeo": 24.00367882351495, "Dale": 22.123664306532007, "and": 21.117551888678197, "Masks": 20.881852069138457, "Candle": 20.50180387409935, "Switch": 20.181633043405203, "Ryan": 19.60922966884251, "N": 18.663674556585587, "Game": 18.483810231157857, "School": 18.33947522073871, "Learns": 18.263340722357658, "Turning": 18.263340722357658, "Find": 18.152340837853593, "Solves": 16.993342407772573, "her": 16.220038227293696, "Dory": 15.220715236625676, "Nintendo": 14.913900866092737, "Nemo": 13.834420875505785, "Smalls": 13.834420875505785, "Owlette": 13.834420875505785, "Madrigal": 13.834420875505785, "Dog": 13.447449505053914, "Treasure": 13.056783240874065, "Hunts": 13.023490659289456, "Trivia": 13.023490659289456, "Magical": 12.8344593244129, "Red": 12.486884994322791, "Dogs": 12.433865146539333, "with": 12.198220747073012, "the": 11.98287261924941, "Dinosaurs": 11.918314375759355, "Rescue": 11.764434492596703, "Adventure": 11.411085385627553, "Jurassic": 11.328894938515049, "Rangers": 11.061832153266003, "Disney": 10.920197114282146, "Lava": 10.615545050637584, "Bruno": 10.615545050637584, "Her": 10.262108628859234, "Billy": 10.250901937049674, "Pit": 10.250901937049674, "at": 9.958290394350664, "to": 9.90689169906605, "Floor": 9.675537792146113, "Chase": 9.554288548513243, "Help": 9.331643843947717, "Uses": 8.949726804767376, "Mr": 8.352740827655383, "find": 8.352740827655383, "Win": 8.227700113692714, "Mouse": 8.167994187393353, "for": 8.12417205337907, "Goes": 7.998879411337226, "paleontologist": 7.610357618312838, "Assistants": 7.610357618312838, "Acorns": 7.610357618312838, "Invents": 7.610357618312838, "Mixie": 7.610357618312838, "Convict": 7.610357618312838, "Knicker": 7.610357618312838, "Chickoletta": 7.610357618312838, "Gobble": 7.610357618312838, "Batboy": 7.610357618312838, "Aulani": 7.610357618312838, "Competes": 7.610357618312838, "Conducts": 7.610357618312838, "PonyCycle": 7.610357618312838, "Chompin": 7.610357618312838, "Searches": 7.610357618312838, "Disneyworld": 7.610357618312838, "Agomoto": 7.610357618312838, "Maribel": 7.610357618312838, "Ball": 7.396669225769383, "Movie": 7.318227799462821, "in": 7.265512796432715, "Save": 6.93444578384261, "Paleontologist": 6.9172104377528925, "Biologist": 6.9172104377528925, "Crunch": 6.9172104377528925, "Windy": 6.9172104377528925, "Welcomes": 6.9172104377528925, "Mei": 6.9172104377528925, "Gekko": 6.9172104377528925, "Gorillas": 6.9172104377528925, "Monster": 6.8113299978437425, "from": 6.6180809953920265, "Feeds": 6.511745329644728, "Squirrels": 6.511745329644728, "Dales": 6.511745329644728, "Headquarters": 6.511745329644728, "finds": 6.511745329644728, "Catboy": 6.511745329644728, "treasure": 6.511745329644728, "Celebrates": 6.511745329644728, "Follows": 6.511745329644728, "Gaston": 6.511745329644728, "Lost": 6.507297583246491, "Challenge": 6.359081638939048, "Sesame": 6.224063257192947, "tank": 6.224063257192947, "HQ": 6.224063257192947, "Catches": 6.224063257192947, "Protects": 6.224063257192947, "Opens": 6.224063257192947, "City": 6.221095895965145, "Build": 6.071293279618909, "a": 6.039933050441965, "Rex": 6.000919705878737, "Earns": 6.000919705878737, "Excited": 6.000919705878737, "Blows": 6.000919705878737, "Lions": 6.000919705878737, "Earth": 5.875057567701862, "Minnie": 5.8185981490847825, "Clinic": 5.8185981490847825, "House": 5.7308509798991745, "Big": 5.696367367030162, "learns": 5.664447469257524, "Glasses": 5.664447469257524, "Homework": 5.664447469257524, "Clues": 5.664447469257524, "Play": 5.580152105415602, "Discovers": 5.530916076633002, "Keys": 5.530916076633002, "Ranger": 5.530916076633002, "Riddles": 5.530916076633002, "Chickens": 5.530916076633002, "Crystal": 5.530916076633002, "Escaped": 5.413133040976618, "Marshall": 5.413133040976618, "Gives": 5.413133040976618, "Beware": 5.413133040976618, "Houses": 5.307772525318792, "Hawaii": 5.307772525318792, "Searching": 5.307772525318792, "Safari": 5.307772525318792, "Surprises": 5.212462345514467, "Rides": 5.212462345514467, "Liberty": 5.212462345514467, "Snacks": 5.125450968524837, "Starts": 5.125450968524837, "Luna": 5.125450968524837, "Gorilla": 5.125450968524837, "Casa": 5.125450968524837, "Mess": 5.045408260851301, "Marine": 5.045408260851301, "Silly": 5.045408260851301, "Washing": 5.045408260851301, "Charlie": 5.045408260851301, "Gifts": 5.045408260851301, "Finds": 4.971300288697579, "Teaches": 4.971300288697579, "Ninja": 4.971300288697579, "Visits": 4.971300288697579, "Powers": 4.971300288697579, "Marvel": 4.971300288697579, "Engineer": 4.902307417210627, "Panda": 4.837768896073056, "Characters": 4.837768896073056, "Cookie": 4.777144274256622, "Bubble": 4.777144274256622, "Miracle": 4.7199858604166725, "Mickey": 4.665918639146397, "about": 4.604179841823266, "Mama": 4.565835180589414, "Camping": 4.565835180589414, "against": 4.565835180589414, "Slime": 4.519315164954522, "on": 4.502889530710343, "Heroes": 4.474863402383688, "Return": 4.391481793444637, "friends": 4.391481793444637, "Seek": 4.352261080291355, "Pet": 4.352261080291355, "Search": 4.314520752308509, "Experiment": 4.314520752308509, "Zoo": 4.243061788326363, "Hide": 4.209160236650682, "Eye": 4.209160236650682, "Bath": 4.176370413827692, "Answers": 4.176370413827692, "Construction": 4.144621715513111, "Ask": 4.113850056846357, "Rules": 4.113850056846357, "Classic": 4.113850056846357, "Against": 4.083997093696676, "Count": 4.055009556823424, "Friend": 4.055009556823424, "Gift": 3.999439705668613, "Hunt": 3.946795972183191, "play": 3.872688000029469, "help": 3.8261679843945764, "learn": 3.8261679843945764, "Must": 3.7817162218237423, "Case": 3.7817162218237423, "Mystery": 3.760210016602779, "Eggs": 3.6983346128846915, "Project": 3.6785319855885117, "go": 3.6785319855885117, "Day": 3.6778329903656433, "Training": 3.6591138997314103, "Gets": 3.6591138997314103, "Girl": 3.6400657047607154, "their": 3.6400657047607154, "Dinosaur": 3.6030244330803667, "Hidden": 3.532820174407118, "Shark": 3.532820174407118, "Bear": 3.532820174407118, "Street": 3.4514745349531655, "Machine": 3.4359703484172, "Educational": 3.420702876286412, "Hot": 3.390849913136731, "Park": 3.376251113715578, "Being": 3.347677741271522, "Take": 3.347677741271522, "Toys": 3.347677741271522, "Student": 3.3062925251086677, "Tree": 3.2928695047765273, "Surprise": 3.2928695047765273, "Night": 3.2665521964591537, "Their": 3.240909765845816, "Friends": 3.2283309836389558, "Farm": 3.2036383710485845, "With": 3.1786685379266224, "Money": 3.133020803834631, "YouTube": 3.1217212485806978, "Years": 3.0670628360428336, "new": 2.928226391188618, "Stop": 2.9098772525204213, "Videos": 2.8312341252013082, "how": 2.8145670727160965, "Super": 2.766170531854246, "Animals": 2.7583273543932205, "Family": 2.7125178183619263, "Like": 2.6615977279346694, "as": 2.654530560711577, "Man": 2.5669325013935906, "be": 2.5477625852858705, "of": 2.528575502728556, "that": 2.5227612830804533, "Little": 2.480458903389764, "Out": 2.480458903389764, "is": 2.4402339024949753, "Baby": 2.384610944599636, "Make": 2.084904679181054, "And": 2.069094073154411, "World": 2.0008858231278777, "an": 1.957868438044187, "'s": 1.651801111350388, "Why": 1.6015444328702424, "New": 1.6015444328702424, "For": 1.4966754384806062, "10": 1.4726305642266033, "!": 1.3133468148846013, "The": 1.1309050023669336, "A": 0.820260382798933, "&": 0.8079628549885267}