{"Riddle": 48.451929842600435, "\u0432": 45.41459545449661, "Neighbor": 34.144853637883855, "\u041f\u041e\u0425\u041e\u0416\u0410\u042f": 32.54373108801956, "\u0421\u041e\u0421\u0415\u0414": 31.720866513884175, "\u0420\u0435\u0431\u0451\u043d\u043e\u043a": 28.149281933347122, "Poppy": 26.095417282574473, "Hello": 25.464674843365582, "\u0418\u0413\u0420\u0410\u042e": 25.37669321110734, "Dark": 24.048272456654537, "Playtime": 23.367976115167238, "\u0418\u0413\u0420\u0410": 21.453376199060436, "\u043d\u0430": 21.428925851474162, "Yellow": 20.552905406348707, "\u041f\u0420\u0418\u0412\u0415\u0422": 19.032519908330507, "\u041f\u043e\u043f\u043f\u0438": 19.032519908330507, "\u041e\u0411\u041d\u041e\u0412\u041b\u0415\u041d\u0418\u0415": 17.500043037032533, "\u041a\u0443\u0437\u0431\u0430\u0441\u0441": 16.27186554400978, "Kuzbass": 16.27186554400978, "Baby": 16.190464860269895, "ROBLOX": 15.659932330297156, "\u0411\u0410\u0411\u0423\u0428\u041a\u0418": 14.88557118288989, "\u043b\u0443\u0447\u0448\u0435": 14.88557118288989, "\u043f\u043b\u0435\u0439\u0442\u0430\u0439\u043c": 13.49927682177, "\u041f\u0420\u041e\u041a\u041b\u042f\u0422\u042b\u0419": 13.05298971914158, "\u0418\u0413\u0420\u0410\u0422\u042c": 13.05298971914158, "\u0412\u0442\u043e\u0440\u0430\u044f": 13.05298971914158, "\u041c\u0410\u041c\u0410": 12.380045245899154, "\u0433\u043b\u0430\u0432\u0430": 12.380045245899154, "\u041f\u0440\u043e\u0445\u043e\u0436\u0434\u0435\u043d\u0438\u0435": 12.112982460650109, "\u0414\u041b\u0418\u041d\u041d\u042b\u0415": 11.877416389337343, "\u041d\u041e\u0413\u0418": 11.66669535802169, "Bendy": 10.605438855897349, "\u041d\u041e\u0412\u042b\u0419": 9.915757883313889, "\u041e\u0422": 9.755672467966816, "Granny": 9.755672467966816, "\u041a\u0410\u041a": 9.27885042107682, "\u041d\u0415": 8.944742251750489, "\u0417\u0410": 8.844721410601165, "\u0438": 8.658540564469142, "Tom": 8.488224947788527, "Legs": 8.18576300834068, "\u0434\u0430\u0440": 8.13593277200489, "\u0412\u0440\u0430\u0447\u0430": 8.13593277200489, "\u041f\u041e\u0421\u0415\u041b\u0415\u041a": 8.13593277200489, "\u041f\u043e\u0441\u0435\u043b\u043e\u043a": 8.13593277200489, "\u044d\u0442\u0443": 8.13593277200489, "\u0432\u0435\u0440\u0441\u0438\u044e": 8.13593277200489, "\u0422\u0420\u0415\u0422\u042c\u0415\u0413\u041e": 8.13593277200489, "\u041b\u0418\u0426\u0410": 8.13593277200489, "\u0413\u0443\u043b\u044f\u044e": 8.13593277200489, "\u041a\u041e\u041d\u0415\u0427\u041d\u041e\u0419": 8.13593277200489, "\u0421\u0426\u0415\u041d\u0415": 8.13593277200489, "\u0436\u0435\u043b\u0442\u043e\u043c": 8.13593277200489, "\u0410\u041b\u0410\u0414\u0414\u0418\u041d": 8.13593277200489, "\u041d\u0430\u0448\u0435\u043b": 8.13593277200489, "\u0421\u041b\u041e\u041d": 8.13593277200489, "\u041e\u0411\u0415\u0417\u042c\u042f\u041d\u0410": 8.13593277200489, "Snake.io": 8.13593277200489, "Kvass": 8.13593277200489, "PoppyMobile": 8.13593277200489, "\u043a\u0442\u043e": 8.13593277200489, "\u0414\u0412\u0418\u0413\u0410\u0419\u0421\u042f": 8.13593277200489, "\u0422\u041e\u041b\u0421\u0422\u042b\u041c": 8.13593277200489, "\u041a\u0410\u0427\u0410\u041b\u041a\u0418": 8.13593277200489, "Mommy": 7.923091004218507, "\u0418\u0413\u0420\u0410\u0419": 7.442785591444945, "\u0428\u0420\u0415\u041a": 7.442785591444945, "\u0416\u0435\u043b\u0442\u043e\u043c": 7.442785591444945, "\u0421\u0423\u041c\u0410\u0421\u0428\u0415\u0414\u0428\u0418\u0419": 7.442785591444945, "\u041f\u0410\u0420\u041e\u0414\u0418\u042f": 7.442785591444945, "\u0445\u0430\u0433\u0433\u0438": 7.442785591444945, "\u0432\u0430\u0433\u0433\u0438": 7.442785591444945, "\u041a\u043e\u043d\u0446\u043e\u0432\u043a\u0430": 7.442785591444945, "\u0447\u0435\u043b\u043b\u0435\u043d\u0434\u0436": 7.442785591444945, "Killy": 7.442785591444945, "\u0414\u041e\u041c\u0415": 7.037320483336781, "\u0416\u0401\u041b\u0422\u041e\u041c": 7.037320483336781, "\u0421\u041f\u0410\u0421": 7.037320483336781, "\u0421\u0422\u0420\u0410\u0428\u041d\u042b\u0419": 7.037320483336781, "\u041a\u041e\u041d\u0426\u041e\u0412\u041a\u0418": 7.037320483336781, "\u0416\u0415\u041b\u0422\u041e\u041c": 7.037320483336781, "\u041e\u0411\u041d\u041e\u0412\u041b\u0415\u041d\u0418\u042f": 7.037320483336781, "\u041f\u043b\u0435\u0439\u0442\u0430\u0439\u043c": 6.749638410885, "\u0422\u0415\u041b\u0415\u0424\u041e\u041d": 6.749638410885, "Long": 6.713618557786722, "\u041c\u041e\u041f\u0421": 6.52649485957079, "\u0413\u0423\u0421\u0415\u041d\u0418\u0426\u0410": 6.52649485957079, "\u0421\u041e\u0421\u0415\u0414\u0410": 6.52649485957079, "\u0428\u041e\u041a": 6.52649485957079, "-": 6.445414772538591, "2": 6.4330307967896925, "\u041a\u041e\u041d\u0426\u041e\u0412\u041a\u0410": 6.344173302776835, "\u041a\u0442\u043e": 6.344173302776835, "\u0421\u0411\u0415\u0416\u0410\u041b": 6.344173302776835, "\u0411\u0420\u0410\u0412\u041b": 6.190022622949577, "\u0421\u0422\u0410\u0420\u0421": 6.190022622949577, "Standoff": 6.190022622949577, "\u041d\u041e\u0412\u041e\u0415": 6.190022622949577, "\u041f\u041b\u0415\u0419\u0422\u0410\u0419\u041c": 6.056491230325054, "\u041e\u0431\u043d\u043e\u0432\u043b\u0435\u043d\u0438\u0435": 6.056491230325054, "Experiments": 6.056491230325054, "\u041d\u0418\u041a\u041e\u0413\u0414\u0410": 6.056491230325054, "In": 5.973783882550538, "Emily": 5.9387081946686715, "\u041e\u0422\u041a\u0420\u042b\u041b": 5.9387081946686715, "\u041f\u041e\u041f\u041f\u0418": 5.9387081946686715, "VC": 5.9387081946686715, "\u041f\u041e\u0411\u0415\u0413": 5.65102612221689, "playtime": 5.65102612221689, "Meat": 5.570983414543353, "Willy": 5.570983414543353, "\u041c\u041e\u041d\u0421\u0422\u0420": 5.496875442389632, "\u0424\u0418\u041d\u0410\u041b": 5.496875442389632, "Scream": 5.42788257090268, "\u0421\u0422\u0410\u041b": 5.42788257090268, "\u0414\u041e\u041c": 5.363344049765109, "BRAWL": 5.245561014108726, "Bubble": 5.245561014108726, "\u0438\u0437": 5.19149379283845, "Curse": 5.140200498450899, "Stick": 5.000438556075741, "\u043e\u0442": 4.957878941656944, "STARS": 4.803728261829686, "\u0418\u0417": 4.701945567519744, "Teacher": 4.670196869205164, "Brawl": 4.422360705300583, "Plants": 4.374732656311328, "Talking": 4.351743138086629, "moments": 4.3072913755157956, "||": 4.264731761096999, "Angry": 4.264731761096999, "\u042f": 4.244112473894264, "funny": 4.165640858452769, "Noob": 4.165640858452769, "Mr": 4.165640858452769, "Android": 4.110581081269741, "Stars": 3.946278029978465, "VS": 3.883054761800436, "Ice": 3.8592666529888353, "Blue": 3.779223945315299, "Scary": 3.753906137331009, "Ball": 3.705115973161577, "Gameplay": 3.6998693549920514, "Gold": 3.6472964022727505, "*": 3.6303289555086162, "vs.": 3.5509652933343183, "Hero": 3.530762586016799, ",": 3.529093167215449, "Adventure": 3.40854495329255, "Monster": 3.3652481475392255, "Zombies": 3.3652481475392255, "Run": 3.159199029584316, "Pro": 2.9485469661641357, "Roblox": 2.862933213441144, "Red": 2.837615405456854, "Evil": 2.817812778160674, "Chapter": 2.5449457914940337, "!": 2.419445445193362, "The": 2.350896700715959, "GTA": 2.2723015964067934, "Update": 2.0333741773913214, "Of": 1.9917471378792446, "in": 1.9885910519180792, "Minecraft": 1.729052785935576, "7": 1.5949027728149872, "vs": 1.5415193122551119, "10": 1.446333502825924, "with": 1.3560108645326383, "4": 1.0601239080265037, "3": 0.7644434767906133, ":": 0.7426696772410525}