{"$": 50.3321483501215, "Million": 48.882730215836126, "Dollar": 43.522610802913555, "Billionaire": 38.21715419405297, "Inside": 30.670628360428335, "Spends": 26.04698131857891, "Millions": 24.856501443487893, "Billion": 23.329593195731984, "These": 21.773835635878008, "shorts": 19.950570647644284, "Spend": 18.672189771578843, "Mansion": 17.45579444725435, "s": 17.31044035775716, "Richest": 14.913900866092737, "\u2019": 14.045617467727917, "Yacht": 13.023490659289456, "Their": 12.963639063383264, "Presidents": 12.448126514385894, "The": 12.43995502603627, "'s": 12.388508335127911, "Skyscraper": 12.001839411757475, "Bezos": 12.001839411757475, "Billions": 11.637196298169565, "Musk": 11.618064000088406, "Elon": 11.547472507857826, "#": 11.24149626665858, "Jet": 10.826266081953236, "This": 10.635763026881385, "Cast": 10.424924691028934, "Cars": 10.354423604859496, "Abandoned": 9.804614834421255, "Jeff": 9.804614834421255, "Millionaire": 9.675537792146113, "Be": 9.625403724944169, "Private": 9.439971720833345, "In": 8.927188852790708, "Empire": 8.70452216058271, "Expensive": 8.70452216058271, "Built": 8.418320473301364, "Stars": 8.418320473301364, "World": 8.00354329251151, "Like": 7.984793183804008, "Went": 7.793571103217059, "Is": 7.744503496924104, "Booker": 7.610357618312838, "Travolta": 7.610357618312838, "4.7": 7.610357618312838, "Kremlin": 7.610357618312838, "135K": 7.610357618312838, "Zimbabwe": 7.610357618312838, "367K": 7.610357618312838, "Demolitions": 7.610357618312838, "Zayed": 7.610357618312838, "Hovercraft": 7.610357618312838, "200M": 7.610357618312838, "Superyacht": 7.610357618312838, "Superyachts": 7.610357618312838, "KPOP": 7.610357618312838, "Wahlberg": 7.610357618312838, "1.7": 7.610357618312838, "3D-Printed": 7.610357618312838, "Supercar": 7.610357618312838, "Megastructure": 7.610357618312838, "Doomsday": 7.610357618312838, "Seized": 7.610357618312838, "15K": 7.610357618312838, "Snoop": 7.610357618312838, "Dogg": 7.610357618312838, "Hover": 7.610357618312838, "Mark": 7.607390257085036, "North": 7.396669225769383, "Devin": 6.9172104377528925, "247": 6.9172104377528925, "Lambo": 6.9172104377528925, "Khalifa": 6.9172104377528925, "Megaproject": 6.9172104377528925, "Kenya": 6.9172104377528925, "MILLIONS": 6.9172104377528925, "Train": 6.667382998593564, "How": 6.666426007094625, "A": 6.562083062391464, "Bunker": 6.511745329644728, "Rigged": 6.511745329644728, "Supersonic": 6.511745329644728, "Maldives": 6.511745329644728, "Swallowed": 6.511745329644728, "Shaped": 6.511745329644728, "Obi-Wan": 6.511745329644728, "Wasted": 6.511745329644728, "Mansions": 6.511745329644728, "Brady": 6.511745329644728, "Disneyland": 6.511745329644728, "Visitors": 6.511745329644728, "Volkswagen": 6.511745329644728, "1.5": 6.224063257192947, "Trillion": 6.224063257192947, "ATV": 6.224063257192947, "Fortune": 6.224063257192947, "87": 6.224063257192947, "BILLION": 6.224063257192947, "Bankrupt": 6.224063257192947, "His": 6.177138082527594, "Oasis": 6.000919705878737, "Waterfall": 6.000919705878737, "Lottery": 6.000919705878737, "Mercedes": 6.000919705878737, "Vault": 6.000919705878737, "700": 6.000919705878737, "Of": 5.884150140454894, "Cuban": 5.8185981490847825, "Youngest": 5.8185981490847825, "Launcher": 5.8185981490847825, "Luxury": 5.8185981490847825, "Ferrari": 5.8185981490847825, "Floating": 5.664447469257524, "Palace": 5.664447469257524, "Salman": 5.664447469257524, "Disappearing": 5.664447469257524, "Malaysia": 5.664447469257524, "Thailand": 5.664447469257524, "Criminals": 5.664447469257524, "Bieber": 5.664447469257524, "On": 5.602063291510065, "It": 5.592463283318053, "Car": 5.532341063708492, "Miami": 5.530916076633002, "Sheikh": 5.530916076633002, "Homeless": 5.530916076633002, "Billionaires": 5.530916076633002, "59": 5.413133040976618, "Failures": 5.413133040976618, "Secretly": 5.413133040976618, "Craziest": 5.413133040976618, "To": 5.327344776587972, "Underwater": 5.307772525318792, "Tyson": 5.307772525318792, "Bin": 5.307772525318792, "Sell": 5.307772525318792, "Airport": 5.212462345514467, "Expect": 5.212462345514467, "Octopus": 5.212462345514467, "Submarine": 5.212462345514467, "Dollars": 5.212462345514467, "Golf": 5.212462345514467, "Paris": 5.125450968524837, "43": 5.125450968524837, "Dubai": 5.125450968524837, "Stole": 5.125450968524837, "Italy": 5.125450968524837, "Things": 5.045522566160907, "Arab": 5.045408260851301, "600": 5.045408260851301, "Pole": 5.045408260851301, "Destroyed": 5.045408260851301, "Celebrities": 4.971300288697579, "Airplane": 4.902307417210627, "300": 4.902307417210627, "Dinner": 4.902307417210627, "Depp": 4.777144274256622, "Stranger": 4.777144274256622, "Soon": 4.777144274256622, "Families": 4.7199858604166725, "Underground": 4.665918639146397, "Putin": 4.665918639146397, "Hotel": 4.665918639146397, "Desert": 4.614625344758847, "NASA": 4.614625344758847, "Sold": 4.614625344758847, "Half": 4.614625344758847, "Most": 4.574695278348859, "Broke": 4.519315164954522, "Justin": 4.519315164954522, "Will": 4.5169989696735415, "U": 4.474863402383688, "Rocket": 4.474863402383688, "Driving": 4.432303787964892, "Hit": 4.432303787964892, "Theme": 4.391481793444637, "Ride": 4.391481793444637, "Korea": 4.391481793444637, "Row": 4.352261080291355, "Mike": 4.314520752308509, "Government": 4.278153108137634, "Russian": 4.243061788326363, "Johnny": 4.243061788326363, "Service": 4.176370413827692, "Forest": 4.144621715513111, "Famous": 4.113850056846357, "Worth": 4.113850056846357, "Sky": 4.083997093696676, "Tom": 4.055009556823424, "Wo": 4.026838679856728, "Left": 3.999439705668613, "Largest": 3.921478164198901, "Russia": 3.8967855516085295, "X": 3.8967855516085295, "Robot": 3.872688000029469, "Island": 3.8261679843945764, "Self": 3.8261679843945764, "n't": 3.793249625606937, "Market": 3.7817162218237423, "26": 3.7391566074049467, "Course": 3.6983346128846915, "Around": 3.6591138997314103, "What": 3.655321514760706, "Are": 3.6346880198573874, "Sea": 3.567306350478287, "China": 3.5499146077664183, "Behind": 3.5499146077664183, "Hidden": 3.532820174407118, "Control": 3.4994837541395265, "Everything": 3.376251113715578, "Park": 3.376251113715578, "King": 3.3618623762634785, "John": 3.347677741271522, "Being": 3.347677741271522, "Has": 3.179540819469524, "US": 3.167706361822521, "Space": 3.1560103220593296, "Just": 3.133020803834631, "Look": 3.1217212485806978, "City": 3.1105479479825724, "American": 3.088569041263797, "Building": 3.0777581251595816, "They": 3.0777581251595816, "Now": 3.005187432324746, "Secret": 2.965966719171465, "100": 2.6758836851821455, "Making": 2.6615977279346694, "Man": 2.5669325013935906, "Real": 2.516607417506075, "By": 2.510491190488639, "20": 2.510491190488639, "9": 2.395421860703852, "An": 2.3633335461523512, "Who": 2.292237624468621, "'": 2.155036502955136, "Life": 1.9439309302004053, "From": 1.919998163988777, "New": 1.6015444328702424, "Why": 1.6015444328702424, "With": 1.5893342689633112, "4": 1.5796723580515744, "For": 1.4966754384806062, "5": 1.3917574986211083, "You": 1.3077386425679325}