{"600-lb": 20.85914180452153, "Got": 19.706523158084032, "After": 14.6088042095944, "Patients": 13.906094536347688, "Talent": 13.48893448605762, "Pawn": 12.884443288815707, "Dr": 12.802409768771078, "HEATED": 12.519800175227797, "That": 12.06652443754104, "Phil": 10.436892425571475, "Judges": 10.322575597891579, "Auditions": 10.01427423823706, "Who": 9.458736802008534, "Ed": 8.936281236771688, "...": 8.926824181858954, "Famous": 8.62797987711717, "Nowzaradan": 8.051659556841953, "Elen": 8.051659556841953, "Super-Rare": 8.051659556841953, "Valuated": 8.051659556841953, "Cringe\u2026": 8.051659556841953, "Supernanny": 8.051659556841953, "100,00": 8.051659556841953, "Her": 7.920040514960741, "Stars": 7.522400231387125, "Kid": 7.389901460304723, "Disrespected": 7.358512376282008, "Masterchef": 7.358512376282008, "Seller": 7.358512376282008, "Swindled": 7.358512376282008, "Devastating": 7.358512376282008, "Transformed": 7.358512376282008, "Sadly": 7.358512376282008, "Scandals": 6.953047268173844, "Clueless": 6.953047268173844, "Convince": 6.953047268173844, "Shameless": 6.953047268173844, "SHOOK": 6.953047268173844, "KUWTK": 6.953047268173844, "Reject": 6.953047268173844, "Artifacts": 6.953047268173844, "Spills": 6.665365195722063, "Cried": 6.665365195722063, "Shady": 6.665365195722063, "Pitch": 6.665365195722063, "Life": 6.455286609778385, "Gem": 6.442221644407853, "Addison": 6.442221644407853, "Nervous": 6.442221644407853, "Patient": 6.259900087613898, "SPEECHLESS": 6.259900087613898, "Psycho": 6.259900087613898, "Breakup": 6.259900087613898, "Addicted": 6.10574940778664, "Confession": 6.10574940778664, "Harrison": 6.10574940778664, "So": 6.0294139088566485, "LOSES": 5.972218015162118, "Officially": 5.972218015162118, "Tragedy": 5.972218015162118, "Experts": 5.972218015162118, "Destroys": 5.972218015162118, "Themselves": 5.972218015162118, "Item": 5.972218015162118, "Gets": 5.915818712070383, "Hearing": 5.854434979505734, "Celebs": 5.854434979505734, "TOXIC": 5.854434979505734, "Fianc\u00e9": 5.749074463847908, "To": 5.699767230371716, "Millions": 5.653764284043583, "Dumbest": 5.653764284043583, "Ended": 5.653764284043583, "Is": 5.633620358820051, "Rae": 5.566752907053953, "Cowell": 5.566752907053953, "Completely": 5.486710199380417, "Risk": 5.486710199380417, "Guests": 5.412602227226695, "Started": 5.343609355739743, "TALENT": 5.343609355739743, "Harvey": 5.343609355739743, "BANNED": 5.343609355739743, "Extremely": 5.343609355739743, "RARE": 5.279070834602172, "Ellen": 5.218446212785738, "Big": 5.184148085395589, "On": 5.176530251060562, "Digger": 5.161287798945789, "Rick": 5.1072205776755135, "Show": 5.060397277959414, "Spent": 4.960617103483638, "Audition": 4.960617103483638, "Get": 4.928821796883408, "Ancient": 4.873605726494008, "Cry": 4.793563018820471, "HILARIOUS": 4.793563018820471, "Answer": 4.793563018820471, "Awkward": 4.793563018820471, "Couples": 4.793563018820471, "Simon": 4.7194550466667495, "Reason": 4.684363726855479, "Teen": 4.6176723523568075, "My": 4.6019648517890355, "Even": 4.555151995375473, "Fails": 4.525299032225792, "Tea": 4.525299032225792, "Cheating": 4.525299032225792, "Left": 4.468140618385844, "Steve": 4.440741644197729, "CA": 4.414073397115568, "Relationship": 4.414073397115568, "Revealed": 4.414073397115568, "Ending": 4.362780102728017, "Funniest": 4.338087490137646, "In": 4.3309767946376, "90": 4.290459441148391, "The": 4.272374169870355, "Explained": 4.223018160352859, "Times": 4.201511955131895, "Lady": 4.119833924117628, "Then": 4.119833924117628, "Weird": 4.081367643289831, "Tricks": 4.081367643289831, "EVERYTHING": 4.081367643289831, "Happened": 4.044326371609483, "Perfect": 4.044326371609483, "Tried": 4.0086082890074035, "Fortnite": 4.0086082890074035, "Shows": 3.974122112936234, "Makes": 3.924525171796862, "Were": 3.9085248304504208, "Voice": 3.892776473482282, "This": 3.862724275782006, "Emotional": 3.862004814815528, "CAUGHT": 3.862004814815528, "Performance": 3.862004814815528, "It": 3.827865005511439, "SUPER": 3.817553052244694, "Truth": 3.817553052244694, "Talk": 3.6822117043749323, "Of": 3.6701069115141776, "Gold": 3.6572104021695147, "Stories": 3.62084275799864, "10": 3.5918190301771733, "Cover": 3.5857514381873696, "Being": 3.5298709797929133, "Way": 3.4666920781713815, "Wrong": 3.4464893708538624, "Goes": 3.3976992066844303, "N'T": 3.315461108447458, "Their": 3.1996292929223364, "They": 3.117185623711262, "Over": 3.0477132508964946, "Moments": 3.034379720027029, "Behind": 3.021221635449518, "Magic": 3.0018035495924167, "Made": 3.0018035495924167, "Disney": 2.951793129017755, "Ever": 2.9396717684854106, "Old": 2.8868735829184393, "Was": 2.8868735829184393, "Girl": 2.836723799232968, "IT": 2.820550939987367, "He": 2.7786599982782065, "Not": 2.7433918594407487, "By": 2.695073282169941, "Be": 2.6311245575696676, "Real": 2.5920740426977944, "His": 2.550401346297227, "When": 2.546328020909591, "Story": 2.52223046933053, "Full": 2.4909779258264257, "Most": 2.4312586911248038, "$": 2.289608174061777, "All": 2.274007233619297, "Time": 2.2525669023814276, "Up": 2.1880283812438566, "From": 2.185191499908657, "Day": 2.1247335308715427, "s": 1.8410594798173006, "With": 1.6597424434493515, "\u2019": 1.4586150226995167, ".": 1.2111130275532667, "!": 0.8511535975391459, "'s": 0.8239970581132987, ",": 0.594627467719573}