{"F1": 93.99420160389082, "Career": 47.14363687324315, "2021": 28.151671213291646, "22": 23.897644637966092, "Mode": 18.73443080502512, "Part": 17.678089571345776, "Monaco": 16.28364771270804, "GP": 15.134670955939724, "CAUSES": 14.88557118288989, "HAMILTON": 14.074640966673561, "Laps": 13.05298971914158, "GAMEPLAY": 12.448209004634457, "Supercars": 12.112982460650109, "Co": 10.85576514180536, "Lap": 10.726688099530218, "Race": 10.095744442617676, "-": 9.668122158807886, "Gameplay": 9.24967338748013, "Op": 9.104827667097561, "LOOK": 8.529463522193998, "ANNOUNCES": 8.13593277200489, "Austria": 8.13593277200489, "Decider": 8.13593277200489, "KARTING": 8.13593277200489, "RETIREMENT": 7.442785591444945, "GUST": 7.442785591444945, "Ricciardo": 7.442785591444945, "RICCIARDO": 7.442785591444945, "Pirelli": 7.037320483336781, "Assists": 7.037320483336781, "Hamilton": 7.037320483336781, "Pitstops": 7.037320483336781, "ENDURANCE": 7.037320483336781, "VERSTAPPEN": 6.749638410885, "Baku": 6.749638410885, "Fault": 6.749638410885, "Safely": 6.749638410885, "Abu": 6.749638410885, "Dhabi": 6.749638410885, "Jeddah": 6.749638410885, "traffic": 6.52649485957079, "WIND": 6.52649485957079, "BS": 6.52649485957079, "PRIX": 6.52649485957079, "walk": 6.344173302776835, "lap": 6.344173302776835, "Racers": 6.190022622949577, "Imola": 6.190022622949577, "Brazil": 6.190022622949577, "First": 6.133868669781577, "Italian": 6.056491230325054, "TAKEN": 6.056491230325054, "Immersive": 6.056491230325054, "CO": 6.056491230325054, "WEATHER": 6.056491230325054, "VR": 6.000268669909257, ":": 5.94135741792842, "Canada": 5.9387081946686715, "Wet": 5.9387081946686715, "Lewis": 5.9387081946686715, "Sprint": 5.9387081946686715, "Formation": 5.9387081946686715, "MONACO": 5.9387081946686715, "faster": 5.833347679010845, "McLaren": 5.833347679010845, "VEGAS": 5.833347679010845, "Customisation": 5.73803749920652, "MIAMI": 5.73803749920652, "FINAL": 5.66525572789163, "POINTS": 5.570983414543353, "HEAVY": 5.496875442389632, "SEASON": 5.484610451305058, "Daniel": 5.42788257090268, "Prix": 5.42788257090268, "MANAGER": 5.363344049765109, "WERE": 5.363344049765109, "DRAMA": 5.3027194279486745, "Crashes": 5.19149379283845, "UNSTOPPABLE": 5.19149379283845, "a": 5.1895454023433905, "Team": 5.165946374166546, "Front": 5.140200498450899, "Miami": 5.140200498450899, "2022": 5.108978037797133, "SNOW": 5.091410334281467, "British": 5.044890318646575, "BEGINS": 5.000438556075741, "Life": 4.96688718347248, "Runner": 4.957878941656944, "CAREER": 4.957878941656944, "DOES": 4.91705694713669, "car": 4.877836233983408, "Plane": 4.803728261829686, "65": 4.768636942018416, "Competitive": 4.768636942018416, "62": 4.768636942018416, "LEAKS": 4.734735390342735, "66": 4.670196869205164, "63": 4.670196869205164, "61": 4.63942521053841, "EPISODE": 4.63942521053841, "AWAY": 4.609572247388729, "This": 4.547578696423603, "Bought": 4.447053317890954, "RIGHT": 4.447053317890954, "%": 4.423353949180717, "Championship": 4.422360705300583, "GRAND": 4.398263153721522, "My": 4.380328651110128, "2023": 4.374732656311328, "LAS": 4.374732656311328, "Can": 4.349854864763234, "Sim": 4.285785170294832, "EA": 4.264731761096999, "Talk": 4.244112473894264, "..": 4.220133596359152, "Golf": 4.2041071392805645, "REVEALED": 4.2041071392805645, "CHAOS": 4.165640858452769, "THIS": 4.158297517552532, "Cursed": 4.1285995867724194, "RACE": 4.09288150417034, "Controller": 4.0754897614584715, "at": 4.026879924981008, "MASSIVE": 4.008798386959799, "EARLY": 3.9770496886452187, "Cars": 3.9615455021092534, "AI": 3.9312401526139245, "33": 3.9312401526139245, "Announcement": 3.9164250668287837, "happened": 3.9164250668287837, "1v1": 3.8874375299555313, "Playthrough": 3.8592666529888353, "Amazing": 3.8454733308564992, "Hot": 3.81844465846858, "Survive": 3.81844465846858, "Trying": 3.753906137331009, "Land": 3.7292135247406373, "Changes": 3.7170921642082924, "32": 3.705115973161577, "OF": 3.67764690414191, "Ultra": 3.670024653350307, "than": 3.6585959575266838, "WAS": 3.6585959575266838, "FINALE": 3.636123101674625, "64": 3.6250732654880404, "0": 3.592637989734887, "CAR": 3.5820558804043494, "Mini": 3.561221793501508, "60": 3.530762586016799, "Grand": 3.520812255163631, "NEED": 3.4915418728635177, "MODE": 3.4724936778928233, "Two": 3.4631039375429844, "Finally": 3.399734323610395, "Here": 3.2761203676432182, "Look": 3.2531308494185196, "WHAT": 3.2232778862688383, "Everything": 3.1319864660594314, "what": 3.1319864660594314, "LIFE": 3.0860767647553535, "'s": 3.0703723427740375, "About": 2.9264466191634693, "BATTLE": 2.862933213441144, "as": 2.817812778160674, "REAL": 2.812922792866482, "OP": 2.7468610421883897, "WE": 2.7153977727326044, "on": 2.705215142801861, "Let": 2.6721009669792806, "do": 2.667872630869759, "&": 2.5947727011716952, "FIRST": 2.4660518490243706, "THE": 2.410876012106528, "ON": 2.3993604745256985, "ALL": 2.318821612041686, "No": 2.292388354973531, "is": 2.287672689178005, "Season": 2.266635858871116, "MY": 2.1246655976007287, "you": 2.0003678809231515, "in": 1.9885910519180792, "100": 1.8592892826632461, "IS": 1.7885435623488801, "IN": 1.6065139337426653, "You": 1.6050551442790053, "A": 1.5824274357104362, "of": 1.5798451241831961, "vs": 1.5415193122551119, "?": 1.5295500417975294, "the": 1.421149769955478, ",": 1.4116372668861796, "Game": 1.3778382675771597, "NEW": 1.361708885647276, "to": 0.8931348492111348, "!": 0.8064818150644539, "I": 0.7931535826730446, "3": 0.7644434767906133, "1": 0.7432852512832672, "(": 0.4018114686765854, ")": 0.4018114686765854}