{"TIANA": 224.906084141886, "MUSARRA": 224.906084141886, "HAUL": 36.45247404292346, "BIKINI": 29.175677852941405, "PHOTOSHOOT": 28.17232437563065, "BRAZIL": 27.734991437025563, "TRY": 24.88516333412406, "|": 24.09738810393596, "VLOG": 23.466691173987883, "FROM": 22.71407883599718, "AND": 22.52637954371769, "\u2661": 21.573211273236968, "BLUE": 19.95135084080431, "SHEIN": 19.41722527030622, "SWIMWEAR": 19.2687667064712, "MORE": 18.442773630354083, "BODY": 17.178762118564528, "LEG": 16.642360494409502, "ON": 16.370396063852603, "RANDOM": 15.109883623111529, "LEGGINGS": 14.67842593472911, "SPRING": 13.893488298787034, "POOL": 13.69987273537432, "DAY": 12.993190721851304, "MUST": 12.361011427489064, "LINGERIE": 12.172899997738375, "NEED": 11.715677288638226, "DRESSES": 11.670271141176562, "SUMMER": 11.438557328245182, "BTS": 10.769126674302552, "NOVA": 9.6269686461126, "INSTAGRAM": 9.548527219806036, "FASHION": 9.07170517291604, "OUTFITS": 8.842884470560552, "2022": 8.703955041830902, "WEEKEND": 8.542320064461876, "haul": 8.281079699627748, "90S": 8.0323601479245, "LAMAR": 8.0323601479245, "LANY": 8.0323601479245, "TIGHT": 8.0323601479245, "OXYSHRED": 8.0323601479245, "STRETCHING": 8.0323601479245, "LEGGING": 8.0323601479245, "LIFTING": 8.0323601479245, "unready": 8.0323601479245, "EASY": 7.6854108117961495, "YOU": 7.556794205278555, "NASHVILLE": 7.339212967364555, "BIKINIS": 7.339212967364555, "WAXING": 7.339212967364555, "GLUTE": 7.339212967364555, "ADD": 7.339212967364555, "GLUTES": 7.339212967364555, "LOLA": 6.933747859256391, "HAVE": 6.915298338842235, "FLEW": 6.64606578680461, "PICKING": 6.64606578680461, "CARNIVAL": 6.64606578680461, "BOOTY": 6.4229222354904, "AFFORDABLE": 6.4229222354904, "WORKOUTS": 6.4229222354904, "HEAVY": 6.4229222354904, "NEW": 6.260818617953776, "FRANCISCO": 6.240600678696445, "BUSH": 6.240600678696445, "MY": 6.122686802449555, "RACHEL": 6.086449998869187, "YOUR": 6.030160622219152, "CHILL": 5.952918606244665, "HAVES": 5.952918606244665, "spend": 5.952918606244665, "nova": 5.835135570588281, "TIME": 5.735148348001973, "WET": 5.729775054930455, "TARGET": 5.729775054930455, "SAN": 5.63446487512613, "TASTE": 5.63446487512613, "TO": 5.619794278297702, "SEXY": 5.5474534981365, "SWIMMING": 5.467410790462964, "CONCERT": 5.393302818309242, "STORYTIME": 5.393302818309242, "SICK": 5.259771425684719, "AMAZON": 5.259771425684719, "WHITE": 5.199146803868285, "PUT": 5.141988390028335, "TESTING": 5.141988390028335, "CUTE": 5.0366278743705095, "COVER": 5.0366278743705095, "VALENTINES": 4.987837710201077, "HEALTHY": 4.941317694566185, "W": 4.941317694566185, "IM": 4.896865931995351, "ALONE": 4.896865931995351, "TOGETHER": 4.854306317576555, "fashion": 4.774263609903018, "BEACH": 4.665064317938026, "FOR": 4.643866261099261, "WORKOUT": 4.631162766262345, "STYLE": 4.566624245124774, "weekend": 4.53585258645802, "me": 4.460483545094875, "WENT": 4.421442235280276, "BEEN": 4.394773988198114, "HAPPENED": 4.343480693810564, "come": 4.161159137016609, "MOVING": 4.062068234372378, "try": 3.889225421532968, "BY": 3.889225421532968, "HOT": 3.8427054058980747, "SUPER": 3.798253643327241, "INTO": 3.769680270883185, "NIGHT": 3.769680270883185, "ROUTINE": 3.7282950547203306, "REALLY": 3.6885547260708167, "FINALLY": 3.6756513212349087, ",": 3.5709226863192463, "NEVER": 3.4784832563239596, "IN": 3.423183707347836, "HUGE": 3.253236654812971, "THE": 3.1574702980636173, "more": 3.1270853694860707, "HOME": 3.1197052621884485, "I": 3.0688536456475903, "ALL": 3.0419275611457643, "get": 3.001922226532065, "UP": 2.9825041406749633, "AT": 2.9083961685212416, "HOW": 2.8338631166586747, "LIFE": 2.8120043228461755, "WHAT": 2.739055323200008, "FIRST": 2.5856227762581905, "THIS": 2.4602061157467356, "with": 2.429059152940701, "..": 2.302260364950926, "+": 1.9365355854922757, "!": 1.613425033086173, "on": 1.3990417146441236, "and": 1.0103837248523406, "the": 0.8855879684718633, "&": 0.8134504403054402}