{"GOP": 48.81559663202934, "Biden": 44.65671354866967, "Timcast": 37.213927957224726, "Republicans": 24.40779831601467, "Democrat": 24.40779831601467, "Democrats": 24.40779831601467, "IRL": 22.762069167743903, "FBI": 19.032519908330507, "Prager": 16.27186554400978, "Leftist": 16.27186554400978, "Frontrunner": 16.27186554400978, "Says": 15.274231002844402, "Collapsing": 14.88557118288989, "CIVIL": 14.88557118288989, "Gas": 13.828716742166186, "Is": 13.521703620954497, "Poll": 13.49927682177, "Claims": 13.49927682177, "Civil": 13.05298971914158, "Economy": 12.68834660555367, "Wins": 12.385798760317257, "Ratings": 12.380045245899154, "Are": 12.110999832477606, "For": 11.97628931867181, "Prices": 11.877416389337343, "To": 11.640624745717403, "Jake": 10.726688099530218, "Over": 10.532879876161857, "Trump": 10.491122028217452, "Wave": 10.000877112151482, "Coming": 9.946953619199562, ",": 9.881460868203257, "US": 9.277522965256932, "Paul": 9.219144494777458, "In": 8.960675823825806, "Maher": 8.13593277200489, "Addresses": 8.13593277200489, "MENSTRUATING": 8.13593277200489, "Argument": 8.13593277200489, "Dems": 8.13593277200489, "w/Dennis": 8.13593277200489, "Migrant": 8.13593277200489, "Policies": 8.13593277200489, "ABYSMALLY": 8.13593277200489, "Senators": 8.13593277200489, "SCOTUS": 8.13593277200489, "Justices": 8.13593277200489, "Progressive": 8.13593277200489, "'Squad": 8.13593277200489, "Elections": 8.13593277200489, "Midterm": 8.13593277200489, "w/Jorge": 8.13593277200489, "Hernandez": 8.13593277200489, "'Firehose": 8.13593277200489, "Markets": 8.13593277200489, "'Boxer": 8.13593277200489, "Voters": 8.13593277200489, "w/Bill": 8.13593277200489, "Ottman": 8.13593277200489, "Kilstein": 8.13593277200489, "Postmates": 8.13593277200489, "Explicit": 8.13593277200489, "Airing": 8.13593277200489, "Pro-Trans": 8.13593277200489, "CNN": 8.13593277200489, "Partisanship": 8.13593277200489, "Stelter": 8.13593277200489, "FLAILS": 8.13593277200489, "Approval": 8.13593277200489, "Purging": 8.13593277200489, "Conservatives": 8.13593277200489, "Robust": 8.13593277200489, "12th-Grade": 8.13593277200489, "CNBC": 8.13593277200489, "Economic": 8.13593277200489, "w/Andy": 8.13593277200489, "Ngo": 8.13593277200489, "Far-Left": 8.13593277200489, "Attorneys": 8.13593277200489, "Protestors": 8.13593277200489, "Kavanaugh": 8.13593277200489, "Kimmel": 8.13593277200489, "Arrests": 8.13593277200489, "Probe": 8.13593277200489, "PRAISES": 8.13593277200489, "w/Tommy": 8.13593277200489, "Altman": 8.13593277200489, "RAISIE": 8.13593277200489, "Ex-Democrat": 8.13593277200489, "LANDSLIDE": 8.13593277200489, "Candidate": 8.13593277200489, "Groomer": 8.13593277200489, "COMING": 8.083176419565579, "And": 7.83143949861932, "CORRECT": 7.442785591444945, "AGREE": 7.442785591444945, "U.S": 7.442785591444945, "Headed": 7.442785591444945, "Ventura": 7.442785591444945, "COLLAPSING": 7.442785591444945, "Slams": 7.442785591444945, "SLAMMED": 7.442785591444945, "Proposes": 7.442785591444945, "ARRESTS": 7.442785591444945, "Escalates": 7.442785591444945, "Votes": 7.442785591444945, "Schools": 7.442785591444945, "As": 7.340049306700614, "His": 7.185275979469774, "People": 7.122443587003016, "Caravan": 7.037320483336781, "OBJECT": 7.037320483336781, "Drew": 7.037320483336781, "ROASTS": 7.037320483336781, "Jamie": 7.037320483336781, "Affected": 7.037320483336781, "Whistleblower": 7.037320483336781, "Kindergarten": 7.037320483336781, "Students": 7.037320483336781, "Warns": 7.037320483336781, "EXPLODING": 7.037320483336781, "NYC": 7.037320483336781, "Fed": 7.037320483336781, "Minimum": 7.037320483336781, "Purchases": 7.037320483336781, "Books": 7.037320483336781, "WAR": 6.9449873557856465, "Gun": 6.907603089761341, "'": 6.868481990841499, "Rep": 6.749638410885, "Insanely": 6.749638410885, "Compare": 6.749638410885, "Heading": 6.749638410885, "Violence": 6.749638410885, "Allegations": 6.749638410885, "Activity": 6.52649485957079, "ROASTED": 6.52649485957079, "Putting": 6.52649485957079, "Protest": 6.52649485957079, "On": 6.359326836919612, "Dennis": 6.344173302776835, "Predicts": 6.344173302776835, "JOINS": 6.344173302776835, "DRAG": 6.344173302776835, "Gay": 6.190022622949577, "Teen": 6.190022622949577, "JAIL": 6.190022622949577, "Jimmy": 6.190022622949577, "Legal": 6.190022622949577, "Adding": 6.056491230325054, "Member": 6.056491230325054, "Of": 5.975241413637734, "Border": 5.9387081946686715, "Jokes": 5.9387081946686715, "Jan": 5.9387081946686715, "6th": 5.9387081946686715, "About": 5.8528932383269385, "MEN": 5.833347679010845, "Reset": 5.833347679010845, "CEO": 5.833347679010845, "Brian": 5.833347679010845, "Peak": 5.833347679010845, "Bill": 5.73803749920652, "Scared": 5.73803749920652, "Elon": 5.73803749920652, "Musk": 5.73803749920652, "Data": 5.73803749920652, "Ruining": 5.73803749920652, "Adult": 5.73803749920652, "Challenging": 5.73803749920652, "Was": 5.675230810913708, "Red": 5.675230810913708, "If": 5.66525572789163, "Ad": 5.65102612221689, "Piece": 5.570983414543353, "January": 5.570983414543353, "Finished": 5.496875442389632, "Twitter": 5.42788257090268, "RIDICULOUS": 5.42788257090268, "Market": 5.363344049765109, "QUEEN": 5.363344049765109, "Push": 5.3027194279486745, "Worse": 5.3027194279486745, "Called": 5.245561014108726, "HALF": 5.245561014108726, "Fox": 5.245561014108726, "TANKS": 5.140200498450899, "Crisis": 5.140200498450899, "Hits": 5.091410334281467, "Attempt": 5.091410334281467, "War": 5.075021626013031, "DISASTER": 5.044890318646575, "Shows": 5.000438556075741, "Hope": 4.91705694713669, "101": 4.91705694713669, "Low": 4.877836233983408, "Turned": 4.768636942018416, "Hands": 4.734735390342735, "Through": 4.701945567519744, "ANOTHER": 4.525014859360666, "AFTER": 4.498346612278505, "RIGHT": 4.447053317890954, "2023": 4.374732656311328, "Think": 4.223909766576744, "Control": 4.1285995867724194, "WINS": 4.110581081269741, "Their": 4.110581081269741, "Age": 4.025058907831579, "Record": 3.946278029978465, "YEAR": 3.9312401526139245, "State": 3.8454733308564992, "Security": 3.81844465846858, "The": 3.7614347211455343, "News": 3.693281515514574, "Too": 3.681585475751383, "AGAIN": 3.670024653350307, "Going": 3.636123101674625, "Channel": 3.6250732654880404, "Biggest": 3.61414419495585, "Great": 3.592637989734887, "Return": 3.592637989734887, "There": 3.5820558804043494, "Home": 3.5012037837752548, "EVERYTHING": 3.4264025706925563, "He": 3.260735448803739, "Into": 3.152326150296554, "Win": 3.1319864660594314, "Fight": 3.0860767647553535, "'s": 3.0703723427740375, "Only": 2.9711467980813766, "Be": 2.965448776966739, "MORE": 2.965448776966739, "House": 2.8836593439582607, "Made": 2.862933213441144, "Out": 2.7514377092158013, "Up": 2.697853463081695, "Will": 2.680611656647189, "New": 2.664855028793105, "Back": 2.626544435376913, "Life": 2.48344359173624, "Most": 2.4058329890313157, "Get": 2.37703099812761, "ALL": 2.318821612041686, "-": 2.301933847335211, "NO": 2.2894939969471664, "Battle": 2.1394806833858695, "$": 2.0651950440024005, "All": 1.9253326949802376, "It": 1.9233266762533718, "With": 1.9034847554543677, "IS": 1.7885435623488801, "&": 1.7298484674477967, "2022": 1.702992679265711, "A": 1.5824274357104362, "6": 1.5212071718011297, ".": 1.4792062478264987, "is": 1.1438363445890025, "5": 0.9505457564244738}