{"TNI": 58.60570796680255, "KOPASSUS": 30.44143047325135, "di": 26.84918041430213, "Jenderal": 22.831072854938512, "PANGLIMA": 22.831072854938512, "Panglima": 15.220715236625676, "pasukan": 15.220715236625676, "perkasa": 15.220715236625676, "dudung": 15.220715236625676, "KASAD": 15.220715236625676, "yang": 13.99775591743919, "ketika": 13.834420875505785, "AYO": 13.834420875505785, "untuk": 9.942600577395158, "ke": 8.949726804767376, "Tegas": 7.610357618312838, "perintahkan": 7.610357618312838, "KAPOLDA": 7.610357618312838, "ajak": 7.610357618312838, "kirim": 7.610357618312838, "khusus": 7.610357618312838, "papua": 7.610357618312838, "TRADISI": 7.610357618312838, "BATALYON": 7.610357618312838, "Penjemputan": 7.610357618312838, "bintara": 7.610357618312838, "baru": 7.610357618312838, "masuk": 7.610357618312838, "batalyon": 7.610357618312838, "tertembak": 7.610357618312838, "tangani": 7.610357618312838, "langsung": 7.610357618312838, "jalan": 7.610357618312838, "lapangan": 7.610357618312838, "bantu": 7.610357618312838, "GABUNG": 7.610357618312838, "KOMCAD": 7.610357618312838, "blusukan": 7.610357618312838, "pasar": 7.610357618312838, "Bocil": 7.610357618312838, "kerumunin": 7.610357618312838, "warga": 7.610357618312838, "membawa": 7.610357618312838, "sajam": 7.610357618312838, "Lebaran": 7.610357618312838, "Andika": 7.610357618312838, "PENGENDARA": 7.610357618312838, "PAJERO": 7.610357618312838, "shoting": 7.610357618312838, "susu": 7.610357618312838, "Teko": 7.610357618312838, "pak": 7.610357618312838, "Begal": 7.610357618312838, "dapat": 7.610357618312838, "Vicon": 7.610357618312838, "Kasad": 7.610357618312838, "Oprasi": 7.610357618312838, "Kembar": 7.610357618312838, "SITUASI": 7.610357618312838, "TEGANG": 7.610357618312838, "Rapat": 7.610357618312838, "penentuan": 7.610357618312838, "nasib": 7.610357618312838, "SUSU": 7.610357618312838, "SERDADU": 7.610357618312838, "Letkol": 7.610357618312838, "Inf": 7.610357618312838, "Wahyo": 7.610357618312838, "yuniartoto": 7.610357618312838, "tengah": 7.610357618312838, "KASAU": 7.610357618312838, "PANGGIL": 7.610357618312838, "PAM": 7.610357618312838, "Komando": 7.610357618312838, "INTIP": 7.610357618312838, "DIRGAHAYU": 7.610357618312838, "bertemu": 7.610357618312838, "serang": 7.610357618312838, "OTK": 7.610357618312838, "LARI": 7.610357618312838, "SANTAI": 7.610357618312838, "NGOPI": 7.610357618312838, "\ud83d\udfe5": 7.610357618312838, "satgas": 7.610357618312838, "bulan": 7.610357618312838, "istri": 7.610357618312838, "meninggalkan": 7.610357618312838, "suami": 7.610357618312838, "\ud83d\ude2d\ud83d\ude2d\ud83d\ude2d": 7.610357618312838, "LETDA": 7.610357618312838, "AJUDAN": 7.610357618312838, "DANREM": 7.610357618312838, "Mbak": 6.9172104377528925, "FORCE": 6.9172104377528925, "MAAF": 6.9172104377528925, "Terimakasih": 6.9172104377528925, "penghargaan": 6.9172104377528925, "Bantu": 6.9172104377528925, "Susu": 6.9172104377528925, "nya": 6.9172104377528925, "OLEH": 6.9172104377528925, "SELAM": 6.9172104377528925, "anak": 6.9172104377528925, "tinggal": 6.9172104377528925, "Mengaku": 6.9172104377528925, "MENIKAH": 6.9172104377528925, "\u2049\ufe0f": 6.9172104377528925, "Anggota": 6.511745329644728, "MINTA": 6.511745329644728, "KAPAL": 6.511745329644728, "AUSTRALIA": 6.511745329644728, "ANAK": 6.511745329644728, "MASUK": 6.224063257192947, "oleh": 6.224063257192947, "kun": 6.224063257192947, "karna": 6.224063257192947, "AKHIRNYA": 6.224063257192947, "Pace": 6.224063257192947, "Bayi": 6.224063257192947, "MATA": 6.224063257192947, "Menangis": 6.224063257192947, "AU": 6.000919705878737, "Jin": 6.000919705878737, "DAN": 5.664447469257524, "Selamat": 5.413133040976618, "DARI": 5.413133040976618, "DENGAN": 5.307772525318792, "AIR": 5.212462345514467, "Feat": 5.212462345514467, "dari": 5.045408260851301, "DI": 4.837768896073056, "Moment": 4.432303787964892, "Alex": 4.391481793444637, "Di": 4.314520752308509, "Dr": 3.6591138997314103, "Us": 3.3062925251086677, "LIVE": 3.1217212485806978, "..": 3.0777581251595816, "100": 2.6758836851821455, ",": 1.9823526797854971, "6": 1.9508754025532165, "...": 1.8420366225190652, "4": 1.5796723580515744, "!": 1.3133468148846013, ".": 1.141107301517065, "-": 0.5128087676980448}