{"Jordan": 85.74109544165374, "EARLY": 58.5531097705225, "EM": 48.12184355372417, "Foot": 42.87054772082687, "4K": 37.29919484517086, "GOT": 34.134674742539694, "COP": 32.10811133903259, "Nike": 25.499332139120995, "Review": 22.09494669928034, "Air": 21.50202726372339, "Sneakers": 18.86749670227237, "Low": 17.94204461875151, "On": 17.447577442133706, "Releases": 16.515994607797087, "STOCKX": 15.615833257852817, "Sneaker": 15.105983720059882, "Balance": 14.150622526704277, "Jordans": 12.843244535613035, "2022": 12.432702538807483, "These": 12.18297077651461, "SELL": 12.032314319396708, "Dunk": 12.032314319396708, "``": 11.734284894911605, "Heritage": 11.456950174493144, "Buying": 11.347694814573778, "Upcoming": 11.221384103180378, "SAME": 10.485934542929744, "Sell": 10.199732855648397, "Out": 9.531866445780024, "LIVE": 9.490577189355108, "Selling": 9.259725597156926, "in": 8.137190913922034, "Will": 8.12415060330663, "WATCH": 8.002508278312177, "Colorway": 7.807916628926408, "VISIONAIRE": 7.807916628926408, "ANTICIPATED": 7.807916628926408, "Visionaire": 7.807916628926408, "CACT.US": 7.807916628926408, "CORP": 7.807916628926408, "Geiger": 7.807916628926408, "72-10": 7.807916628926408, "JJJound": 7.807916628926408, "990v3": 7.807916628926408, "Claps": 7.807916628926408, "Accuses": 7.807916628926408, "FAKES": 7.807916628926408, "Counterfeits": 7.807916628926408, "CLOT": 7.807916628926408, "MaManiere": 7.807916628926408, "GRs": 7.807916628926408, "Doernbecher": 7.807916628926408, "But": 7.675249430748574, "Hand": 7.4949472367599785, "!": 7.235625251534141, "Releasing": 7.114769448366463, "SUED": 7.114769448366463, "BEWARE": 7.114769448366463, "TRADED": 7.114769448366463, "Lows": 7.114769448366463, "HI": 7.114769448366463, "Infrared": 6.709304340258298, "BOTH": 6.709304340258298, "Dunks": 6.709304340258298, "Of": 6.6732609604341295, "MUST": 6.550634271546305, "TOP": 6.445898300511673, "UNDERRATED": 6.421622267806518, "Cop": 6.421622267806518, "650": 6.421622267806518, "GRAILS": 6.421622267806518, "Before": 6.23313749339453, "Fog": 6.198478716492308, "Pickup": 6.198478716492308, "Mocha": 6.198478716492308, "EXACT": 6.198478716492308, "FINALE": 6.198478716492308, "Brave": 6.198478716492308, "OUT": 6.057586271629758, "Waiting": 6.016157159698354, "Neapolitan": 6.016157159698354, "Dove": 6.016157159698354, "DEAD": 6.016157159698354, "Midnight": 6.016157159698354, "Dropping": 5.862006479871095, "Union": 5.862006479871095, "GRAIL": 5.862006479871095, "Freestyle": 5.862006479871095, "Blazer": 5.862006479871095, "Navy": 5.862006479871095, "After": 5.835135001409309, "1": 5.743113546213855, "Yeezy": 5.728475087246572, "Travis": 5.610692051590189, "Site": 5.610692051590189, "Turtle": 5.610692051590189, "Mid": 5.610692051590189, "Violet": 5.610692051590189, "11": 5.581273584222968, "SNEAKERS": 5.5053315359323625, "RUNNING": 5.410021356128038, "FAR": 5.410021356128038, "Military": 5.410021356128038, "350": 5.3230099791384085, "Detailed": 5.3230099791384085, "Are": 5.252266157268647, "Trainer": 5.1688592993111495, "Times": 5.099866427824199, "Scott": 5.099866427824199, "Hype": 5.035327906686628, "1,000": 5.035327906686628, "Look": 4.9992978630504075, "That": 4.931164753923195, "Pure": 4.917544871030244, "And": 4.874557201597492, "More": 4.846843132274639, "In": 4.834417503395664, "Release": 4.812184355372417, "and": 4.800997231080863, "Nature": 4.716874175568092, "Bean": 4.629862798578463, "Grey": 4.512079762922079, "Running": 4.475712118751205, "Early": 4.475712118751205, "John": 4.440620798939935, "New": 4.402671975595969, "5": 4.37013297036691, "Shoe": 4.342180726126682, "Changed": 4.342180726126682, "Month": 4.311409067459929, "From": 4.296868826333575, "Summer": 4.282979881627953, "Is": 4.2760714118917775, "Team": 4.170330469200023, "THESE": 4.119037174812473, "Max": 4.0943445622221, "BEFORE": 4.001254139156089, "Them": 3.9792752324373133, "Mind": 3.9792752324373133, "Next": 3.9792752324373133, "Season": 3.95776902721635, "Ep": 3.8189325823621343, "June": 3.680782243881317, "Instant": 3.664781902534876, "Brand": 3.664781902534876, "The": 3.424577858109988, "MOST": 3.3890760211298105, "May": 3.365265372436092, "Blue": 3.365265372436092, "Dark": 3.3192802591942687, "SPRING": 3.3081069585961433, "LOOK": 3.2127967787918186, "IDEAS": 3.192796112085149, "High": 3.192796112085149, "Years": 3.1829438156421372, "Got": 3.116568746697265, "14": 3.062984500563158, "SUMMER": 3.062984500563158, "BACK": 3.054326437820044, "For": 3.0401161375292483, "By": 3.0121260833296675, "4": 2.967115333090195, "Green": 2.9558863650067915, "Should": 2.940382178470826, "x": 2.932719305725257, "13": 2.873442695795717, "So": 2.8450719986665014, "Like": 2.8450719986665014, "Red": 2.8381033293504077, ":": 2.8104760029475884, "10": 2.759622712483625, "Collection": 2.7580606216768717, "Have": 2.70805020110221, "Most": 2.6317668963525795, "Black": 2.6094195976605827, "I": 2.605988048654701, "DAY": 2.545226440021523, "All": 2.5349170703626616, "Vlog": 2.514611804201916, "At": 2.514611804201916, "YOU": 2.509599262378372, "Top": 2.4097539274086555, "OF": 2.3918162267219882, "Ideas": 2.3698373200032132, "A": 2.347134942863664, "&": 2.3443232145518382, "Part": 2.3231196954357536, "Why": 2.2985282922984314, "My": 2.2870152171520015, "3": 2.111292505569333, "$": 2.0617134383862554, "n't": 2.024091446596671, "Do": 2.017956458029155, "2": 1.8987031882700864, "6": 1.8392090689410427, "THE": 1.8341070170571472, "This": 1.823980348239218, "shorts": 1.7724351964016523, "is": 1.5637497282626722, "(": 1.5470573980218107, "You": 1.5275207899662138, ")": 1.5052075711733137, ",": 1.322518707136189, "on": 1.2611312181658845, "To": 1.2162428969177503, ".": 1.1258080314765997, "#": 0.921384986395898, "of": 0.9203640572617908, "for": 0.7788290647767465, "?": 0.6385666122558089, "|": 0.6255645170411459}