{"Discovered": 51.74167017463117, "Whole": 42.80240421753862, "Shocked": 41.290302391566314, "15": 31.467767134650153, "Supposed": 30.5287470389332, "World": 27.31876846750645, "See": 26.809433528396298, "Captures": 26.661460782888252, "What": 26.071672658472874, "They": 18.703113742267572, "Was": 14.434367914592197, "In": 12.9929303839128, "Most": 12.156293455624018, "One": 11.756079917256336, "No": 11.72274646046539, "Camera": 11.162778649666869, "Vehicles": 9.300924350359596, "Things": 8.643526685411405, "Control": 8.534939845847385, "Satisfying": 8.125351020555359, "Siberia": 8.051659556841953, "Archaeologist": 8.051659556841953, "Governments": 8.051659556841953, "Ashore": 7.358512376282008, "Amaze": 6.953047268173844, "Passengers": 6.953047268173844, "Recently": 6.953047268173844, "Antarctica": 6.665365195722063, "Outrageous": 6.665365195722063, "Homes": 6.665365195722063, "Fisherman": 6.442221644407853, "the": 6.430935800592859, "Locals": 6.259900087613898, "Washed": 6.259900087613898, "Discovers": 6.259900087613898, "Behavior": 6.259900087613898, "Nowhere": 6.10574940778664, "You": 6.071482875634439, "If": 6.0294139088566485, "States": 5.854434979505734, "Egypt": 5.854434979505734, "This": 5.794086413673009, "Captured": 5.749074463847908, "Thailand": 5.653764284043583, "Possible": 5.653764284043583, "Workers": 5.566752907053953, "Perfectly": 5.412602227226695, "Surprised": 5.412602227226695, "Middle": 5.279070834602172, "Unusual": 5.279070834602172, "Concept": 5.218446212785738, "Will": 5.133725246702597, "Machines": 5.1072205776755135, "Craziest": 4.960617103483638, "Nature": 4.873605726494008, "Africa": 4.832783731973753, "to": 4.828790462381713, "That": 4.826609775016416, "Past": 4.793563018820471, "Unique": 4.793563018820471, "Outside": 4.793563018820471, "Out": 4.784354682164665, "Japan": 4.755822690837625, "Its": 4.7194550466667495, "Factory": 4.7194550466667495, "Happens": 4.650462175179798, "ll": 4.6176723523568075, "Dubai": 4.555151995375473, "Impossible": 4.525299032225792, "Hate": 4.525299032225792, "Became": 4.49631149535254, "United": 4.468140618385844, "Ways": 4.468140618385844, "Rare": 4.414073397115568, "Swimming": 4.338087490137646, "The": 4.272374169870355, "Abandoned": 4.267469922923692, "While": 4.244997067071634, "Phone": 4.223018160352859, "Change": 4.223018160352859, "Shocking": 4.223018160352859, "Times": 4.201511955131895, "in": 4.149118657767523, "Job": 4.139636551413807, "Flying": 4.139636551413807, "Doing": 4.119833924117628, "Security": 4.062675510277679, "Deep": 3.9912165462955342, "Scary": 3.974122112936234, "Million": 3.9085248304504208, "Sea": 3.892776473482282, "Strange": 3.862004814815528, "#": 3.8396697669872024, "Fast": 3.788979679800638, "they": 3.7475944636377836, "Australia": 3.734171443305643, "Eggs": 3.6949507301523616, "Of": 3.6701069115141776, "2": 3.6638888392552382, "Caught": 3.62084275799864, "Cars": 3.4565397067073635, "Goes": 3.3976992066844303, "Amazing": 3.2233458195396523, "Their": 3.1996292929223364, "Only": 3.184125106386371, "Water": 3.117185623711262, "Videos": 3.0612269700632173, "Over": 3.0477132508964946, "Moments": 3.034379720027029, "People": 2.9041650800285006, "By": 2.695073282169941, "When": 2.546328020909591, "Get": 2.464410898441704, "Who": 2.3646842005021336, "Game": 2.3215597738683793, "Your": 2.2525669023814276, "from": 1.9117750046156983, "a": 1.8447240158251612, "of": 1.7940883998565813, "\u2019": 1.4586150226995167, "is": 1.384702764412747, "1": 1.2132543559946098, ",": 1.189254935439146, "A": 0.8908136501776546}