{"Shocked": 30.967726793674736, "Discovered": 28.74537231923954, "This": 23.176345654692035, "Whole": 19.0232907633505, "Was": 14.434367914592197, "What": 13.904892084518867, "Captures": 13.330730391444126, "They": 12.468742494845047, "Supposed": 12.21149881557328, "Scientists": 12.21149881557328, "Were": 11.725574491351262, "These": 10.622400150975311, "Find": 10.339468112561587, "But": 10.221805973101743, "When": 10.185312083638363, "See": 10.053537573148612, "World": 9.756703024109449, "Lives": 9.171847308084454, "If": 9.044120863284974, "t": 8.576108117855231, "He": 8.33597999483462, "Wouldn": 8.051659556841953, "Archeological": 8.051659556841953, "Camera": 7.4418524331112454, "Astronauts": 7.358512376282008, "Sphinx": 7.358512376282008, "Reacted": 7.358512376282008, "Fishermen": 7.358512376282008, "Caught": 7.24168551599728, "Species": 6.953047268173844, "Chained": 6.953047268173844, "Structures": 6.953047268173844, "Chambers": 6.953047268173844, "Found": 6.739056659435468, "Tribe": 6.665365195722063, "Photographer": 6.665365195722063, "Few": 6.665365195722063, "Sentence": 6.665365195722063, "Antarctica": 6.665365195722063, "Freaking": 6.665365195722063, "in": 6.638589852428036, "Giant": 6.613454856957407, "Do": 6.455286609778385, "Teens": 6.442221644407853, "Hundreds": 6.442221644407853, "Deeper": 6.442221644407853, "the": 6.430935800592859, "Their": 6.399258585844673, "Spiders": 6.259900087613898, "Navy": 6.259900087613898, "Unreal": 6.259900087613898, "Never": 6.149851628842758, "Creature": 6.10574940778664, "Megalodon": 6.10574940778664, "Viewers": 6.10574940778664, "Tsunami": 6.10574940778664, "You": 6.071482875634439, "Speechless": 5.972218015162118, "Hearing": 5.854434979505734, "After": 5.84352168383776, "\u2019": 5.834460090798067, "Expect": 5.749074463847908, "Encounter": 5.749074463847908, "Drivers": 5.749074463847908, "Brazil": 5.653764284043583, "Thailand": 5.653764284043583, "Titanic": 5.653764284043583, "Nobody": 5.566752907053953, "Expected": 5.486710199380417, "Didn": 5.486710199380417, "Humans": 5.412602227226695, "Wow": 5.412602227226695, "Damn": 5.343609355739743, "Released": 5.343609355739743, "African": 5.343609355739743, "Nightmares": 5.343609355739743, "20": 5.316064020979184, "Dying": 5.279070834602172, "Scared": 5.279070834602172, "Grow": 5.218446212785738, "CCTV": 5.218446212785738, "Exist": 5.0559272832879625, "Bizarre": 5.0559272832879625, "d": 4.916165340912804, "Creatures": 4.916165340912804, "Knows": 4.832783731973753, "Africa": 4.832783731973753, "Fear": 4.832783731973753, "to": 4.828790462381713, "Entire": 4.793563018820471, "Couple": 4.755822690837625, "One": 4.702431966902535, "No": 4.689098584186156, "Saw": 4.650462175179798, "Bird": 4.6176723523568075, "Footage": 4.6176723523568075, "Sun": 4.585923654042227, "Watching": 4.555151995375473, "Well": 4.525299032225792, "Left": 4.468140618385844, "Eye": 4.440741644197729, "Walk": 4.414073397115568, "Built": 4.414073397115568, "Level": 4.414073397115568, "Seconds": 4.3880979107123075, "Buying": 4.362780102728017, "Ocean": 4.362780102728017, "While": 4.244997067071634, "Give": 4.244997067071634, "Earth": 4.223018160352859, "South": 4.223018160352859, "Change": 4.223018160352859, "Think": 4.223018160352859, "re": 4.201511955131895, "Times": 4.201511955131895, "Hand": 4.201511955131895, "Moment": 4.201511955131895, "God": 4.180458545934062, "Something": 4.081367643289831, "Happened": 4.044326371609483, "Believe": 4.044326371609483, "Went": 4.0086082890074035, "Hidden": 3.974122112936234, "Hide": 3.957314994619853, "Takes": 3.957314994619853, "n't": 3.938881292931015, "Space": 3.8772722869463165, "Than": 3.862004814815528, "Right": 3.8469669374509876, "History": 3.832151851665847, "It": 3.827865005511439, "Here": 3.774993437825898, "Don": 3.7612001156935624, "Shark": 3.7612001156935624, "a": 3.6894480316503224, "Animals": 3.6572104021695147, "Say": 3.6328189490453555, "Animal": 3.609008300351637, "Before": 3.597312260588446, "Guy": 3.5857514381873696, "Should": 3.5518498865116888, "%": 3.476948578338571, "Way": 3.4666920781713815, "Years": 3.298069365735589, "Watch": 3.2558690112452124, "Know": 3.239475201469536, "New": 3.205540325390192, "Into": 3.1996292929223364, "Only": 3.184125106386371, "Secret": 3.095832499240693, "Has": 3.034379720027029, "Year": 3.008234439922707, ",": 2.9731373385978648, "People": 2.9041650800285006, "In": 2.887317863091733, "Did": 2.8868735829184393, "Things": 2.881175561803802, "is": 2.769405528825494, "Have": 2.7483546487828776, "of": 2.691132599784872, "About": 2.685683541820102, "Real": 2.5920740426977944, "Will": 2.5668626233512986, "His": 2.550401346297227, "on": 2.5276291490647482, "Man": 2.4385314504538833, "House": 2.434888459175382, "Are": 2.420447775020588, "Out": 2.3921773410823324, "Who": 2.3646842005021336, "Can": 2.3613001025178932, "Up": 2.1880283812438566, "it": 2.111488304121522, "you": 2.0114048455645395, "Is": 1.877873452940017, "A": 1.7816273003553091, "For": 1.778782550295786, "Video": 1.692085688169576, "at": 1.6091193903737548, "``": 1.5948899012697901, "''": 1.5886300999212835, "How": 1.577768860489679, "5": 1.5280972506924413, "for": 1.242620250798974, "The": 1.220678334248673, ".": 1.2111130275532667, "'s": 0.8239970581132987, "?": 0.6695351911044409}