{"idea": 91.17580962152877, "making": 67.78152042259622, "cloth": 56.918155586931704, "\u0915\u093e": 49.40758476802119, "\u091c\u0930\u0942\u0930": 39.79762627896154, "\u0938\u0947": 38.005834436939374, "\u090f\u0915": 34.252448834481974, "waste": 34.04434354831977, "from": 33.25052219267202, "\u0926\u0947\u0916\u0947\u0902/best": 31.231666515705633, "\u0915\u092a\u0921\u093c\u0947": 28.459077793465852, "\u092b\u0947\u0902\u0915\u0928\u0947": 28.459077793465852, "\u0915\u094b": 27.557009326129624, "\u092c\u093e\u0930": 26.053084356760095, "\u092c\u091a\u0947": 24.064628638793415, "\u092c\u0947\u092c\u0940": 23.423749886779227, "\u092c\u094d\u0932\u093e\u0909\u091c": 23.423749886779227, "\u0906\u0908\u0921\u093f\u092f\u093e/best": 23.423749886779227, "\u092a\u0940\u0938": 21.34430834509939, "fabric": 20.675437197244598, "\u0939\u0941\u090f": 20.14131162674651, "\u0910\u0938\u093e": 19.670179484120975, "\u091c\u093c\u0930\u0942\u0930": 19.26486680341955, "\u092c\u0947\u0915\u093e\u0930": 19.26486680341955, "blouse": 18.595436149476924, "\u092a\u0941\u0930\u093e\u0928\u0947": 17.586019439613285, "piece": 17.586019439613285, "\u0939\u0948": 16.68132187680009, "\u0926\u0947\u0916\u0947\u0902/Best": 15.615833257852817, "\u0915\u092e\u093e\u0932/BEST": 15.615833257852817, "\u0905\u092b\u0932\u093e\u0924\u0942\u0928": 15.615833257852817, "\u0926\u0941\u092a\u091f\u094d\u091f\u0947": 15.615833257852817, "\u0915\u0947": 15.130259752765037, "\u091a\u0940\u091c": 15.105983720059882, "\u0915\u0940": 15.059461444367432, "IDEA": 14.75263461309073, "LEFTOVER": 14.229538896732926, "\u091b\u0942": 14.229538896732926, "dupatta": 14.229538896732926, "\u092f\u0939": 14.150622526704277, "\u0906\u092a": 13.767122412174622, "\u092a\u0939\u0932\u0947": 13.64946027271478, "newborn": 13.418608680516597, "\u0932\u0947\u0938": 13.418608680516597, "\u0909\u092a\u092f\u094b\u0917\u0940": 13.418608680516597, "\u0924\u094b": 13.026542178380048, "\u0932\u093f\u090f": 12.84466831293074, "\u0932\u0947\u0928\u0947": 12.843244535613035, "\u092d\u0940": 12.510991407600068, "FABRIC": 12.396957432984616, "touching": 12.396957432984616, "\u091b\u094b\u091f\u0947": 12.032314319396708, "\u092e\u0947\u0902": 11.873307081649049, "\u0907\u0938\u094d\u0924\u0947\u092e\u093e\u0932": 11.72401295974219, "leftover": 11.72401295974219, "\u0915\u0930\u0928\u093e": 11.221384103180378, "\u0926\u093f\u0932": 11.221384103180378, "\u092a\u0941\u0930\u093e\u0928\u0940": 11.010663071864725, "\u0935\u0940\u0921\u093f\u092f\u094b": 10.646019958276817, "\u0916\u093e\u0938": 10.646019958276817, "\u091c\u093f\u0938\u0947": 10.337718598622299, "\u0906\u092a\u0915\u0947": 10.199732855648397, "\u0935\u093e\u0932\u093e": 10.070655813373255, "\u092c\u0928\u093e\u090f\u0902": 10.070655813373255, "old": 10.060707998018701, "\u0915\u094d\u092f\u093e": 9.726955299519936, "\u0928\u093e": 9.624368710744834, "\u0939\u0948\u0902": 9.624368710744834, "heart": 9.344844825994517, "Waste": 9.099640181809853, "\u092c\u0928\u093e\u0928\u0947": 8.95142423750241, "Lace": 8.393997432564367, "MAKING": 8.288709965593524, "\u0921\u093e\u092f\u092a\u0930-\u0928\u0948\u092a\u094d\u092a\u0940": 7.807916628926408, "\u0924\u0930\u0940\u0915\u093c\u093e/Handmade": 7.807916628926408, "baby/cloth": 7.807916628926408, "diaper-nappy": 7.807916628926408, "\u092a\u0930\u094d\u0926\u0947": 7.807916628926408, "\u0930\u0940\u092f\u0942\u091c": 7.807916628926408, "\u091c\u093e\u090f\u0902\u0917\u0947/Best": 7.807916628926408, "curtain/Old": 7.807916628926408, "\u0926\u0947/Best": 7.807916628926408, "\u0915\u092a\u0921\u093c\u093e": 7.807916628926408, "\u0939\u0948/Best": 7.807916628926408, "\u0938\u094d\u091f\u094d\u0930\u093f\u092a": 7.807916628926408, "\u091a\u0940\u091c\u093c/best": 7.807916628926408, "\u092e\u0939\u093f\u0932\u093e": 7.807916628926408, "\u091a\u093e\u0939\u093f\u090f/best": 7.807916628926408, "cloth/for": 7.807916628926408, "\u092a\u0947\u0902\u091f": 7.807916628926408, "\u0907\u0938\u094d\u0924\u0947\u092e\u093e\u0932/Old": 7.807916628926408, "pant": 7.807916628926408, "reuse/Best": 7.807916628926408, "\u0926\u0947\u0916\u0947\u0902/3": 7.807916628926408, "\u092c\u0928\u093e\u090f/Best": 7.807916628926408, "baby/Best": 7.807916628926408, "\u091c\u0930\u0941\u0930\u0924": 7.807916628926408, "\u0939\u094b/best": 7.807916628926408, "\u092a\u093e\u0938": 7.807916628926408, "T-\u0936\u0930\u094d\u091f": 7.807916628926408, "t-shirt": 7.807916628926408, "\u0915\u0930\u0947\u0917\u093e/best": 7.807916628926408, "\u091a\u093e\u0939\u0947\u0902\u0917\u0947/best": 7.807916628926408, "\u092a\u0939\u0947\u0932\u0947": 7.807916628926408, "\u092c\u094b\u0930\u0940": 7.807916628926408, "\u0907\u0938\u094d\u0924\u0947\u092e\u093e\u0932/BEST": 7.807916628926408, "Bag/Shopping": 7.807916628926408, "\u0907\u0938\u094d\u0924\u0947\u092e\u093e\u0932/Make": 7.807916628926408, "\u0915\u092a\u0921\u094b": 7.807916628926408, "\u0915\u0924\u0930\u0928": 7.807916628926408, "\u0906\u0907\u0921\u093f\u092f\u093e/best": 7.807916628926408, "baby/best": 7.807916628926408, "\u092c\u093f\u091c\u0928\u0947\u0938": 7.807916628926408, "\u0927\u0942\u092e": 7.807916628926408, "\u0906\u0930\u094d\u0921\u0930": 7.807916628926408, "\u092e\u093f\u0932\u0947\u0902\u0917\u0947/best": 7.807916628926408, "\u0915\u091a\u0930\u093e": 7.807916628926408, "\u092b\u0947\u0902\u0915": 7.807916628926408, "\u0907\u0938\u094d\u0924\u0947\u092e\u093e\u0932/best": 7.807916628926408, "\u0935\u0947\u0938\u094d\u091f": 7.807916628926408, "\u091f\u0941\u0915\u0921\u093c\u094b\u0902": 7.807916628926408, "\u092b\u094d\u0930\u0949\u0915": 7.807916628926408, "Jhabla": 7.807916628926408, "Stiching": 7.807916628926408, "\u0928\u094d\u092f\u0942": 7.807916628926408, "\u091c\u0941\u0917\u093e\u0921\u093c/\u0917\u0930\u094d\u092e\u093f\u092f\u094b\u0902": 7.807916628926408, "\u0938\u0947/best": 7.807916628926408, "\u091a\u0940\u091c-\u090f\u0915\u0926\u092e": 7.807916628926408, "Idea": 7.329563805069752, "\u0926\u0940\u0935\u093e\u0928\u093e": 7.114769448366463, "\u091c\u093e\u0926\u0942": 7.114769448366463, "\u0938\u094d\u0915\u0942\u0932": 7.114769448366463, "REUSE": 7.114769448366463, "\u0906\u0907\u0921\u093f\u092f\u093e": 7.114769448366463, "\u091a\u093e\u0939\u0924\u0940": 7.114769448366463, "\u0938\u0941\u092a\u0930": 7.114769448366463, "diaper": 6.709304340258298, "\u0926\u0947\u0916\u0928\u093e": 6.709304340258298, "\u0909\u0938\u0915\u093e": 6.709304340258298, "\u092c\u091a\u094d\u091a\u093e": 6.709304340258298, "\u0938\u093e\u0921\u093c\u0940": 6.709304340258298, "\u0917\u091c\u092c": 6.709304340258298, "\u0915\u092e\u093e\u0932": 6.709304340258298, "\u092e\u0939\u093f\u0932\u093e\u090f\u0902": 6.709304340258298, "\u0938\u092e\u091d": 6.709304340258298, "\u0926\u0947\u0924\u0947": 6.709304340258298, "born": 6.709304340258298, "FROM": 6.684017020543649, "curtain": 6.421622267806518, "reuse": 6.421622267806518, "\u091a\u093e\u0939\u0947": 6.421622267806518, "\u0938\u093f\u0930\u094d\u092b\u093c": 6.421622267806518, "\u092b\u0947\u0902\u0915\u0947": 6.421622267806518, "\u0917\u0947\u0939\u0942\u0902": 6.421622267806518, "\u0939\u093e\u0925\u094b\u0902": 6.198478716492308, "\u0917\u0932\u0924\u0940": 6.198478716492308, "\u092a\u0921\u093c\u0947": 6.198478716492308, "\u092c\u0921\u093c\u0947": 6.016157159698354, "\u0906\u092a\u0915\u093e": 6.016157159698354, "\u091c\u093e\u0924\u093e": 6.016157159698354, "material": 6.016157159698354, "\u0926\u0947\u0916\u0915\u0930": 5.862006479871095, "Saree": 5.862006479871095, "\u0915\u0948\u0938\u093e": 5.728475087246572, "\u092e\u0928": 5.728475087246572, "\u0926\u0902\u0917": 5.610692051590189, "\u092c\u091a\u094d\u091a\u094b\u0902": 5.610692051590189, "\u0926\u0947\u0916\u0947\u0902": 5.610692051590189, "\u092c\u0947\u0939\u0926": 5.5053315359323625, "\u092c\u0928\u093e\u090f": 5.410021356128038, "\u0917\u093e\u0930\u0902\u091f\u0940": 5.410021356128038, "useful": 5.3230099791384085, "\u0928\u092f\u093e": 5.3230099791384085, "women": 5.1688592993111495,