{"Transformers": 143.8578960010255, "Robot": 109.69223877749734, "Toys": 78.84549392227605, "Vehicle": 56.77416578840368, "Vehicles": 55.80554610215758, "Optimus": 54.86710199380417, "Car": 52.124445329374225, "Bumblebee": 47.77774412129694, "WFC": 44.15107425769205, "Prime": 38.20497360364471, "Autobot": 33.326825978610316, "Legacy": 31.67442500761303, "Truck": 25.26305810246146, "Studio": 23.947299277773205, "Jazz": 22.99629785539163, "Ratchet": 22.267011628215812, "Movie": 22.17969808597534, "Laser": 16.460130598141248, "Cliffjumper": 16.103319113683906, "Brawn": 16.103319113683906, "Blurr": 16.103319113683906, "Dragstrip": 16.103319113683906, "falcon": 16.103319113683906, "AOE": 16.103319113683906, "KO": 16.03082806721923, "Cybertron": 14.717024752564017, "Hound": 14.717024752564017, "Starwars": 14.717024752564017, "Repaint": 14.717024752564017, "Starscream": 14.717024752564017, "Figure": 14.15836514000025, "Toy": 12.355259706328185, "Megatron": 11.944436030324235, "Train": 11.540900812352962, "Rod": 11.498148927695816, "SS": 11.133505814107906, "Robots": 10.322575597891579, "Size": 9.747211452988015, "Series": 9.439154335210572, "Moon": 8.200831676521052, "Wheeljack": 8.051659556841953, "SS86": 8.051659556841953, "Kup": 8.051659556841953, "SS81": 8.051659556841953, "Wheeljak": 8.051659556841953, "Astrotrin": 8.051659556841953, "Airwave": 8.051659556841953, "Ironworks": 8.051659556841953, "OverSized": 8.051659556841953, "Comarison": 8.051659556841953, "BulkHead": 8.051659556841953, "PRime": 8.051659556841953, "TobotV": 8.051659556841953, "SpaceGuardian": 8.051659556841953, "Transformes": 8.051659556841953, "Fansproject": 8.051659556841953, "Warbot": 8.051659556841953, "WB008": 8.051659556841953, "Triannix": 8.051659556841953, "Diaclone": 8.051659556841953, "Wfc": 8.051659556841953, "Bulkhead": 8.051659556841953, "x1": 8.051659556841953, "Jinrai": 8.051659556841953, "Magenus": 8.051659556841953, "Getsuei": 8.051659556841953, "Millenniu": 8.051659556841953, "Powermaster": 8.051659556841953, "Ginrai": 8.051659556841953, "Sideswipe": 8.051659556841953, "Evasion": 8.051659556841953, "Mirage": 8.051659556841953, "Warpath": 8.051659556841953, "Bluestreak": 8.051659556841953, "Serise": 8.051659556841953, "86-12": 8.051659556841953, "dinobot": 8.051659556841953, "cheetor": 8.051659556841953, "Rhinox": 8.051659556841953, "Crosshair": 8.051659556841953, "MPM": 8.051659556841953, "Ironhide": 8.051659556841953, "REPAINT": 8.051659556841953, "SS-83": 8.051659556841953, "ravage": 8.051659556841953, "Perceptor": 7.358512376282008, "Oversized": 7.358512376282008, "MS-03": 7.358512376282008, "Kaen": 7.358512376282008, "AirPlane": 7.358512376282008, "MS-01": 7.358512376282008, "Headmaster": 7.358512376282008, "Cassette": 7.358512376282008, "BULKHEAD": 7.358512376282008, "ticket": 6.953047268173844, "Decepticon": 6.953047268173844, "Eject": 6.953047268173844, "Barricade": 6.953047268173844, "legacy": 6.665365195722063, "TIE": 6.665365195722063, "Voyager": 6.665365195722063, "Millennium": 6.442221644407853, "Soundwave": 6.442221644407853, "Shockwave": 6.259900087613898, "ARM": 6.259900087613898, "Core": 6.259900087613898, "Hot": 6.220034268465298, "Advanced": 6.10574940778664, "IRON": 5.972218015162118, "CW": 5.972218015162118, "Transform": 5.972218015162118, "Coronation": 5.972218015162118, "Primal": 5.972218015162118, "Siege": 5.854434979505734, "Lift": 5.749074463847908, "Panther": 5.749074463847908, "Masterpiece": 5.653764284043583, "Drift": 5.566752907053953, "Leader": 5.486710199380417, "Blaster": 5.486710199380417, "Guard": 5.343609355739743, "Alpha": 5.161287798945789, "Tape": 5.1072205776755135, "Base": 5.0559272832879625, "Jet": 4.960617103483638, "Military": 4.916165340912804, "Number": 4.873605726494008, "Galaxy": 4.755822690837625, "Kingdom": 4.7194550466667495, "Airplane": 4.7194550466667495, "Dino": 4.555151995375473, "Knight": 4.525299032225792, "Ultra": 4.468140618385844, "Racing": 4.440741644197729, "toy": 4.244997067071634, "Beast": 4.180458545934062, "MOVIE": 3.957314994619853, "Class": 3.8772722869463165, "Bus": 3.6572104021695147, "Dark": 3.5408000503251036, "Black": 2.836723799232968, "Night": 2.809912541782311, "Super": 2.558598113501405, "Trailer": 2.368079789503272, "And": 2.3150872593627616, "6": 2.119414369393943, "THE": 1.6698435394358555, "4": 1.6171130380545005, "&": 1.4398891742309754, "1": 1.2132543559946098, "to": 0.9657580924763426, "2": 0.9159722098138096, "The": 0.6103391671243364}