{"Lou": 32.114611177452005, "Tracie": 26.58426314721844, "Marketing": 23.81167442497866, "Facebook": 19.41722527030622, "Business": 17.084640128923752, "Trace": 16.064720295849, "Filthy": 16.064720295849, "Mortgage": 14.67842593472911, "Brokers": 14.67842593472911, "Nudist": 14.67842593472911, "Lead": 11.670271141176562, "to": 8.236391802841405, "RTO": 8.0323601479245, "3636": 8.0323601479245, "Leavng": 8.0323601479245, "Separated": 8.0323601479245, "Crowded": 8.0323601479245, "Newsfeed": 8.0323601479245, "Strategic": 8.0323601479245, "Alliances": 8.0323601479245, "Ventures": 8.0323601479245, "Competitors": 8.0323601479245, "Messenger": 8.0323601479245, "subrscribers": 8.0323601479245, "hitchhikers": 8.0323601479245, "Nudity": 8.0323601479245, "unfriending": 8.0323601479245, "Syncing": 8.0323601479245, "clients": 8.0323601479245, "whirl": 8.0323601479245, "Louanne": 8.0323601479245, "Therapists": 8.0323601479245, "Version": 8.014016914378702, "survived": 7.339212967364555, "Outback": 7.339212967364555, "Advance": 7.339212967364555, "Meetup": 7.339212967364555, "Periscope": 7.339212967364555, "Entrepreneurs": 7.339212967364555, "Beach": 7.3006670265012374, "2017": 7.02114314175092, "Autopilot": 6.933747859256391, "\ud83d\udd7a": 6.933747859256391, "\ud83c\udfce": 6.933747859256391, "Wearable": 6.933747859256391, "Territory": 6.933747859256391, "Tips": 6.915298338842235, "Episode": 6.700457841600562, "Image": 6.64606578680461, "Sure": 6.64606578680461, "FB": 6.64606578680461, "Nude": 6.64606578680461, "Testimonial": 6.64606578680461, "direction": 6.64606578680461, "Mastermind": 6.64606578680461, "Income": 6.64606578680461, "Your": 6.583889102275681, "Divorced": 6.4229222354904, "Password": 6.4229222354904, "Customers": 6.4229222354904, "transformed": 6.4229222354904, "Joint": 6.240600678696445, "gain": 6.240600678696445, "solve": 6.240600678696445, "Transform": 6.240600678696445, "How": 6.106304351185087, "Stack": 6.086449998869187, "Manager": 6.086449998869187, "piece": 6.086449998869187, "and": 6.062302349114043, "More": 5.889527625384233, "Go": 5.840744719135914, "Thinking": 5.835135570588281, "Images": 5.835135570588281, "Spy": 5.835135570588281, "Ads": 5.835135570588281, "Estate": 5.835135570588281, "Device": 5.835135570588281, "Basics": 5.835135570588281, "Restaurants": 5.729775054930455, "Generation": 5.729775054930455, "Setting": 5.729775054930455, "taught": 5.729775054930455, "friendship": 5.63446487512613, "Lesson": 5.63446487512613, "Standing": 5.5474534981365, "advice": 5.5474534981365, "Confidence": 5.467410790462964, "Lip": 5.467410790462964, "Northern": 5.467410790462964, "problems": 5.467410790462964, "Spending": 5.393302818309242, "Luke": 5.32430994682229, "Nice": 5.32430994682229, "Sold": 5.259771425684719, "Difference": 5.259771425684719, "Between": 5.259771425684719, "TODAY": 5.259771425684719, "Technology": 5.199146803868285, "Massage": 5.199146803868285, "Make": 5.179884874805413, "up": 5.1626433887175995, "Extra": 5.141988390028335, "Success": 5.141988390028335, "Link": 5.141988390028335, "pick": 5.141988390028335, "works": 5.08792116875806, "Get": 5.045943622593047, "Course": 5.0366278743705095, "Ad": 4.987837710201077, "You": 4.977121075042463, "Cash": 4.941317694566185, "Marriage": 4.896865931995351, "Code": 4.896865931995351, "give": 4.896865931995351, "Sleeping": 4.896865931995351, "&": 4.880702641832642, "August": 4.854306317576555, "Chat": 4.8134843230563, "No": 4.795141089510501, "your": 4.766771819526589, "are": 4.7387993355771085, "Australian": 4.700155637749297, "01": 4.700155637749297, "Sale": 4.665064317938026, "Number": 4.665064317938026, "Message": 4.631162766262345, "Die": 4.5983729434393545, "Nothing": 4.566624245124774, "'d": 4.566624245124774, "Give": 4.53585258645802, "Trick": 4.368798501794854, "Unique": 4.318788081220193, "use": 4.271160032230938, "Left": 4.1822125462144415, "Use": 4.161159137016609, "2016": 4.100534515200175, "Quick": 4.081116429343073, "Health": 4.043376101360226, "Could": 4.02502696269203, "fun": 4.007008457189351, "Adventure": 3.954822704018781, "you": 3.9140282336716328, "Using": 3.8734770645648284, "This": 3.8685717315165205, "some": 3.798253643327241, "Want": 3.7419007067761094, "Better": 3.7419007067761094, "Hacks": 3.7282950547203306, "Stop": 3.6756513212349087, "Being": 3.625640900660247, "a": 3.561294292870791, "why": 3.555023333446294, "my": 3.545557367719155, "Watch": 3.5437237781923607, "``": 3.496451973707397, "us": 3.4890653656544965, "''": 3.4448837393959675, "Hot": 3.4372402977899106, "Dad": 3.4372402977899106, "A": 3.2861667778091204, "x": 3.1270853694860707, "Car": 3.048753526216164, "Like": 3.001922226532065, ",": 2.9757689052660385, "So": 2.963455945704269, "how": 2.9509557829400372, "have": 2.9447638126921163, "of": 2.931141913754246, "Top": 2.8906965914218405, "Real": 2.8733048487099713, "on": 2.7980834292882473, "that": 2.7800867198778705, "or": 2.7044839791349196, "what": 2.699641354659131, "Out": 2.5727746337803414, "-": 2.541646181213946, "Can": 2.5392987045839517, "for": 2.4755471340960025, "an": 2.415589050257929, "The": 2.38806241551047, "$": 2.302260364950926, "(": 2.2343985228443297, "me": 2.2302417725474375, ")": 2.189591172591524, "this": 2.1407159360987293, "it": 2.0739354548947184, "from": 2.043398731034637, "Me": 1.9826266926925427, "2": 1.9801479519695142, "It": 1.9755761346958758, "'s": 1.959278197384355, "10": 1.7920843027537308, "the": 1.7711759369437265, "in": 1.7368269271639065, "What": 1.667609391072589, "...": 1.45728430732488, "is": 1.4216641032067412, "3": 1.2918407883182772, "1": 1.2366543727509862, "with": 1.2145295764703505, "?": 1.192664663145304}