{"Clans": 45.00394700468167, "Clash": 35.247825601459056, "Clan": 29.028641078084313, "f\u00fcr": 28.25513061108445, "|": 27.23213735390337, "Capital": 26.816720248825547, "Weltrekord": 24.40779831601467, "Hayday": 24.40779831601467, "MAXED": 22.60410448886756, "im": 17.99338644911402, "ICH": 17.816124584006015, "HAYDAY": 16.27186554400978, "SPEZIAL": 16.27186554400978, "Neuer": 16.27186554400978, "Loot": 16.035193547839196, "YuGiOh": 14.88557118288989, "HSV": 14.88557118288989, "dich": 14.074640966673561, "Reich": 14.074640966673561, "100\u20ac": 14.074640966673561, "min": 13.49927682177, "komplett": 13.49927682177, "Projekt": 13.05298971914158, "Maxed": 12.112982460650109, "Wir": 11.877416389337343, "ich": 11.47607499841304, "MIO": 11.30205224443378, "Gold": 10.941889206818251, "von": 10.85576514180536, "ist": 10.726688099530218, "ein": 10.605438855897349, "Experiment": 10.000877112151482, "Global": 9.680191812001123, "CLAN": 9.607456523659373, "Kill": 9.604376516622596, "2000": 8.529463522193998, "\ud83d\ude02\ud83d\udcb8Noch": 8.13593277200489, "TEUERSTE": 8.13593277200489, "\ud83d\ude31\ud83d\ude281": 8.13593277200489, "Aufbau": 8.13593277200489, "KLEINES": 8.13593277200489, "Nach": 8.13593277200489, "JAHREN": 8.13593277200489, "m\u00fcssen": 8.13593277200489, "\ud83d\udd25\ud83e\udd29Er": 8.13593277200489, "sahnt": 8.13593277200489, "1200\u20ac": 8.13593277200489, "\ud83e\udd76\ud83d\ude28G\u00c4NSEHAUT": 8.13593277200489, "Pur": 8.13593277200489, "EMINEM": 8.13593277200489, "ENDBOSS": 8.13593277200489, "Danergy": 8.13593277200489, "Gewinnt": 8.13593277200489, "200\u20ac": 8.13593277200489, "\ud83d\ude02\ud83d\ude35NEUER": 8.13593277200489, "RH9": 8.13593277200489, "\u00fcbernehmen": 8.13593277200489, "\ud83e\udd23\ud83d\ude2813": 8.13593277200489, "J\u00c4HRIGER": 8.13593277200489, "HEIMLICH": 8.13593277200489, "AUSEINANDER": 8.13593277200489, "\ud83d\udcb8\ud83d\ude0d5": 8.13593277200489, "REKORDZEIT": 8.13593277200489, "maxen": 8.13593277200489, "\ud83d\udd25\ud83d\ude0d11.000\u20ac": 8.13593277200489, "Rekord": 8.13593277200489, "\ud83e\udd29\ud83d\ude31Geisteskranker": 8.13593277200489, "80k": 8.13593277200489, "\ud83d\udd25\ud83d\udcb8D\u00dcMMSTE": 8.13593277200489, "HayDay": 8.13593277200489, "FOLGE": 8.13593277200489, "verbrennen": 8.13593277200489, "\ud83d\ude0d\ud83d\ude31ERSTES": 8.13593277200489, "GANZER": 8.13593277200489, "\ud83d\ude31\ud83e\udd75ICH": 8.13593277200489, "SPRINGE": 8.13593277200489, "5000\u20ac": 8.13593277200489, "TURNIER": 8.13593277200489, "SIEG": 8.13593277200489, "Magenta": 8.13593277200489, "eTrophy": 8.13593277200489, "\ud83d\ude28\ud83d\ude31LUCKY": 8.13593277200489, "TODES": 8.13593277200489, "DUNKLES": 8.13593277200489, "Magier": 8.13593277200489, "GEZOGEN": 8.13593277200489, "ESKALIERT": 8.13593277200489, "\ud83e\udd29\ud83d\ude28NEUE": 8.13593277200489, "GEILE": 8.13593277200489, "\u00fcbertreibt": 8.13593277200489, "\ud83d\udd25\ud83d\ude0d18.000\u20ac": 8.13593277200489, "TAGEN": 8.13593277200489, "WELTREKORD": 8.13593277200489, "verdoppelt": 8.13593277200489, "S\u00dcCHTIG": 8.13593277200489, "\ud83e\udd76\ud83d\ude311000\u20ac": 8.13593277200489, "IHN": 8.13593277200489, "gezogen": 8.13593277200489, "Lieblings": 8.13593277200489, "\ud83d\udcb8\ud83e\udd75500\u20ac": 8.13593277200489, "BESTEN": 8.13593277200489, "ENTSCHEIDET": 8.13593277200489, "SONG-Contest": 8.13593277200489, "\ud83d\ude0d\ud83d\ude28SONGS": 8.13593277200489, "BRUTALSTER": 8.13593277200489, "Song-Contest": 8.13593277200489, "BESTER": 8.13593277200489, "\ud83c\udfc6\ud83d\ude0dGEST\u00d6RT": 8.13593277200489, "GER\u00c4T": 8.13593277200489, "FUGEN": 8.13593277200489, "\ud83d\ude31\ud83c\udf68OP": 8.13593277200489, "KIRSCHEIS": 8.13593277200489, "BOOSTET": 8.13593277200489, "FLUT": 8.13593277200489, "\ud83d\ude31\ud83d\ude28Platz": 8.13593277200489, "Eskalation": 8.13593277200489, "\ud83d\udc8e\ud83e\udd75100.000": 8.13593277200489, "schnell": 8.13593277200489, "\ud83e\udd29\ud83d\udcb6ER": 8.13593277200489, "DISQUALIFIZIERT": 8.13593277200489, "900\u20ac": 8.13593277200489, "PLATZ": 8.13593277200489, "\ud83d\udd25\ud83d\ude02ERSTER": 8.13593277200489, "Stadion": 8.13593277200489, "Menge": 8.13593277200489, "Hass": 8.13593277200489, "Hertha": 8.13593277200489, "BSC": 8.13593277200489, "\ud83d\udd25\ud83d\ude0d120.000\u20ac": 8.13593277200489, "Welche": 8.13593277200489, "GRADE": 8.13593277200489, "WERTVOLLEN": 8.13593277200489, "\ud83c\udfc6\ud83d\ude0dPLACE": 8.13593277200489, "550.000\u20ac": 8.13593277200489, "\ud83d\ude02\ud83d\ude31500\u20ac": 8.13593277200489, "REICHSTER": 8.13593277200489, "Dicker": 8.13593277200489, "\ud83e\udd29\ud83d\ude28RH": 8.13593277200489, "RH": 8.13593277200489, "TEUER": 8.13593277200489, "Acc.": 8.13593277200489, "Community": 7.923091004218507, "!": 7.527163607268236, "D\u00dcMMER": 7.442785591444945, "wirklich": 7.442785591444945, "ins": 7.442785591444945, "Gef\u00e4ngnis": 7.442785591444945, "AB": 7.442785591444945, "nimmt": 7.442785591444945, "M\u00e4dchen": 7.442785591444945, "KOMPLETT": 7.442785591444945, "HILFE": 7.442785591444945, "Karte": 7.442785591444945, "EXTREM": 7.442785591444945, "DIAMANTEN": 7.442785591444945, "gehen": 7.442785591444945, "zwischen": 7.442785591444945, "Karten": 7.442785591444945, "zeige": 7.442785591444945, "KARTEN": 7.442785591444945, "KUCHEN": 7.442785591444945, "Shitstorm": 7.442785591444945, "STREAM": 7.2282883899117, "of": 7.109303058824382, "bauen": 7.037320483336781, "MINUTEN": 7.037320483336781, "IHR": 7.037320483336781, "bis": 7.037320483336781, "gewinnt": 7.037320483336781, "maxed": 7.037320483336781, "Bauer": 7.037320483336781, "VIEL": 7.037320483336781, "ever": 6.782001287283281, "geht": 6.749638410885, "wieder": 6.749638410885, "WER": 6.749638410885, "bin": 6.749638410885, "vor": 6.749638410885, "REKORD": 6.749638410885, "SIE": 6.749638410885, "Influencer": 6.52649485957079, "NEUES": 6.52649485957079, "alles": 6.344173302776835, "1000\u20ac": 6.344173302776835, "NEUE": 6.344173302776835, "CR": 6.344173302776835, "DEN": 6.344173302776835, "wird": 6.344173302776835, "FOTOS": 6.344173302776835, "werden": 6.344173302776835, "NICHT": 6.190022622949577, "spielt": 6.190022622949577, "lvl": 6.190022622949577, "Meine": 6.190022622949577, "PRO": 6.072132688361384, "BALLER": 6.056491230325054, "habe": 6.056491230325054, "aus": 6.056491230325054, "mich": 5.9387081946686715, "gegen": 5.9387081946686715, ".": 5.916824991305995, "Pro": 5.897093932328271, "Kind": 5.73803749920652, "und": 5.73803749920652, "auf": 5.73803749920652, "zu": 5.73803749920652, "2010": 5.65102612221689, "WEG": 5.65102612221689, "alle": 5.65102612221689, "?": 5.608350153257608, "mal": 5.570983414543353, "Battlepass": 5.570983414543353, "OP": 5.493722084376779, "den": 5.363344049765109, "FORTNITE": 5.318938440146759, "HOLE": 5.245561014108726, "der": 5.19149379283845, "Wie": 5.140200498450899, "des": 5.140200498450899, "Comeback": 4.8400959060005615, "full": 4.8400959060005615, "SONG": 4.701945567519744, "in": 4.640045787808851, "BUG": 4.63942521053841, "70": 4.525014859360666, "FARM": 4.398263153721522, "90": 4.3072913755157956, "Fans": 4.223909766576744, "Raid": 4.184689053423463, "XP": 4.025058907831579, "VLOG": 4.025058907831579, "GOLD": 3.9927980456133576, "LEGO": 3.901826267407631, "Fan": 3.805199431718559, "100": 3.7185785653264922, "1": 3.716426256416336, "OPENING": 3.693281515514574, "Song": 3.5820558804043494, "Opening": 3.3823425808985257, "Road": 3.3156512063998536, "Pack": 3.2086790868476855, "SO": 3.173088141744983, "OUT": 3.1319864660594314, "Pokemon": 3.1319864660594314, "CRAZY": 3.017938959588135, "...": 2.90437076306534, "FULL": 2.8578181127743734, "Out": 2.7514377092158013, "SEASON": 2.742305225652529, "s": 2.622504025839908, "&": 2.5947727011716952, "14": 2.541221392403051, "15": 2.4321502973486893, "Challenge": 2.37703099812761, "Season": 2.266635858871116, "Fortnite": 2.2581969902252514, "Update": 2.0333741773913214, "+": 1.7885435623488801, "IN": 1.6065139337426653,