{"TuTiTu": 207.5163131325868, "Dowiedz": 175.03822522119526, "budowa\u0107": 159.8175099845696, "zabawki": 159.8175099845696, "si\u0119": 138.02115323521096, "jak": 136.92939165824484, "Jeszcze": 68.49321856481554, "raz": 68.49321856481554, "wideo": 68.49321856481554, "niemowl\u0105t": 68.49321856481554, "dla": 56.01656931473652, "pomoc\u0105": 22.831072854938512, "miesi\u0105ca": 22.831072854938512, "za": 17.45579444725435, "Bo\u017ce": 15.220715236625676, "Narodzenie": 15.220715236625676, "Zabawki": 15.220715236625676, "Rekomendacja": 15.220715236625676, "zespo\u0142u": 15.220715236625676, "Edukacyjne": 15.220715236625676, "specjalne": 13.834420875505785, "\u015bwi\u0119ta": 13.834420875505785, "Kompilacja": 13.834420875505785, "|": 12.385573456572326, ",": 11.894116078712983, "-": 11.281792889356986, "Toy": 9.959694531493339, "Star": 9.29849433538796, "Podno\u015bnik": 7.610357618312838, "koszowy": 7.610357618312838, "co": 7.610357618312838, "buduje": 7.610357618312838, "Kierownica": 7.610357618312838, "szkolny": 7.610357618312838, "Myjnia": 7.610357618312838, "samochodowa": 7.610357618312838, "Aparat": 7.610357618312838, "fotograficzny": 7.610357618312838, "Odkurzacz": 7.610357618312838, "Teatr": 7.610357618312838, "lalek": 7.610357618312838, "Ci\u0119\u017car\u00f3wka": 7.610357618312838, "\u015bniegowa": 7.610357618312838, "Plac": 7.610357618312838, "zabaw": 7.610357618312838, "Karuzela": 7.610357618312838, "Latarka": 7.610357618312838, "W\u00f3z": 7.610357618312838, "policyjny": 7.610357618312838, "kolejka": 7.610357618312838, "g\u00f3rska": 7.610357618312838, "Skuter": 7.610357618312838, "Sierpie\u0144": 7.610357618312838, "Lody": 7.610357618312838, "Trampolina": 7.610357618312838, "Tort": 7.610357618312838, "urodzinowy": 7.610357618312838, "D\u017awig": 7.610357618312838, "Wy\u015bcig\u00f3wki": 7.610357618312838, "zrobi\u0107": 7.610357618312838, "mask\u0119": 7.610357618312838, "twarz": 7.610357618312838, "Maszyna": 7.610357618312838, "maskowania": 7.610357618312838, "twarzy": 7.610357618312838, "Zgadnij": 7.610357618312838, "jaka": 7.610357618312838, "moja": 7.610357618312838, "praca": 7.610357618312838, "Toczenie": 7.610357618312838, "toczenie": 7.610357618312838, "na": 7.242747143497126, "wrzesie\u0144": 6.9172104377528925, "Traktor": 6.9172104377528925, "Autobus": 6.511745329644728, "jest": 6.000919705878737, "Quad": 5.664447469257524, "\ud83c\udf83": 5.413133040976618, "i": 3.921478164198901, "Robot": 3.872688000029469, "Halloween": 3.3618623762634785, "Special": 3.0460094268450013, "2020": 2.9008274170005035, "do": 2.2350792106286725, "2021": 2.1131893930196357}