{"shorts": 22.552691467688838, "#": 12.478926742708408, "\u3010\u30c8\u30df\u30ab\u3011\u4e8b\u4ef6\u767a\u751f\uff01\u30d1\u30c8\u30ab\u30fc\u3068\u5408\u4f53\u3057\u3066\u6700\u5f37\u30ed\u30dc\u30c3\u30c8\u306b\u5909\u8eab\uff01\u8b66\u5bdf\u30b8\u30e7\u30d6\u30ec\u30a4\u30d0\u30fc\u306b\u306a\u3063\u3066\u9003\u8d70\u8eca\u3092\u6355\u307e\u3048\u308d\uff01\u306f\u305f\u3089\u304f\u304f\u308b\u307e\u30fb\u30bf\u30ab\u30e9\u30c8\u30df\u30fc\u2605\u5b50\u4f9b\u5411\u3051\u77e5\u80b2\u6559\u80b2\u2605\u30b5\u30f3\u30b5\u30f3\u30ad\u30c3\u30baTV\u2605": 8.051659556841953, "\u3010\u5bfe\u6c7a\u3011\u6050\u7adcVS\u5371\u967a\u751f\u7269\u3067\u30d0\u30c8\u30eb\uff01\u30c6\u30a3\u30e9\u30ce\u30b5\u30a6\u30eb\u30b9\u304c\u5927\u30d4\u30f3\u30c1\uff01\uff1f\u30b5\u30e1\u3084\u30ef\u30cb\u3082\u767b\u5834\uff01\u52dd\u3064\u306e\u306f\u3069\u3063\u3061\u2026\uff1f\u30e1\u30c0\u30eb\u3067\u30d0\u30c8\u30eb\uff01\u6050\u7adc\u56f3\u9451\u30d1\u30bd\u30b3\u30f3\u03a9\u30fb\u30bb\u30ac\u30c8\u30a4\u30ba\u2605\u5b50\u4f9b\u5411\u3051\u77e5\u80b2\u6559\u80b2\u2605\u30b5\u30f3\u30b5\u30f3\u30ad\u30c3\u30baTV\u2605": 8.051659556841953, "\u3010\u866b\u3068\u308a\u3054\u3063\u3053\uff01\u3011\u304a\u3046\u3061\u3067\u6606\u866b\u63a1\u96c6\uff01\uff1f\u96a0\u308c\u305f\u866b\u3092\u6355\u307e\u3048\u308d\uff01\u30af\u30e2\u3084\u30a4\u30e2\u30e0\u30b7\u3092\u624b\u4f5c\u308a\u266a\u5b50\u4f9b\u5411\u3051\u77e5\u80b2\u6559\u80b2\u2605\u30b5\u30f3\u30b5\u30f3\u30ad\u30c3\u30baTV\u2605": 8.051659556841953, "\u30bd\u30fc\u30c0\u304a\u3058\u3055\u3093\u30dc\u30a6\u30ea\u30f3\u30b0\u30c1\u30e3\u30ec\u30f3\u30b8\uff01\u2605\u30b5\u30f3\u30b5\u30f3\u30ad\u30c3\u30batv\u2605shorts": 8.051659556841953, "\u30bd\u30fc\u30c0\u304a\u3058\u3055\u3093\u30dc\u30a6\u30ea\u30f3\u30b0\u30c1\u30e3\u30ec\u30f3\u30b8\uff01\u304f\u3082\u308a\u3093\u7de8\u30fb\u3044\u3064\u3082\u306f\u307c\u304f\u304c\u98db\u3070\u3055\u308c\u3066\u308b\u3051\u3069\u3001\u4eca\u65e5\u306f\u3061\u304c\u3046\u3082\u3093\u306d\u30fc\uff01\uff01\uff01": 8.051659556841953, "\u3010\u6050\u7adc\u30b7\u30ea\u30fc\u30ba": 8.051659556841953, "TOP10\uff01\u3011\u30c6\u30a3\u30e9\u30ce\u30b5\u30a6\u30eb\u30b9\u304c\u30d0\u30e9\u30d0\u30e9\u306b\uff01\uff1f\u6c37\u306e\u4e2d\u306b\u9589\u3058\u8fbc\u3081\u3089\u308c\u305f\u5316\u77f3\u3092\u767a\u6398\uff01\u30a2\u30cb\u30a2\u63a2\u691c\u968a\u3082\u51fa\u52d5\u266a\u5b50\u4f9b\u5411\u3051\u77e5\u80b2\u6559\u80b2\u2605\u30b5\u30f3\u30b5\u30f3\u30ad\u30c3\u30baTV\u2605": 8.051659556841953, "\u3010\u65b0\u5e79\u7dda\u30d7\u30e9\u30ec\u30fc\u30eb\u3011\u306f\u3084\u3076\u3055\u3092\u904b\u8ee2\u3057\u3066\u304a\u3057\u3054\u3068\u4f53\u9a13\u266a\u96fb\u8eca\u30fb\u306a\u308a\u304d\u308a\u3054\u3063\u3053\u904a\u3073\u30fb\u3054\u3063\u3053\u904a\u3073\u30fb\u3058\u3053\u306f\u304a\u3053\u308b\u3055\u30fb\u5b50\u4f9b\u5411\u3051\u77e5\u80b2\u6559\u80b2\u2605\u30b5\u30f3\u30b5\u30f3\u30ad\u30c3\u30baTV\u2605": 8.051659556841953, "\u30d1\u30a4\u306e\u5b9f\u2661\u30c4\u30af\u30e2\u3068\u30d7\u30ea\u30eb\u304c\u30e0\u3071\u304f\u3071\u304f\u3071\u3063\u304f\u3093\uff01\u2605\u30b5\u30f3\u30b5\u30f3\u30ad\u30c3\u30baTV\u2605": 8.051659556841953, "\u30ac\u30fc\u30ca\u2661\u30c4\u30af\u30e2\u3068\u30d7\u30ea\u30eb\u304c\u30c1\u30e7\u30b3\u306e\u6d77\u3092\u6cf3\u3044\u3058\u3083\u3046\uff01\u2605\u30b5\u30f3\u30b5\u30f3\u30ad\u30c3\u30baTV\u2605": 8.051659556841953, "\u3010\u304a\u304b\u3057\u306e\u5b66\u6821\u3011\u30c1\u30e7\u30b3\u30ec\u30fc\u30c8\u5de5\u5834\u3092\u89b3\u5bdf\uff01\u79d8\u5bc6\u3092\u89e3\u304d\u660e\u304b\u3059\u305f\u3081\u306b\u5de5\u5834\u898b\u5b66\u306b\u304a\u3067\u304b\u3051\u3057\u305f\u3088\u266a\u3010\u30ed\u30c3\u30c6\u3011\u30ac\u30fc\u30ca\u30fb\u30d1\u30a4\u306e\u5b9f\u30fb\u5b50\u4f9b\u5411\u3051\u77e5\u80b2\u6559\u80b2\u2605\u30b5\u30f3\u30b5\u30f3\u30ad\u30c3\u30baTV\u2605": 8.051659556841953, "\u30d1\u30a4\u306e\u5b9f\u306e\u4e2d\u306b\u3044\u308b\u306e\u306f\u8ab0\u304b\u308f\u304b\u308b\u304b\u306a\uff1f\u2605\u30b5\u30f3\u30b5\u30f3\u30ad\u30c3\u30baTV\u2605": 8.051659556841953, "\u96ea\u898b\u3060\u3044\u3075\u304f\u2661\u30c4\u30af\u30e2\u3068\u30d7\u30ea\u30eb\u304c\u3071\u304f\u3071\u304f\u3071\u3063\u304f\u3093\uff01\u2605\u30b5\u30f3\u30b5\u30f3\u30ad\u30c3\u30baTV\u2605": 8.051659556841953, "\u3010\u5de5\u4f5c\u3011\u624b\u4f5c\u308a\u306e\u96fb\u8eca\u306b\u306c\u3044\u3050\u308b\u307f\u3092\u4e57\u305b\u3066\u304a\u51fa\u304b\u3051\u266a\u304a\u7247\u4ed8\u3051\u30fb\u30b0\u30c3\u30ba\u30fb\u5b50\u4f9b\u5411\u3051\u77e5\u80b2\u6559\u80b2\u2605\u30b5\u30f3\u30b5\u30f3\u30ad\u30c3\u30baTV\u2605": 8.051659556841953, "\u3010\u30a2\u30a4\u30b9\u3011\u30ac\u30ea\u30ac\u30ea\u541b\u304c\u30b8\u30e5\u30fc\u30b9\u306b\uff01\uff1f\u30a2\u30ec\u30f3\u30b8\u30ec\u30b7\u30d4\u30e9\u30f3\u30ad\u30f3\u30b0\uff01\u9762\u767d\u7c21\u5358\u304a\u6599\u7406\u30fb\u5b50\u4f9b\u5411\u3051\u77e5\u80b2\u6559\u80b2\u2605\u30b5\u30f3\u30b5\u30f3\u30ad\u30c3\u30baTV\u2605": 8.051659556841953, "\u30b5\u30f3\u30b5\u30f3\u3092\u306d\u3093\u3069\u3067\u4f5c\u3063\u3066\u307f\u305f\uff01\u3053\u306d\u3053\u306d\u4e0a\u624b\u306b\u3067\u304d\u308b\u304b\u306a\uff1f\u5de5\u4f5c\u30fbDIY\u30fb\u304a\u3061\u3083\u3063\u3074\u3055\u3093\u3068\u3044\u3063\u3057\u3087\u30fb\u5b50\u4f9b\u5411\u3051\u77e5\u80b2\u6559\u80b2\u2605\u30b5\u30f3\u30b5\u30f3\u30ad\u30c3\u30baTV\u2605": 8.051659556841953, "\u3010\u6050\u7adc\uff01\u30b8\u30e5\u30e9\u30b7\u30c3\u30af\u30fb\u30ef\u30fc\u30eb\u30c9\u3011\u30cf\u30c3\u30d4\u30fc\u30bb\u30c3\u30c8\u5927\u91cf\u958b\u5c01\uff01\u30c6\u30a3\u30e9\u30ce\u30b5\u30a6\u30eb\u30b9\u306e\u30da\u30fc\u30d1\u30fc\u30af\u30e9\u30d5\u30c8\u3092\u30d1\u30ba\u30eb\u307f\u305f\u3044\u306b\u7d44\u307f\u7acb\u3066\uff01\u5b50\u4f9b\u5411\u3051\u77e5\u80b2\u6559\u990a\u30a2\u30cb\u30e1\u2605\u30b5\u30f3\u30b5\u30f3\u30ad\u30c3\u30baTV\u2605": 8.051659556841953, "\u3010\u5909\u8eab\uff01\u7d20\u6575\u306a\u304a\u59c9\u3061\u3083\u3093\u306b\u306a\u308a\u305f\u3044\uff01\u30b7\u30ea\u30fc\u30ba\u3011\u9b3c\u6ec5\u306e\u5203\u306e\u79b0\u8c46\u5b50\u3084\u30a2\u30ca\u96ea\u306e\u30a8\u30eb\u30b5\u306b\u306a\u3063\u3061\u3083\u304a\u3046\uff01\u304a\u7d75\u63cf\u304d\u30fb\u304a\u4e16\u8a71\u3054\u3063\u3053\u30fb\u304a\u307e\u307e\u3054\u3068\u3092\u30a4\u30c3\u30ad\u898b\uff01\u5b50\u4f9b\u5411\u3051\u77e5\u80b2\u6559\u80b2\u2605\u30b5\u30f3\u30b5\u30f3\u30ad\u30c3\u30baTV\u2605": 8.051659556841953, "\u6700\u5f37\u306e\u5de8\u5927\u30af\u30ea\u30fc\u30d1\u30fc\u30cf\u30a6\u30b9\u3067\u5b9d\u63a2\u3057\uff01\u307e\u3044\u304f\u3089\u30fb\u30de\u30a4\u30f3\u30af\u30e9\u30d5\u30c8\u30fb\u30ec\u30b4\u30d6\u30ed\u30c3\u30af\uff01\u30b5\u30f3\u30b5\u30f3\u3068\u3044\u3063\u3057\u3087\u306b\u307f\u3088\u3046\uff01\u2605\u30b5\u30f3\u30b5\u30f3\u30ad\u30c3\u30baTV\u2605": 8.051659556841953, "\u6700\u5f37\u306e\u30d6\u30bf\u30bb\u30ad\u30e5\u30ea\u30c6\u30a3\u30cf\u30a6\u30b9\u306e\u4f5c\u308a\u65b9\uff01\u30be\u30f3\u30d3\u3068\u304b\u304f\u308c\u3093\u307c\u5bfe\u6c7a\uff01\u307e\u3044\u304f\u3089\u30fb\u30de\u30a4\u30f3\u30af\u30e9\u30d5\u30c8\u30fb\u30ec\u30b4\u30d6\u30ed\u30c3\u30af\uff01\u30b5\u30f3\u30b5\u30f3\u3068\u3044\u3063\u3057\u3087\u306b\u307f\u3088\u3046\uff01\u2605\u30b5\u30f3\u30b5\u30f3\u30ad\u30c3\u30baTV\u2605": 8.051659556841953, "\u30d7\u30fc\u30eb\u3067\u304a\u3082\u3089\u3057\u3057\u3061\u3083\u3063\u305f\uff01\u30b5\u30f3\u30b5\u30f3\u3068\u3044\u3063\u3057\u3087\u306b\u307f\u3088\u3046\uff01\u2605\u30b5\u30f3\u30b5\u30f3\u30ad\u30c3\u30baTV\u2605": 8.051659556841953, "\u3010\u5b66\u6821\u306e\u602a\u8ac7\u3011\u7406\u79d1\u5ba4\u306e\u4eba\u4f53\u6a21\u578b\u304c\u30d0\u30e9\u30d0\u30e9\u306b\u2026\uff01\uff1f\u8c6a\u5feb\u624b\u8853\u307f\u305f\u3044\u306b\u30d1\u30ba\u30eb\u3092\u7d44\u307f\u7acb\u3066\u3066\u52a9\u3051\u3066\u3042\u3052\u3088\u3046\uff01\u5b50\u4f9b\u5411\u3051\u77e5\u80b2\u6559\u80b2\u2605\u30b5\u30f3\u30b5\u30f3\u30ad\u30c3\u30baTV\u2605": 8.051659556841953, 