{"Golden": 76.49984945602928, "Girls": 62.338523715149485, "Younger": 61.0574940778664, "Journey": 27.93851582406874, "Dorothy": 22.075537128846026, "Blanche": 16.103319113683906, "Moments": 15.171898600135146, "Kelsey": 13.906094536347688, "Best": 13.706628507577726, "Funniest": 13.014262470412937, "s": 12.887416358721104, "\ud83d\udc8b": 12.21149881557328, "Sophia": 10.82520445445339, "Dates": 10.436892425571475, "\u2019": 10.210305158896617, "of": 9.867486199211196, "Rose": 8.881483288395458, "The": 8.54474833974071, "\u2708\ufe0f\ud83c\udf34": 8.051659556841953, "\ud83d\udcbc": 8.051659556841953, "Theatrical": 8.051659556841953, "\u2764\ufe0f\ud83d\udc36\ud83d\udc37\ud83d\udc14": 8.051659556841953, "Petrillo": 8.051659556841953, "Liza": 8.051659556841953, "TVLand": 8.051659556841953, "FIRST/LAST": 8.051659556841953, "'Housewarming": 8.051659556841953, "\u2764\ufe0f": 7.415708269976539, "Neighbors": 7.358512376282008, "|": 7.304710001024752, "Vacations": 6.953047268173844, "\ud83d\udcd6": 6.953047268173844, "Raymond": 6.953047268173844, "Appearances": 6.665365195722063, "\ud83e\udd13": 6.442221644407853, "\ud83c\udfad": 6.442221644407853, "Written": 6.442221644407853, "\ud83d\udcfa": 6.259900087613898, "\ud83d\udc8d": 6.259900087613898, "\ud83d\ude24": 5.972218015162118, "Comeback": 5.972218015162118, "\ud83c\udff3\ufe0f\u200d\ud83c\udf08": 5.972218015162118, "Maggie": 5.854434979505734, "Glory": 5.749074463847908, "St.": 5.749074463847908, "OG": 5.653764284043583, "Olaf": 5.653764284043583, "Students": 5.566752907053953, "\ud83c\udf82": 5.566752907053953, "Everybody": 5.486710199380417, "\ud83d\udc51": 5.412602227226695, "Lauren": 5.412602227226695, "Lopez": 5.343609355739743, "\ud83c\udfc6": 5.343609355739743, "Stan": 5.343609355739743, "\ud83c\udfb5": 5.343609355739743, "Highlight": 5.343609355739743, "Jobs": 5.279070834602172, "Diana": 5.279070834602172, "Therapy": 5.279070834602172, "Top": 5.125443661370534, "Charles": 5.00713711911853, "Read": 4.960617103483638, "Loves": 4.960617103483638, "Extended": 4.916165340912804, "Josh": 4.832783731973753, "Table": 4.7194550466667495, "Thank": 4.49631149535254, "Pets": 4.267469922923692, "Favorite": 4.244997067071634, "Cut": 4.201511955131895, "Musical": 4.119833924117628, "Minutes": 3.924525171796862, "Queen": 3.892776473482282, "Mario": 3.862004814815528, "Coming": 3.832151851665847, "Cast": 3.832151851665847, "Ep": 3.8031643147925944, "Wedding": 3.788979679800638, "\ud83d\udd25": 3.7209262165556227, "\ud83e\udd23": 3.6449403095777004, "Stories": 3.62084275799864, "10": 3.5918190301771733, "Worst": 3.5857514381873696, "vs.": 3.5083647745719495, "'": 3.501747524357419, "Every": 3.36031167461281, "Final": 3.2233458195396523, "Water": 3.117185623711262, "Birthday": 2.9336657444251983, "11": 2.8983679623441745, "Season": 2.7433918594407487, "ft.": 2.6763811491577885, "TV": 2.6049221851756434, "Family": 2.596338441484252, "Story": 2.52223046933053, "Get": 2.464410898441704, "Out": 2.3921773410823324, "7": 2.1739237750623146, ":": 2.0540210527766343, "you": 2.0114048455645395, "from": 1.9117750046156983, "On": 1.7255100836868542, "5": 1.5280972506924413, "for": 1.242620250798974, ".": 1.2111130275532667, "the": 0.8038669750741074, "(": 0.6577812667341976, ")": 0.656552010279468, "-": 0.5434207821632905, "!": 0.42557679876957294}