{"Minecraft": 119.15751412134243, "Cursed": 109.34821580925927, "|": 17.67141794288637, "Divines": 16.064720295849, "SAVING": 12.48120135739289, "my": 12.409450787017043, "!": 11.697331489874754, "Curse": 11.670271141176562, "?": 11.330314299880387, "Crush": 9.975675420402155, "CRUSH": 9.400311275498593, "FRIEND": 8.45139531630836, "FAST-FOOD": 8.0323601479245, "SIRENHEAD": 8.0323601479245, "AVATARS": 8.0323601479245, "Ordinaries": 8.0323601479245, "High-casters": 8.0323601479245, "Reclaiming": 8.0323601479245, "Channeling": 7.339212967364555, "NOOBS": 7.339212967364555, "ISN": 7.339212967364555, "CONFESSES": 7.339212967364555, "PIECE": 7.339212967364555, "in": 6.947307708655626, "SLENDERMAN": 6.933747859256391, "Ritual": 6.933747859256391, "inner": 6.64606578680461, "Crushes": 6.64606578680461, "SIGHT": 6.64606578680461, "Mastermind": 6.64606578680461, "Friends": 6.506473309625942, "FIGHTING": 6.4229222354904, "ILLEGAL": 6.4229222354904, "HIDING": 6.086449998869187, "RACING": 6.086449998869187, "COOKIES": 6.086449998869187, "Lovers": 6.086449998869187, "Confronting": 6.086449998869187, "CHEATING": 5.952918606244665, "Chronicles": 5.952918606244665, "Roleplay": 5.952918606244665, "Kart": 5.835135570588281, "GRAND": 5.729775054930455, "Therapy": 5.467410790462964, "HIDDEN": 5.393302818309242, "TOWN": 5.393302818309242, "Shadow": 5.32430994682229, "PRIZE": 5.199146803868285, "SPACE": 5.199146803868285, "Foot": 5.141988390028335, "Couples": 5.141988390028335, "GHOST": 5.141988390028335, "Jobs": 5.08792116875806, "BROKEN": 4.941317694566185, "BEST": 4.905260643876557, "Mum": 4.896865931995351, "POWER": 4.8134843230563, "Finale": 4.8134843230563, "against": 4.774263609903018, "Mario": 4.631162766262345, "MAGIC": 4.631162766262345, "Meeting": 4.505999623308339, "GONE": 4.343480693810564, "Breaking": 4.294690529641132, "Finding": 4.22569765815418, "Double": 4.22569765815418, "Escape": 4.1822125462144415, "My": 4.111516222137568, "DATE": 4.081116429343073, "EAT": 3.98930888008995, "The": 3.9801040258507836, "T": 3.9380155857024, "DREAM": 3.889225421532968, "Date": 3.857972878028863, "WRONG": 3.798253643327241, "LAST": 3.769680270883185, "Girlfriend": 3.769680270883185, "Road": 3.555023333446294, "SECRET": 3.52150064140765, "Trip": 3.4576491694211176, "US": 3.387969248783128, "Secret": 3.2365696023277595, "Try": 3.1960782409730224, "Trying": 3.1725477435628284, "all": 3.1051064627672957, "He": 3.021724853828245, "get": 3.001922226532065, "our": 2.8965617108742387, "LIFE": 2.8120043228461755, "Big": 2.7800867198778705, "15": 2.6162597457200802, "FIRST": 2.5856227762581905, "Love": 2.5643000067893693, "with": 2.429059152940701, "vs": 2.1081043505099686, "from": 2.043398731034637, "We": 1.9944892280023627, "Me": 1.9826266926925427, "'s": 1.959278197384355, "to": 1.8303092895203121, "the": 1.7711759369437265, "at": 1.6832211565447024, "A": 1.6430833889045602, "\u2019": 1.5615606441418985, "is": 1.4216641032067412, "on": 1.3990417146441236, "#": 1.0175457966489556, "2": 0.9900739759847571, "-": 0.6354115453034865}