{"Ramadan": 18.317248223359922, "Sour": 16.70025872116186, "BEST": 12.960370213488972, "recipes": 12.884443288815707, "shorts": 12.30146807328482, "SOUR": 12.21149881557328, "Chaiiwala": 8.051659556841953, "teriyaki": 8.051659556841953, "aunt": 8.051659556841953, "Iftar": 8.051659556841953, "Suhoor": 8.051659556841953, "ordering": 8.051659556841953, "ramen": 8.051659556841953, "Bombz": 8.051659556841953, "Exploitation": 8.051659556841953, "blastation": 8.051659556841953, "you": 8.045619382258158, "know": 7.914629989239706, "s": 7.364237919269202, "milkshake": 7.358512376282008, "SLUSHIE": 7.358512376282008, "Gummies": 7.358512376282008, "\ud83e\udddf\u200d\u2640\ufe0f": 7.358512376282008, "\ud83d\udca3": 7.358512376282008, "Corned": 7.358512376282008, "\u2019": 7.293075113497584, "FEAST": 6.953047268173844, "Thumb": 6.953047268173844, "Tiramisu": 6.953047268173844, "this": 6.8782733488940195, "Flawless": 6.665365195722063, "rolls": 6.665365195722063, "noodle": 6.665365195722063, "MILK": 6.442221644407853, "FASTER": 6.442221644407853, "beef": 6.442221644407853, "twist": 6.259900087613898, "\u2620\ufe0f": 6.259900087613898, "spring": 6.10574940778664, "cost": 6.10574940778664, "simple": 6.10574940778664, "bet": 5.972218015162118, "Cheesy": 5.972218015162118, "fried": 5.854434979505734, "everyday": 5.854434979505734, "#": 5.759504650480803, "Milkshake": 5.749074463847908, "dessert": 5.749074463847908, "FAVOURITE": 5.653764284043583, "TRIED": 5.486710199380417, "quick": 5.343609355739743, "or": 5.28897557076367, "chocolate": 5.279070834602172, "didn": 5.279070834602172, "cook": 5.218446212785738, "recipe": 5.218446212785738, "chicken": 5.161287798945789, "small": 5.161287798945789, "Push": 5.161287798945789, "GRWM": 5.1072205776755135, "Ate": 5.0559272832879625, "cake": 5.0559272832879625, "DEATH": 5.0559272832879625, "Snack": 5.00713711911853, "Most": 4.8625173822496075, "Entire": 4.793563018820471, "call": 4.793563018820471, "WILD": 4.755822690837625, "National": 4.755822690837625, "Popular": 4.684363726855479, "would": 4.650462175179798, "Favourite": 4.6176723523568075, "SISTER": 4.525299032225792, "Recipe": 4.525299032225792, "Zombie": 4.49631149535254, "big": 4.468140618385844, "Child": 4.3880979107123075, "Sweet": 4.362780102728017, "I": 4.331236714000022, "Quick": 4.313989938558585, "BLACK": 4.313989938558585, "Day": 4.249467061743085, "much": 4.201511955131895, "night": 4.201511955131895, "eat": 4.139636551413807, "my": 4.135446552309526, "Frozen": 4.062675510277679, "these": 4.026307866106804, "?": 4.017211146626646, "OMG": 3.9912165462955342, "than": 3.9407856926686424, "Store": 3.892776473482282, "Batman": 3.832151851665847, "Cooking": 3.788979679800638, "does": 3.788979679800638, "Epic": 3.734171443305643, "The": 3.662035002746019, "REACTION": 3.6572104021695147, "love": 3.6328189490453555, "Pop": 3.609008300351637, "game": 3.4977826652414126, "WORLD": 3.333160685546859, "made": 3.315461108447458, "one": 3.2641678140599075, "Look": 3.247638512108697, "EVER": 3.1244058716847487, "My": 3.067976567859357, "make": 3.0277790359956773, "Making": 3.021221635449518, "!": 2.9790375913870104, "Food": 2.9640632216095697, "Let": 2.9276955774386946, "An": 2.8983679623441745, "Did": 2.8868735829184393, "t": 2.8587027059517434, "Night": 2.809912541782311, "ME": 2.804635484681467, "a": 2.767086023737742, "CHALLENGE": 2.758354732117461, "and": 2.733619541222385, "Family": 2.596338441484252, "do": 2.5835994157068223, "for": 2.485240501597948, "MY": 2.442187761656994, "me": 2.399170376573303, "Who": 2.3646842005021336, "Can": 2.3613001025178932, "*": 2.162781598509073, "it": 2.111488304121522, "World": 1.9513406048218895, "to": 1.9315161849526852, "It": 1.9139325027557195, "vs": 1.9117750046156983, "For": 1.778782550295786, "What": 1.7381115105648584, "How": 1.577768860489679, "with": 1.1419062751971434, "A": 0.8908136501776546, "the": 0.8038669750741074, "|": 0.7304710001024752, "&": 0.7199445871154877, ",": 0.594627467719573, "-": 0.5434207821632905}