{"Started": 109.07333671645277, "Beginner": 108.17525283700718, "Old": 87.22776582629444, "Getting": 68.32088671347401, "Guide": 66.13274925579998, "Part": 51.07003653944336, "World": 50.81680693159427, "A": 17.406701792814797, "'s": 16.887047885257207, "Tutorial": 13.460992590156902, "-": 13.351216314544224, "OLD": 11.931149065935656, "WORLD": 8.24058312656517, "Yields": 8.13593277200489, "CIVILIZATION": 8.13593277200489, "Growth": 7.442785591444945, "Orders": 6.749638410885, "Differences": 6.344173302776835, "Border": 5.9387081946686715, "Improvements": 5.833347679010845, "8": 5.257278411362654, "Movement": 5.245561014108726, "Mechanics": 5.091410334281467, "Cities": 4.91705694713669, "Play": 4.349854864763234, "Testing": 4.008798386959799, "9": 3.9792070286719863, "23": 3.3484410292228444, "7": 3.1898055456299743, "and": 3.105242589182521, "21": 2.9768774727903615, "18": 2.9155769469265658, "To": 2.910156186429351, "10": 2.892667005651848, "19": 2.8836593439582607, "How": 2.88274142696759, "17": 2.7746406062954656, "16": 2.667872630869759, "22": 2.655293848662899, "14": 2.541221392403051, "24": 2.490485874361653, "15": 2.4321502973486893, "13": 2.4221999664955214, "20": 2.4123476700525095, "from": 2.37703099812761, "12": 2.2415299377400397, "11": 2.1931333968781894, "6": 1.5212071718011297, "4": 1.0601239080265037, "5": 0.9505457564244738, "3": 0.7644434767906133, ",": 0.7058186334430898}