{"Fair": 56.63983032500007, "Careers": 36.48723641860127, "2021": 27.471462109255263, "Career": 24.683100341078145, "Q": 24.203121117138124, "employers": 22.831072854938512, "some": 21.390765540688168, "attending": 20.751631313258677, "Engineering": 16.220038227293696, "Semiconductor": 15.220715236625676, "Brave": 15.136224782553903, "Explore": 14.913900866092737, "Science": 14.59504868041847, "Nordic": 13.834420875505785, "Graduate": 13.557945494863565, "Panel": 13.424590207151065, "Internship": 12.448126514385894, "Coffee": 12.341550170539072, "Vlog": 11.918314375759355, ":": 11.562607779452717, "Advice": 10.8090732992411, "Programme": 10.615545050637584, "Sustainability": 10.090816521702601, "Meet": 10.085587128790436, "Week": 9.959694531493339, "&": 8.887591404873794, "Big": 8.544551050545243, "ProjectSet": 7.610357618312838, "payment": 7.610357618312838, "freelancer": 7.610357618312838, "Thermo": 7.610357618312838, "Rhona": 7.610357618312838, "Gurr": 7.610357618312838, "Pharmaceuticals": 7.610357618312838, "CIO": 7.610357618312838, "Whiting": 7.610357618312838, "ERM": 7.610357618312838, "exhibitors": 7.610357618312838, "Saltire": 7.610357618312838, "A": 7.382343445190397, "WWF": 6.9172104377528925, "Co-Founder": 6.9172104377528925, "Scholar": 6.9172104377528925, "players": 6.9172104377528925, "Marketplace": 6.9172104377528925, "Talk": 6.781699826273462, "at": 6.638860262900443, "Interview": 6.559248556053013, "Bootcamp": 6.511745329644728, "Aerospace": 6.511745329644728, "Kent": 6.224063257192947, "hello": 6.224063257192947, "anyway": 6.224063257192947, "your": 6.183844600252853, "Recruitment": 6.000919705878737, "Oceans": 6.000919705878737, "Health": 5.951257260166403, "Specialist": 5.8185981490847825, "Kick": 5.8185981490847825, "Coaching": 5.8185981490847825, "Fisher": 5.664447469257524, "Stewart": 5.664447469257524, "with": 5.629948037110621, "panel": 5.530916076633002, "Resources": 5.530916076633002, "Polar": 5.413133040976618, "NHS": 5.413133040976618, "jobs": 5.413133040976618, "ask": 5.307772525318792, "Doug": 5.307772525318792, "Hydrogen": 5.307772525318792, "happen": 5.125450968524837, "Portfolio": 5.125450968524837, "Director": 5.125450968524837, "Scientist": 5.045408260851301, "Sustainable": 5.045408260851301, "session": 4.971300288697579, "9th": 4.971300288697579, "Environmental": 4.902307417210627, "Scientific": 4.837768896073056, "November": 4.837768896073056, "career": 4.837768896073056, "the": 4.793149047699764, "Hear": 4.777144274256622, "2022": 4.739017074154723, "worth": 4.665918639146397, "Economy": 4.614625344758847, "Arts": 4.432303787964892, "Museum": 4.432303787964892, "Current": 4.352261080291355, "Construction": 4.144621715513111, "free": 4.083997093696676, "Session": 4.026838679856728, "Management": 3.999439705668613, "Skills": 3.8967855516085295, "Works": 3.849157502619275, "Sports": 3.849157502619275, "of": 3.7928632540928344, "27": 3.7817162218237423, "Job": 3.7817162218237423, "Global": 3.7817162218237423, "Technology": 3.760210016602779, "26": 3.7391566074049467, "Grow": 3.6983346128846915, "Law": 3.6983346128846915, "Natural": 3.6785319855885117, "Training": 3.6591138997314103, "when": 3.4514745349531655, "work": 3.390849913136731, "Than": 3.3618623762634785, "a": 3.355518361356647, "25": 3.347677741271522, "UK": 3.333691499296782, "from": 3.3090404976960133, "Start": 3.3062925251086677, "know": 3.2796242780265064, "all": 3.133020803834631, "our": 3.088569041263797, "not": 3.0777581251595816, "Change": 2.874159169918342, "Work": 2.8654254899495872, "How": 2.857039717326268, "how": 2.8145670727160965, "make": 2.79817326294042, "100": 2.6758836851821455, "in": 2.64200465324826, "be": 2.5477625852858705, "Know": 2.4686940618101776, "is": 2.4402339024949753, "What": 2.4368810098404707, "History": 2.411860587047012, "and": 2.3463946542975775, ".": 2.28221460303413, "The": 2.261810004733867, "One": 2.253771343640825, "All": 2.2031858468527186, "More": 2.1722783093896423, "it": 2.088896700450591, "World": 2.0008858231278777, "...": 1.8420366225190652, "Is": 1.5489006993848207, ",": 1.486764509839123, "to": 1.2383614623832562, "on": 1.1257223826775857, "'s": 0.825900555675194, "for": 0.8124172053379071, "(": 0.7581150492609593, ")": 0.7486462778321072, "?": 0.5550447749730857}