{"COVID-19": 44.20770636930679, "Dr.": 30.36591076716399, "Michael": 25.62118095294369, "Utah": 22.091839175943928, "Update": 21.887256065648998, "Health": 21.251749950716395, "marzo": 20.727762465317618, "Good": 17.04136440520837, "Mental": 16.215530274988797, "Nutrition": 16.215530274988797, "Eccles": 15.204802671331636, "Kencee": 15.204802671331636, "Spanish": 15.112355934612843, "Graduation": 13.818508310211746, "Spencer": 13.818508310211746, "Graves": 12.432213949091855, "National": 11.816519068608516, "Month": 11.454635105242671, "School": 11.25676120186728, "Fox": 11.045919587971964, "Therapy": 11.045919587971964, "2022": 10.470444438551533, "March": 10.42580085186218, "Patient": 10.234989371755637, "Medicine": 9.926688012101119, "U": 9.788702269127217, "COVID": 9.424059155539307, "de": 8.798895815174156, "Conference": 8.613128939322978, "Press": 8.54039365098123, "Chicken": 8.402407908007326, "University": 8.336828262361344, "29": 8.152081622099313, "HELIX": 7.602401335665818, "Skybridge": 7.602401335665818, "refuerzo": 7.602401335665818, "Couscous": 7.602401335665818, "Cucumber": 7.602401335665818, "Salsa": 7.602401335665818, "Tabbouleh": 7.602401335665818, "Davis-Aortic": 7.602401335665818, "Kem": 7.602401335665818, "Carolyn": 7.602401335665818, "Immunocompromised": 7.602401335665818, "HMHI": 7.602401335665818, "Research": 7.591477691790997, "Long": 7.049727783520197, "Dentistry": 6.909254155105873, "Infertility": 6.909254155105873, "Dissection": 6.909254155105873, "Gardner": 6.909254155105873, "Stew": 6.909254155105873, "15": 6.737445182981418, "Teens": 6.503789046997708, "Segundo": 6.503789046997708, "Aquatic": 6.503789046997708, "Faculty": 6.503789046997708, "febrero": 6.503789046997708, "Aids": 6.216106974545927, "Grilled": 6.216106974545927, "Staff": 6.216106974545927, "Responding": 5.992963423231718, "Ski": 5.992963423231718, "Fiesta": 5.992963423231718, "Tomato": 5.992963423231718, "Curry": 5.992963423231718, "Loud": 5.810641866437763, "Accident": 5.656491186610505, "Addiction": 5.656491186610505, "Seek": 5.522959793985982, "Treatment": 5.522959793985982, "Shortage": 5.405176758329599, "Treadmill": 5.405176758329599, "Healing": 5.405176758329599, "Salmon": 5.299816242671772, "espa\u00f1ol": 5.299816242671772, "Contest": 5.299816242671772, "Options": 5.2045060628674475, "Brings": 5.2045060628674475, "Physical": 5.037451978204281, "Kim": 4.963344006050559, "Formula": 4.894351134563609, "Children": 4.829812613426037, "Match": 4.829812613426037, "Pet": 4.769187991609602, "Joy": 4.769187991609602, "Crisis": 4.606669062111827, "Become": 4.383525510797617, "During": 4.306564469661489, "of": 4.282973256602732, "February": 4.270196825490615, "Community": 4.047053274176404, "Latest": 3.913521881551882, "Care": 3.913521881551882, "Team": 3.8888292689615103, "Impact": 3.841201219972256, "Program": 3.773759939176723, "Facebook": 3.75225373395576, "Short": 3.7105810375551918, "Help": 3.6511576170843907, "Center": 3.5950681504333475, "Film": 3.4592666092742856, "Q": 3.4127465936393926, "Green": 3.368294831068559, "People": 3.368294831068559, "Where": 3.3539060936164593, "Meet": 3.2585959138121345, "Introducing": 3.2456925089762265, "Technology": 2.997231149677727, "When": 2.9389622415537513, "on": 2.856366861235189, "Out": 2.782119770060781, "Free": 2.750371071746201, "About": 2.660758913056514, "System": 2.5334971334455867, ":": 2.474445481630734, "with": 2.4234442643679577, "Live": 2.376654661952617, "and": 2.375584614334153, "Day": 2.324286676435301, "&": 2.314581303058916, "16": 2.1513628821001176, "in": 2.009860332279929, ",": 1.939484607573373, "A": 1.8913496229748534, "In": 1.7617596782924199, "To": 1.5573960216298066, "-": 1.2853290477270733, "to": 1.1986717537587126, "the": 1.1877923071670764, "1": 1.0628153800481488, "2": 0.8270352447294268, "'s": 0.8179442730281747}