{"diz": 85.37723338039756, "Bolsonaro": 62.46333303141127, "Dom": 60.383739062324686, "e": 50.90925230060517, "Bruno": 48.12925727758683, "em": 32.40903959004924, "Caso": 31.231666515705633, "Supla": 31.231666515705633, "Sakamoto": 31.231666515705633, "Elei\u00e7\u00f5es": 31.231666515705633, "sobre": 28.580365147217915, "de": 27.341850496979824, "Phillips": 26.837217361033193, "que": 24.573745444255305, "ao": 24.064628638793415, "n\u00e3o": 24.064628638793415, "pol\u00edtica": 23.423749886779227, "Ciro": 23.423749886779227, "Gomes": 23.423749886779227, "MDB": 23.423749886779227, "na": 21.89420127340042, "do": 20.723265836946414, "Pereira": 20.127913020774894, "vai": 17.185425261739717, "PT": 16.83207615477057, "RS": 16.83207615477057, "'": 16.588861240022492, "mais": 16.515994607797087, "da": 16.47614869924989, "V\u00eddeo": 15.615833257852817, "Justi\u00e7a": 15.615833257852817, "debates": 15.615833257852817, "Souza": 15.615833257852817, "pr\u00e9-candidato": 15.615833257852817, ":": 14.989205349053805, "por": 14.854288266817232, "\ud83d\udd34": 14.436553066117252, "fala": 14.229538896732926, "evento": 14.229538896732926, ";": 13.536239288766238, "caso": 13.418608680516597, "Brasil": 12.396957432984616, "Gabriel": 11.72401295974219, "pelo": 11.456950174493144, "no": 11.083856106051117, "o": 10.026025530815474, "dos": 9.726955299519936, "\u00e0": 9.726955299519936, "com": 8.95142423750241, "mortas": 7.807916628926408, "terras": 7.807916628926408, "meio": 7.807916628926408, "stripper": 7.807916628926408, "brasileiro": 7.807916628926408, "vaza": 7.807916628926408, "audi\u00eancia": 7.807916628926408, "investiga\u00e7\u00e3o": 7.807916628926408, "Univaja": 7.807916628926408, "confirma": 7.807916628926408, "mortes": 7.807916628926408, "PF": 7.807916628926408, "encontra": 7.807916628926408, "humanos": 7.807916628926408, "indicada": 7.807916628926408, "Banco": 7.807916628926408, "taxa": 7.807916628926408, "ano": 7.807916628926408, "n\u00edvel": 7.807916628926408, "janeiro": 7.807916628926408, "boxe": 7.807916628926408, "soco": 7.807916628926408, "gostoso": 7.807916628926408, "Fa\u00e7o": 7.807916628926408, "letras": 7.807916628926408, "coisas": 7.807916628926408, "acredito": 7.807916628926408, "entrevista": 7.807916628926408, "'Pode": 7.807916628926408, "chamar": 7.807916628926408, "Braga": 7.807916628926408, "valendo": 7.807916628926408, "brinca": 7.807916628926408, "Otalab": 7.807916628926408, "'Me": 7.807916628926408, "deixa": 7.807916628926408, "dividido": 7.807916628926408, "STF": 7.807916628926408, "estados": 7.807916628926408, "ICMS": 7.807916628926408, "combust\u00edvel": 7.807916628926408, "Ministro": 7.807916628926408, "cabe": 7.807916628926408, "cobrar": 7.807916628926408, "capacete": 7.807916628926408, "deixou": 7.807916628926408, "discurso": 7.807916628926408, "desistir": 7.807916628926408, "candidatura": 7.807916628926408, "Tereza": 7.807916628926408, "reverteria": 7.807916628926408, "rejei\u00e7\u00e3o": 7.807916628926408, "mulheres": 7.807916628926408, "Brasileira": 7.807916628926408, "presa": 7.807916628926408, "Tail\u00e2ndia": 7.807916628926408, "declarou": 7.807916628926408, "culpada": 7.807916628926408, "far\u00e1": 7.807916628926408, "pedido": 7.807916628926408, "perd\u00e3o": 7.807916628926408, "Entidades": 7.807916628926408, "pol\u00edticos": 7.807916628926408, "reagem": 7.807916628926408, "eram": 7.807916628926408, "queridos": 7.807916628926408, "regi\u00e3o": 7.807916628926408, "infeliz": 7.807916628926408, "colunista": 7.807916628926408, "Genivaldo": 7.807916628926408, "ministro": 7.807916628926408, "cobra": 7.807916628926408, "mesma": 7.807916628926408, "rea\u00e7\u00e3o": 7.807916628926408, "morte": 7.807916628926408, "policiais": 7.807916628926408, "partidos": 7.807916628926408, "aliados": 7.807916628926408, "pedem": 7.807916628926408, "querido": 7.807916628926408, "malvisto": 7.807916628926408, "l\u00e1": 7.807916628926408, "Formato": 7.807916628926408, "proposto": 7.807916628926408, "melhoraria": 7.807916628926408, "eleitorais": 7.807916628926408, "not\u00edcias": 7.807916628926408, "UOL": 7.807916628926408, "pol\u00edcia": 7.807916628926408, "esquartejou": 7.807916628926408, "'Bolsonaro": 7.807916628926408, "sindicato": 7.807916628926408, "pesca": 7.807916628926408, "ilegal": 7.807916628926408, "Felipe": 7.807916628926408, "Moura": 7.807916628926408, "Lacsko": 7.807916628926408, "governo": 7.807916628926408, "sabatina": 7.807916628926408, "UOL/Folha": 7.807916628926408, "\u00cdNTEGRA": 7.807916628926408, "joga": 7.807916628926408, "urina": 7.807916628926408, "fezes": 7.807916628926408, "Uberl\u00e2ndia": 7.807916628926408, "aborto": 7.807916628926408, "mensalidade": 7.807916628926408, "universidades": 7.807916628926408, "p\u00fablicas": 7.807916628926408, "discursa": 7.807916628926408, "PDT": 7.807916628926408, "Pr\u00e9-candidato": 7.807916628926408, "honrar": 7.807916628926408, "acordo": 7.807916628926408, "recupera\u00e7\u00e3o": 7.807916628926408, "fiscal": 7.807916628926408, "Discuss\u00e3o": 7.807916628926408, "vira": 7.807916628926408, "bate-boca": 7.807916628926408, "C\u00e2mara": 7.807916628926408, "Deputados": 7.807916628926408, "esperar": 7.807916628926408, "resolu\u00e7\u00e3o": 7.807916628926408, "'nas": 7.807916628926408, "pr\u00f3ximas": 7.807916628926408, "'Sou": 7.807916628926408, "acostumado": 7.807916628926408, "press\u00e3o": 7.807916628926408, "Pessoas": 7.114769448366463, "defender": 7.114769448366463, "ind\u00edgenas": 7.114769448366463, "ambiente": 7.114769448366463, "Lula": 7.114769448366463, "presidente": 7.114769448366463, "Peru": 7.114769448366463, "restos": 7.114769448366463, "\u00e1rea": 7.114769448366463, "suspeito": 7.114769448366463, "aumenta": 7.114769448366463, "Selic": 7.114769448366463, "13,25": 7.114769448366463, "minhas": 7.114769448366463, "triste": 7.114769448366463, "claro": 7.114769448366463, "Chapa": 7.114769448366463, "jornalista": 7.114769448366463, "modelo": 7.114769448366463, "crime": 7.114769448366463, "Amaz\u00f4nia": 7.114769448366463, "Suspeito": 7.114769448366463, "enterrou": 7.114769448366463, "corpos": 7.114769448366463, "l\u00edder": 7.114769448366463, "Madeleine": 7.114769448366463, "15/06/2022": 7.114769448366463, "responde": 7.114769448366463, "volta": 7.114769448366463, "Leite": 7.114769448366463, "tomar": 6.709304340258298, "ele": 6.709304340258298, "Cristina": 6.709304340258298, "\u00faltimas": 6.709304340258298, "vice": 6.709304340258298, "armas": 6.709304340258298, "durante": 6.421622267806518, "maior": 6.421622267806518, "seguir": 6.421622267806518, "nas": 6.421622267806518, "t\u00e1": 6.421622267806518, "Ana": 6.198478716492308, "muito": 6.198478716492308, "era": 6.198478716492308, "contra": 6.016157159698354, "foi": 6.016157159698354, ",": 5.730914397590152, "cara": 5.728475087246572, "horas": 5.728475087246572, "Maria": 5.610692051590189, "entre": 5.610692051590189, "Vice": 5.5053315359323625, "pool": 5.410021356128038, "vivo": 5.410021356128038, "\u00e9": 5.3230099791384085, "desde": 5.242967271464872, "age": 5.242967271464872, "ver": 5.099866427824199, "Central": 5.035327906686628, "Drone": 5.035327906686628, "News": 4.2243976904702984, "\u2018": 4.196998716282184, "como": 4.144354982796762, "se": 3.573810124329149, "2017": 3.4771832886400773, "\u201c": 3.1444775348143414, "\u201d": 3.054326437820044, "para": 2.8806629437692037, "%": 2.714166428119646, "me": 2.134593361754916, "a": 1.8789740529436307, "\u2019": 1.605381111738486, "|": 0.6255645170411459}