{"Panic": 31.080534872729636, "Ukraine": 28.907338312812353, "Russian": 26.88840853980579, "Russia": 26.7274819122329, "US": 23.680255413427982, "Shocked": 16.568879381957945, "Here": 16.317596478476684, ":": 16.083895630599773, "F35A": 15.204802671331636, "Bitter": 15.204802671331636, "Finally": 14.099455567040394, "weapon": 13.007578093995416, "Corps": 12.432213949091855, "Revealed": 12.409996298598276, "Enemy": 11.985926846463435, "Force": 11.387216537686495, "newest": 10.810353516659198, "helicopter": 10.599632485343545, "Newest": 10.599632485343545, "Tanks": 10.234989371755637, "Marine": 10.074903956408562, "Fighter": 9.788702269127217, "Missile": 9.424059155539307, "Drones": 9.315924712998756, "Navy": 9.115757795884791, "Attack": 8.470211011358689, "The": 8.30974754734255, "MissiIe": 7.602401335665818, "HeIIfire": 7.602401335665818, "MissiIes": 7.602401335665818, "Decimate": 7.602401335665818, "AC130": 7.602401335665818, "Gunships": 7.602401335665818, "Carrierconcept": 7.602401335665818, "F35Bs": 7.602401335665818, "Tripoli": 7.602401335665818, "Rusian": 7.602401335665818, "seizes": 7.602401335665818, "RGW90": 7.602401335665818, "fired": 7.602401335665818, "Hwasong": 7.602401335665818, "elephant": 7.602401335665818, "Built-XB70": 7.602401335665818, "Valkyrie": 7.602401335665818, "THAAD": 7.602401335665818, "eight": 7.602401335665818, "infantry": 7.602401335665818, "IFVs": 7.602401335665818, "warheads": 7.602401335665818, "lranian": 7.602401335665818, "lsrael": 7.602401335665818, "f35i": 7.602401335665818, "'s": 7.361498457253573, "Jet": 7.2642188442273925, "F35": 6.909254155105873, "coast": 6.909254155105873, "Shore": 6.909254155105873, "Enabled": 6.909254155105873, "M113": 6.909254155105873, "renowned": 6.909254155105873, "stealth": 6.909254155105873, "Caesar": 6.909254155105873, "self-propelled": 6.909254155105873, "howitzers": 6.909254155105873, "futuristic": 6.909254155105873, "armored": 6.909254155105873, "GERMAN": 6.909254155105873, "armed": 6.909254155105873, "Undetectable": 6.909254155105873, "TB2": 6.909254155105873, "Adir": 6.909254155105873, "Down": 6.736589662137118, "Drone": 6.6238837890348545, "Moscow": 6.503789046997708, "APC": 6.503789046997708, "secretly": 6.503789046997708, "hypersonic": 6.503789046997708, "Rises": 6.503789046997708, "airborne": 6.503789046997708, "AT4": 6.503789046997708, "pilots": 6.503789046997708, "Ukrainians": 6.503789046997708, "dart": 6.503789046997708, "Bayraktar": 6.503789046997708, "Dozens": 6.503789046997708, "fights": 6.216106974545927, "russia": 6.216106974545927, "tanks": 6.216106974545927, "dying": 6.216106974545927, "flew": 6.216106974545927, "Serve": 6.216106974545927, "soldiers": 6.216106974545927, "Naval": 5.992963423231718, "Howitzer": 5.992963423231718, "Sink": 5.992963423231718, "send": 5.992963423231718, "aboard": 5.992963423231718, "nearly": 5.992963423231718, "Pill": 5.992963423231718, "fully": 5.992963423231718, "crew": 5.992963423231718, "Fear": 5.992963423231718, "mysterious": 5.992963423231718, "shaped": 5.992963423231718, "miles": 5.810641866437763, "M777": 5.810641866437763, "155mm": 5.810641866437763, "Howitzers": 5.810641866437763, "practice": 5.810641866437763, "Tension": 5.810641866437763, "captured": 5.810641866437763, "Air": 5.776942600192609, "Ships": 5.656491186610505, "Mach": 5.656491186610505, "military": 5.656491186610505, "s": 5.549486090520555, "Fighters": 5.522959793985982, "vehicles": 5.522959793985982, "Helicopters": 5.522959793985982, "Missiles": 5.405176758329599, "Marines": 5.405176758329599, "Artillery": 5.405176758329599, "walk": 5.405176758329599, "Bomber": 5.405176758329599, "remote": 5.405176758329599, "because": 5.299816242671772, "NATO": 5.299816242671772, "Skies": 5.299816242671772, "Ukrainian": 5.2045060628674475, "Sell": 5.117494685877818, "54": 5.117494685877818, "Deadliest": 5.117494685877818, "States": 5.117494685877818, "USS": 5.117494685877818, "uses": 5.117494685877818, "that": 5.09231106063502, "Prepare": 5.037451978204281, "Alert": 5.037451978204281, "tested": 5.037451978204281, "Near": 5.037451978204281, "Bomb": 4.963344006050559, "France": 4.963344006050559, "against": 4.963344006050559, "across": 4.894351134563609, "Submarine": 4.894351134563609, "\u2019": 4.847847991144142, "Strike": 4.829812613426037, "Korea": 4.829812613426037, "Beat": 4.769187991609602, "Shocking": 4.769187991609602, "Extremely": 4.712029577769654, "Armor": 4.712029577769654, "Destroyed": 4.712029577769654, "Will": 4.658803554204143, "Stealth": 4.657962356499378, "United": 4.657962356499378, "Shoot": 4.657962356499378, "55": 4.606669062111827, "found": 4.606669062111827, "Ground": 4.557878897942396, "Hunt": 4.557878897942396, "Ship": 4.557878897942396, "Europe": 4.511358882307502, "Combat": 4.511358882307502, "Carry": 4.4669071197366685, "Destroy": 4.4669071197366685, "new": 4.445007964250718, "away": 4.383525510797617, "Eye": 4.383525510797617, "B": 4.270196825490615, "South": 4.2351055056793445, "launch": 4.201203954003663, "GPS": 4.168414131180672, "works": 4.168414131180672, "long": 4.168414131180672, "N": 4.168414131180672, "system": 3.9648151759394326, "only": 3.8888292689615103, "Sky": 3.8888292689615103, "Tank": 3.86473171738245, "Expensive": 3.841201219972256, "America": 3.841201219972256, "American": 3.75225373395576, "Battle": 3.731200324757927, "Reality": 3.7105810375551918, "Ready": 3.6321094221136963, "Small": 3.6321094221136963, "Rocket": 3.5248638917600985, "King": 3.491527471492507, "For": 3.4889363623647176, "China": 3.428014065770181, "Only": 3.4127465936393926, "Getting": 3.3539060936164593, "Biggest": 3.3397214586245028, "most": 3.3119418945174273, "Gen": 3.2456925089762265, "time": 3.2203747009919366, "1000": 3.2203747009919366, "Show": 3.1956820884015653, "Secret": 3.1835607278692204, "Next": 3.1137649659336786, "Technology": 2.997231149677727, "the": 2.969480767917691, "and": 2.969480767917691, "Just": 2.929572501203912, "Old": 2.9202701085415987, "Ever": 2.875013516953478, "Have": 2.840227400868062, "Be": 2.840227400868062, "High": 2.840227400868062, "from": 2.7596501351888993, "in": 2.679813776373239, "as": 2.660758913056514, "Not": 2.639556705405911, "Super": 2.552545328416281, "System": 2.5334971334455867, "New": 2.510024252019616, "An": 2.4549068588523655, "20": 2.4319173406276664, "Time": 2.4319173406276664, "That": 2.387465578056833, "'": 2.3294017771020714, "All": 2.3191976069278297, "for": 2.317822794460179, "are": 2.1952295642056994, "Top": 2.084948439201111, "From": 2.072972248154395, "One": 2.022671509679596, "Can": 1.9640466663320726, "to": 1.798007630638069, "an": 1.7882708038407518, "a": 1.7627609531708202, "First": 1.7135233773329372, "This": 1.6943183974968872, "with": 1.6156295095786386, "To": 1.5573960216298066, "of": 1.4276577522009106, "A": 0.9456748114874267, "3": 0.943107415982181, "How": 0.8761679333070715, "2": 0.8270352447294268}