{"dagen": 32.211108222039265, "Vet": 31.299500438069494, "LEVEN": 25.806438994728946, "Gezellig": 24.154978670525857, "testen": 20.85914180452153, "SUPERMARKT": 19.996095587166188, "TESTEN": 18.779700262841693, "met": 18.12732981269711, "uit": 17.656293588462272, "SNACKS": 17.563304938517202, "\ud83d\ude31": 16.36268031865212, "Benieuwd": 16.103319113683906, "GLUTENVRIJ": 16.103319113683906, "Proberen": 16.103319113683906, "Bijzondere": 13.906094536347688, "PRODUCTEN": 13.906094536347688, "\ud83d\udeab": 13.906094536347688, "Mijn": 13.757770962126681, "Meer": 13.330730391444126, "supermarkt": 12.884443288815707, "DAGEN": 12.519800175227797, "Eten": 12.21149881557328, "VRIENDIN": 11.708869959011468, "van": 11.547494331673757, "!": 11.490573566778469, "eten": 11.307528568087166, "uur": 11.133505814107906, "leven": 10.82520445445339, "*": 10.813907992545364, "een": 9.972815214388838, "Nieuwe": 9.747211452988015, "op": 9.622417411150087, "\ud83e\udd14": 8.828146794231136, "7": 8.695695100249258, "de": 8.509615037709686, "bevat": 8.051659556841953, "FASTFOOD": 8.051659556841953, "smaken": 8.051659556841953, "\ud83c\udf7f\ud83d\ude0d": 8.051659556841953, "FOODTOUR": 8.051659556841953, "\ud83c\udf70\ud83c\udf5f": 8.051659556841953, "KRUIDVAT": 8.051659556841953, "AUTISME": 8.051659556841953, "DOCU": 8.051659556841953, "VLEESETER": 8.051659556841953, "\ud83c\udf56\ud83c\udf43": 8.051659556841953, "MINIMALISTISCH": 8.051659556841953, "VOELEN": 8.051659556841953, "OPGELICHT": 8.051659556841953, "\ud83e\udd14\ud83c\udf55\ud83c\udf54": 8.051659556841953, "Bepaalt": 8.051659556841953, "UITVERKOCHT": 8.051659556841953, "FODMAP": 8.051659556841953, "DIEET": 8.051659556841953, "GEVOELIGE": 8.051659556841953, "DARMEN": 8.051659556841953, "\ud83e\uddc4\ud83d\udeab": 8.051659556841953, "NOTENALLERGIE": 8.051659556841953, "\ud83e\udd5c\ud83d\udeab": 8.051659556841953, "\ud83c\udf54\ud83c\udf6a": 8.051659556841953, "LACTOSEVRIJ": 8.051659556841953, "TRUFFEL": 8.051659556841953, "MAYONAISE": 8.051659556841953, "\ud83e\udd29\ud83d\ude31": 8.051659556841953, "realiseren": 8.051659556841953, "\ud83d\ude31\ud83d\ude01": 8.051659556841953, "AIRFRYER": 8.051659556841953, "filmde": 8.051659556841953, "intieme": 8.051659556841953, "HOMEVIDEO": 8.051659556841953, "accounts": 8.051659556841953, "\ud83c\udf6a\ud83d\ude0d": 8.051659556841953, "KORTING": 8.051659556841953, "HOOGVLIET": 8.051659556841953, "\u267b\ud83d\udcb8": 8.051659556841953, "Verspilling": 8.051659556841953, "Bak": 8.051659556841953, "\ud83e\udd75\ud83e\udd29": 8.051659556841953, "PAASEI": 8.051659556841953, "SMAKEN": 8.051659556841953, "\ud83e\udd5a\ud83c\udf6b": 8.051659556841953, "afstand": 8.051659556841953, "Isra\u00eblische": 8.051659556841953, "MYSTERYBOX": 8.051659556841953, "EXTREME": 7.881571385337285, "\ud83d\ude0d": 7.754544573892633, "BIJZONDER": 7.358512376282008, "ZWOLLE": 7.358512376282008, "PINDA": 7.358512376282008, "MAANDEN": 7.358512376282008, "VERBOUW": 7.358512376282008, "VERHUIS": 7.358512376282008, "verhuizen": 7.358512376282008, "\ud83d\ude36": 7.358512376282008, "voor": 7.171502876374739, "BOODSCHAP": 6.953047268173844, "Vriendin": 6.953047268173844, "volgen": 6.953047268173844, "\ud83c\udf5e": 6.953047268173844, "\ud83d\ude0c": 6.953047268173844, "TWIST": 6.665365195722063, "MAKE-OVER": 6.665365195722063, "SPIJT": 6.665365195722063, "ANGST": 6.665365195722063, "\ud83d\ude4a": 6.442221644407853, "minuten": 6.442221644407853, "COOKIES": 6.442221644407853, "proberen": 6.259900087613898, "\u20ac50": 6.259900087613898, "POPCORN": 6.259900087613898, "\ud83e\uddc0": 6.259900087613898, "\ud83e\udde0": 6.10574940778664, "Leven": 6.10574940778664, "Anti": 6.10574940778664, "182": 6.10574940778664, "DROOM": 5.972218015162118, "GEKKE": 5.972218015162118, "nemen": 5.972218015162118, "GEHEIME": 5.854434979505734, "\ud83c\udf54": 5.749074463847908, "elkaar": 5.749074463847908, "VEGAN": 5.653764284043583, "BIZARRE": 5.653764284043583, "later": 5.653764284043583, "107": 5.566752907053953, "\ud83d\ude14": 5.566752907053953, "Vlogs": 5.486710199380417, "\ud83e\udd24": 5.412602227226695, "ons": 5.343609355739743, "Zo": 5.343609355739743, "ALLES": 5.279070834602172, "HUIS": 5.1072205776755135, "Deze": 5.0559272832879625, "heeft": 5.0559272832879625, "weer": 5.0559272832879625, "ETEN": 4.960617103483638, "nu": 4.793563018820471, "INSTAGRAM": 4.755822690837625, "jaar": 4.755822690837625, "mini": 4.650462175179798, "\ud83d\ude32": 4.650462175179798, "Hoe": 4.6176723523568075, "MINI": 4.555151995375473, "gaat": 4.468140618385844, "NIEUWE": 4.3880979107123075, "TEST": 4.338087490137646, "\ud83d\ude05": 4.313989938558585, "90": 4.290459441148391, "\ud83e\udd2f": 4.159839258731327, "48": 4.159839258731327, "Na": 4.081367643289831, "bij": 3.774993437825898, "|": 3.652355000512376, "je": 3.62084275799864, "%": 3.476948578338571, "het": 3.369528329717734, "in": 3.319294926214018, "50": 3.298069365735589, ":": 3.0810315791649514, "VIDEO": 3.074925814421379, "5": 3.0561945013848826, "14": 3.0477132508964946, "Food": 2.9640632216095697, "13": 2.92176084191888, "#": 2.8797523252404016, "was": 2.820550939987367, "12": 2.699801423365887, "20": 2.658032010489592, "15": 2.6223139278875127, "en": 2.534206660377246, "24": 2.460672576331097, "8": 2.3248118092547565, "Challenge": 2.2616993859447003, "We": 2.0552074682229327, "?": 2.008605573313323, "10": 1.7959095150885866, "2022": 1.7399247476890392, "4": 1.6171130380545005, "...": 1.4878040303098259, "In": 1.4436589315458666, "&": 1.4398891742309754, "3": 1.3350647833209754, "'s": 0.8239970581132987, ",": 0.594627467719573}