{"Hop": 142.65446518389084, "Hip": 135.6796015324292, "Love": 57.7905624200254, "Atlanta": 50.88387855639225, "Peak": 35.83330809097271, "Timeline": 30.5287470389332, "Moments": 30.34379720027029, "Hollywood": 29.872289460465847, "LHHFamReunion": 24.154978670525857, "York": 21.940489553561537, "&": 18.718559265002682, ":": 17.45917894860139, "Friendship": 14.053091180566437, "\ud83d\ude02\ud83d\ude31": 13.906094536347688, "Best": 13.706628507577726, "Erica": 12.519800175227797, "Wonders": 11.944436030324235, "Season": 10.973567437762995, "Shorts": 10.152923242707885, "Pt": 9.51164538167525, "Time": 9.01026760952571, "of": 8.970441999282906, "Relationship": 8.828146794231136, "\ud83c\udf51\ud83c\udf89": 8.051659556841953, "Mariahlynn": 8.051659556841953, "Lucci": 8.051659556841953, "\ud83d\ude02\ud83d\ude0f": 8.051659556841953, "Yandy": 8.051659556841953, "Mendeecees": 8.051659556841953, "\ud83d\ude0d\ud83c\udf7f": 8.051659556841953, "\ud83e\udd2f\ud83c\udf7f": 8.051659556841953, "Scrapp": 8.051659556841953, "LHHATL": 8.051659556841953, "\ud83d\ude0e\ud83c\udfb5": 8.051659556841953, "\ud83e\udd1d\u2728": 8.051659556841953, "Moniece": 8.051659556841953, "\ud83d\ude0d\ud83d\ude44": 8.051659556841953, "\u2600\ufe0f\ud83d\udd25": 8.051659556841953, "Kimbella": 8.051659556841953, "\ud83d\ude09\ud83d\udca5": 8.051659556841953, "Brandi": 8.051659556841953, "\ud83e\udd70\ud83e\udd2d": 8.051659556841953, "\u261d": 8.051659556841953, "Shanda": 8.051659556841953, "Wille": 8.051659556841953, "Kyesha": 8.051659556841953, "\ud83e\udd2d\ud83d\udc40": 8.051659556841953, "Rasheeda": 8.051659556841953, "\ud83d\udc6f": 8.051659556841953, "Safaree": 8.051659556841953, "papers": 8.051659556841953, "\ud83d\ude31\ud83c\udf03": 8.051659556841953, "\ud83e\udd17\ud83d\udc4a": 8.051659556841953, "\ud83c\udfc6\ud83d\udca5": 8.051659556841953, "\ud83e\udd2d\u2600\ufe0f": 8.051659556841953, "\ud83e\udd29\ud83e\udd2f": 8.051659556841953, "\ud83d\ude2e\ud83d\udc51": 8.051659556841953, "\ud83d\ude0e\ud83d\udc8b": 8.051659556841953, "New": 8.01385081347548, "Cast": 7.664303703331694, "Story": 7.5666914079915895, "Tiarra": 7.358512376282008, "Tommie": 7.358512376282008, "Bambi": 7.358512376282008, "Trinidad": 7.358512376282008, "Shekinah": 7.358512376282008, "apologizes": 7.358512376282008, "Gunz": 7.358512376282008, "Krueger": 7.358512376282008, "\ud83d\ude0e\ud83d\ude02": 7.358512376282008, "Mena": 7.358512376282008, "Rah": 7.358512376282008, "DRAMATIC": 6.953047268173844, "Lit": 6.953047268173844, "\ud83d\ude0d\ud83d\udd25": 6.665365195722063, "divorce": 6.665365195722063, "Stevie": 6.665365195722063, "Sierra": 6.665365195722063, "calling": 6.442221644407853, "RANKED": 6.442221644407853, "Mimi": 6.442221644407853, "lesson": 6.442221644407853, "Dixon": 6.259900087613898, "sign": 6.259900087613898, "Dee": 6.259900087613898, "Momma": 6.10574940778664, "middle": 5.972218015162118, "Tammy": 5.972218015162118, "Remy": 5.972218015162118, "Cutest": 5.854434979505734, "Spice": 5.653764284043583, "\ud83e\udd17": 5.653764284043583, "himself": 5.566752907053953, "\ud83d\ude29": 5.566752907053953, "AD": 5.343609355739743, "calls": 5.279070834602172, "finds": 5.00713711911853, "Lie": 5.00713711911853, "Ma": 5.00713711911853, "Reunion": 5.00713711911853, "Miami": 4.960617103483638, "says": 4.960617103483638, "won": 4.916165340912804, "biggest": 4.916165340912804, "Iconic": 4.7194550466667495, "Evolution": 4.7194550466667495, "One": 4.702431966902535, "Freddy": 4.684363726855479, "\ud83d\udc94": 4.585923654042227, "5": 4.584291752077323, "Ray": 4.525299032225792, "COMPILATION": 4.49631149535254, "\ud83e\udd29": 4.440741644197729, "Solo": 4.414073397115568, "Peter": 4.414073397115568, "\u2019": 4.37584506809855, "Daddy": 4.244997067071634, "J": 4.201511955131895, "Ali": 4.159839258731327, "him": 4.081367643289831, "Die": 3.924525171796862, "Max": 3.892776473482282, "#": 3.8396697669872024, "Truth": 3.817553052244694, "SUPER": 3.817553052244694, "Trip": 3.8031643147925944, "Trick": 3.8031643147925944, "OVER": 3.774993437825898, "Ride": 3.734171443305643, "s": 3.682118959634601, "\ud83d\ude33": 3.5857514381873696, "he": 3.4565397067073635, "Friend": 3.4266867435576827, "Every": 3.36031167461281, "her": 2.982755354621722, "\ud83d\ude02": 2.9336657444251983, "Was": 2.8868735829184393, "t": 2.8587027059517434, "or": 2.644487785381835, "1": 2.4265087119892197, ".": 2.4222260551065333, "From": 2.185191499908657, "a": 1.8447240158251612, "The": 1.8310175013730094, "10": 1.7959095150885866, "On": 1.7255100836868542, "is": 1.384702764412747, "for": 1.242620250798974, "to": 0.9657580924763426, "2": 0.9159722098138096, "and": 0.9112065137407951, "in": 0.8298237315535045, "the": 0.8038669750741074, ",": 0.594627467719573}