{"de": 30.796135353109545, "y": 17.86457113428928, "la": 17.197217323627935, "OVNIS": 16.969473559831513, "por": 16.292979569060673, "DE": 15.79875039587751, "el": 15.45770914574484, "manuscrito": 15.204802671331636, "Voynich": 15.204802671331636, "paralelo": 15.204802671331636, "Ciudad": 15.204802671331636, "alien": 15.204802671331636, "Orden": 15.204802671331636, "LA": 14.924801299031708, "MISTERIO": 13.818508310211746, "El": 13.193344969846594, "universo": 13.007578093995416, "Mundial": 13.007578093995416, "un": 12.500258084750447, "Especial": 12.432213949091855, "EL": 11.66648780688453, "para": 10.878397652317789, "M\u00e9xico": 10.810353516659198, "\u00bfEs": 10.409012125734895, "en": 10.36706416627825, "los": 10.284042197310542, "del": 9.66112410297581, "La": 9.444162118236932, "LOS": 9.213338124223654, "Nuevo": 9.022717764615004, "mi": 8.336828262361344, "sobre": 8.037764794419417, "\u00a1URGENTE": 7.602401335665818, "RECIBIDO": 7.602401335665818, "MENSAJE": 7.602401335665818, "LIB\u00c9LULAS": 7.602401335665818, "c\u00e1ncer": 7.602401335665818, "Directo": 7.602401335665818, "Fuentes": 7.602401335665818, "Salvado": 7.602401335665818, "Escalofriante": 7.602401335665818, "fantasmal": 7.602401335665818, "punta": 7.602401335665818, "fantasmas": 7.602401335665818, "cuarto": 7.602401335665818, "Vitrubio": 7.602401335665818, "Comienza": 7.602401335665818, "humanidad": 7.602401335665818, "\u00a1\u00a1\u00a1\u00a1He": 7.602401335665818, "Comunicado": 7.602401335665818, "aterradora": 7.602401335665818, "relato": 7.602401335665818, "encuentro": 7.602401335665818, "Leonardo": 7.602401335665818, "trole\u00f3": 7.602401335665818, "Iglesia": 7.602401335665818, "Cat\u00f3lica": 7.602401335665818, "Virgen": 7.602401335665818, "Gioconda": 7.602401335665818, "Simulaci\u00f3n": 7.602401335665818, "universos": 7.602401335665818, "paralelos": 7.602401335665818, "esf\u00e9ricos": 7.602401335665818, "teor\u00edas": 7.602401335665818, "terraplanistas": 7.602401335665818, "URSS": 7.602401335665818, "secreta": 7.602401335665818, "EE.UU.": 7.602401335665818, "quedan": 7.602401335665818, "TERRAPLANISMO": 7.602401335665818, "ROSWELL": 7.602401335665818, "INGL\u00c9S": 7.602401335665818, "INTER\u00c9S": 7.602401335665818, "NUESTRA": 7.602401335665818, "ULTRAVIOLENCIA": 7.602401335665818, "\u00bfSupera": 7.602401335665818, "NI\u00d1OS": 7.602401335665818, "DIVINOS": 7.602401335665818, "CORRUPCI\u00d3N": 7.602401335665818, "Ricas": 7.602401335665818, "Almas": 7.602401335665818, "Pobres": 7.602401335665818, "Carta": 7.602401335665818, "Dimisi\u00f3n": 7.602401335665818, "Solicitud": 7.602401335665818, "empleo": 7.602401335665818, "sorprender\u00e1": 7.602401335665818, "abducen": 7.602401335665818, "\u00bfQUI\u00c9N": 7.602401335665818, "VOLVER": 7.602401335665818, "ALL\u00c1": 7.602401335665818, "DESPEDIRNOS": 7.602401335665818, "ABDUCCI\u00d3N": 7.602401335665818, "ENTRAN": 7.602401335665818, "3\u00aa": 7.602401335665818, "las": 7.118700135662536, "EXTRATERRESTRE": 6.909254155105873, "vacuna": 6.909254155105873, "viajar": 6.909254155105873, "Vicente": 6.909254155105873, "N\u00famero": 6.909254155105873, "Per\u00fa": 6.909254155105873, "extraterrestres": 6.909254155105873, "mujer": 6.909254155105873, "vuelto": 6.909254155105873, "suscriptores": 6.909254155105873, "estado": 6.909254155105873, "salud": 6.909254155105873, "oportunidad": 6.909254155105873, "planetas": 6.909254155105873, "locas": 6.909254155105873, "Telepat\u00eda": 6.909254155105873, "informaci\u00f3n": 6.909254155105873, "potencia": 6.909254155105873, "atr\u00e1s": 6.909254155105873, "MUJER": 6.909254155105873, "civilizaci\u00f3n": 6.909254155105873, "China": 6.856028131540362, "PAZ": 6.503789046997708, "ENIGMA": 6.503789046997708, "manual": 6.503789046997708, "S\u00faper": 6.503789046997708, "visi\u00f3n": 6.503789046997708, "pone": 6.503789046997708, "pelos": 6.503789046997708, "Proyecto": 6.503789046997708, "fin": 6.503789046997708, "cosmos": 6.503789046997708, "Misterios": 6.503789046997708, "Luz": 6.503789046997708, "extraterrestre": 6.503789046997708, "Rocas": 6.503789046997708, "MENTIRA": 6.503789046997708, "Estados": 6.503789046997708, "Unidos": 6.503789046997708, "Armas": 6.503789046997708, "GUERRA": 6.503789046997708, "MUNDIAL": 6.503789046997708, "Dos": 6.216106974545927, "Galileo": 6.216106974545927, "Vinci": 6.216106974545927, "espacial": 6.216106974545927, "Rusia": 6.216106974545927, "Planeta": 6.216106974545927, "deja": 6.216106974545927, "POSIBLE": 6.216106974545927, "LUNA": 5.992963423231718, "espacio": 5.992963423231718, "2/2": 5.992963423231718, "busca": 5.992963423231718, "Velocidad": 5.992963423231718, "guerra": 5.992963423231718, "HISTORIA": 5.992963423231718, "S\u00cd": 5.810641866437763, "OVNI": 5.810641866437763, "pasa": 5.656491186610505, "ESPECIAL": 5.656491186610505, "que": 5.580433960586801, "1984": 5.522959793985982, "cuando": 5.522959793985982, "CIA": 5.405176758329599, "PEOR": 5.405176758329599, "LAS": 5.2045060628674475, "Europa": 5.2045060628674475, "contra": 5.037451978204281, "ver": 4.963344006050559, "SOLO": 4.963344006050559, "SI": 4.963344006050559, "Da": 4.894351134563609, "Te": 4.894351134563609, "Una": 4.712029577769654, "nueva": 4.712029577769654, "Smith": 4.712029577769654, "MAS": 4.712029577769654, "ES": 4.557878897942396, "nos": 4.511358882307502, "Con": 4.424347505317873, "Un": 4.306564469661489, "DEL": 4.306564469661489, "POR": 4.136665432866092, "EN": 3.991483423021594, ".": 3.902734345667174, "te": 3.86473171738245, "lo": 3.818211701747557, "Los": 3.7957388458954986, "21": 3.773759939176723, "USA": 3.75225373395576, "Y": 3.7105810375551918, "se": 3.397708716274852, ":": 3.093056852038418, "con": 3.0276903571624354, "Will": 2.3294017771020714, "?": 1.7786634056636472, "...": 1.6034647737191352, "vs": 1.524759092316784, "a": 1.1751739687805467, "!": 0.9318362541511418, ",": 0.7757938430293492, "(": 0.6554253435303999, ")": 0.6411052897556514}