{"outfitideas": 38.5297336068391, "whattowear": 31.231666515705633, "#": 15.663544768730267, "wedding": 13.767122412174622, "wear": 12.757705702310986, "shorts": 12.407046374811566, "view": 12.032314319396708, "Girlfriend": 10.070655813373255, "you": 8.971007364418034, "When": 8.391844004490459, "ZARA": 8.14049402128608, "climb": 7.807916628926408, "5ft": 7.807916628926408, "\ud83e\udd74\ud83d\ude48": 7.807916628926408, "eiffeltower": 7.807916628926408, "eiffeltoweratnight": 7.807916628926408, "lgbtq": 7.807916628926408, "bad\u2026": 7.807916628926408, "aboutdamntime": 7.807916628926408, "weddinguestdress": 7.807916628926408, "shortdress": 7.807916628926408, "weddingguestdress": 7.807916628926408, "outfitinspo": 7.807916628926408, "travelinspo": 7.807916628926408, "whitedress": 7.807916628926408, "summeroutfitideas": 7.807916628926408, "sparklynails": 7.807916628926408, "nailinspo": 7.807916628926408, "Clingy": 7.807916628926408, "+Dyson": 7.807916628926408, "relatable": 7.807916628926408, "lactose": 7.807916628926408, "intolerant": 7.807916628926408, "\ud83d\ude0d\ud83c\udf37": 7.807916628926408, "flowerstagram": 7.807916628926408, "see": 7.675249430748574, "ready": 7.361564487762634, "pridemonth": 7.114769448366463, "realise": 7.114769448366463, "DISSOLVED": 7.114769448366463, "Underwood": 7.114769448366463, "summeroutfits": 7.114769448366463, "bouncy": 7.114769448366463, "HAUL": 6.847391069383873, "Poster": 6.709304340258298, "revolve": 6.709304340258298, "Midi": 6.709304340258298, "Trench": 6.421622267806518, "Beautiful": 6.327051459570072, "2022": 6.2163512694037415, "FILLER": 6.198478716492308, "zara": 6.198478716492308, "\u00a3100": 6.198478716492308, "Maxi": 6.198478716492308, "paris": 6.016157159698354, "gay": 6.016157159698354, "England": 6.016157159698354, "lady": 6.016157159698354, "this": 5.954612200330169, "skirt": 5.862006479871095, "girlfriend": 5.728475087246572, "coat": 5.728475087246572, "ootd": 5.728475087246572, "incredible": 5.728475087246572, "Gap": 5.728475087246572, "curls": 5.728475087246572, "shortvideo": 5.610692051590189, "sea": 5.5053315359323625, "men": 5.5053315359323625, "SPRING/SUMMER": 5.410021356128038, "Airwrap": 5.410021356128038, "CARD": 5.3230099791384085, "Spring/Summer": 5.242967271464872, "MANGO": 5.1688592993111495, "Places": 5.1688592993111495, "get": 5.164339910426414, "Victoria": 5.099866427824199, "truth": 5.099866427824199, "choose": 5.099866427824199, "wall": 5.035327906686628, "friend": 5.035327906686628, "Dyson": 5.035327906686628, "Age": 4.917544871030244, "black": 4.763394191202986, "viral": 4.716874175568092, "white": 4.672422412997259, "alone": 4.629862798578463, "What": 4.605118867140723, "were": 4.589040804058207, "flowers": 4.589040804058207, "tiktok": 4.549820090904927, "Dresses": 4.549820090904927, "Haul": 4.48679244320743, "LIP": 4.475712118751205, "Problems": 4.440620798939935, "Try-On": 4.373929424441262, "Guest": 4.373929424441262, "would": 4.342180726126682, "nails": 4.342180726126682, "WEEKEND": 4.311409067459929, "Relationship": 4.311409067459929, "WORTH": 4.311409067459929, "Zara": 4.2243976904702984, "outfits": 4.196998716282184, "outfit": 4.196998716282184, "dress": 4.196998716282184, "went": 4.170330469200023, "+": 4.149142815063062, "big": 4.144354982796762, "re": 4.119037174812473, "date": 4.0943445622221, "GIRLS": 4.0943445622221, "GIFT": 4.0943445622221, "spring": 4.0943445622221, "Get": 4.042038495119401, "GETTING": 4.023726995008147, "had": 3.95776902721635, "IN": 3.8715976789019853, "GIVEAWAY": 3.8566729103449813, "short": 3.837624715374287, "H": 3.8005834436939376, "a": 3.7579481058872615, "NEW": 3.730234507599415, "Affordable": 3.6970427647530975, "last": 3.680782243881317, "This": 3.647960696478436, "love": 3.603224009535442, "Nails": 3.5174571877780174, "Little": 3.5038515357222386, "VIRAL": 3.4512078022368167, "did": 3.4258899942525267, "Which": 3.4258899942525267, "old": 3.3535693326729006, "need": 3.330579814448202, "Short": 3.330579814448202, "M": 3.2540397373258676, "Wedding": 3.2229491502558365, "week": 3.2127967787918186, "NEED": 3.202746442938317, "Better": 3.153956278768885, "|": 3.1278225852057293, "best": 3.116568746697265, "SUMMER": 3.062984500563158, "to": 3.059897012254197, "You": 3.0550415799324275, "These": 3.0457426941286525, "'re": 3.028793135814879, "so": 2.9876350633213717, "HUGE": 2.932719305725257, "TRY": 2.932719305725257, "IS": 2.803970322980949, "about": 2.777478707533973, "!": 2.756428667251101, "IT": 2.6721181918761467, "Most": 2.6317668963525795, "Are": 2.6261330786343233, "are": 2.614959778036198, "Black": 2.6094195976605827, "with": 2.458510340780451, "Try": 2.441940613904557, "Mini": 2.4326382212422435, "that": 2.3785709999719677, "ON": 2.335645955254934, "Making": 2.262739184446846, "Review": 2.209494669928034, "me": 2.134593361754916, "an": 2.0149030205422647, "On": 1.9386197157926341, "?": 1.9156998367674267, "Tutorial": 1.9080192753439171, "MY": 1.8546732946386242, "your": 1.836654789135946, ",": 1.7633582761815854, "&": 1.7582424109138786, "I": 1.7373253657698007, "In": 1.611472501131888, "\u2019": 1.605381111738486, "How": 1.5790296597144156, "is": 1.5637497282626722, "...": 1.5483351648614856, "For": 1.5200580687646241, "my": 1.4781957234037122, "on": 1.2611312181658845, "My": 1.1435076085760008, "The": 0.856144464527497, "A": 0.782378314287888, "for": 0.7788290647767465, "in": 0.7397446285383668, "and": 0.6858567472972661}