{"YouTube": 38.07439178311226, "growth": 16.969473559831513, "Growth": 14.890032018151679, "membership": 13.818508310211746, "'re": 13.531574521958847, "programs": 12.432213949091855, "stuck": 11.621283732875526, "you": 10.96709874072846, "100K": 10.810353516659198, "channel": 9.115757795884791, "feat": 8.848695010635746, ".": 8.781152277751142, "your": 8.708075560999761, "resurrect": 7.602401335665818, "ROCKSTAR": 7.602401335665818, "asking": 7.602401335665818, "hurting": 7.602401335665818, "VIEWERS": 7.602401335665818, "keyword": 7.602401335665818, "Sponsorships": 7.602401335665818, "Clickable": 7.602401335665818, "chapters": 7.602401335665818, "metrics": 7.602401335665818, "\ud83d\udc4e\ud83c\udffc": 7.602401335665818, "hustle": 7.602401335665818, "mentality": 7.602401335665818, "grind": 7.602401335665818, "Janae": 7.602401335665818, "conspiracy": 7.602401335665818, "Complementing": 7.602401335665818, "Ravenscraft": 7.602401335665818, "podcasting": 7.602401335665818, "You": 7.258992836097694, "20K": 6.909254155105873, "Unexpectedly": 6.909254155105873, "Audience": 6.909254155105873, "Titles": 6.909254155105873, "1K": 6.909254155105873, "SEO": 6.909254155105873, "soul": 6.909254155105873, "WASTE": 6.909254155105873, "Unpopular": 6.909254155105873, "Necessary": 6.909254155105873, "paid": 6.909254155105873, "theories": 6.909254155105873, "cracked": 6.503789046997708, "Tara": 6.503789046997708, "Confusing": 6.503789046997708, "Paying": 6.503789046997708, "subscriber": 6.503789046997708, "messages": 6.503789046997708, "kills": 6.503789046997708, "efforts": 6.503789046997708, "Scales": 6.503789046997708, "shut": 6.503789046997708, "this": 6.303429375363274, "These": 6.227529931867357, "Blew": 6.216106974545927, "LOSING": 6.216106974545927, "factor": 6.216106974545927, "100k": 6.216106974545927, "businesses": 6.216106974545927, "Cheat": 6.216106974545927, "IGNORE": 6.216106974545927, "successful": 5.992963423231718, "10K": 5.992963423231718, "length": 5.992963423231718, "Strategies": 5.992963423231718, "Thompson": 5.992963423231718, "launched": 5.992963423231718, "strategy": 5.992963423231718, "Cliff": 5.992963423231718, "developing": 5.992963423231718, "When": 5.877924483107503, "subscribers": 5.810641866437763, "channels": 5.810641866437763, "Answering": 5.810641866437763, "instead": 5.810641866437763, "podcast": 5.810641866437763, "we": 5.785742268706969, "Maybe": 5.656491186610505, "giving": 5.656491186610505, "Invest": 5.656491186610505, "Analytics": 5.656491186610505, "video": 5.596760581865123, "research": 5.522959793985982, "BREAKING": 5.522959793985982, "Simon": 5.405176758329599, "Views": 5.405176758329599, "Brands": 5.405176758329599, "ideal": 5.405176758329599, "failed": 5.405176758329599, "Studios": 5.299816242671772, "Sheet": 5.299816242671772, "Absolutely": 5.299816242671772, "feel": 5.2045060628674475, "enough": 5.2045060628674475, "Approach": 5.2045060628674475, "Hold": 5.117494685877818, "that": 5.09231106063502, "STOP": 5.037451978204281, "Lessons": 5.037451978204281, "Importance": 5.037451978204281, "learned": 5.037451978204281, "same": 4.963344006050559, "Steps": 4.963344006050559, "impact": 4.963344006050559, "Popular": 4.963344006050559, "Reacting": 4.963344006050559, "Went": 4.894351134563609, "Probably": 4.894351134563609, "Growing": 4.894351134563609, "content": 4.829812613426037, "Deals": 4.829812613426037, "Strategy": 4.829812613426037, "dead": 4.769187991609602, "million": 4.769187991609602, "Creators": 4.769187991609602, "Your": 4.75142436350875, "key": 4.712029577769654, "voice": 4.712029577769654, "Most": 4.700255815238377, "for": 4.635645588920358, "again": 4.606669062111827, "5": 4.601409524914369, "Subscribers": 4.511358882307502, "Common": 4.511358882307502, "down": 4.511358882307502, "business": 4.4669071197366685, "NEWS": 4.424347505317873, "are": 4.390459128411399, "Brand": 4.383525510797617, "between": 4.383525510797617, "ca": 4.3443047976443365, "fast": 4.306564469661489, "Assistant": 4.270196825490615, "Dream": 4.270196825490615, "tool": 4.2351055056793445, "Do": 4.210466220745233, "He": 4.201203954003663, "videos": 4.168414131180672, "works": 4.168414131180672, "Train": 4.136665432866092, "think": 4.136665432866092, "Beyond": 4.136665432866092, "Her": 4.105893774199338, "these": 3.991483423021594, "Try": 3.938839689536172, "n't": 3.920988529455409, "Changing": 3.913521881551882, "making": 3.8888292689615103, "Hacks": 3.8888292689615103, "us": 3.841201219972256, "Their": 3.841201219972256, "Month": 3.818211701747557, "on": 3.808489148313585, "update": 3.75225373395576, "State": 3.7105810375551918, "It": 3.65569958024282, "to": 3.596015261276138, "and": 3.563376921501229, "Stop": 3.541958325119399, "a": 3.5255219063416403, "why": 3.491527471492507, "Create": 3.4752669506207265, "Business": 3.4752669506207265, "Could": 3.4435182523061463, "should": 3.4435182523061463, "Virtual": 3.397708716274852, "over": 3.368294831068559, "Channel": 3.368294831068559, "Down": 3.368294831068559, "If": 3.3119418945174273, "better": 3.2849132221295076, "24": 3.2585959138121345, "Fix": 3.2329534831987967, "The": 3.1960567489779033, "but": 3.1956820884015653, "Simple": 3.125064521187612, "like": 3.0276903571624354, "After": 3.0276903571624354, "Things": 2.987280818824559, "one": 2.987280818824559, "Back": 2.9676723474361824, "not": 2.9110534534366748, "Did": 2.9110534534366748, "all": 2.901920969873402, "what": 2.901920969873402, "Find": 2.8839024643707236, "get": 2.875013516953478, "out": 2.857469207302568, "of": 2.8553155044018212, "High": 2.840227400868062, "@": 2.8066107900690773, "more": 2.7902169802934007, "into": 2.782119770060781, "Here": 2.719599413079447, "up": 2.7120522074440645, "Know": 2.7120522074440645, "in": 2.679813776373239, "be": 2.6465742780645574, "THE": 2.6325880360898175, "How": 2.628503799921215, "Up": 2.514805000433434, "'s": 2.453832819084524, "Time": 2.4319173406276664, "!": 2.3295906353778544, "Will": 2.3294017771020714, ",": 2.3273815290880475, "do": 2.2941336382646136, "[": 2.2745251668762374, "]": 2.2745251668762374, "We": 2.2552938049483497, "TV": 2.1428158215216593, "1": 2.1256307600962976, "2022": 2.0940888877103068, "From": 2.072972248154395, "Can": 1.9640466663320726, "On": 1.9569544380225805, "11": 1.9019577622751318, "3": 1.886214831964362, "Video": 1.862608423486584, "s": 1.8498286968401851, "$": 1.8093877272816745, "it": 1.7444681811823588, "\u2019": 1.6159493303813806, "with": 1.6156295095786386, "...": 1.6034647737191352, "at": 1.4079959445611459, "from": 1.3798250675944497, "?": 1.3339975542477354, "(": 1.3108506870607999, ")": 1.2822105795113028, "the": 1.1877923071670764, "is": 1.1487763367731267, "&": 0.7715271010196387, ":": 0.6186113704076835, "-": 0.42844301590902445}