{"Rakhi": 38.65332986644712, "Sushant": 37.55940052568339, "Rajput": 35.126609877034404, "Sawant": 32.211108222039265, "\u0915\u0947": 30.033216088038735, "\u0928\u0947": 28.3167302800005, "KHAN": 26.661460782888252, "Singh": 26.522857758604466, "Jasmin": 25.039600350455594, "\u0914\u0930": 24.80308551741819, "Kapoor": 22.929618270211133, "Reaction": 19.84036457087222, "Bhasin": 19.32666493322356, "Shaheer": 18.317248223359922, "\u0915\u094b": 17.872562473543375, "Sheikh": 16.96129285213075, "Ranbir": 16.237806681680084, "Nupur": 16.103319113683906, "|Kiara": 16.103319113683906, "\u0915\u093f\u092f\u093e": 16.03082806721923, "Alia": 16.03082806721923, "Khan": 15.328607406663387, "\u092a\u0930": 15.021411357355591, "\u0906\u0917\u0947": 14.717024752564017, "Brahm\u0101stra": 13.906094536347688, "\u0939\u0948": 13.66545598612642, "Iss": 12.884443288815707, "Baarish": 12.884443288815707, "Anniversary": 12.541375637802187, "\u0930\u0939\u0940": 12.519800175227797, "\u0910\u0938\u093e": 12.519800175227797, "Brahmastra": 12.519800175227797, "Padukone": 12.21149881557328, "Advani": 11.944436030324235, "Kiara": 11.708869959011468, "|": 11.687536001639604, "Deepika": 11.133505814107906, "Bhatt": 10.973420398760833, "Varun": 10.973420398760833, "Death": 10.72296822709124, "Dhawan": 10.687218711479487, "Spotted": 10.436892425571475, "Question": 10.436892425571475, "\u0938\u093e\u0925": 10.322575597891579, "\u092e\u0947\u0902": 9.300924350359596, "Celebrity": 8.99262299070508, "\u0915\u0940": 8.936281236771688, "Sharma": 8.725560205456034, "Second": 8.725560205456034, "Ali": 8.319678517462654, "him": 8.162735286579663, "ADIL": 8.051659556841953, "\u092c\u0921\u093c": 8.051659556841953, "\u0926\u0942\u0930\u0940": 8.051659556841953, "\u091c\u0935\u093e\u092c": 8.051659556841953, "\u092b\u0901\u0938\u0928\u093e\u0928\u0939\u0940\u0902": 8.051659556841953, "\u092b\u0901\u0938\u093e\u0913": 8.051659556841953, "Kaliyan": 8.051659556841953, "Lock-Upp": 8.051659556841953, "Khoobsurati": 8.051659556841953, "BIGGBOSS": 8.051659556841953, "Aadha": 8.051659556841953, "\ud83e\uddd0\ud83e\uddd0": 8.051659556841953, "AADHA": 8.051659556841953, "Amitab": 8.051659556841953, "\u091d\u0942\u092e\u0940": 8.051659556841953, "\ud83d\udc83\ud83c\udffbAlia": 8.051659556841953, "|Ranbir": 8.051659556841953, "defrauding": 8.051659556841953, "1.99": 8.051659556841953, "Pappu": 8.051659556841953, "\ud83d\udcf8\ud83d\udcf8": 8.051659556841953, "\ud83e\udd23\ud83d\ude02\ud83e\udd23\ud83d\ude02": 8.051659556841953, "laced": 8.051659556841953, "SACHIN": 8.051659556841953, "\ud83d\ude31\ud83d\ude31And": 8.051659556841953, "\ud83d\ude2d\ud83d\ude22Reaction": 8.051659556841953, "Akansha": 8.051659556841953, "sushant": 8.051659556841953, "singh": 8.051659556841953, "rajput": 8.051659556841953, "Moosa": 8.051659556841953, "Siddarth": 8.051659556841953, "T-": 8.051659556841953, "Divyanka": 8.051659556841953, "\u092d\u094b\u0924": 8.051659556841953, "KK-12REACTION": 8.051659556841953, "\u0917\u093c\u0932\u0924": 8.051659556841953, "\ud83d\ude14\ud83d\ude2d": 8.051659556841953, "|CHAHAT": 8.051659556841953, "\u092f\u093e\u0926": 8.051659556841953, "\u0915\u0939\u0947": 8.051659556841953, "|Anil": 8.051659556841953, "|Varun": 8.051659556841953, "Emotional": 7.724009629631056, "Haafiz": 7.358512376282008, "Oberoi": 7.358512376282008, "\u091a\u0915\u094d\u0915\u0930": 7.358512376282008, "Koffee": 7.358512376282008, "Jagtap": 7.358512376282008, "\ud83d\ude0d\ud83e\udd70": 7.358512376282008, "Politician": 7.358512376282008, "IGNORE": 7.358512376282008, "\u0917\u093e\u0928\u0947": 7.358512376282008, "filed": 7.358512376282008, "claims": 7.358512376282008, "Pilgaonkar": 7.358512376282008, "\u092d\u0921\u093c\u0915\u0947": 7.358512376282008, "\ud83d\ude21\ud83d\ude21": 7.358512376282008, "sidhu": 7.358512376282008, "immediately": 7.358512376282008, "Nepotism": 7.358512376282008, "Pratik": 7.358512376282008, "Sehajpal": 7.358512376282008, "\u092a\u094d\u092f\u093e\u0930\u0947": 7.358512376282008, "KHABY": 7.358512376282008, "Trailer": 7.104239368509816, "\u0938\u0935\u093e\u0932": 6.953047268173844, "Khuda": 6.953047268173844, "Shivaleeka": 6.953047268173844, "Refused": 6.953047268173844, "Moni": 6.953047268173844, "SARA": 6.953047268173844, "Karanvir": 6.953047268173844, "Bohra": 6.953047268173844, "accuses": 6.953047268173844, "crore": 6.953047268173844, "Siddhanth": 6.953047268173844, "Bf": 6.953047268173844, "\u092d\u094b\u091f": 6.953047268173844, "\u0905\u091a\u094d\u091b\u093e": 6.953047268173844, "Tripathi": 6.953047268173844, "Promotion": 6.953047268173844, "WORDS": 6.953047268173844, "On": 6.902040334747417, "Vidyut": 6.665365195722063, "Jammwal": 6.665365195722063, "Bandra": 6.665365195722063, "S7": 6.665365195722063, "Manali": 6.665365195722063, "Finalist": 6.665365195722063, "\u0939\u0930": 6.665365195722063, "Bhat": 6.665365195722063, "Adipurush": 6.665365195722063, "Rs": 6.665365195722063, "\u0905\u0928\u093f\u0932": 6.665365195722063, "rushed": 6.665365195722063, "\u0915\u0930\u0947\u0917\u093e": 6.665365195722063, "Promoting": 6.665365195722063, "\u0907\u0928": 6.442221644407853, "\u0932\u094b\u0917\u094b\u0902": 6.442221644407853, "Johar": 6.442221644407853, "Poonam": 6.442221644407853, "Masti": 6.442221644407853, "Shraddha": 6.442221644407853, "Akanksha": 6.442221644407853, "Dutta": 6.442221644407853, "\ud83d\ude02\ud83e\udd23": 6.442221644407853, "\u092c\u0940\u091a": 6.259900087613898, "\u092e\u0924": 6.259900087613898, "drinks": 6.259900087613898, "Marathi": 6.259900087613898, "Sachin": 6.259900087613898, "\u0932\u0947\u0915\u0930": 6.259900087613898, "Adil": 6.259900087613898, "\u091c\u094b": 6.259900087613898, "Shaadi": 6.10574940778664, "Nagarjuna": 6.10574940778664, "ALI": 6.10574940778664, "Kriti": 6.10574940778664, "Sanon": 6.10574940778664, "Reporter": 6.10574940778664, "Puri": 6.10574940778664, "Aryan": 6.10574940778664, "Malhotra": 6.10574940778664, "\u0925\u093e": 6.10574940778664, "\u0915\u093f\u0938\u0940": 6.10574940778664, "Cameo": 6.10574940778664, "Has": 6.068759440054058, "his": 5.978129047629974, "\u092e\u0941\u091d\u0947": 5.972218015162118, "Mumbai": 5.972218015162118, "\u0915\u092a\u0942\u0930": 5.972218015162118, "private": 5.972218015162118, "HOPE": 5.972218015162118, "\u0928\u093e": 5.972218015162118, "mein": 5.972218015162118, "\u0915\u0930\u0924\u0947": 5.972218015162118, "Karan": 5.854434979505734, "\u0915\u094b\u0908": 5.854434979505734, "Kartik": 5.854434979505734, "\u0939\u0941\u090f": 5.854434979505734, "hospital": 5.749074463847908, "\u0930\u0939\u093e": 5.749074463847908, "Prabhas": 5.653764284043583, "Selfie": 5.653764284043583, "drugs": 5.653764284043583, "upcoming": 5.653764284043583, "\u0939\u0941\u0906": 5.653764284043583, "WELCOME": 5.653764284043583, "Bachchan": 5.566752907053953, "Saif": 5.566752907053953, "Wishes": 5.566752907053953, "k": 5.566752907053953, "BF": 5.486710199380417, "Designer": 5.486710199380417, "\u092f\u0947": 5.486710199380417, "\u0926\u093f\u092f\u093e": 5.412602227226695, "MEETING": 5.412602227226695, "Tina": 5.279070834602172, "Pandey": 5.218446212785738, "Because": 5.161287798945789, "Language": 5.161287798945789, "Salman": 5.161287798945789, "Anil": 5.161287798945789, "Wala": 5.1072205776755135, "When": 5.092656041819182, "Roy": 5.0559272832879625, "Sunny": 5.0559272832879625, "woman": 5.0559272832879625, "gave": 5.0559272832879625, "\u0915\u0930": 5.0559272832879625, "on": 5.0552582981294965, "\u0915\u094d\u092f\u093e": 5.00713711911853, "Sara": 5.00713711911853, "Actor": 5.00713711911853, "Movie": 4.928821796883408, "brother": 4.873605726494008, "2nd": 4.832783731973753, "\u0939\u094b": 4.832783731973753, "Couples": 4.793563018820471, "against": 4.793563018820471, "give": 4.793563018820471, "C": 4.755822690837625, "Reactions": 4.7194550466667495, "Reason": 4.684363726855479, "Launch": 4.684363726855479, "MEET": 4.684363726855479, "And": 4.630174518725523, "FAIL": 4.555151995375473, "Complete": 4.525299032225792,