{"2021/22": 52.21195887656632, "less": 51.64233749285868, "seconds": 48.40095906000562, "Reviewing": 45.90429999365216, "or": 25.81267151647406, "30": 19.292247929251015, "Season": 18.133086870968928, "Watford": 16.27186554400978, "SIMULATING": 16.27186554400978, "FIFA": 15.865440708724917, "22/23": 14.88557118288989, "PREDICTING": 14.074640966673561, "PREMIER": 9.680191812001123, "CUP": 8.488224947788527, "CONFIRMED": 8.150979522916943, "Fixtures": 8.13593277200489, "Kompany": 8.13593277200489, "Manager\u2705": 8.13593277200489, "trouble": 8.13593277200489, "Footballs": 8.13593277200489, "2022/23": 8.13593277200489, "HUNGARY": 7.442785591444945, "Burnley": 7.442785591444945, "UFL": 7.442785591444945, "DARKEST": 7.442785591444945, "in": 7.291500523699623, "LEAGUE": 7.185275979469774, "Vincent": 7.037320483336781, "Leicester": 7.037320483336781, "Crying": 7.037320483336781, "Southampton": 7.037320483336781, "Southgate": 7.037320483336781, "Leeds": 7.037320483336781, "QATAR": 6.749638410885, "Foster": 6.52649485957079, "0-4": 6.52649485957079, "100X": 6.52649485957079, "Gareth": 6.52649485957079, "Pogba": 6.52649485957079, "Miniminter": 6.52649485957079, "Sons": 6.344173302776835, "'s": 6.140744685548075, "ENGLAND": 6.056491230325054, "Conspiracy": 6.056491230325054, "TIMES": 5.9387081946686715, "City": 5.8419940287918095, "TRANSFERS": 5.833347679010845, "Rumours": 5.833347679010845, "Situation": 5.73803749920652, "Chelsea": 5.73803749920652, "Less": 5.65102612221689, "Retrospective": 5.65102612221689, "Barcelona": 5.65102612221689, "\u2705": 5.65102612221689, "Liverpool": 5.570983414543353, "KIT": 5.570983414543353, "Theories": 5.570983414543353, "Finished": 5.496875442389632, "WORLD": 5.493722084376779, "England": 5.363344049765109, "Review": 5.318938440146759, "22": 5.310587697325798, "Thanks": 5.3027194279486745, "Transfer": 5.3027194279486745, "Nostalgia": 5.19149379283845, "minute": 5.19149379283845, "Response": 5.19149379283845, "Arsenal": 5.19149379283845, "2022": 5.108978037797133, "LEAK": 5.091410334281467, "United": 5.000438556075741, "sorry": 4.957878941656944, "Australia": 4.91705694713669, "FOOTBALL": 4.734735390342735, "56": 4.734735390342735, "WANT": 4.701945567519744, "Paul": 4.609572247388729, "SUMMER": 4.552413833548781, "Football": 4.525014859360666, "Seconds": 4.422360705300583, "RANKED": 4.374732656311328, "Ben": 4.351743138086629, "OFFICIAL": 4.351743138086629, "10": 4.339000508477772, "BRAND": 4.3072913755157956, "Or": 4.264731761096999, "THINGS": 4.264731761096999, "Later": 4.244112473894264, "List": 3.9927980456133576, "35": 3.8874375299555313, "Tier": 3.805199431718559, "Power": 3.40854495329255, "Years": 3.3652481475392255, "23": 3.3484410292228444, "25": 3.145500185226154, "GAMEPLAY": 3.112052251158614, "i": 2.862933213441144, "EVERY": 2.842627947280398, "Man": 2.742305225652529, "WE": 2.7153977727326044, "16": 2.667872630869759, "are": 2.4156209953974788, "'m": 2.4025914951071448, ",": 2.1174559003292694, "GAME": 2.013439962490504, "Of": 1.9917471378792446, "*": 1.8151644777543081, "Is": 1.6902129526193121, "IN": 1.6065139337426653, "vs": 1.5415193122551119, "6": 1.5212071718011297, "In": 1.4934459706376344, ".": 1.4792062478264987, "My": 1.4601095503700425, "To": 1.4550780932146754, "NEW": 1.361708885647276, "THE": 1.205438006053264, "is": 1.1438363445890025, "!": 1.0753090867526052, "and": 1.0350808630608404, "...": 0.9681235876884466, "The": 0.9403586802863836, "-": 0.9207735389340844, "(": 0.8036229373531708, ")": 0.8036229373531708, "A": 0.7912137178552181, "1": 0.7432852512832672, ":": 0.7426696772410525, "?": 0.5098500139325098}