{"\u043c\u043e\u0442\u043e\u0446\u0438\u043a\u043b\u0435": 144.23870470196465, "\u043d\u0430": 107.41092580074874, "\u0441\u043a\u043e\u0440\u043e\u0441\u0442\u0438": 75.22347224074116, "\u043c\u043e\u0442\u043e\u0446\u0438\u043a\u043b": 66.50027048955643, "\u0432": 50.87885958982835, "\u0437\u0430": 50.84128373392183, "\u041c\u041b\u041d": 45.67205519034406, "S1000RR": 37.27347819435464, "\u043c\u043e\u0442\u043e": 32.78152379590105, "\u0447\u0430\u0441": 32.78152379590105, "\u043f\u043e": 31.896388653075082, "\u0441\u043f\u043e\u0440\u0442\u0431\u0430\u0439\u043a": 30.61966819139328, "\u0441\u043f\u043e\u0440\u0442\u0431\u0430\u0439\u043a\u0435": 30.61966819139328, "\u0434\u0435\u0432\u0443\u0448\u043a\u0430": 30.61966819139328, "\u0432\u0440\u0435\u0437\u0430\u043b\u0430\u0441\u044c": 30.61966819139328, "\u043e\u0442\u0431\u043e\u0439\u043d\u0438\u043a": 30.61966819139328, "\u0420\u0435\u0430\u043a\u0446\u0438\u044f": 29.31578789310133, "-": 26.679841623937172, "\u041c\u043e\u0442\u043e": 26.225219036720844, "BMW": 25.486011029853284, "1.5": 24.263994811224578, "\u0412": 23.551203246899508, "\u0420\u0423\u0411": 23.452630314481063, "\u0434\u0435\u0432\u0443\u0448\u043a\u0443": 22.96475114354496, "\u0421\u0422\u041e\u041f\u041f\u0418": 22.96475114354496, "\u0442\u0440\u044e\u043a": 22.96475114354496, "\u0430\u0432\u0430\u0440\u0438\u0438": 20.885309601865128, "\u043a\u043c": 19.787467386984442, "\u0423\u0441\u0442\u0440\u043e\u0438\u043b\u0438": 19.668914277540633, "\u0427\u0410\u0421": 19.668914277540633, "\u0420\u0430\u0437\u0431\u0438\u043b": 19.668914277540633, "180": 19.529313302434158, "\u041c\u041e\u0422\u041e\u0426\u0418\u041a\u041b": 18.80586806018529, "\u0433\u043e\u043d\u043a\u0438": 18.80586806018529, "\u041a\u041c": 18.80586806018529, "\u043c\u043e\u0442\u043e\u0446\u0438\u043a\u043b\u0430": 18.80586806018529, "\u0433\u043e\u0440\u043e\u0434\u0443": 18.80586806018529, "\u0441": 18.298481171161377, "\u043d\u043e\u0432\u044b\u0439": 17.436320727375968, "\u043f\u043e\u0441\u043b\u0435": 16.756724580194376, "Vlad1000RR": 15.30983409569664, "\u041d\u043e\u0432\u0438\u0447\u043e\u043a": 15.30983409569664, "\u0410\u0412\u0410\u0420\u0418\u042e": 15.30983409569664, "\u041f\u0440\u043e\u0435\u0445\u0430\u043b": 15.30983409569664, "\u0434\u0435\u0432\u0447\u043e\u043d\u043a\u0438": 15.30983409569664, "\u043e\u043f\u0430\u0441\u043d\u044b\u0439": 15.30983409569664, "\u043e\u043f\u0430\u0441\u043d\u0443\u044e": 15.30983409569664, "\u0435\u0437\u0434\u0443": 15.30983409569664, "\u041b\u0418\u0422\u0420\u041e\u0412\u042b\u0419": 15.30983409569664, "\u043d\u0430\u0434\u0440\u0430\u043b\u0430": 15.30983409569664, "\u0437\u0430\u0434": 15.30983409569664, "\u0421\u041f\u041e\u0420\u0422\u0411\u0410\u0419\u041a\u0423": 15.30983409569664, "\u0437\u0430\u0448\u043b\u0430": 15.30983409569664, "\u043f\u043e\u0432\u043e\u0440\u043e\u0442": 15.30983409569664, "\u041c\u043e\u0442\u043e\u0446\u0438\u043a\u043b\u0438\u0441\u0442": 15.30983409569664, "\u0431\u0435\u0448\u0435\u043d\u0441\u0442\u0432\u0435": 15.30983409569664, "350z": 15.269903071160352, "\u0427\u0442\u043e": 14.518261428452686, "\u0446\u0435\u043d\u0435": 14.465111111376315, "\u043c\u043e\u0442\u043e\u0446\u0438\u043a\u043b\u043e\u043c": 13.923539734576751, "\u0420\u0410\u0417\u0411\u0418\u041b": 13.923539734576751, "\u041f\u043e\u0434\u0430\u0440\u0438\u043b": 13.923539734576751, "\u041d\u0430": 13.558268495757511, "\u0441\u0442\u0430\u043b\u043e": 13.112609518360422, "\u0421\u043e\u0447\u0438": 13.112609518360422, "\u043a\u043e\u043b\u0435\u0441\u043e": 13.112609518360422, "\u041f\u0438\u043a\u0430\u043f": 12.53724537345686, "\u041c\u043e\u0442\u043e\u0446\u0438\u043a\u043b": 12.53724537345686, "\u0435\u0437\u0434\u0430": 12.53724537345686, "\u043f\u0440\u043e\u0442\u0438\u0432": 12.385669569696478, "\u0414\u041f\u0421": 12.090958270828441, "\u0434\u0440\u0438\u0444\u0442\u0430": 12.090958270828441, "\u041f\u043e\u043f\u0430\u043b": 11.726315157240531, "\u043f\u043e\u043b\u0438\u0446\u0438\u044f": 11.15095101233697, "\u043b\u044e\u0434\u0435\u0439": 11.15095101233697, "\u0440\u0430\u0437": 10.915384941024202, "\u0422\u0430\u0447\u043a\u0430": 10.5140435500999, "\u0442\u0430\u0447\u043a\u0430": 10.5140435500999, "\u043d\u043e\u0432\u0443\u044e": 10.5140435500999, "\u0441\u0430\u043c\u044b\u0439": 10.34002079612064, "AVENTADOR": 10.031719436466124, "\u041b\u0430\u0434\u0430": 9.893733693492221, "\u043f\u0440\u0438": 9.764656651217079, "\u043d\u0435": 9.532740700110342, "\u0420\u0435\u043c\u043e\u043d\u0442": 9.42095613736376, "\u041a\u0443\u043f\u0438\u043b": 9.220789220249795, "\u041f\u0435\u0440\u0432\u044b\u0439": 9.038845663838341, "\u0421\u0430\u043c\u044b\u0439": 8.50743933237233, "\u041d\u0435": 8.378362290097188, "30": 8.316345375785849, "\u043c\u043e\u0438\u043c": 7.65491704784832, "\u0441\u0435\u0440\u0432\u0438\u0441\u0435": 7.65491704784832, "\u0421\u0422\u0423\u041a\u0410\u041d\u0423\u041b": 7.65491704784832, "\u0422.\u0420": 7.65491704784832, "\u0414\u0410\u041b\u0410": 7.65491704784832, "\u043f\u043e\u0442\u0440\u043e\u0433\u0430\u0442\u044c": 7.65491704784832, "\u041e\u0420\u0415\u0425": 7.65491704784832, "\u043a\u0440\u0430\u0441\u043e\u0442\u043a\u0438": 7.65491704784832, "\u0440\u0430\u0437\u0434\u0430\u0435\u0442": 7.65491704784832, "\u043f\u0438\u0432\u043e": 7.65491704784832, "\u0417\u0430\u0441\u0442\u0430\u0432\u0438\u043b": 7.65491704784832, "\u0431\u043e\u043c\u0436\u0430": 7.65491704784832, "\u0440\u0430\u0441\u0441\u043a\u0430\u0437\u0430\u0442\u044c": 7.65491704784832, "\u0441\u0442\u0438\u0445": 7.65491704784832, "\u0437\u0430\u0434\u0435\u0440\u0436\u0430\u043b\u0430": 7.65491704784832, "\u0423\u0445\u043e\u0436\u0443": 7.65491704784832, "\u043f\u043e\u0433\u043e\u043d\u0438": 7.65491704784832, "\u043a\u043e\u0441\u0442\u044e\u043c\u0435": 7.65491704784832, "\u043d\u0430\u0441\u0435\u043a\u043e\u043c\u044b\u0435": 7.65491704784832, "\u0423\u043f\u0430\u043b\u0430": 7.65491704784832, "\u041e\u0411\u0423\u0427\u0415\u041d\u0418\u0415": 7.65491704784832, "\u0413\u043b\u0430\u0432\u043d\u044b\u0435": 7.65491704784832, "\u0432\u044b\u043f\u043e\u043b\u043d\u0435\u043d\u0438\u044f": 7.65491704784832, "\u043c\u043e\u0442\u043e\u0442\u0440\u044e\u043a\u0430": 7.65491704784832, "\u041f\u0420\u041e\u0415\u0425\u0410\u0422\u042c": 7.65491704784832, "\u041c\u0415\u0422\u0420\u041e\u0412": 7.65491704784832, "\u0431\u0430\u0439\u043a\u0435": 7.65491704784832, "\u0441\u044a\u0435\u0441\u0442\u044c": 7.65491704784832, "\u041e\u0421\u0422\u0420\u042b\u0419": 7.65491704784832, "\u041f\u0415\u0420\u0415\u0426": 7.65491704784832, "\u0422\u0440\u044e\u043a\u0438": 7.65491704784832, "\u0423\u0447\u0443": 7.65491704784832, "\u0412\u0420\u0415\u0417\u0410\u041b\u0410\u0421\u042c": 7.65491704784832, "\u043f\u043e\u0434\u0430\u0440\u0435\u043d\u043d\u044b\u0439": 7.65491704784832, "\u041c\u0423\u0414\u0410\u041a\u0410": 7.65491704784832, "\u043c\u043e\u0442\u043e\u0446\u0438\u043a\u043b\u0438\u0441\u0442\u0430": 7.65491704784832, "\u0437\u0430\u0433\u043b\u0443\u0448\u0435\u043d\u043d\u044b\u043c\u0438": 7.65491704784832, "\u0414\u0415\u0412\u0423\u0428\u041a\u041e\u0419": 7.65491704784832, "\u043a\u0430\u0442\u0430\u0442\u044c": 7.65491704784832, "\u0446\u0432\u0435\u0442\u044b": 7.65491704784832, "\u0434\u0435\u0432\u0443\u0448\u043a\u0435": 7.65491704784832, "\u041e\u0442\u043a\u0430\u0437\u0430\u043b\u0438": 7.65491704784832, "\u041c\u0435\u0440\u0441\u0435\u0434\u0435\u0441\u0435": 7.65491704784832, "\u043f\u043e\u0434\u0440\u0435\u0437\u0430\u043b": 7.65491704784832, "\u043d\u043e\u0432\u0438\u0447\u043a\u0430": 7.65491704784832, "\u0411\u0430\u0439\u043a\u0435\u0440": 7.65491704784832, "\u043f\u0440\u043e\u0434\u0430\u0436\u0438": 7.65491704784832, "\u043d\u043e\u0432\u0438\u0447\u043a\u0443": 7.65491704784832, "\u0420\u0430\u0437\u043e\u0433\u043d\u0430\u043b\u0441\u044f": 7.65491704784832,