{"Vogeljongen": 48.309957341051714, "Gaatjes": 32.20663822736781, "Vullen": 32.20663822736781, "Fortnite": 20.04304144503702, "Barry": 20.02854847647412, "GTA5": 16.103319113683906, "Kidnap": 16.103319113683906, "Verstappen": 13.906094536347688, "\u2b50\ufe0f": 11.944436030324235, "Deel": 10.82520445445339, "\ud83d\ude31": 9.817608191191272, "De": 8.230175578322246, "Zwemtas": 8.051659556841953, "\u2b50\ufe0f\ud83c\udfca\ud83c\udffb": 8.051659556841953, "Oneee": 8.051659556841953, "Wolfen": 8.051659556841953, "Scooterbende": 8.051659556841953, "Weetjes": 8.051659556841953, "\ud83d\ude31\ud83c\udf66": 8.051659556841953, "Zure": 8.051659556841953, "Augurk": 8.051659556841953, "Pokeball": 8.051659556841953, "Dimensie": 8.051659556841953, "\ud83d\ude0d\u2728": 8.051659556841953, "Maartens": 8.051659556841953, "Terugval": 8.051659556841953, "Kerstkoekjes": 8.051659556841953, "\ud83d\ude31\ud83e\udd96": 8.051659556841953, "Verlanglijstje": 8.051659556841953, "\ud83e\uddfe\ud83c\udf81": 8.051659556841953, "Kaarten": 8.051659556841953, "Verscheuren": 8.051659556841953, "\ud83c\udf6a\ud83e\udd91": 8.051659556841953, "Uitnodiging": 8.051659556841953, "Bofkont": 8.051659556841953, "Koelkast": 8.051659556841953, "Grot": 8.051659556841953, "Achtertuin": 8.051659556841953, "Clonny": 8.051659556841953, "Bloempotter": 8.051659556841953, "Roedie": 8.051659556841953, "Eeuw": 8.051659556841953, "Kabouter": 8.051659556841953, "\ud83d\ude04\ud83c\udfb2": 8.051659556841953, "Squid": 7.8170496609008415, "Max": 7.785552946964564, "Bekende": 7.358512376282008, "TikTokker": 7.358512376282008, "Smaken": 7.358512376282008, "Kiezen": 7.358512376282008, "Kapitein": 7.358512376282008, "Andere": 7.358512376282008, "\ud83c\udf84\ud83c\udf85\ud83c\udffc": 7.358512376282008, "\ud83d\ude31\ud83e\udd75": 7.358512376282008, "Koekje": 7.358512376282008, "Prikken": 7.358512376282008, "Zandvoort": 7.358512376282008, "Gestolen": 7.358512376282008, "Gevecht": 7.358512376282008, "Drie": 6.953047268173844, "\ud83e\udd52": 6.953047268173844, "Vakantie": 6.953047268173844, "Betrapt": 6.953047268173844, "Kerstman": 6.953047268173844, "Gratis": 6.953047268173844, "#": 6.719422092227604, "Geheime": 6.665365195722063, "Halloween": 6.596138731471178, "Komt": 6.442221644407853, "Terug": 6.442221644407853, "Joost": 6.442221644407853, "\ud83c\udf3b": 6.259900087613898, "\ud83d\udea8": 6.10574940778664, "Uit": 5.972218015162118, "Bitcoin": 5.972218015162118, "\ud83d\ude80": 5.854434979505734, "in": 5.808766120874532, "Imposter": 5.749074463847908, "zit": 5.653764284043583, "-": 5.434207821632905, "Compilatie": 5.412602227226695, "?": 5.356281528835527, "\ud83d\ude30": 5.218446212785738, "Pok\u00e9mon": 5.00713711911853, "Memory": 4.960617103483638, "05": 4.916165340912804, "Darth": 4.832783731973753, "Gang": 4.793563018820471, "Vader": 4.684363726855479, "!": 4.681344786465302, "Game": 4.643119547736759, "Ed": 4.468140618385844, "\ud83e\udd29": 4.440741644197729, "er": 4.440741644197729, "Op": 4.440741644197729, "\ud83e\udd14": 4.414073397115568, "Guys": 4.290459441148391, "01": 4.267469922923692, "die": 4.201511955131895, "Wat": 4.180458545934062, "\ud83e\udd2f": 4.159839258731327, "Jurassic": 3.924525171796862, "Harry": 3.788979679800638, "Fall": 3.774993437825898, "Van": 3.7612001156935624, "Met": 3.7078541349882697, "Fan": 3.609008300351637, "voor": 3.5857514381873696, "Interview": 3.4977826652414126, "Park": 3.2558690112452124, "14": 3.0477132508964946, "13": 2.92176084191888, "In": 2.887317863091733, "12": 2.699801423365887, "15": 2.6223139278875127, "VS": 2.286468454057109, "shorts": 2.0502446788808033, "'s": 1.6479941162265974, "4": 1.6171130380545005, "...": 1.4878040303098259, "1": 1.2132543559946098, "2": 0.9159722098138096, "&": 0.7199445871154877, "(": 0.6577812667341976, ")": 0.656552010279468}