{"VTC": 441.40074186214457, "Tin": 315.2622163680811, "m\u1edbi": 302.54303394317117, "tin": 45.5822173075131, "|": 44.12360543903891, "t\u1ea1i": 43.56844280035063, "ng\u00e0y": 42.462180202550336, "gi\u00e1": 42.00643794115116, "t\u1ed1i": 41.503262626517355, "t\u1ef7": 34.58605218876446, "B\u1ea3n": 34.58605218876446, "B\u1ed9": 34.58605218876446, "t\u1ebf": 34.58605218876446, "chuy\u1ec3n": 32.55872664822364, "b\u1ea5t": 32.55872664822364, "\u0111\u1ec1": 31.120316285964734, "ngh\u1ecb": 30.44143047325135, "x\u0103ng": 30.44143047325135, "n\u1eef": 30.44143047325135, "\u0111\u1ed9ng": 30.004598529393686, "n\u01b0\u1edbc": 28.322237346287622, "l\u1edbn": 27.66884175101157, "d\u00e2n": 27.66884175101157, ":": 26.42881778160621, "cao": 26.04698131857891, "m\u1ea5t": 26.04698131857891, "Qu\u1ed1c": 26.04698131857891, "h\u1ed9i": 26.04698131857891, "c\u1ee7a": 25.227041304256502, "\u0111\u01b0\u1eddng": 24.89625302877179, "H\u00e0": 24.89625302877179, "s\u1ea3n": 24.89625302877179, "t\u0103ng": 24.89625302877179, "ng\u01b0\u1eddi": 24.856501443487893, "\u1edf": 24.00367882351495, "``": 23.018952308648036, "nh\u01b0\u1ee3ng": 22.831072854938512, "Mi\u1ec1n": 22.831072854938512, "B\u1eafc": 22.831072854938512, "d\u1ea7u": 22.831072854938512, "TPHCM": 22.831072854938512, "B\u1eaft": 22.831072854938512, "''": 22.699546819921636, "nh\u00e0": 22.123664306532007, "b\u1ecb": 22.123664306532007, "v\u1ec1": 21.231090101275168, "cho": 20.84984938205787, "c\u00f3": 20.84984938205787, "C\u1eadp": 20.751631313258677, "nh\u1eadt": 20.751631313258677, "xu\u1ea5t": 20.751631313258677, "tu\u1ed5i": 20.751631313258677, "t\u00edch": 20.751631313258677, "N\u1ed9i": 20.751631313258677, "Ph\u1ed1": 20.751631313258677, "ch\u1ebf": 20.751631313258677, "v\u00e0": 19.60922966884251, "v\u1ee5": 19.535235988934183, "thi": 19.535235988934183, "tr\u00e1i": 19.535235988934183, "ph\u00e9p": 19.535235988934183, "t\u1eed": 19.535235988934183, "c\u01a1": 18.672189771578843, "t\u01b0": 18.672189771578843, "c\u1ea7u": 18.002759117636213, "th\u1ee9c": 18.002759117636213, "h\u01a1n": 18.002759117636213, "\u0111\u00ecnh": 18.002759117636213, "Nam": 18.002759117636213, "tr\u01b0\u1edbc": 17.45579444725435, "nhi\u1ec1u": 17.45579444725435, "v\u00ec": 17.45579444725435, "Vi\u1ec7t": 17.45579444725435, "th\u00e0nh": 17.45579444725435, "l\u00e0m": 16.993342407772573, "B\u00ecnh": 16.592748229899005, "nghi\u1ec7p": 16.239399122929854, "kh\u00f4ng": 15.923317575956375, "C\u00f4ng": 15.923317575956375, "trong": 15.37635290557451, "b\u1eb1ng": 15.220715236625676, "s\u1ed1t": 15.220715236625676, "gi\u1ea3m": 15.220715236625676, "\u0110T": 15.220715236625676, "khai": 15.220715236625676, "V\u1ee5": 15.220715236625676, "ngh\u00ecn": 15.220715236625676, "ngo\u00e0i": 15.220715236625676, "l\u1eadp": 15.220715236625676, "gi\u00e1m": 15.220715236625676, "V\u00f5": 15.220715236625676, "l\u1ee3i": 15.220715236625676, "\u0111\u1ed3ng/l\u00edt": 15.220715236625676, "c\u0103n": 15.220715236625676, "vong": 15.220715236625676, "X\u0103ng": 15.220715236625676, "t\u1ec9nh": 15.220715236625676, "tr\u1ee3": 15.220715236625676, "l\u01a1": 15.220715236625676, "tang": 15.220715236625676, "t\u00e1i": 15.220715236625676, "th\u1ea3i": 15.220715236625676, "nam": 15.220715236625676, "Covid-19": 14.513306688219169, "ch\u00e2n": 13.834420875505785, "Nguy": 13.834420875505785, "GD": 13.834420875505785, "v\u1eadn": 13.834420875505785, "ch\u1ed1ng": 13.834420875505785, "quy": 13.834420875505785, "tra": 13.834420875505785, "\u0111\u1ecbnh": 13.834420875505785, "d\u1ef1": 13.834420875505785, "\u00e1n": 13.834420875505785, "\u0111\u1ea3o": 13.834420875505785, "s\u1edf": 13.834420875505785, "thi\u1ebfu": 13.834420875505785, "thu\u00ea": 13.834420875505785, "\u0111\u00f3n": 13.834420875505785, "vi\u1ec7n": 13.834420875505785, "ch\u1ee7": 13.834420875505785, "g\u00e1i": 13.023490659289456, "l\u1ed9": 13.023490659289456, "d\u1ecbch": 13.023490659289456, "m\u01b0a": 13.023490659289456, "l\u1ef1c": 12.448126514385894, "n\u00f3i": 12.448126514385894, "hi\u1ec7n": 12.448126514385894, "Thanh": 12.448126514385894, "vi\u1ec7c": 12.448126514385894, "t\u00ecm": 12.448126514385894, "\u0111i\u1ec7n": 12.448126514385894, "l\u1ea1i": 12.448126514385894, "n\u0103m": 12.448126514385894, "\u0111\u00e3": 12.001839411757475, "v\u1eadt": 12.001839411757475, "\u0111\u00e1nh": 12.001839411757475, "t\u00e0i": 12.001839411757475, "\u0110\u1ecbnh": 12.001839411757475, "v\u00e0o": 12.001839411757475, "qu\u1ea3": 12.001839411757475, "vaccine": 12.001839411757475, "s\u1ef1": 11.637196298169565, "ra": 11.637196298169565, "mua": 11.637196298169565, "th\u1ec3": 11.637196298169565, "h\u00e0nh": 11.637196298169565, "nh\u1eadn": 11.637196298169565, "\u0111\u1ea7u": 11.637196298169565, "bay": 11.637196298169565, "sinh": 11.328894938515049, "y\u00eau": 11.328894938515049, "c\u00f4ng": 11.328894938515049, "tr\u1ebb": 11.328894938515049, "\u0111\u1ebfn": 11.328894938515049, "g\u00ec": 11.061832153266003, "c\u00e1ch": 11.061832153266003, "\u0111\u01b0\u1ee3c": 10.615545050637584, "\u0111\u1ec3": 10.424924691028934, "Ng\u01b0\u1eddi": 10.250901937049674, "l\u00e0": 9.942600577395158, "]": 8.006145587110598, "[": 7.984793183804008, "15/6": 7.610357618312838, "Vinicius": 7.610357618312838, "huy\u1ebft": 7.610357618312838, "b\u00f9ng": 7.610357618312838, "r\u1eaby": 7.610357618312838, "ph\u1ea1m": 7.610357618312838, "b\u00ean": 7.610357618312838, "nh\u1ed3i": 7.610357618312838, "\u1ed1c": 7.610357618312838, "r\u00fat": 7.610357618312838, "TP.HCM": 7.610357618312838, "th\u1ea3": 7.610357618312838, "c\u1ed1": 7.610357618312838, "s\u1ee5t": 7.610357618312838, "l\u00fan": 7.610357618312838, "23m": 7.610357618312838, "T\u00f4ng": 7.610357618312838, "GTVT": 7.610357618312838, "l\u1ec7": 7.610357618312838, "s\u1eaft": 7.610357618312838, "c\u1ea3ng": 7.610357618312838, "bi\u1ec3n": 7.610357618312838, "L\u00e3nh": 7.610357618312838, "15/6/2022": 7.610357618312838, "l\u1edd": 7.610357618312838, "Ki\u1ec3m": 7.610357618312838, "to\u00e1n": 7.610357618312838, "l\u00f3t": 7.610357618312838, "c\u00e1n": 7.610357618312838, "Doanh": 7.610357618312838, "ng\u00f3ng": 7.610357618312838, "v\u1ed1n": 7.610357618312838, "b\u1ecbt": 7.610357618312838, "'\u0111o\u00e0n": 7.610357618312838, "s\u00e1t": 7.610357618312838, "ngu\u1ed3n": 7.610357618312838, "\u0110\u1eb7ng": 7.610357618312838, "H\u00f9ng": 7.610357618312838, "ho\u1ea1ch": 7.610357618312838, "nhu\u1eadn|": 7.610357618312838, "bi\u1ec3u": 7.610357618312838, "'ma": 7.610357618312838, "\u0111\u1ed1c": 7.610357618312838, "l\u1eeba": 7.610357618312838, "T\u1ea1m": 7.610357618312838, "t\u1ecbch": 7.610357618312838, "ghen": 7.610357618312838, "b\u1ea1o": 7.610357618312838, "VinFast": 7.610357618312838, "c\u1eeda": 7.610357618312838, "ch\u00e2u": 7.610357618312838, "g\u00e2y": 7.610357618312838, "ng\u1eadp": 7.610357618312838, "\u00fang": 7.610357618312838, "danh": 7.610357618312838, "eKYC": 7.610357618312838, "MobiFone": 7.610357618312838, "\u0111\u00f2i": 7.610357618312838, "chu\u1ed9c": 7.610357618312838, "13.000": 7.610357618312838, "h\u1ed9": 7.610357618312838, "nghi\u00eam": 7.610357618312838, "Ninh": 7.610357618312838, "b\u00e3o": 7.610357618312838, "ng\u1ea5m": 7.610357618312838, "b\u1eefa": 7.610357618312838, "lao": 7.610357618312838, "H\u1eadu": 7.610357618312838, "X\u00f3i": 7.610357618312838, "m\u00f2n": 7.610357618312838, "ni\u1ec1m": 7.610357618312838, "ng\u00e0nh": 7.610357618312838, "chao": 7.610357618312838, "chu\u1ed7i": 7.610357618312838, "d\u00f4ng": 7.610357618312838, "h\u00f4": 7.610357618312838, "ch\u1ebft": 7.610357618312838, "v\u1ecbnh": 7.610357618312838, "Nha": 7.610357618312838, "Trang": 7.610357618312838, "19/6": 7.610357618312838, "13/6": 7.610357618312838, "Erling": 7.610357618312838, "Etihad": 7.610357618312838, "Shangri": 7.610357618312838, "Lu\u1eadn": 7.610357618312838, "\u0111i\u1ec7u": 7.610357618312838, "ru": 7.610357618312838, "khu": 7.610357618312838, "gi\u00e1o": 7.610357618312838,