{"Chic": 253.7098675283798, "What": 78.28702074139228, "C\u00d3MO": 60.18821638152002, "DE": 51.92211346015905, "The": 43.66336769090235, "MI": 42.008258405983476, "EN": 37.073013091575774, "QUE": 36.028488493504675, "Y": 36.028488493504675, "FUNCIONAN": 33.66415230954114, "VIDA": 32.70695689098081, "|": 31.90379036909844, "ES": 28.034534477983552, "PROBANDO": 27.77917679147078, "H\u00c1BITOS": 26.837217361033193, "CON": 24.81665726319565, "LA": 23.685902067173217, "CAMBIAR\u00c1N": 23.423749886779227, "-": 22.747687385350083, "SIEMPRE": 22.02132614372945, "AS\u00cd": 21.64008542451215, "MUD\u00c9": 21.34430834509939, "R\u00c1PIDO": 21.292039916553634, "CREATIVAS": 20.127913020774894, "RUTINA": 19.670179484120975, "PARA": 19.651902814638916, "PERSONA": 19.26486680341955, "F\u00c1CIL": 18.35616321623283, "D\u00cdAS": 17.586019439613285, "ME": 17.47119298191256, "HACER": 17.245636269839714, "NOVIO": 17.185425261739717, "TU": 16.28098804257216, "SIMPLES": 15.969029937415225, "UNA": 15.74686247207407, "CONVERTIRTE": 15.615833257852817, "QUISISTE": 15.615833257852817, "terminaba": 15.615833257852817, "PreguntasIntimas": 15.615833257852817, "VOLUMINOSAS": 15.615833257852817, "PENA": 15.506577897933449, "SER": 15.105983720059882, "ESTO": 14.290182573608957, "dijo": 14.229538896732926, "NO": 14.039138926747665, "DEJ\u00c9": 13.418608680516597, "VERTE": 13.418608680516597, "ten\u00eda": 12.843244535613035, "perder": 12.843244535613035, "peso": 12.843244535613035, "RELACI\u00d3N": 12.843244535613035, "NATURALES": 12.843244535613035, "FUE": 12.843244535613035, "HAR\u00c1N": 12.843244535613035, "SOLO": 12.59099614884655, "conmigo": 12.396957432984616, "VIAJAR": 12.396957432984616, "T\u00d3XICA": 12.396957432984616, "MISMO": 12.396957432984616, "HAGO": 12.396957432984616, "TE": 12.357111524437418, "que": 12.286872722127653, "ONDAS": 12.032314319396708, "PASOS": 12.032314319396708, "PESO": 12.032314319396708, "VALEN": 11.72401295974219, "LOS": 11.687680870494788, "PREGUNTAS": 11.456950174493144, "TENER": 11.456950174493144, "COMO": 11.242420855139969, "CASA": 11.140716200112923, "QU\u00c9": 11.010663071864725, "VIRALES": 10.820042712256075, "TIKTOK": 10.678264160631148, "FOTOS": 10.070655813373255, "TOK": 9.949406569740384, "HACKS": 9.66884745076751, "TIK": 9.344844825994517, "PRODUCTOS": 9.259725597156926, "COMIDA": 9.024159525844158, "SIN": 8.563112208620494, "?": 8.301365959325516, "POR": 8.1886891244442, "TODO": 8.14049402128608, "LO": 8.093433026465693, "WILL": 7.9155380544327, "``": 7.822856596607736, "WhatTheChic": 7.807916628926408, "mud\u00e9": 7.807916628926408, "Per\u00fa": 7.807916628926408, "PER\u00da": 7.807916628926408, "relaci\u00f3n": 7.807916628926408, "t\u00f3xica": 7.807916628926408, "ALISTO": 7.807916628926408, "PROMETIDO": 7.807916628926408, "KatyResponde": 7.807916628926408, "CAMBIAR\u00c1": 7.807916628926408, "EMPACO": 7.807916628926408, "C\u00d3M": 7.807916628926408, "DESHICE": 7.807916628926408, "CAMBI\u00c9": 7.807916628926408, "RESPONDEMOS": 7.807916628926408, "ELIJO": 7.807916628926408, "CHICO": 7.807916628926408, "citas": 7.807916628926408, "dice|": 7.807916628926408, "EMPIECES": 7.807916628926408, "RAYOS": 7.807916628926408, "AMARME": 7.807916628926408, "MISMA": 7.807916628926408, "CONFIAR": 7.807916628926408, "REACCIONADO": 7.807916628926408, "CONOC\u00cdA": 7.807916628926408, "MAQUILLABA": 7.807916628926408, "HORNEADA": 7.807916628926408, "SACRIFICIOS": 7.807916628926408, "DISFRACES/FOTOS": 7.807916628926408, "SENTIRME": 7.807916628926408, "SUCEDER": 7.807916628926408, "PERDER\u00c1S": 7.807916628926408, "VIVIR": 7.807916628926408, "KatyPrueba": 7.807916628926408, "VIDEOLLAMADAS": 7.807916628926408, "FACETIME": 7.807916628926408, "SKYPE": 7.807916628926408, "short": 7.675249430748574, "SIMPLE": 7.529730722183716, "''": 7.502685765913591, "Dej\u00e9": 7.114769448366463, "viajar": 7.114769448366463, "supe": 7.114769448366463, "SUPE": 7.114769448366463, "SALIR": 7.114769448366463, "CAMBI\u00d3": 7.114769448366463, "CONOC\u00cd": 7.114769448366463, "SANO": 7.114769448366463, "VISITAR": 7.114769448366463, "RAZ\u00d3N": 7.114769448366463, "MAQUILLARME": 7.114769448366463, "RESPUESTAS": 7.114769448366463, "DUDAS": 7.114769448366463, "MUDO": 7.114769448366463, "PA\u00cdS": 7.114769448366463, "SUPERAR": 7.114769448366463, "TIKTOKERS": 7.114769448366463, "LISTA": 7.114769448366463, "GANAS": 7.114769448366463, "efectivos": 7.114769448366463, "PERD\u00cd": 7.114769448366463, "MA\u00d1ANAS": 7.114769448366463, "SENTIRTE": 7.114769448366463, "SEGURA": 7.114769448366463, "OPINI\u00d3N": 7.114769448366463, "HONESTA": 7.114769448366463, "RODANTE": 7.114769448366463, "AQU\u00cd": 7.114769448366463, "A": 7.041404828590991, "21": 6.954366577280155, "VIRAL": 6.902415604473633, "SABEN": 6.709304340258298, "VERSI\u00d3N": 6.709304340258298, "nadie": 6.709304340258298, "ORGANIZO": 6.709304340258298, "EFECTIVO": 6.709304340258298, "APREND\u00cd": 6.709304340258298, "EXTREMOS": 6.709304340258298, "AMAR": 6.709304340258298, "ERES": 6.709304340258298, "BUENO": 6.709304340258298, "DICEN": 6.709304340258298, "POSTRES": 6.709304340258298, "ZOOM": 6.709304340258298, "o": 6.684017020543649, "5": 6.555199455550365, "regreso": 6.421622267806518, "REALISTA": 6.421622267806518, "TINDER": 6.421622267806518, "CRECER": 6.421622267806518, "MUCHOS": 6.421622267806518, "TIPO": 6.421622267806518, "NADIE": 6.421622267806518, "NADA": 6.421622267806518, "IDEAS": 6.385592224170298, "REGRESO": 6.198478716492308, "era": 6.198478716492308, "PAP\u00c1S": 6.198478716492308, "FAMOSOS": 6.198478716492308, "AVENA": 6.198478716492308, "\ud83d\ude31": 6.108652875640088, "siempre": 6.016157159698354, "Preguntas": 6.016157159698354, "CUIDADO": 6.016157159698354, "TI": 6.016157159698354, "COMPLETO": 6.016157159698354, "Errores": 6.016157159698354, "MIENTRAS": 6.016157159698354, "FELIZ": 6.016157159698354, "DESPU\u00c9S": 6.016157159698354, "PROB\u00c9": 6.016157159698354, "MA\u00d1ANA": 6.016157159698354, "BIEN": 6.016157159698354, "Yo": 5.862006479871095, "mam\u00e1": 5.862006479871095, "ERA": 5.862006479871095, "NOCHE": 5.862006479871095, "AHORA": 5.862006479871095, "FORMAS": 5.862006479871095, "INTERIOR": 5.862006479871095, "VALE": 5.862006479871095, "ESTILO": 5.728475087246572, "EST\u00c1": 5.728475087246572, "CUANDO": 5.728475087246572, "HABITS": 5.728475087246572, "WOMEN": 5.728475087246572, "CELULAR": 5.728475087246572, "SABER": 5.610692051590189, "SOLA": 5.610692051590189, "VA": 5.610692051590189, "#": 5.528309918375388, "SUS": 5.5053315359323625, "ANTES": 5.5053315359323625, "TIENES": 5.5053315359323625, "STEPS": 5.5053315359323625, "MAM\u00c1": 5.410021356128038, "HOTEL": 5.410021356128038, "EX": 5.410021356128038, "HACE": 5.410021356128038, "YOURSELF": 5.410021356128038, "INFLUENCER": 5.410021356128038, "KARDASHIAN": 5.3230099791384085, "TODAS": 5.242967271464872, "HICE": 5.242967271464872, "PIEL": 5.1688592993111495, "A\u00d1OS": 5.1688592993111495, "SOBRE": 5.1688592993111495, "HAZ": 5.1688592993111495, "BELLEZA": 5.1688592993111495, "YO": 5.099866427824199, "VER": 5.099866427824199, "BREAK": 5.099866427824199, "PARTE": 5.099866427824199, "INTERNET": 5.035327906686628, "INGREDIENTES": 5.035327906686628, "DUBAI": 4.974703284870192, "CHANGE": 4.863477649759968, "JENNER": 4.863477649759968, "ESTE": 4.812184355372417, "KIM": 4.812184355372417, "MINUTOS": 4.716874175568092, "ROPA": 4.716874175568092, "LOOKS": 4.589040804058207, "KYLIE": 4.589040804058207, "CABELLO": 4.549820090904927, "DOING": 4.549820090904927, "RARE": 4.549820090904927, "MIS": 4.440620798939935, "CLOSET": 4.440620798939935, "TRUCOS": 4.440620798939935, "SI": 4.406719247264253, "SEE": 4.406719247264253, "MEJOR": 4.281556104310247, "AL": 4.2243976904702984, "M\u00c1S": 4.144354982796762, "10": 4.139434068725437, "LAS": 4.023726995008147, "SHOULD": 4.001254139156089, "Me": 3.9995482778919293, "STOP": 3.9792752324373133, "DEL": 3.95776902721635, "LIKE": 3.8958936234982624, "AN": 3.8958936234982624,