{"WWYD": 377.5209269524515, "Broadcast": 59.81459208124149, "l": 59.47438719608735, "|": 35.34283588577274, "woman": 34.27806152396746, "broadcast": 32.129440591698, "First": 29.15119970135421, "son": 21.71740346905282, "on": 20.985625719661854, "Teens": 19.93819736041383, "job": 19.76527077826474, "after": 19.519419928877827, "man": 19.138337642667672, "young": 16.90339462537839, "debate": 16.064720295849, "publicly": 16.064720295849, "reject": 16.064720295849, "repeatedly": 16.064720295849, "waitress": 16.064720295849, "12/10/2013": 16.064720295849, "living": 14.209569845760516, "customers": 13.867495718512782, "confronts": 13.867495718512782, "to": 13.727319671402341, "dads": 13.29213157360922, "abuse": 13.29213157360922, "postpartum": 13.29213157360922, "mom": 13.030442081431692, "public": 12.8458444709808, "Customers": 12.8458444709808, "customer": 12.8458444709808, "teen": 12.48120135739289, "Women": 12.421619549441623, "for": 12.377735670480012, "photos": 11.45955010986091, "tells": 11.45955010986091, "positive": 11.26892975025226, "their": 11.267082086725335, "Strangers": 10.39829360773657, "daughter": 10.28397678005667, "Mom": 10.222162003920687, "child": 9.975675420402155, "husband": 9.88263538913237, "over": 9.403561043920767, "takes": 9.400311275498593, "boy": 9.26232553252469, "her": 9.187640545045499, "dad": 8.89768241893678, "party": 8.789547976396229, "Wife": 8.589381059282264, "help": 8.322318274033218, "friend": 8.05005392538406, "Parents": 8.05005392538406, "Grandkids": 8.0323601479245, "grandmas": 8.0323601479245, "glamorous": 8.0323601479245, "Granddaughter": 8.0323601479245, "zipline": 8.0323601479245, "elderly": 8.0323601479245, "noticing": 8.0323601479245, "'toughen": 8.0323601479245, "reptiles": 8.0323601479245, "sobriety": 8.0323601479245, "denies": 8.0323601479245, "dressed": 8.0323601479245, "imaginary": 8.0323601479245, "superpowers": 8.0323601479245, "snooze": 8.0323601479245, "verbal": 8.0323601479245, "batting": 8.0323601479245, "baseball": 8.0323601479245, "posts": 8.0323601479245, "porn": 8.0323601479245, "aging": 8.0323601479245, "ex-spouse": 8.0323601479245, "harshly": 8.0323601479245, "criticized": 8.0323601479245, "poverty": 8.0323601479245, "register": 8.0323601479245, "Applicant": 8.0323601479245, "bartending": 8.0323601479245, "debt": 8.0323601479245, "athlete": 8.0323601479245, "stereotypes": 8.0323601479245, "experiencing": 8.0323601479245, "Sorority": 8.0323601479245, "syndrome": 8.0323601479245, "Haines": 8.0323601479245, "Waitress": 8.0323601479245, "insults": 8.0323601479245, "Generous": 8.0323601479245, "Confederate": 8.0323601479245, "fakes": 8.0323601479245, "propose": 8.0323601479245, "peer": 8.0323601479245, "cough": 8.0323601479245, "discrimination": 8.0323601479245, "punish": 8.0323601479245, "5/31/2013": 8.0323601479245, "6/21/2013": 8.0323601479245, "6/17/17": 8.0323601479245, "timeout": 8.0323601479245, "12/3/2013": 8.0323601479245, "4/6/2012": 8.0323601479245, "stuttering": 8.0323601479245, "4/10/20": 8.0323601479245, "advantage": 8.0323601479245, "valet": 8.0323601479245, "attendant": 8.0323601479245, "7/25/2014": 8.0323601479245, "criticizes": 8.0323601479245, "10/19/2012": 8.0323601479245, "Distracted": 8.0323601479245, "6/6/2014": 8.0323601479245, "disciplines": 8.0323601479245, "1/26/16": 8.0323601479245, "6/13/2014": 8.0323601479245, "too": 7.909645408037562, "Mother": 7.8760311714048, "\u2019": 7.807803220709493, "being": 7.483801413552219, "starter": 7.339212967364555, "worries": 7.339212967364555, "grandpa": 7.339212967364555, "harassed": 7.339212967364555, "picky": 7.339212967364555, "plates": 7.339212967364555, "vaccinated": 7.339212967364555, "Tackling": 7.339212967364555, "stigma": 7.339212967364555, "reorganizing": 7.339212967364555, "shoppers": 7.339212967364555, "bridal": 7.339212967364555, "immigrant": 7.339212967364555, "gambling": 7.339212967364555, "Shoppers": 7.339212967364555, "shopper": 7.339212967364555, "bisexual": 7.339212967364555, "breakup": 7.339212967364555, "explores": 7.339212967364555, "hopeful": 7.339212967364555, "denied": 7.339212967364555, "shamed": 7.339212967364555, "members": 7.339212967364555, "partners": 7.339212967364555, "veteran": 7.339212967364555, "divorce": 7.339212967364555, "syrup": 7.339212967364555, "flirting": 7.339212967364555, "stranded": 7.339212967364555, "buffet": 7.339212967364555, "with": 7.287177458822104, "kids": 7.203086698162373, "embarrassed": 6.933747859256391, "merchandise": 6.933747859256391, "responds": 6.933747859256391, "foster": 6.933747859256391, "Pageant": 6.933747859256391, "appearance": 6.933747859256391, "sexuality": 6.933747859256391, "injury": 6.933747859256391, "convince": 6.933747859256391, "Boating": 6.933747859256391, "influence": 6.933747859256391, "Dine": 6.933747859256391, "immigration": 6.933747859256391, "status": 6.933747859256391, "drug": 6.933747859256391, "overweight": 6.933747859256391, "engagement": 6.64606578680461, "Shopper": 6.64606578680461, "obsessed": 6.64606578680461, "fires": 6.64606578680461, "Diner": 6.64606578680461, "offer": 6.64606578680461, "border": 6.64606578680461, "negative": 6.64606578680461, "impact": 6.64606578680461, "depression": 6.64606578680461, "flag": 6.64606578680461, "blame": 6.64606578680461, "forces": 6.64606578680461, "parking": 6.64606578680461, "Rude": 6.64606578680461, "bullies": 6.64606578680461, "Friends": 6.506473309625942, "join": 6.4229222354904, "mommy": 6.4229222354904, "bullied": 6.4229222354904, "supermarket": 6.4229222354904, "Divorced": 6.4229222354904, "age": 6.4229222354904, "Babysitter": 6.4229222354904, "homeless": 6.4229222354904, "jacket": 6.4229222354904, "pressure": 6.4229222354904, "gender": 6.4229222354904, "tire": 6.4229222354904, "bully": 6.4229222354904, "size": 6.240600678696445, "fear": 6.240600678696445, "defend": 6.240600678696445, "trash": 6.240600678696445, "cash": 6.240600678696445, "sugar": 6.240600678696445, "Facing": 6.240600678696445, "brain": 6.240600678696445, "from": 6.130196193103911, "ring": 6.086449998869187, "hero": 6.086449998869187, "sponsored": 6.086449998869187, "strangers": 6.086449998869187, "revenge": 6.086449998869187, "pay": 6.086449998869187, "driver": 6.086449998869187, "worker": 6.086449998869187, "chest": 6.086449998869187, "coach": 6.086449998869187, "in": 6.0788942450736725, "get": 6.00384445306413, "chance": 5.952918606244665, "helped": 5.952918606244665, "asks": 5.952918606244665, "diet": 5.952918606244665, "of": 5.862283827508492, "system": 5.835135570588281, "drinking": 5.835135570588281, "closet": 5.835135570588281, "wearing": 5.835135570588281, "t": 5.769731342222094, "handle": 5.729775054930455, "practice": 5.729775054930455, "due": 5.729775054930455, "Sara": 5.729775054930455, "shares": 5.729775054930455, "cold": 5.729775054930455, "wheel": 5.729775054930455, "as": 5.689948684167491, "crying": 5.63446487512613, "gay": 5.63446487512613, "business": 5.63446487512613, "signs": 5.63446487512613, "Adorable": 5.5474534981365, "wall": 5.5474534981365, "advice": 5.5474534981365, "Dash": 5.5474534981365, "stand": 5.5474534981365, "shocked": 5.467410790462964, "students": 5.467410790462964, "front": 5.393302818309242, "pregnancy": 5.393302818309242, "wear": 5.393302818309242, "outside": 5.393302818309242, "losing": 5.393302818309242, "was": 5.370505234414063, "a": 5.341941439306186, "adventure": 5.32430994682229, "helps": 5.32430994682229, "plans": 5.32430994682229, "about": 5.304925588768081, "react": 5.259771425684719, "gives": 5.259771425684719, "outfits": 5.259771425684719, "personal": 5.259771425684719, "Actor": 5.259771425684719, "kid": 5.259771425684719, "won": 5.259771425684719, "bar": 5.259771425684719, "``": 5.244677960561095, "out": 5.2325194914401605, "clean": 5.199146803868285, "new": 5.179884874805413, "''": 5.167325609093951, "media": 5.141988390028335, "become": 5.141988390028335, "Coach": 5.141988390028335, "Extra": 5.141988390028335, "social": 5.08792116875806, "at": 5.049663469634107,