{"Rigs": 183.98102578052823, "Brick": 155.53697744318816, "Lego": 87.96526307443044, "Cars": 67.3462735358573, "Shredding": 35.186602416683904, "Trucks": 17.500043037032533, "Jumps": 17.500043037032533, "vs": 15.415193122551118, "Off": 15.168509400604826, "Falls": 15.134670955939724, "Pit": 14.751170841410069, "Soft": 14.074640966673561, "-": 13.351216314544224, "Exploding": 12.380045245899154, "Ramp": 11.47607499841304, "Crashes": 10.3829875856769, "Body": 10.280400996901799, "Building": 9.669833658806514, "Wall": 9.219144494777458, "Desert": 8.844721410601165, "Crash": 8.408214278561129, "Mater": 8.13593277200489, "Propeller": 8.13593277200489, "Propane": 8.13593277200489, "Bump": 7.442785591444945, "Spikes": 7.442785591444945, "Giant": 7.386563031029148, "Chevrolet": 7.037320483336781, "Off-Road": 7.037320483336781, "Wagon": 7.037320483336781, "Tow": 6.749638410885, "Test": 6.696882058445689, "Cutting": 6.52649485957079, "Into": 6.304652300593108, "Ragdolls": 6.190022622949577, "Vertical": 6.190022622949577, "Cliff": 6.056491230325054, "Katana": 6.056491230325054, "Boats": 5.9387081946686715, "Dynamic": 5.42788257090268, "Physics": 5.363344049765109, "Bubble": 5.245561014108726, "Ships": 5.19149379283845, "Shredder": 5.044890318646575, "Teardown": 4.91705694713669, "Joker": 4.91705694713669, "Mine": 4.803728261829686, "Robot": 4.63942521053841, "Trap": 4.609572247388729, "Blade": 4.329270282234571, "Jump": 4.264731761096999, "Train": 4.244112473894264, "Bridge": 4.244112473894264, "Tank": 4.184689053423463, "Water": 3.9312401526139245, "Moon": 3.8874375299555313, "Fast": 3.805199431718559, "#": 3.756984804682162, "Land": 3.7292135247406373, "Fall": 3.40854495329255, "Monster": 3.3652481475392255, "Long": 3.356809278893361, "Speed": 3.3156512063998536, "In": 2.986891941275269, "And": 2.6104798328731067, "The": 2.350896700715959, "To": 1.4550780932146754, "|": 1.0892854941561347, "4": 1.0601239080265037, "2": 0.9896970456599526, "3": 0.7644434767906133}