{"Porn": 96.343833532356, "Gay": 84.79324107341832, "Sex": 47.74263609903018, "Guy": 28.56781500540151, "Straight": 24.939188551005387, "Star": 20.563139771618452, "Stars": 19.76527077826474, "Bottom": 18.721802036089336, "FTM": 13.29213157360922, "Calvin": 12.8458444709808, "Trans": 11.670271141176562, "Banks": 11.094906996273, "Secrets": 8.322318274033218, "Twink": 8.0323601479245, "Hunk": 8.0323601479245, "Condom": 8.0323601479245, "Oral": 8.0323601479245, "Foreskin": 8.0323601479245, "Uncensored": 8.0323601479245, "Problematic": 8.0323601479245, "Fisted": 8.0323601479245, "Submissive": 8.0323601479245, "Bottoming": 8.0323601479245, "Penis": 8.0323601479245, "Blazin": 8.0323601479245, "Dildo": 8.0323601479245, "Hairy": 8.0323601479245, "Anal": 8.0323601479245, "Boy": 7.655335057067068, "Toy": 7.53936054176637, "From": 7.097800379436205, "Partners": 6.933747859256391, "Cum": 6.933747859256391, "Bisexual": 6.933747859256391, "Curious": 6.4229222354904, "Benny": 6.4229222354904, "Divorced": 6.4229222354904, "How": 6.106304351185087, "OnlyFans": 6.086449998869187, "Nas": 5.729775054930455, "Naked": 5.729775054930455, "Himself": 5.729775054930455, "Helps": 5.63446487512613, "Tests": 5.63446487512613, "WITHOUT": 5.259771425684719, "Roll": 5.199146803868285, "Loves": 5.199146803868285, "Get": 5.045943622593047, "Safe": 5.0366278743705095, "Asian": 4.987837710201077, "A": 4.929250166713681, "Revealed": 4.854306317576555, "Major": 4.854306317576555, "Singing": 4.854306317576555, "Turning": 4.8134843230563, "Shoot": 4.774263609903018, "Kiss": 4.665064317938026, "Relationship": 4.665064317938026, "Tries": 4.665064317938026, "Bear": 4.665064317938026, "Guys": 4.505999623308339, "Rich": 4.505999623308339, "First": 4.484799954054494, "To": 4.465344907079125, "Having": 4.318788081220193, "Guess": 4.1822125462144415, "Men": 4.161159137016609, "'": 4.158233627273432, "Clean": 4.120337142496354, "Through": 4.02502696269203, "Lil": 4.007008457189351, "Camera": 3.98930888008995, "Is": 3.8775807557587294, "Meet": 3.812852442748394, "-": 3.812469271820919, "Their": 3.71487203438819, "REALLY": 3.6885547260708167, "Body": 3.5664520292699167, "With": 3.503928617928611, "Every": 3.4997606547712445, "``": 3.496451973707397, "Going": 3.4680119564566643, "''": 3.4448837393959675, "Week": 3.30497232921216, "X": 3.2120785823194637, "Try": 3.1960782409730224, "N'T": 3.1571628247233487, "Black": 3.1571628247233487, "Just": 3.1420110197027467, "Like": 3.001922226532065, "An": 2.9825041406749633, "Made": 2.9825041406749633, "\u201c": 2.9571863326906733, "His": 2.9509557829400372, "\u201d": 2.938609947117738, "Have": 2.795918185094551, "By": 2.7800867198778705, "Big": 2.7800867198778705, "Not": 2.7340427813764636, "DO": 2.7290552398654246, "About": 2.719154168882713, "One": 2.5270286119921375, "Time": 2.3556063456562186, "Best": 2.2212191549478, "Your": 2.1946297007585605, "vs": 2.1081043505099686, "'s": 1.959278197384355, "of": 1.9540946091694973, "For": 1.8502752412078687, "In": 1.5724556935469656, "(": 1.489599015229553, ")": 1.4597274483943492, "...": 1.45728430732488, "My": 1.3705054073791894, "for": 1.2377735670480012, "with": 1.2145295764703505, "?": 1.192664663145304, ":": 1.086346156825273, "to": 0.9151546447601561, "a": 0.8903235732176977, "the": 0.8855879684718633, "The": 0.7960208051701567, "!": 0.40335625827154326}