{"Bodyboarders": 72.29124133132049, "Bodyboarding": 56.2265210354715, "reef": 27.734991437025563, "Swell": 24.0970804437735, "waves": 22.017638902093665, "barrels": 20.80124357776917, "RAW": 15.779314277054159, "Slab": 14.67842593472911, "that": 11.120346879511482, "SHARK": 10.786605636618484, "Two": 10.435449768971878, "looks": 9.473046563840343, "ISLAND": 9.400311275498593, "Shark": 9.330128635876052, "a": 8.903235732176977, "find": 8.89768241893678, "like": 8.585628458659045, "full": 8.45139531630836, "Alone": 8.240674284992709, "delightful": 8.0323601479245, "wedge": 8.0323601479245, "Oof": 8.0323601479245, "Barrels": 8.0323601479245, "Shorebreak": 8.0323601479245, "Reefbreak": 8.0323601479245, "Bodyboard": 8.0323601479245, "\u00a1Hurra": 8.0323601479245, "RECKLESS": 8.0323601479245, "unpredictable": 8.0323601479245, "ramps": 8.0323601479245, "drains": 8.0323601479245, "Bodyboarder": 8.0323601479245, "Relearning": 8.0323601479245, "bodyboard": 8.0323601479245, "recovered": 8.0323601479245, "shallow": 8.0323601479245, "hollow": 8.0323601479245, "MUTATED": 8.0323601479245, "Wrangle": 8.0323601479245, "BLASTED": 8.0323601479245, "depends": 8.0323601479245, "treacherous": 8.0323601479245, "swell": 8.0323601479245, "Solander": 8.0323601479245, "here": 7.9786177601799, "(": 7.447995076147765, "Island": 7.377109452141633, "CONDITIONS": 7.339212967364555, "Scorpion": 7.339212967364555, "SHALLOW": 7.339212967364555, "BLISS": 7.339212967364555, "supply": 7.339212967364555, "TIDE": 7.339212967364555, "Reefs": 7.339212967364555, "showers": 7.339212967364555, "drowning": 7.339212967364555, ")": 7.298637241971746, "Shallow": 6.933747859256391, "NAH": 6.933747859256391, "surprisingly": 6.933747859256391, "below": 6.933747859256391, "hunt": 6.933747859256391, "diamonds": 6.933747859256391, "Cyclone": 6.933747859256391, "surf": 6.933747859256391, "injuries": 6.933747859256391, "Twenty": 6.933747859256391, "BULL": 6.933747859256391, "Locals": 6.933747859256391, "Reef": 6.64606578680461, "ROUGH": 6.64606578680461, "rough": 6.64606578680461, "smooth": 6.64606578680461, "multiple": 6.64606578680461, "shelf": 6.64606578680461, "scoop": 6.64606578680461, "endless": 6.64606578680461, "Surfers": 6.64606578680461, "rocks": 6.64606578680461, "Isolated": 6.64606578680461, "Sharp": 6.4229222354904, "Willy": 6.4229222354904, "onto": 6.4229222354904, "sometimes": 6.4229222354904, "haven": 6.4229222354904, "Cape": 6.4229222354904, "HEAVY": 6.4229222354904, "this": 6.422147808296188, "massage": 6.240600678696445, "accident": 6.240600678696445, "avoid": 6.240600678696445, "Tricky": 6.240600678696445, "charging": 6.240600678696445, "STUFF": 6.086449998869187, "WAN": 6.086449998869187, "rock": 6.086449998869187, "Surf": 6.086449998869187, "nice": 5.952918606244665, "Ni\u00f1a": 5.952918606244665, "Wet": 5.952918606244665, "chance": 5.952918606244665, "storm": 5.835135570588281, "send": 5.729775054930455, "round": 5.63446487512613, "on": 5.5961668585764945, "answer": 5.5474534981365, "aka": 5.5474534981365, "middle": 5.5474534981365, "also": 5.32430994682229, "Chasing": 5.32430994682229, "THERE": 5.32430994682229, "Crystal": 5.32430994682229, "straight": 5.32430994682229, "fast": 5.32430994682229, "Remote": 5.32430994682229, "SOMETHING": 5.259771425684719, "race": 5.259771425684719, "CARE": 5.199146803868285, "clean": 5.199146803868285, "East": 5.199146803868285, "level": 5.141988390028335, "winter": 5.141988390028335, "sea": 5.08792116875806, "and": 5.051918624261703, "Pit": 5.0366278743705095, "AND": 5.005862120826154, "Racing": 4.987837710201077, "THINK": 4.941317694566185, "ride": 4.896865931995351, "DANGEROUS": 4.896865931995351, "of": 4.885236522923743, "with": 4.858118305881402, "Comes": 4.854306317576555, "Coast": 4.854306317576555, "because": 4.8134843230563, "Report": 4.8134843230563, "Riding": 4.700155637749297, "break": 4.700155637749297, "Australian": 4.700155637749297, "hard": 4.631162766262345, "body": 4.5983729434393545, "to": 4.57577322380078, "left": 4.44884120946839, "=": 4.394773988198114, "...": 4.37185292197464, "right": 4.368798501794854, "Stream": 4.343480693810564, "take": 4.318788081220193, "am": 4.294690529641132, "Epic": 4.294690529641132, "during": 4.271160032230938, "VERY": 4.1822125462144415, "should": 4.161159137016609, "it": 4.147870909789437, "Gift": 4.140539849813874, "WATER": 4.062068234372378, "EXTREME": 3.971917137378081, "Goes": 3.889225421532968, "'ll": 3.857972878028863, "been": 3.7838649058751415, "does": 3.769680270883185, "Perfect": 3.755694028908445, "their": 3.755694028908445, "ABOUT": 3.7419007067761094, "Blue": 3.71487203438819, "Australia": 3.6885547260708167, "NA": 3.662912295457479, "!": 3.6302063244438894, "Season": 3.5664520292699167, "May": 3.4997606547712445, "in": 3.473653854327813, "Shopping": 3.4576491694211176, "Crazy": 3.378399797766977, "love": 3.350228920800281, "after": 3.253236654812971, "THE": 3.1574702980636173, "N'T": 3.1571628247233487, "La": 3.1345203479735892, "get": 3.001922226532065, "how": 2.9509557829400372, "have": 2.9447638126921163, "life": 2.8906965914218405, "we": 2.8012515310699135, "DO": 2.7290552398654246, "Will": 2.7240924505232957, "IT": 2.6570817402403355, "2020": 2.6432884181079994, "-": 2.541646181213946, "for": 2.4755471340960025, "Live": 2.4640156441634034, "an": 2.415589050257929, "The": 2.38806241551047, "..": 2.302260364950926, "'S": 2.2393465395403567, "me": 2.2302417725474375, "24": 2.2122772175721384, "I": 2.045902430431727, "2021": 2.040895600816518, "you": 1.9570141168358164, "n't": 1.9387903778793647, ",": 1.7854613431596231, "my": 1.7727786838595776, "the": 1.7711759369437265, "IN": 1.711591853673918, "at": 1.6832211565447024, "is": 1.4216641032067412, ".": 1.140734250872247, "A": 0.8215416944522801, "|": 0.8032462701311986, "?": 0.596332331572652}