{"Philosophy": 46.129058716723534, "TAKE": 33.18549645979801, "HOT": 31.84663515191275, ":": 15.692110557828688, "Philosopher": 15.220715236625676, "Hard": 14.793338451538766, "?": 12.76602982438097, "Smart": 11.918314375759355, "Science": 11.676038944334776, "South": 11.155611960606633, "Makes": 11.155611960606633, "The": 10.743597522485869, "Sound": 10.649743823299255, "Matrix": 10.424924691028934, "Park": 10.128753341146734, "Politics": 10.090816521702601, "Dumb": 9.942600577395158, "Reacts": 9.675537792146113, "NFTs": 9.675537792146113, "of": 8.850014259549946, "All": 8.812743387410874, "What": 8.529083534441648, "We": 8.092435839650351, "Or": 7.793571103217059, "Should": 7.759431292399682, "Is": 7.744503496924104, "How": 7.6187725795367145, "Anti-Capitalist": 7.610357618312838, "Fieri": 7.610357618312838, "Automation": 7.610357618312838, "Rooting": 7.610357618312838, "Peacemaker": 7.610357618312838, "Jackass": 7.610357618312838, "Antz": 7.610357618312838, "Ethically": 7.610357618312838, "Entirely": 7.610357618312838, "Coen": 7.610357618312838, "Condiment": 7.610357618312838, "Resurrections": 7.610357618312838, "Tegridy": 7.610357618312838, "Hallmark": 7.610357618312838, "Geek": 7.610357618312838, "Aquaman": 7.610357618312838, "Certainly": 7.610357618312838, "Deep": 7.607390257085036, "n't": 7.586499251213874, "Modern": 7.478313214809893, "Are": 7.269376039714775, "Ca": 7.032026112181473, "Bosses": 6.9172104377528925, "Offices": 6.9172104377528925, "Satire": 6.9172104377528925, "Anyway": 6.9172104377528925, "Everything": 6.752502227431156, "are": 6.650190215881428, "Burnham": 6.511745329644728, "Burgers": 6.511745329644728, "Poly": 6.511745329644728, "Generational": 6.511745329644728, "Haircuts": 6.511745329644728, "Astrology": 6.511745329644728, "Obsession": 6.511745329644728, "About": 6.426892431533119, "Why": 6.40617773148097, "Outtakes": 6.224063257192947, "Hank": 6.224063257192947, "Rails": 6.224063257192947, "Elden": 6.224063257192947, "Euphoria": 6.224063257192947, "Trolling": 6.224063257192947, "Art": 6.221095895965145, "is": 6.1005847562374385, "Titan": 6.000919705878737, "Ruining": 6.000919705878737, "Sci-Fi": 6.000919705878737, "Skeletons": 6.000919705878737, "Appeal": 6.000919705878737, "Sucks": 6.000919705878737, "Grew": 5.8185981490847825, "Invention": 5.8185981490847825, "Obsessed": 5.664447469257524, "Bros": 5.664447469257524, "Mayo": 5.664447469257524, "Itself": 5.664447469257524, "Anderson": 5.664447469257524, "Horses": 5.664447469257524, "worst": 5.664447469257524, "Does": 5.612673147159162, "Bo": 5.530916076633002, "Ethical": 5.530916076633002, "Fell": 5.413133040976618, "Spider-Man": 5.307772525318792, "Piece": 5.212462345514467, "Turns": 5.212462345514467, "Bug": 5.212462345514467, "Capitalism": 5.212462345514467, "Handle": 5.125450968524837, "Faith": 5.125450968524837, "Ghosts": 5.125450968524837, "Hill": 5.045408260851301, "Housing": 5.045408260851301, "Humanity": 5.045408260851301, "Rogan": 5.045408260851301, "Loves": 5.045408260851301, "Real": 5.03321483501215, "Not": 4.996739659912588, "Apocalypse": 4.971300288697579, "Celebrities": 4.971300288697579, "Else": 4.971300288697579, "Universal": 4.971300288697579, "to": 4.953445849533025, "Batman": 4.902307417210627, "Brothers": 4.902307417210627, "Scariest": 4.837768896073056, "Be": 4.8127018624720845, "the": 4.793149047699764, "Netflix": 4.777144274256622, "Dating": 4.777144274256622, "animal": 4.777144274256622, "Scam": 4.7199858604166725, "Nice": 4.7199858604166725, "Hell": 4.665918639146397, "Therapy": 4.665918639146397, "Less": 4.665918639146397, "Crime": 4.665918639146397, "Up": 4.654307779149698, "Everywhere": 4.614625344758847, "Income": 4.614625344758847, "Sold": 4.614625344758847, "Turning": 4.565835180589414, "Performance": 4.565835180589414, "Mean": 4.519315164954522, "Bay": 4.519315164954522, "Ring": 4.474863402383688, "Wealth": 4.474863402383688, "Forever": 4.432303787964892, "or": 4.415360472881116, "Finally": 4.391481793444637, "Twitter": 4.391481793444637, "Bizarre": 4.391481793444637, "Tech": 4.352261080291355, "More": 4.344556618779285, "Movies": 4.314520752308509, "Once": 4.278153108137634, "Thomas": 4.278153108137634, "Time": 4.210052164760949, "Bob": 4.209160236650682, "Jobs": 4.209160236650682, "Guy": 4.176370413827692, "Moral": 4.176370413827692, "Crypto": 4.144621715513111, "Culture": 4.144621715513111, "Exist": 4.113850056846357, "re": 4.083997093696676, "Something": 4.055009556823424, "Spider": 4.055009556823424, "Wo": 4.026838679856728, "Attack": 4.026838679856728, "Joe": 4.026838679856728, "Documentary": 3.999439705668613, "Turn": 3.9727714585864518, "Moon": 3.9727714585864518, "Paul": 3.9727714585864518, "You": 3.9232159277037972, "Fix": 3.921478164198901, "Went": 3.8967855516085295, "Strange": 3.8967855516085295, "Die": 3.8967855516085295, "Travel": 3.8967855516085295, "Dead": 3.8967855516085295, "Musk": 3.872688000029469, "Different": 3.872688000029469, "Elon": 3.849157502619275, "Final": 3.803695128542518, "Market": 3.7817162218237423, "Greatest": 3.7817162218237423, "Season": 3.760210016602779, "Become": 3.760210016602779, "Film": 3.7391566074049467, "Google": 3.718537320202211, "Michael": 3.6785319855885117, "Basic": 3.6591138997314103, "Movie": 3.6591138997314103, "Off": 3.6400657047607154, "vs.": 3.5499146077664183, "Wrong": 3.4994837541395265, "Still": 3.467222891921305, "Doctor": 3.4514745349531655, "God": 3.420702876286412, "Monster": 3.4056649989218712, "True": 3.390849913136731, "King": 3.3618623762634785, "Truth": 3.3198981771644465, "'s": 3.303602222700776, "Online": 3.2928695047765273, "if": 3.2928695047765273, "Could": 3.2536487916232457, "End": 3.2159084636403987, "Red": 3.1217212485806978, "Look": 3.1217212485806978, "\u2019": 3.1212483261617594, "Down": 3.1105479479825724, "Explained": 3.099498111795987, "|": 3.0963933641430814, "They": 3.0777581251595816, "Build": 3.0356466398094546, "Future": 3.005187432324746, "'re": 2.9853848050285663, "War": 2.94691852420077, "Earth": 2.937528783850931, "Ever": 2.874159169918342, "Christmas": 2.8396729938471728, "Let": 2.742823167857255, "Way": 2.7275556957264664, "a": 2.6844146890853176, "Did": 2.6615977279346694, "Man": 2.5669325013935906, "At": 2.510491190488639, "Out": 2.480458903389764, "A": 2.4607811483967987, "Have": 2.411860587047012, "Baby": 2.384610944599636, "Get": 2.379249001458251, "Who": 2.292237624468621, "One": 2.253771343640825, "it": 2.088896700450591, "And": 2.069094073154411, "Best": 2.0156462387109984, "Can": 2.011935659314463, ",": 1.9823526797854971, "Life": 1.9439309302004053, "s": 1.9233822619730176, "...": 1.8420366225190652, "and": 1.759795990723183, "Do": 1.7022746801439066, "With": 1.5893342689633112, "Your": 1.5190477362351393, "(": 1.5162300985219186, ")": 1.4972925556642145, "In": 1.4878648087984514, "on": 1.1257223826775857, "2": 1.0479135246191178, "for": 0.8124172053379071}