{"World": 16.00708658502302, "Losers": 13.834420875505785, "Country": 11.840387916549574, "Winners": 11.061832153266003, "Independence": 10.250901937049674, "Flag": 10.250901937049674, "Fact": 9.675537792146113, "Countries": 9.554288548513243, "Explained": 9.29849433538796, "France": 8.782963586889274, "Andorra": 7.610357618312838, "Geopolitical": 7.610357618312838, "Calendars": 7.610357618312838, "WonderWhy": 7.610357618312838, "UNESCO": 7.610357618312838, "Endonyms": 7.610357618312838, "Exonyms": 7.610357618312838, "BC/AD": 7.610357618312838, "BCE/CE": 7.610357618312838, "invaded": 7.610357618312838, "Reunification": 7.610357618312838, "Congos": 7.610357618312838, "Macedonia": 7.610357618312838, "Zones": 6.9172104377528925, "Unsinkable": 6.9172104377528925, "Unification": 6.9172104377528925, "Catalonia": 6.9172104377528925, "Referendum": 6.9172104377528925, "Facts": 6.8719406968344, "world": 6.639796354328893, "the": 6.590579940587175, "Useless": 6.511745329644728, "Sites": 6.511745329644728, "Fungi": 6.511745329644728, "Cyprus": 6.511745329644728, "orange": 6.511745329644728, "oldest": 6.511745329644728, "About": 6.426892431533119, "Why": 6.40617773148097, "Every": 6.335412723645042, "Episode": 6.288898999316507, "WWI": 6.224063257192947, "Dispute": 6.224063257192947, "Naming": 6.224063257192947, "Fascinating": 6.000919705878737, "wear": 5.8185981490847825, "Fun": 5.783717494035486, "75": 5.530916076633002, "Tier": 5.530916076633002, "Heritage": 5.530916076633002, "countries": 5.530916076633002, "Division": 5.530916076633002, "Controversy": 5.530916076633002, "Since": 5.413133040976618, "Borders": 5.307772525318792, "Aircraft": 5.307772525318792, "Carrier": 5.307772525318792, "Oldest": 5.212462345514467, "Curious": 5.212462345514467, "Dutch": 5.212462345514467, "Map": 5.125450968524837, "country": 5.045408260851301, "Knowledge": 4.837768896073056, "Bonus": 4.837768896073056, "Entire": 4.837768896073056, "History": 4.823721174094024, "Capital": 4.7199858604166725, "Holy": 4.665918639146397, "Planets": 4.665918639146397, "List": 4.614625344758847, "Cities": 4.614625344758847, "Roman": 4.614625344758847, "Prince": 4.565835180589414, "Possible": 4.519315164954522, "Germany": 4.519315164954522, "of": 4.425007129774973, "Land": 4.352261080291355, "Empire": 4.352261080291355, "really": 4.352261080291355, "90": 4.176370413827692, "Part": 4.107059113226599, "President": 3.9727714585864518, "in": 3.96300697987239, "Changed": 3.803695128542518, "Solar": 3.7817162218237423, "British": 3.760210016602779, "Names": 3.7391566074049467, "Around": 3.6591138997314103, "International": 3.585005927577688, "Ukraine": 3.532820174407118, "Really": 3.4832232332677457, "Minutes": 3.376251113715578, "23": 3.3618623762634785, "There": 3.347677741271522, "?": 3.330268649838514, "Want": 3.2796242780265064, "Their": 3.240909765845816, "End": 3.2159084636403987, "Tour": 3.1915170105162396, "Has": 3.179540819469524, "Two": 3.1560103220593296, "Need": 3.088569041263797, "Years": 3.0670628360428336, "War": 2.94691852420077, "System": 2.94691852420077, "Change": 2.874159169918342, "How": 2.857039717326268, "The": 2.827262505917334, "Made": 2.8145670727160965, "%": 2.690376692484713, "100": 2.6758836851821455, "Did": 2.6615977279346694, "Our": 2.606411312367378, ":": 2.477701667025582, "Have": 2.411860587047012, "vs": 2.368610603253195, "(": 2.2743451477828778, "Will": 2.2584994848367708, ")": 2.2459388334963215, "do": 2.2350792106286725, "or": 2.207680236440558, "All": 2.2031858468527186, "That": 2.1722783093896423, "Time": 2.1050260823804745, "-": 2.0512350707921794, "We": 2.0231089599125878, "Video": 1.975568015143588, "Life": 1.9439309302004053, "n't": 1.8966248128034684, "Are": 1.8173440099286937, "Do": 1.7022746801439066, "'s": 1.651801111350388, "A": 1.640520765597866, "&": 1.6159257099770534, "4": 1.5796723580515744, "In": 1.4878648087984514, "3": 1.225163219315112, "is": 1.2201169512474876, "What": 1.2184405049202354, "1": 1.138011323811937, "on": 1.1257223826775857, "2": 1.0479135246191178, "and": 0.5865986635743944, ",": 0.4955881699463743}