{"Wronchi": 65.08746217603912, "Cartoon": 64.95195294753773, "Hearthstone": 40.833433753075916, "Reporter": 29.77114236577978, "v": 24.78939470828472, "DOTA": 24.76009049179831, "Animation": 20.66750933865448, "Payload": 20.248915232655, "An": 19.898395630962785, "Overwatch": 19.025997158592794, "Gathering": 16.95307836665067, "[": 12.936519482901742, "]": 12.936519482901742, "Magic": 11.337671835945898, ":": 11.140045158615788, "Move": 9.403891135039489, "Parody": 8.99669322455701, "Animated": 8.571570340589664, "Insincere": 8.13593277200489, "StarFox": 8.13593277200489, "Dota/Hearthstone": 8.13593277200489, "Goof": 8.13593277200489, "MORGL": 8.13593277200489, "TYRANDE": 8.13593277200489, "'17": 8.13593277200489, "UTHER": 8.13593277200489, "Arcana": 8.13593277200489, "PHARAH": 8.13593277200489, "Malfurion": 8.13593277200489, "Valeera": 8.13593277200489, "7.00": 8.13593277200489, "WRONCHI": 8.13593277200489, "Doodling": 8.13593277200489, "Neural": 8.13593277200489, "Hanamura": 8.13593277200489, "Garrosh": 8.13593277200489, "Jaina": 8.13593277200489, "Gul'dan": 8.13593277200489, "Short": 7.482967234664903, "Falco": 7.442785591444945, "Offlane": 7.442785591444945, "Anduin": 7.442785591444945, "ARTIFACT": 7.037320483336781, "Uploads": 7.037320483336781, "Rubick": 7.037320483336781, "Enigma": 7.037320483336781, "Junkrat": 7.037320483336781, "Announcer": 6.749638410885, "Discontinued": 6.749638410885, "LEARNS": 6.749638410885, "Balanced": 6.52649485957079, "Defenders": 6.52649485957079, "MTG": 6.344173302776835, "2004": 6.344173302776835, "A": 6.329709742841745, "Labs": 6.190022622949577, "READ": 6.056491230325054, "Hollywood": 6.056491230325054, "Defender": 5.9387081946686715, "updates": 5.9387081946686715, "Current": 5.73803749920652, "Juggernaut": 5.73803749920652, "Also": 5.73803749920652, "Incoming": 5.570983414543353, "Dota": 5.496875442389632, "DRAW": 5.42788257090268, "Network": 5.42788257090268, "``": 5.397321122575349, "Sponsored": 5.363344049765109, "''": 5.329076709997539, "QUICK": 5.19149379283845, "ART": 5.044890318646575, "Reborn": 5.044890318646575, "Hacked": 5.044890318646575, "Boom": 5.000438556075741, "animation": 4.957878941656944, "other": 4.957878941656944, "Indie": 4.91705694713669, "Recap": 4.877836233983408, "Enter": 4.877836233983408, "Contest": 4.8400959060005615, "Breath": 4.803728261829686, "Google": 4.734735390342735, "Film": 4.63942521053841, "Ancient": 4.609572247388729, "2015": 4.609572247388729, "HOUR": 4.552413833548781, "12": 4.4830598754800794, "Dungeon": 4.422360705300583, "|": 4.357141976624539, "EP": 4.329270282234571, "Weird": 4.3072913755157956, "the": 4.263449309866434, ",": 4.234911800658539, "Deck": 4.223909766576744, "Updates": 4.223909766576744, "Showdown": 4.184689053423463, "Against": 4.184689053423463, "STOP": 4.1285995867724194, "Zelda": 4.1285995867724194, "R": 4.1285995867724194, "New": 3.9972825431896575, "Welcome": 3.9927980456133576, "Announcement": 3.9164250668287837, "Arena": 3.9164250668287837, "stream": 3.9164250668287837, "Legend": 3.7921273501512065, "Blue": 3.779223945315299, "Twitch": 3.7170921642082924, "-": 3.6830941557363377, "Wild": 3.6250732654880404, "Channel": 3.6250732654880404, "STREAM": 3.61414419495585, "0": 3.592637989734887, "Song": 3.5820558804043494, "Teaser": 3.561221793501508, "Again": 3.561221793501508, "Ep": 3.4264025706925563, "Hours": 3.40854495329255, "2019": 3.3823425808985257, "first": 3.3823425808985257, "The": 3.2912553810023426, "Year": 3.268398321549308, "Pack": 3.2086790868476855, "Run": 3.159199029584316, "Everything": 3.1319864660594314, "Series": 3.105494850612455, "'s": 3.0703723427740375, "2": 2.969091136979858, "Be": 2.965448776966739, ".": 2.9584124956529974, "Made": 2.862933213441144, "FULL": 2.8578181127743734, "Red": 2.837615405456854, "on": 2.705215142801861, "Star": 2.590755327525328, "an": 2.4221999664955214, "Trailer": 2.3099326646244402, "Video": 2.225136127964363, "Can": 2.174927432381617, "!": 2.1506181735052103, "Update": 2.0333741773913214, "(": 2.009057343382927, ")": 2.009057343382927, "in": 1.9885910519180792, "my": 1.9313750094362, "to": 1.7862696984222697, "TO": 1.7780905054967908, "of": 1.5798451241831961, "vs": 1.5415193122551119, "Game": 1.3778382675771597, "with": 1.3560108645326383, "is": 1.1438363445890025, "...": 0.9681235876884466, "a": 0.8649242337238984}