{"YO-KAI": 187.12645375611248, "QR": 113.90305880806847, "WATCH": 98.57305891678114, "CODES": 71.96280697831259, "COIN": 57.3803749920652, "Cranks": 56.95152940403423, "Wibble": 56.95152940403423, "Wobble": 52.09949914011462, "BLASTERS": 24.40779831601467, "FOR": 20.6020091279149, "Final": 18.357528180879356, "Android": 16.442324325078964, "Coin": 16.28364771270804, "EXCITEMENT": 16.27186554400978, "Day": 15.759266612261479, "25": 15.727500926130771, "Tanuki": 14.88557118288989, "SPECIAL": 11.88463650632776, "Gaming": 11.640744393166756, "1/2": 10.605438855897349, "Episode": 10.52240494429011, "FIVE": 9.680191812001123, ":": 9.654705804133682, "building": 9.607456523659373, "/": 8.57345433832312, "Yo-Kai": 8.13593277200489, "PASSWORDS": 8.13593277200489, "WIBBLE": 8.13593277200489, "Ugandan": 8.13593277200489, "27/26/21": 8.13593277200489, "RED": 7.482967234664903, "suit": 7.442785591444945, "WOBBLE": 7.442785591444945, "STAR": 7.410231946323154, "EXCELLENT": 7.037320483336781, "BRAVE": 7.037320483336781, "Dolan": 7.037320483336781, "codes": 6.749638410885, "Souvenir": 6.749638410885, "Mario": 5.5871970400801585, "30": 5.512070836928862, "Network": 5.42788257090268, "Knuckles": 5.19149379283845, "Extra": 5.091410334281467, "COINS": 5.044890318646575, "Super": 4.85764501451203, "L": 4.701945567519744, "Cartoon": 4.63942521053841, "Warriors": 4.609572247388729, "3": 4.58666086074368, "Craft": 4.498346612278505, "happens": 4.472371125875244, "DREAM": 4.165640858452769, "GREAT": 4.165640858452769, "Meme": 4.0754897614584715, "ULTRA": 4.058395328099171, "part": 4.041588209782789, "Pet": 4.008798386959799, "Match": 3.946278029978465, "Part": 3.9284643491879505, "35": 3.8874375299555313, "Moon": 3.8874375299555313, "go": 3.805199431718559, "Kart": 3.779223945315299, "Land": 3.7292135247406373, "1": 3.716426256416336, "FINALE": 3.636123101674625, "Watch": 3.530762586016799, "now": 3.530762586016799, "when": 3.520812255163631, "Minecraft": 3.458105571871152, "The": 3.2912553810023426, "Year": 3.268398321549308, "Special": 3.092507655085644, "18": 2.9155769469265658, "10": 2.892667005651848, "19": 2.8836593439582607, "5": 2.8516372692734215, "17": 2.7746406062954656, "Dead": 2.680611656647189, "22": 2.655293848662899, "Full": 2.642871328664342, "Star": 2.590755327525328, "15": 2.4321502973486893, "20": 2.4123476700525095, "One": 2.3128868765218717, "you": 2.0003678809231515, "2": 1.9793940913199053, "What": 1.9213246735826988, "+": 1.7885435623488801, "for": 1.4352016624570798, "on": 1.3526075714009305, "New": 1.3324275143965525, "4": 1.0601239080265037, "and": 1.0350808630608404, "?": 1.0197000278650197, "-": 0.9207735389340844, "(": 0.8036229373531708, ")": 0.8036229373531708, "!": 0.2688272716881513}