{"Hours": 25.153734808546847, "World": 23.71718305509927, "Inside": 23.145253571861105, "0.01": 22.856227133011238, "$": 21.25680934329865, "Days": 20.039122325130943, "Country": 17.932992646965054, "Most": 16.32541546631701, "2,800": 15.237484755340827, "Surviving": 14.732076529704608, "200,000,000": 13.851190394220936, "the": 13.708753819379888, "I": 12.328258363042387, "Strangers": 12.277145559162754, "a": 12.062313595192844, "Stranger": 12.023473395078565, "Traveling": 12.018608930472626, "Castle": 11.078601671981154, "America": 10.623614801294082, "City": 10.523605540491307, "s": 10.2711098517386, "Ticket": 10.267671455764827, "for": 10.129292461816487, "Underground": 10.107586040417754, "Theory": 9.959370096110309, "Leaving": 9.959370096110309, "Plane": 9.821384353136406, "Abandoned": 9.571058067228394, "Exploring": 9.348606797007946, "\u2019": 9.28802789800754, "72": 9.246020208232844, "Town": 9.055399848624194, "Earth": 8.881377094644936, "Place": 8.881377094644936, "Leave": 8.721291679297863, "Yes": 8.306012949741374, "We": 8.06649422716285, "24": 7.649514526350545, "-64\u00b0C": 7.618742377670413, "-84": 7.618742377670413, "\u00b0F": 7.618742377670413, "Doors\u2026": 7.618742377670413, "TRADED": 7.618742377670413, "Luxurious": 7.618742377670413, "Transnistria": 7.618742377670413, "12,000,000": 7.618742377670413, "Closed": 7.618742377670413, "72hrs": 7.618742377670413, "Meditated": 7.618742377670413, "Castles": 7.618742377670413, "Hitchhiked": 7.618742377670413, "20hrs": 7.618742377670413, "IRAQ": 7.618742377670413, "Kurdistan": 7.618742377670413, "Separation": 7.618742377670413, "placed": 7.618742377670413, "Man-Made": 7.618742377670413, "Explored": 7.618742377670413, "70,000": 7.618742377670413, "on": 7.586234021238378, "Biggest": 7.53718955192071, "For": 7.515797861964717, "in": 7.433144867931576, "to": 7.373665040031431, "Internet": 7.334997318177972, "Down": 7.015737026994204, "Iceman": 6.925595197110468, "Wolves": 6.925595197110468, "AFRICA": 6.925595197110468, "NORTH": 6.925595197110468, "150,000": 6.925595197110468, "Tracked": 6.925595197110468, "Elevators": 6.925595197110468, "Radioactive": 6.925595197110468, "BILLBOARD": 6.925595197110468, "Wingman": 6.925595197110468, "530": 6.925595197110468, "Deadliest": 6.925595197110468, "TRAVELING": 6.925595197110468, "Wim": 6.925595197110468, "Hof": 6.925595197110468, "Colony": 6.925595197110468, "Bankrupt": 6.925595197110468, "'s": 6.719659839881891, "Darkness": 6.520130089002303, "Coldest": 6.520130089002303, "Knocking": 6.520130089002303, "Kidnapping": 6.520130089002303, "former": 6.520130089002303, "CIA": 6.520130089002303, "TICKET": 6.520130089002303, "Northern": 6.520130089002303, "Jumped": 6.520130089002303, "Sahara": 6.520130089002303, "Asylum": 6.520130089002303, "Reuniting": 6.520130089002303, "grateful": 6.520130089002303, "Pitching": 6.520130089002303, "Day": 6.452046709605847, "with": 6.383104794746311, "50": 6.305668518031659, "Friend": 6.260212015876547, "Ukrainian": 6.2324480165505225, "Trading": 6.2324480165505225, "POLE": 6.2324480165505225, "Giants": 6.2324480165505225, "Billboard": 6.2324480165505225, "Skydive": 6.2324480165505225, "ACROSS": 6.2324480165505225, "bet": 6.2324480165505225, "DROPPED": 6.2324480165505225, "Noticed": 6.2324480165505225, "(": 6.1949162627491745, ")": 6.1653231528068515, "\u2744\ufe0f": 6.009304465236313, "ENDED": 6.009304465236313, "Controls": 6.009304465236313, "across": 6.009304465236313, "Islands": 6.009304465236313, "U.S.": 6.009304465236313, "Forgotten": 6.009304465236313, "To": 5.8810963270110665, "Border": 5.826982908442358, "Lived": 5.826982908442358, "PLANE": 5.826982908442358, "Trade": 5.826982908442358, "Pole": 5.826982908442358, "Passport": 5.826982908442358, "Artificial": 5.826982908442358, "Intelligence": 5.826982908442358, "Near": 5.826982908442358, "Afghanistan": 5.826982908442358, "alive": 5.826982908442358, "Hottest": 5.826982908442358, "Laws": 5.6728322286151, "Agent": 5.6728322286151, "AROUND": 5.6728322286151, "Ran": 5.6728322286151, "Strongest": 5.6728322286151, "Moved": 5.6728322286151, "Empty": 5.6728322286151, "Billion": 5.6728322286151, "NAKED": 5.6728322286151, "Helping": 5.6728322286151, "Winners": 5.6728322286151, "With": 5.579521811379398, "Buys": 5.539300835990577, "Aliens": 5.539300835990577, "1,000,000": 5.539300835990577, "Brutal": 5.539300835990577, "A": 5.5150770011696375, "FOR": 5.4718809101680845, "Europe": 5.421517800334194, "STRANGERS": 5.421517800334194, "Saving": 5.421517800334194, "YouTube": 5.382977385026417, "Map": 5.316157284676367, "Dubai": 5.316157284676367, "Airport": 5.220847104872043, "Flight": 5.220847104872043, "Exist": 5.220847104872043, "Spending": 5.220847104872043, "Society": 5.133835727882413, "Surprised": 5.133835727882413, "FIND": 5.133835727882413, "USING": 5.133835727882413, "Village": 5.133835727882413, "DAYS": 5.133835727882413, "OVERNIGHT": 5.133835727882413, "...": 5.106483835797048, "Mine": 5.053793020208877, "Started": 5.053793020208877, "Complete": 4.979685048055154, "Until": 4.979685048055154, "Paris": 4.979685048055154, "Spent": 4.979685048055154, "Horrible": 4.979685048055154, "Fly": 4.910692176568203, "Paid": 4.910692176568203, "Shut": 4.910692176568203, "Talent": 4.910692176568203, "that": 4.9079128074937985, "'m": 4.8739176547566565, "Diet": 4.846153655430632, "Used": 4.846153655430632, "96": 4.846153655430632, "Subscriber": 4.846153655430632, "1,000": 4.785529033614197, "Seen": 4.785529033614197, "Documentary": 4.728370619774249, "Project": 4.728370619774249, "North": 4.728370619774249, "Nobody": 4.728370619774249, "Ideas": 4.728370619774249, "seen": 4.674303398503973, "Giant": 4.674303398503973, "hours": 4.623010104116422, "Collab": 4.623010104116422, "Alone": 4.527699924312097, "Change": 4.483248161741264, "Bought": 4.440688547322468, "before": 4.440688547322468, "WILD": 4.440688547322468, "Legends": 4.399866552802212, "Child": 4.399866552802212, "YouTubers": 4.399866552802212, "Travel": 4.322905511666084, "Lives": 4.322905511666084, "Long": 4.322905511666084, "Around": 4.286537867495209, "Russian": 4.286537867495209, "Business": 4.286537867495209, "Asking": 4.25144654768394, "Train": 4.25144654768394, "7": 4.186578877077259, "Haunted": 4.184755173185267, "Left": 4.153006474870687, "Dream": 4.153006474870687, "us": 4.092381853054252, "Straight": 4.092381853054252, "Gold": 4.092381853054252, "Went": 4.092381853054252, "Google": 4.063394316180999, "Extreme": 4.035223439214303, "Viral": 4.0078244650261885, "Find": 4.0078244650261885, "IN": 3.9822425279595524, "while": 3.9811562179440276, "Space": 3.9811562179440276, ".": 3.973400038649829, "Eating": 3.955180731540767, "Happened": 3.955180731540767, "Living": 3.955180731540767, "Ghost": 3.9051703109661053, "Ice": 3.881072759387045, "40": 3.857542261976851, "Job": 3.8345527437521523, "OUR": 3.8120798879000937, "TRAILER": 3.790100981181318, "Death": 3.7475413667625226, "On": 3.7323394776895604, "Experience": 3.726922079559787, "never": 3.7067193722422673, "Room": 3.7067193722422673, "Before": 3.6297583311061388, "Here": 3.6114091924379426, "See": 3.593390686935264, "Disney": 3.593390686935264, "Free": 3.593390686935264, "Lost": 3.558299367123994, "Secret": 3.4916079926253216, "LOVE": 3.4916079926253216, "Ultimate": 3.4916079926253216, "Where": 3.4290876356439877, "Going": 3.4290876356439877, "Everything": 3.414049758279447, "Men": 3.3992346724943068, "WORLD": 3.356062500629098, "What": 3.3466435381276765, "Date": 3.3282829365220223, "Short": 3.3146772844662435, "Film": 3.2880090373840822, "In": 3.269612193966446, "Years": 3.2120231304061604, "Did": 3.1999017698738155, "just": 3.141405563192207, "Us": 3.1301060079382736, "THE": 3.1239167288835774, "Does": 3.107882871153563, "4": 3.100633578852606, "Last": 3.0861428845171575, "Night": 3.0754475954004095, "Worst": 3.0648654860698725, "Every": 3.0648654860698725, "After": 3.0648654860698725, "can": 3.0440313991670305, "Year": 3.0337748989998414, "Party": 3.0337748989998414,