{"Yuji": 336.8163501053261, "Angelotti": 336.8163501053261, "\u203a": 306.3178741606885, "\u2039": 299.35610429340016, "DE": 81.51169732939705, "MOTORIZADA": 76.57946854017213, "BIKE": 51.044635994233985, "MINHA": 43.39533333412894, "E": 35.93938295514537, "BARUERI": 34.80884933644188, "NO": 32.599260821810944, "DO": 32.360764400517226, "BRASIL": 29.293969953651235, "PARA": 28.69698290451235, "ROLE": 28.545034493965037, "PAI": 28.545034493965037, "JAP\u00c3O": 26.225219036720844, "EM": 25.936275226038703, "LEVEI": 25.07449074691372, "PRIMEIRA": 25.07449074691372, "MEU": 24.108518518960523, "NA": 21.995598007704277, "UM": 21.613562688365583, "MOTO": 21.438106089309233, "COM": 20.497844931794535, "EVENTO": 18.80586806018529, "ANDEI": 18.80586806018529, "N\u00c3O": 17.9074528700015, "FUSCA": 17.589472735860795, "MAIS": 17.587282039307354, "VEZ": 16.373077411536304, "FOI": 15.771065325149852, "FUI": 15.51003119418096, "ITAPEVI": 15.30983409569664, "TRILHA": 15.30983409569664, "MALOY": 15.30983409569664, "Gr4U": 15.30983409569664, "yujiangelotti": 15.30983409569664, "RUAS": 15.30983409569664, "DA": 14.89236566049598, "ARRUMAR": 13.923539734576751, "CAI": 13.923539734576751, "FEIRA": 13.923539734576751, "NOTURNA": 13.923539734576751, "GARAGEM": 13.923539734576751, "AMIGOS": 13.923539734576751, "O": 13.141876781525196, "CABELO": 13.112609518360422, "PRONTA": 12.53724537345686, "TESTANDO": 12.53724537345686, "TIREI": 12.53724537345686, "FREIO": 12.53724537345686, "VENDER": 12.090958270828441, "AQUI": 11.726315157240531, "VLOG": 11.544763674234003, "QUE": 11.351148110821288, "QUAL": 11.15095101233697, "LOJA": 11.15095101233697, "FORTE": 10.915384941024202, "97": 10.915384941024202, "MOTOS": 10.70466390970855, "COMPREI": 10.70466390970855, "TOP": 10.134752786496795, "MELHOR": 10.031719436466124, "A": 9.917843518575175, "MUITO": 9.764656651217079, "CARROS": 9.64340740758421, "DOS": 9.038845663838341, "UMA": 8.793641019653677, "-": 7.905138258944347, "AQUELE": 7.65491704784832, "GRAUZINHO": 7.65491704784832, "COMBINA": 7.65491704784832, "GS1200": 7.65491704784832, "SURPREENDI": 7.65491704784832, "BARBEARIA\ud83d\udc88": 7.65491704784832, "BURACO": 7.65491704784832, "MINIMOTO": 7.65491704784832, "EDITEI": 7.65491704784832, "DIFERENCIADA": 7.65491704784832, "TORNANDO-SE": 7.65491704784832, "BRONCA": 7.65491704784832, "JAPAO": 7.65491704784832, "DEGRADE": 7.65491704784832, "VARIOS": 7.65491704784832, "MOTORIZA": 7.65491704784832, "FLIPERAMA": 7.65491704784832, "REFORMAR": 7.65491704784832, "INTEIRA": 7.65491704784832, "RAIO": 7.65491704784832, "PARAMOS": 7.65491704784832, "CARANGUEJO": 7.65491704784832, "\ud83e\udd80": 7.65491704784832, "MASTERCHEF": 7.65491704784832, "EMPINANDO": 7.65491704784832, "ARRUMANDO": 7.65491704784832, "PRESA": 7.65491704784832, "\ud83d\ude4f\ud83c\udffb": 7.65491704784832, "CBC": 7.65491704784832, "SITIO": 7.65491704784832, "IBIUNA": 7.65491704784832, "DUAS": 7.65491704784832, "MOTORIZADAS": 7.65491704784832, "GS-1200\ud83d\ude2e": 7.65491704784832, "AEROPORTO": 7.65491704784832, "ATIVIDADE\ud83e\udd19\ud83c\udffc": 7.65491704784832, "\ud83c\udde7\ud83c\uddf7\ud83d\ude4f\ud83c\udffb": 7.65491704784832, "DESPEDIDA\ud83c\uddef\ud83c\uddf5\ud83d\ude2d": 7.65491704784832, "jap\u00e3o": 7.65491704784832, "CORRERIA": 7.65491704784832, "DOAR": 7.65491704784832, "JOGAR": 7.65491704784832, "NOSSAS": 7.65491704784832, "\ud83d\ude25\ud83d\ude4f\ud83c\udffb": 7.65491704784832, "TOMAR": 7.65491704784832, "V4ciN4": 7.65491704784832, "\ud83e\udda0": 7.65491704784832, "\ud83d\ude4f\ud83c\udffb\ud83c\uddef\ud83c\uddf5": 7.65491704784832, "VARIEDADES": 7.65491704784832, "Gr4us": 7.65491704784832, "ROLES": 7.65491704784832, "PELAS": 7.65491704784832, "MINI": 7.407346658533786, "JOGO": 6.961769867288376, "ANTIGOS": 6.961769867288376, "REALIZEI": 6.961769867288376, "1200cc": 6.961769867288376, "PRAIA": 6.961769867288376, "FILMEI": 6.961769867288376, "GASTAR": 6.961769867288376, "DINHEIRO": 6.961769867288376, "FIGHTERS": 6.961769867288376, "MOSTRANDO": 6.961769867288376, "MOBILETE": 6.961769867288376, "MIM": 6.961769867288376, "aro": 6.961769867288376, "DEVO": 6.961769867288376, "CONSIGO": 6.961769867288376, "APRENDENDO": 6.961769867288376, "CAVALO": 6.961769867288376, "80cc": 6.961769867288376, "FIQUEI": 6.961769867288376, "PRESO": 6.961769867288376, "CHEGUEI": 6.961769867288376, "MALUCA": 6.961769867288376, "AMERICANOS": 6.961769867288376, "ME": 6.93052461164379, "HONDA": 6.756501857664531, "ALEM\u00c3O": 6.556304759180211, "RP": 6.556304759180211, "ANDAR": 6.556304759180211, "FEIO": 6.556304759180211, "SKATE": 6.556304759180211, "EMBREAGEM": 6.556304759180211, "SONHOS": 6.556304759180211, "REALIDADE": 6.556304759180211, "DONO": 6.556304759180211, "SURPRESA": 6.556304759180211, "INACREDIT\u00c1VEL": 6.556304759180211, "ESCOLA": 6.556304759180211, "BUSCAR": 6.556304759180211, "PATIO": 6.556304759180211, "ACREDITAR": 6.556304759180211, "TESTAR": 6.556304759180211, "100cc": 6.556304759180211, "HORAS": 6.556304759180211, "CONSEGUI": 6.556304759180211, "VOLTANDO": 6.556304759180211, "PE\u00c7AS": 6.26862268672843, "VIROU": 6.26862268672843, "ACESS\u00d3RIOS": 6.26862268672843, "TOKYO": 6.26862268672843, "COISAS": 6.26862268672843, "SONHO": 6.0454791354142206, "FAN": 6.0454791354142206, "JA": 6.0454791354142206, "COMPRE": 6.0454791354142206, "MEUS": 6.0454791354142206, "NOVOS": 6.0454791354142206, "5.5": 6.0454791354142206, "AMIGO": 6.0454791354142206, "CAIU": 6.0454791354142206, "PELA": 6.0454791354142206, "LIXO": 6.0454791354142206, "ESTOU": 6.0454791354142206, "ESCAPAMENTO": 5.863157578620266, "NOTURNO": 5.863157578620266, "POLARIS": 5.709006898793008, "ENCONTRO": 5.709006898793008, "FEZ": 5.709006898793008, "Fighters": 5.709006898793008, "RUA": 5.575475506168485, "OFICINA": 5.575475506168485, "NAS": 5.575475506168485, "ENCONTREI": 5.575475506168485, "FIM": 5.575475506168485, "TA": 5.457692470512101, "CHEGOU": 5.457692470512101, "MIL": 5.457692470512101, "\ud83d\ude2c": 5.352331954854275, "BUGGY": 5.25702177504995, "HARLEY": 5.25702177504995, "DEPOIS": 5.25702177504995, "BMX": 5.17001039806032, "DAS": 5.17001039806032, "PISTA": 5.089967690386784, "DEU": 5.089967690386784, "BIKES": 5.089967690386784, "PRIMEIRO": 5.089967690386784, "VOC\u00ca": 5.015859718233062, "DIA": 5.015859718233062, "FICOU": 5.015859718233062, "VIDA": 4.9468668467461105, "TUDO": 4.9468668467461105, "EU": 4.821703703792105, "COMPRAR": 4.764545289952156, "GAME": 4.71047806868188, "PRA": 4.5194228319191705, "160": 4.476863217500375, "COMO": 4.476863217500375, "GTA": 4.43604122298012, "NOVA": 4.43604122298012, "29": 4.322712537673117, "NOVO": 4.2876212178618465, "KING": 4.220929843363174, "SO": 3.917247429564952, "MOTOR": 3.4960339644886487, "King": 3.435409342672214, "e": 3.311111625994637, "40": 3.2481978005840673, "24": 3.0497468618602293, "OF": 2.6509707419028614, "#": 2.3223264159932686, "THE": 2.0417889414602506, "?": 1.8801468473709493, ",": 0.9405757902620121, "of": 0.85697663487339, "(": 0.8058507652148631, ")": 0.7921591347969194, "The": 0.7342455435996371, "!": 0.4178580217235832}