{"Dredd": 96.95833275954655, "lil": 26.580786423381838, "Audio": 24.04694679015713, "Kid": 16.78031250314549, "Official": 16.565282647366484, "Minecraft": 15.248319551600375, "SX": 15.237484755340827, "DXNE": 15.237484755340827, "Apex": 10.267671455764827, "-": 10.266407441073552, "Rocket": 9.959370096110309, "ft": 9.747883575610174, "League": 9.148439879893981, "Legends": 8.799733105604425, "W17CH": 7.618742377670413, "L45": 7.618742377670413, "CYBERGXTH": 7.618742377670413, "Chvnged": 7.618742377670413, "Bxys": 7.618742377670413, "Mistvkes": 7.618742377670413, "L4TE5": 7.618742377670413, "WVAE": 7.618742377670413, "BXI": 7.618742377670413, "Relapse": 7.618742377670413, "Duos": 7.618742377670413, "w/BlueOni": 7.618742377670413, "Dr-Lukas_Va": 7.618742377670413, "FVLL": 7.618742377670413, "S1|Ep2-DIAMONDS": 7.618742377670413, "Corsa": 7.618742377670413, "S1|": 7.618742377670413, "Ep1-New": 7.618742377670413, "LVKE": 7.618742377670413, "RIXT": 7.618742377670413, "DISXRDER": 7.618742377670413, "Sirens": 7.618742377670413, "Breathe": 7.618742377670413, "Gxld": 7.618742377670413, "Sw4yY": 7.618742377670413, "1.16": 7.618742377670413, "Assetto": 6.925595197110468, "Beginnings": 6.925595197110468, "BO3": 6.520130089002303, "WRLD": 6.2324480165505225, "RIDER": 6.009304465236313, "S1": 6.009304465236313, "Ep1": 5.826982908442358, "Practice": 5.6728322286151, "DEVIL": 5.539300835990577, "Pretty": 5.220847104872043, "Live": 5.074676025371901, "Signs": 4.979685048055154, "Music": 4.743436611019854, "Cry": 4.623010104116422, "kid": 4.623010104116422, "Self": 4.623010104116422, "Juice": 4.574219939946991, "Care": 4.399866552802212, "(": 4.129944175166116, ")": 4.110215435204568, "Lil": 3.8345527437521523, "Stream": 3.8120798879000937, "Summer": 3.6869167449460876, "Video": 3.4541963316892845, "Time": 2.3006223838261968, ",": 0.6823996418363637, "!": 0.4035023989403157}