{"person": 14075.091440873119, "tv": 6097.236066247021, "tie": 5031.3564725419865, "bowl": 4373.827674514559, "dining table": 3863.919772590255, "cell phone": 3752.3651759682893, "potted plant": 3738.9294351640006, "car": 3716.723644038981, "cake": 3617.2599202445494, "cup": 3597.527140243213, "chair": 3498.2579640058943, "bottle": 3173.6189716902013, "couch": 2705.6905005488134, "teddy bear": 2631.4510279792385, "bed": 2613.6612077013183, "book": 2490.8357716326454, "sports ball": 2367.452146385959, "pizza": 2102.51271809969, "handbag": 2016.5636972933466, "dog": 1970.5460572111647, "donut": 1935.6438559879114, "clock": 1923.3247853938688, "frisbee": 1835.343696632328, "vase": 1748.886176783287, "truck": 1735.8343633095812, "umbrella": 1710.8017747480762, "laptop": 1644.0881010022167, "toothbrush": 1570.687230944647, "stop sign": 1555.2957815673128, "bench": 1534.167893574902, "sandwich": 1529.2153646018364, "skateboard": 1525.0951677890666, "banana": 1520.4019479745223, "train": 1462.0463918277444, "boat": 1401.260640366228, "cat": 1374.8486510488447, "bird": 1299.482279991451, "apple": 1254.262125304996, "motorcycle": 1241.8452393443968, "remote": 1223.0981651718341, "refrigerator": 1222.5452337145862, "broccoli": 1219.4889612450945, "wine glass": 1209.0204182887405, "airplane": 1097.2252939738935, "bicycle": 1092.2275889560544, "spoon": 1035.0011641273088, "kite": 1001.7678340371319, "backpack": 965.7608496474528, "oven": 943.8533674151727, "orange": 940.3811459834756, "sink": 937.5455779584615, "scissors": 931.8667233802433, "carrot": 901.3243853502711, "tennis racket": 870.3671963753394, "hot dog": 860.8404866202974, "suitcase": 839.5619906914413, "surfboard": 834.2666867939708, "horse": 832.5095978927457, "knife": 721.180763991167, "traffic light": 648.7915890797923, "fork": 645.9092631542043, "baseball bat": 558.9765866599987, "bus": 549.7645611953578, "microwave": 530.9387876472495, "cow": 511.3461780016271, "keyboard": 508.8501060983287, "baseball glove": 433.47211309646167, "toilet": 420.9042784811984, "elephant": 388.33156409329575, "fire hydrant": 331.54341569926197, "mouse": 298.9732613098933, "sheep": 292.34434739010607, "bear": 233.6980087998315, "skis": 229.185312963422, "hair drier": 224.17616561678528, "snowboard": 197.1191740389619, "giraffe": 158.7024965472335, "parking meter": 117.1307674564734, "zebra": 91.4322636804086, "toaster": 43.35523325384645}